document_id,index_row_id,application,submission_type,submission_no,original_url
daad9093ffa113949fccb3f1,3206,020725,ORIG,1,http://www.accessdata.fda.gov/drugsatfda_docs/nda/2009/020725_creon_toc.html
6198b3c7dfb93b9a5cb547c0,3937,020986,SUPPL,2,http://www.accessdata.fda.gov/drugsatfda_docs/nda/2002/020986Orig1s002.pdf
0abf6190f93b351a3df6bc0e,4240,021081,SUPPL,17,http://www.accessdata.fda.gov/drugsatfda_docs/nda/2005/021081_s017_Lantus.pdf
4e8e4dfa32240e6658997044,4241,021081,SUPPL,24,http://www.accessdata.fda.gov/drugsatfda_docs/nda/2007/021081Orig1s024.pdf
b668dbfe94063ccc1d4cc3d8,5670,021536,SUPPL,15,http://www.accessdata.fda.gov/drugsatfda_docs/nda/2007/021536Orig1s015.pdf
0b1c009d7fa2830c2f35900d,5677,021536,SUPPL,51,http://www.accessdata.fda.gov/drugsatfda_docs/nda/2015/021536Orig1s051.pdf
9e78d0d22bd3643e74b57542,5878,021629,SUPPL,8,http://www.accessdata.fda.gov/drugsatfda_docs/nda/2009/021629Orig1s008.pdf
e88dfc8b2e3b4d785efa20d5,7004,022175,ORIG,1,http://www.accessdata.fda.gov/drugsatfda_docs/nda/2012/022175Orig1s000SumR.pdf
2ff968927e29f183fde8a123,14187,021018,ORIG,1,http://www.accessdata.fda.gov/drugsatfda_docs/nda/99/21017_Humalog.html
da79ce0d39f2f2ea72bb7366,15713,021536,ORIG,1,http://www.accessdata.fda.gov/drugsatfda_docs/nda/2005/021-536_LevemirTOC.html
6558e6adf03c038439ab8cd0,15851,021597,ORIG,1,http://www.accessdata.fda.gov/drugsatfda_docs/nda/2003/021597s000_ZorbtiveTOC.html
7fb3f8fc43a29b7e554661fd,20003,004782,SUPPL,130,http://www.accessdata.fda.gov/drugsatfda_docs/nda/2003/004782_S115&S130_PREMARIN_TABLETS.pdf
862181a36da08058352a603d,20004,005970,SUPPL,13,http://www.accessdata.fda.gov/drugsatfda_docs/nda/pre96/005970-S13_Sotradecol_toc.html
6827382925733a433b46a86a,20005,005970,SUPPL,22,http://www.accessdata.fda.gov/drugsatfda_docs/nda/pre96/005970-S22_Sotradecol_toc.html
e62f5690127463d0f0b8fcea,20006,005970,SUPPL,30,http://www.accessdata.fda.gov/drugsatfda_docs/nda/pre96/005970-S30_Sotradecol_toc.html
e58a50f98266b0496ff1a447,20007,005970,SUPPL,35,http://www.accessdata.fda.gov/drugsatfda_docs/nda/pre96/005970-S35_Sotradecol_toc.html
1d3aad19fa58136ecaadb780,20008,006134,SUPPL,28,http://www.accessdata.fda.gov/drugsatfda_docs/nda/2006/006134_s028_dolophine_hydrochloride.pdf
7d3e23b2f1ba756f03b65a95,20009,006488,SUPPL,19,http://www.accessdata.fda.gov/drugsatfda_docs/nda/pre96/006488Orig1s019.pdf
757cc231484cb70e8a1af45d,20010,008453,SUPPL,1,http://www.accessdata.fda.gov/drugsatfda_docs/nda/pre96/8453S1S4S6S12_Anectine.pdf
757cc231484cb70e8a1af45d,20011,008453,SUPPL,4,http://www.accessdata.fda.gov/drugsatfda_docs/nda/pre96/8453S1S4S6S12_Anectine.pdf
757cc231484cb70e8a1af45d,20012,008453,SUPPL,6,http://www.accessdata.fda.gov/drugsatfda_docs/nda/pre96/8453S1S4S6S12_Anectine.pdf
757cc231484cb70e8a1af45d,20013,008453,SUPPL,12,http://www.accessdata.fda.gov/drugsatfda_docs/nda/pre96/8453S1S4S6S12_Anectine.pdf
9671ad6f6a0895a700e01782,20014,008693,SUPPL,25,http://www.accessdata.fda.gov/drugsatfda_docs/nda/pre96/008693s025_009175s019_016620s045_MacrodantinTOC.html
bd55023ec662c7a7a600d456,20015,008708,SUPPL,25,http://www.accessdata.fda.gov/drugsatfda_docs/nda/2008/008708Orig1s025.pdf
93f9ffc36e749c198d60548c,20016,008848,SUPPL,18,http://www.accessdata.fda.gov/drugsatfda_docs/nda/pre96/008848_S018_Pamine Tablets_APPROVAL PACKAGE.pdf
f5a863bce3f2d3de8c00029e,20017,009000,SUPPL,22,http://www.accessdata.fda.gov/drugsatfda_docs/nda/2002/09000_S022&S023_Cafergot_APPROVAL PACKAGE.pdf
9671ad6f6a0895a700e01782,20018,009175,SUPPL,19,http://www.accessdata.fda.gov/drugsatfda_docs/nda/pre96/008693s025_009175s019_016620s045_MacrodantinTOC.html
7a5c317f31e1741e7394b2e7,20019,009218,SUPPL,86,http://www.accessdata.fda.gov/drugsatfda_docs/nda/98/009218a.pdf
04e27c8095a2212bbf7c598d,20020,009218,SUPPL,97,http://www.accessdata.fda.gov/drugsatfda_docs/nda/2000/09218S097_Coumadin.pdf
774695bdf370416115ef3b16,20021,009330,SUPPL,20,http://www.accessdata.fda.gov/drugsatfda_docs/nda/98/9330-s020_lanoxin.pdf
9691496e13c9332ddb286323,20022,010151,SUPPL,22,http://www.accessdata.fda.gov/drugsatfda_docs/nda/2001/010151_S022_DILANTIN_AP.pdf
65628fe56111b1362b5084fe,20023,010151,SUPPL,29,http://www.accessdata.fda.gov/drugsatfda_docs/nda/2001/010151_S029_DILANTIN_AP.pdf
b4de4de74f81adbb902ee5d5,20024,010151,SUPPL,30,http://www.accessdata.fda.gov/drugsatfda_docs/nda/2001/010151_S030_DILANTIN_AP.pdf
a738911f097ccedd5aa1856c,20025,010151,SUPPL,33,http://www.accessdata.fda.gov/drugsatfda_docs/nda/2001/010151_S033_DILANTIN_AP.pdf
3335c927e1fbbd8884142217,20026,010775,SUPPL,29,http://www.accessdata.fda.gov/drugsatfda_docs/nda/2001/10-775SLR029.pdf
c3a434af83860e733713590b,20027,011641,SUPPL,61,http://www.accessdata.fda.gov/drugsatfda_docs/nda/2004/011641_S061_DIABINESE_TABLETS_AP.pdf
0ea64e0fa73a1e16ec7113d7,20028,011641,SUPPL,65,http://www.accessdata.fda.gov/drugsatfda_docs/nda/2009/011641Orig1s065.pdf
00eaa3133667c108b6b8add2,20029,011642,SUPPL,12,http://www.accessdata.fda.gov/drugsatfda_docs/nda/99/11-642s012_Cardioquin.html
d15a25822110f1187147d7cf,20030,011792,SUPPL,41,http://www.accessdata.fda.gov/drugsatfda_docs/nda/2007/011792Orig1s041.pdf
a4b01c8a8e456ce373f82b67,20031,011961,SUPPL,17,http://www.accessdata.fda.gov/drugsatfda_docs/nda/98/11961-s017.html
2b962495c8069978ee23ca46,20032,012209,SUPPL,38,http://www.accessdata.fda.gov/drugsatfda_docs/nda/99/12209-S038_Fluorouracil.pdf
fbbc6f6b0307ac11dc5c9a24,20033,012649,SUPPL,46,http://www.accessdata.fda.gov/drugsatfda_docs/nda/99/12649-S046_Periactin.pdf
a97630f1ea87cedeabe690aa,20034,012827,SUPPL,9,http://www.accessdata.fda.gov/drugsatfda_docs/nda/pre96/012827_s009_s010_s011_Robinul & Robinul Forte_Tablets.pdf
c8cf76bf73d8e9e0b63663df,20035,012827,SUPPL,14,http://www.accessdata.fda.gov/drugsatfda_docs/nda/pre96/012827_s014_Robinul_Forte_Tabs.pdf
90edaf42398115a892db8cca,20036,012827,SUPPL,17,http://www.accessdata.fda.gov/drugsatfda_docs/nda/pre96/012827_s017_Robinul-Robinul_Forte_Tabs.pdf
349f01581c07ea0df65be882,20037,012827,SUPPL,25,http://www.accessdata.fda.gov/drugsatfda_docs/nda/pre96/012827_s024&s025_Robinul_Robinul_Forte_Tabs.pdf
89aaaeef7ff919a234018542,20038,012827,SUPPL,33,http://www.accessdata.fda.gov/drugsatfda_docs/nda/pre96/012827_s032&s033_Robinul & Robinul Forte Tablets.pdf
7410a7440ef34e3e852a814e,20039,012945,SUPPL,37,http://www.accessdata.fda.gov/drugsatfda_docs/nda/2005/012945Orig1s037.pdf
cd064f5f9b5f7919a95c4955,20040,012945,SUPPL,38,http://www.accessdata.fda.gov/drugsatfda_docs/nda/2005/012945Orig1s038.pdf
97e27e336d2dd3b70a8643a0,20041,013217,SUPPL,43,http://www.accessdata.fda.gov/drugsatfda_docs/nda/2002/013217_S043_SKELAXIN.pdf
7241db36946119d4111e6d56,20042,013217,SUPPL,44,http://www.accessdata.fda.gov/drugsatfda_docs/nda/2002/013217s044_SkelexinTOC.html
14cbc6941b295c7f163eb11f,20043,013217,SUPPL,45,http://www.accessdata.fda.gov/drugsatfda_docs/nda/2002/013217_S045_SKELAXIN.pdf
162bd4042d658572ff87a078,20044,013263,SUPPL,81,http://www.accessdata.fda.gov/drugsatfda_docs/nda/2000/016087_S081_VALIUM_AP.pdf
a0eeca222fea827625ce0962,20045,014214,SUPPL,50,http://www.accessdata.fda.gov/drugsatfda_docs/nda/99/17-430s026s027_14-214s050s051_Negram.html
e5587b1a69cb5f00c40341ac,20046,014901,SUPPL,29,http://www.accessdata.fda.gov/drugsatfda_docs/nda/pre96/014901_S029_Kenalog_40.pdf
8ae30043374dc5538dffedbf,20047,014901,SUPPL,34,http://www.accessdata.fda.gov/drugsatfda_docs/nda/2006/014901_S034_Kenalog_40.pdf
1fc587376dd77afc72fb4cd3,20048,015034,SUPPL,34,http://www.accessdata.fda.gov/drugsatfda_docs/nda/2001/015034_S034_PONSTEL.pdf
a507b9cf88c0d98f972bdf74,20049,016084,SUPPL,41,http://www.accessdata.fda.gov/drugsatfda_docs/nda/2002/016084_S041_Zyloprim Tablets.pdf
ea77f7a1494e84b14ff4b258,20050,016126,SUPPL,23,http://www.accessdata.fda.gov/drugsatfda_docs/nda/99/016126_S023_PRIMATENE MIST.pdf
623944972ad4c4fbca6472de,20051,016126,SUPPL,28,http://www.accessdata.fda.gov/drugsatfda_docs/nda/2004/016126_S028_PRIMATENE MIST.pdf
1e681412371aee611e49f3e9,20052,016608,ORIG,1,http://www.accessdata.fda.gov/drugsatfda_docs/nda/pre96/016608_Tegretol.html
ef9e66debcc012bfb97d3493,20053,016608,SUPPL,90,http://www.accessdata.fda.gov/drugsatfda_docs/nda/2001/016608_S090_TEGRETOL_AP.pdf
df49463126590ccd9876a9a6,20054,016620,SUPPL,16,http://www.accessdata.fda.gov/drugsatfda_docs/nda/pre96/016620_S016_Macrodantin Capsules.pdf
91e255b63c4759cd760ec7cc,20055,016620,SUPPL,17,http://www.accessdata.fda.gov/drugsatfda_docs/nda/pre96/016620_S017_Macrodantin Capsules.pdf
34ffc400cecc8af31629245e,20056,016620,SUPPL,20,http://www.accessdata.fda.gov/drugsatfda_docs/nda/pre96/016620_S020_Macrodantin Capsules.pdf
f490415631e486928913ca45,20057,016620,SUPPL,47,http://www.accessdata.fda.gov/drugsatfda_docs/nda/pre96/16620_S047_MacrodantinTOC.html
d0e0eb7a28750e863e1c923d,20058,016620,SUPPL,53,http://www.accessdata.fda.gov/drugsatfda_docs/nda/pre96/016620_S053_MACRODANTIN.pdf
19249f1f5d3a7762f17dcf0b,20059,016620,SUPPL,59,http://www.accessdata.fda.gov/drugsatfda_docs/nda/pre96/016620_S059_MACRODANTIN.pdf
674d8978d3a686fd0c94cd28,20060,016620,SUPPL,62,http://www.accessdata.fda.gov/drugsatfda_docs/nda/97/016620_S062_MACRODANTIN.pdf
f9d728a2681ae54c8fe36467,20061,016620,SUPPL,65,http://www.accessdata.fda.gov/drugsatfda_docs/nda/2004/016620_S065_MACRODANTIN.pdf
7e01186bc8d14868d9c7168d,20063,016792,SUPPL,15,http://www.accessdata.fda.gov/drugsatfda_docs/nda/2000/16792S015.pdf
7e01186bc8d14868d9c7168d,20064,016792,SUPPL,18,http://www.accessdata.fda.gov/drugsatfda_docs/nda/2000/16792S015.pdf
8f5351aa58a289ec9b72644a,20065,016806,SUPPL,29,http://www.accessdata.fda.gov/drugsatfda_docs/nda/97/16672-s047_ovral_ovral-28.pdf
d9f91dfb72df8aa83fc950b2,20066,016831,SUPPL,11,http://www.accessdata.fda.gov/drugsatfda_docs/nda/pre96/16831_s011_efudex.pdf
ff3d1969a87a9b4d96cde473,20067,016831,SUPPL,30,http://www.accessdata.fda.gov/drugsatfda_docs/nda/pre96/16831_s030_efudex.pdf
e42b3924e467500f725a9717,20068,016885,SUPPL,22,http://www.accessdata.fda.gov/drugsatfda_docs/nda/2003/016885_S022_Lysodren.pdf
c291d0b77cf8a1eb5e821c28,20069,016997,SUPPL,41,http://www.accessdata.fda.gov/drugsatfda_docs/nda/2001/16-774S073.pdf
350eda8ffba80cb218207b80,20070,017105,SUPPL,62,http://www.accessdata.fda.gov/drugsatfda_docs/nda/2002/017105_S062_TRANXENE_AP.pdf
b6f9810b31ed5ece9bb0aab3,20071,017351,SUPPL,27,http://www.accessdata.fda.gov/drugsatfda_docs/nda/2002/17-351s027_Cortifoam.html
73e14ab890e01b11583db239,20072,017351,SUPPL,30,http://www.accessdata.fda.gov/drugsatfda_docs/nda/2003/017351_s030_CortifoamTOC.html
a0eeca222fea827625ce0962,20073,017430,SUPPL,27,http://www.accessdata.fda.gov/drugsatfda_docs/nda/99/17-430s026s027_14-214s050s051_Negram.html
305fefdf3c3a4d80385ba745,20074,017516,ORIG,1,http://www.accessdata.fda.gov/drugsatfda_docs/nda/pre96/017516_OriginalApprovalPackage.pdf
d25f3dbdfef1a2b99474cbd7,20075,017521,SUPPL,63,http://www.accessdata.fda.gov/drugsatfda_docs/nda/2002/017521_s062_s063_DEXTROSE_INJ.pdf
317d31b2938b0ffe6c4e1d82,20076,017531,SUPPL,10,http://www.accessdata.fda.gov/drugsatfda_docs/nda/2001/017531_S010_TIGAN_CAPSULE_AP.pdf
371838b308348eeffdb69039,20077,017533,SUPPL,31,http://www.accessdata.fda.gov/drugsatfda_docs/nda/2001/017533_S031_KLONOPIN_TABS_AP.pdf
0f8b73ca44f6e80f2cb14123,20078,017558,ORIG,1,http://www.accessdata.fda.gov/drugsatfda_docs/nda/pre96/017558_S000_RobinulTOC.html
580aeaa7d901018b1b6c7ce3,20079,017573,SUPPL,40,http://www.accessdata.fda.gov/drugsatfda_docs/nda/99/17573s040_vanceril_approv_admindocs.pdf
5c347cbfc935bce3879417f5,20080,017577,SUPPL,33,http://www.accessdata.fda.gov/drugsatfda_docs/nda/2003/017577_s032&s033_DITROPAN TABS.pdf
fa341a1a8b81746f2f11e3b5,20081,017651,ORIG,1,http://www.accessdata.fda.gov/drugsatfda_docs/nda/pre96/017651_ORIGINAL APPROVAL_PACKAGE.pdf
6dcc74ee5bbae35640857270,20082,017691,SUPPL,19,http://www.accessdata.fda.gov/drugsatfda_docs/nda/2001/17-691S019_Diprosone.html
6dcc74ee5bbae35640857270,20083,017691,SUPPL,24,http://www.accessdata.fda.gov/drugsatfda_docs/nda/2001/17-691S019_Diprosone.html
0c8c678b410a2bf0b1baf504,20084,017697,SUPPL,12,http://www.accessdata.fda.gov/drugsatfda_docs/nda/2002/017697Orig1s012.pdf
100ad8e3730778df61d0a749,20085,017697,SUPPL,13,http://www.accessdata.fda.gov/drugsatfda_docs/nda/2002/017697Orig1s013.pdf
edfd10c38fac44dc8d460147,20086,017697,SUPPL,14,http://www.accessdata.fda.gov/drugsatfda_docs/nda/2002/017697Orig1s014.pdf
c6d812149123eaede2d8a3a7,20087,017703,SUPPL,12,http://www.accessdata.fda.gov/drugsatfda_docs/nda/96/1996-017703a_s012.pdf
0c00be0af38873ad7d21e49c,20088,017781,SUPPL,22,http://www.accessdata.fda.gov/drugsatfda_docs/nda/2001/17-781S015_Diprosone.html
6a3b5da9f12fa52e204667be,20089,017820,SUPPL,36,http://www.accessdata.fda.gov/drugsatfda_docs/nda/98/17820-s036_doubtrex.pdf
738c632581d19ad982e7edb6,20090,017820,SUPPL,37,http://www.accessdata.fda.gov/drugsatfda_docs/nda/2002/17-820_Dobutrex.html
fff80392af30e3bc5415120f,20091,017831,SUPPL,53,http://www.accessdata.fda.gov/drugsatfda_docs/nda/2004/017831_S053_DIDRONEL_AP.pdf
15cd321829f39ce24688a748,20092,017853,SUPPL,16,http://www.accessdata.fda.gov/drugsatfda_docs/nda/98/17559-S023_Proventil.pdf
eb63b769c55df1e03038a0ec,20093,017854,SUPPL,39,http://www.accessdata.fda.gov/drugsatfda_docs/nda/99/18821-S018_Reglan.pdf
a8e065e54e380494b578268c,20094,017858,SUPPL,35,http://www.accessdata.fda.gov/drugsatfda_docs/nda/2012/017858Orig1s035MedR.pdf
ed98b7158e6e23ef1f30786c,20095,017874,SUPPL,27,http://www.accessdata.fda.gov/drugsatfda_docs/nda/2001/017874_S018 & S027_SCOPOLAMINE_AP.pdf
e1be515c396a6478af68773a,20096,017892,SUPPL,34,http://www.accessdata.fda.gov/drugsatfda_docs/nda/2003/017892_s034_HalcionTOC.html
eccf6ce36cb2590e68e6ed7b,20097,017962,SUPPL,63,http://www.accessdata.fda.gov/drugsatfda_docs/nda/2005/017962_s063_s064_ParlodelTOC.html
b9a94387dccc994fcf01e3f9,20098,017970,SUPPL,40,http://www.accessdata.fda.gov/drugsatfda_docs/nda/98/17970S39S40.html
1229f8474bd6df66df8b6cb5,20099,017970,SUPPL,49,http://www.accessdata.fda.gov/drugsatfda_docs/nda/2003/17-970S049FA_Nolvadex.html
1229f8474bd6df66df8b6cb5,20100,017970,SUPPL,51,http://www.accessdata.fda.gov/drugsatfda_docs/nda/2003/17-970S049FA_Nolvadex.html
c677e33a1301e472aa9bf30d,20101,018013,SUPPL,53,http://www.accessdata.fda.gov/drugsatfda_docs/nda/2001/018013_s053_PAMELOR CAPSULES.pdf
3061017b7861ce5da5eae6ef,20102,018017,SUPPL,36,http://www.accessdata.fda.gov/drugsatfda_docs/nda/2003/18-017s036_Blocadren.html
61c5bc37955c73efbb2fd7b0,20103,018024,SUPPL,40,http://www.accessdata.fda.gov/drugsatfda_docs/nda/2005/018024_S040_NUBAIN.pdf
0a9a6098469cff5e0ca6bdaf,20104,018035,ORIG,1,http://www.accessdata.fda.gov/drugsatfda_docs/nda/pre96/18-035_Technescan%20MDP.pdf
ef9c220f1c422aba8779705d,20105,018044,SUPPL,18,http://www.accessdata.fda.gov/drugsatfda_docs/nda/pre96/018044a_s018_s019_s024.pdf
905fdc9cc7855ede17e91f46,20106,018060,SUPPL,55,http://www.accessdata.fda.gov/drugsatfda_docs/nda/97/18-060S055.pdf
5d9045a250eab571cc394e10,20107,018086,SUPPL,60,http://www.accessdata.fda.gov/drugsatfda_docs/nda/2003/018086_s060_TimopticTOC.html
4719f97151b5185ad37d602b,20108,018117,SUPPL,29,http://www.accessdata.fda.gov/drugsatfda_docs/nda/99/18117s029_azmacort_approv_prntlbl_medr_admindocs_corres.pdf
9aa6b0f66cb4f0212ded4228,20109,018118,ORIG,1,http://www.accessdata.fda.gov/drugsatfda_docs/nda/pre96/018118_lanoxicaps_toc.html
e4c3d56eb4c48484729dd289,20110,018140,SUPPL,3,http://www.accessdata.fda.gov/drugsatfda_docs/nda/97/018140ap_s003.pdf
646509916b1efc4495bd38cd,20111,018148,SUPPL,23,http://www.accessdata.fda.gov/drugsatfda_docs/nda/99/18148s023_nasalide.pdf
d70ba2720edf8d58bfc8142c,20112,018201,SUPPL,37,http://www.accessdata.fda.gov/drugsatfda_docs/nda/2002/18-200s024_Midamor.html
277f685eb7e7931f99bf7442,20113,018211,SUPPL,14,http://www.accessdata.fda.gov/drugsatfda_docs/nda/2003/018211_s014&s016_DITROPAN TABLETS.pdf
5762767ea58538ff1017b63e,20114,018225,SUPPL,19,http://www.accessdata.fda.gov/drugsatfda_docs/nda/2002/18-225s018s19_18-226s24s25_Bumex.html
5762767ea58538ff1017b63e,20115,018226,SUPPL,25,http://www.accessdata.fda.gov/drugsatfda_docs/nda/2002/18-225s018s19_18-226s24s25_Bumex.html
7d9eb24eb9ec46f7d4d1c880,20116,018227,SUPPL,12,http://www.accessdata.fda.gov/drugsatfda_docs/nda/99/018227_s012_AmidateTOC.html
f30df87424282ed67a70ea60,20117,018240,SUPPL,26,http://www.accessdata.fda.gov/drugsatfda_docs/nda/99/18240-s026_tenormin.pdf
f7896aab62fe7c9d69853fb2,20118,018248,SUPPL,26,http://www.accessdata.fda.gov/drugsatfda_docs/nda/99/018248_S026_OXYTOCIN_AP.pdf
3c01b1ede7310c1c0b24dd6d,20119,018248,SUPPL,27,http://www.accessdata.fda.gov/drugsatfda_docs/nda/2000/018248_S027_OXYTOCIN_AP.pdf
92f613f1ef0a6d10addb81d0,20120,018261,SUPPL,21,http://www.accessdata.fda.gov/drugsatfda_docs/nda/2002/018261_s021_PITOCIN_LBL.pdf
2baab387635af32ea973b137,20121,018276,SUPPL,33,http://www.accessdata.fda.gov/drugsatfda_docs/nda/96/018276ap.pdf
fcdfefa7ebfbd1fe335525dc,20122,018281,SUPPL,31,http://www.accessdata.fda.gov/drugsatfda_docs/nda/98/018927_S031_TEGRETOL_AP.PDF
781634f108329983c7953b3b,20124,018401,SUPPL,14,http://www.accessdata.fda.gov/drugsatfda_docs/nda/2002/018401_s014_BuprenexTOC.html
2e2b2d62dc0eb391aab41cd7,20125,018467,SUPPL,13,http://www.accessdata.fda.gov/drugsatfda_docs/nda/pre96/018467-S13&S14_Hepatolite_toc.html
5620ac6bedf8073e50719744,20126,018506,SUPPL,18,"http://www.accessdata.fda.gov/drugsatfda_docs/nda/2000/019670_s013,20470s10,18506s018_Claritin-DTOC.cfml"
a5baa205a66cac91f3bc4168,20127,018553,SUPPL,12,http://www.accessdata.fda.gov/drugsatfda_docs/nda/pre96/018553_s012_INDERAL LA.pdf
409432cc87cb4a8454523bdc,20128,018553,SUPPL,15,http://www.accessdata.fda.gov/drugsatfda_docs/nda/pre96/018553_s015_INDERAL LA.pdf
e63c5a089f6c374085d2cce8,20129,018604,SUPPL,14,http://www.accessdata.fda.gov/drugsatfda_docs/nda/97/018604S014.pdf
41a4e449d1cd410eafd78a44,20130,018612,SUPPL,22,http://www.accessdata.fda.gov/drugsatfda_docs/nda/96/018612s022_020066s004_Nicorette.html
a155e8106697a46334c6848e,20131,018612,SUPPL,25,http://www.accessdata.fda.gov/drugsatfda_docs/nda/98/18-612s025_Nicorette.html
91b8afe4ee54cd8ed43ec040,20132,018612,SUPPL,34,http://www.accessdata.fda.gov/drugsatfda_docs/nda/2004/018612_S034_NICORETTE_GUM_AP.pdf
c68f72b9634019da448df7d6,20133,018612,SUPPL,50,http://www.accessdata.fda.gov/drugsatfda_docs/nda/2008/018612Orig1s050.pdf
d92baa461bfda20fccbd1258,20134,018613,SUPPL,9,http://www.accessdata.fda.gov/drugsatfda_docs/nda/99/18613s009s010_ovide.pdf
d92baa461bfda20fccbd1258,20135,018613,SUPPL,10,http://www.accessdata.fda.gov/drugsatfda_docs/nda/99/18613s009s010_ovide.pdf
1706a1ef46f0c3d1d73c3ad2,20137,018631,SUPPL,30,http://www.accessdata.fda.gov/drugsatfda_docs/nda/97/018631_s030ap.pdf
301e6fc3dc13fe27c334becd,20138,018644,SUPPL,12,http://www.accessdata.fda.gov/drugsatfda_docs/nda/96/018644a_s010_s012_s013.pdf
bb0d053fd4a23eeafa527163,20139,018644,SUPPL,46,http://www.accessdata.fda.gov/drugsatfda_docs/nda/2013/018644Orig1s046.pdf
9fec5a9b764c69fe5b81db2d,20140,018644,SUPPL,47,http://www.accessdata.fda.gov/drugsatfda_docs/nda/2013/018644Orig1s047.pdf
c7f925546512fad1c977ebe8,20141,018647,ORIG,1,http://www.accessdata.fda.gov/drugsatfda_docs/nda/pre96/18-647_corzide.pdf
3dfb7022696bdde932c53314,20142,018651,SUPPL,11,http://www.accessdata.fda.gov/drugsatfda_docs/nda/99/18651S011_Marinol.pdf
b5042d8411d56abf5123af24,20143,018654,SUPPL,18,http://www.accessdata.fda.gov/drugsatfda_docs/nda/97/018654ap.pdf
b5042d8411d56abf5123af24,20144,018654,SUPPL,29,http://www.accessdata.fda.gov/drugsatfda_docs/nda/97/018654ap.pdf
a15431161c796863ee714093,20145,018662,SUPPL,55,http://www.accessdata.fda.gov/drugsatfda_docs/nda/2005/018662_S055_ACCUTANE_AP.pdf
4581f13e00d15281757e8e0e,20146,018662,SUPPL,57,http://www.accessdata.fda.gov/drugsatfda_docs/nda/2006/018662_S057_ACCUTANE_AP.pdf
b760188c3b2b850033c7cd1a,20147,018668,SUPPL,30,http://www.accessdata.fda.gov/drugsatfda_docs/nda/2000/18-782S023.pdf
4dcbbf46651272fa954a3d1c,20148,018680,ORIG,1,http://www.accessdata.fda.gov/drugsatfda_docs/nda/pre96/018680_original_approval.pdf
d7452ab1cddf7f26e2b982fc,20149,018701,SUPPL,46,http://www.accessdata.fda.gov/drugsatfda_docs/nda/2002/018701_S046_HALDOL_TABLETS_AP.pdf
642176b9d96dd8faa93c6d9e,20150,018703,SUPPL,56,http://www.accessdata.fda.gov/drugsatfda_docs/nda/99/18703S56_zantac.html
fd85a8b5447cff1a7408ae2e,20151,018713,SUPPL,4,http://www.accessdata.fda.gov/drugsatfda_docs/nda/pre96/018713_S004_MYCELEX TROCHE_AP.pdf
c6f3a56776bbed65483ec20f,20152,018713,SUPPL,17,http://www.accessdata.fda.gov/drugsatfda_docs/nda/2001/018713_S017_MYCELEX TROCHE_AP.pdf
263cbbeeeaea0b506b8fe482,20153,018731,SUPPL,43,http://www.accessdata.fda.gov/drugsatfda_docs/nda/2001/18-731S043_review.pdf
9ecb8ad8885ccfce3d89c09e,20154,018754,SUPPL,25,http://www.accessdata.fda.gov/drugsatfda_docs/nda/97/18-754S025.pdf
313aeb8dbf5b13130b82033a,20155,018760,SUPPL,22,http://www.accessdata.fda.gov/drugsatfda_docs/nda/2000/18240-s025_Tenormin.pdf
38fa803d71d3e1cff4fc6b63,20156,018768,SUPPL,41,http://www.accessdata.fda.gov/drugsatfda_docs/nda/99/18768S041_VePesid.pdf
8d94ac6c3344fc14a98bd050,20157,018768,SUPPL,45,http://www.accessdata.fda.gov/drugsatfda_docs/nda/2002/018768_S045_VEPESIDE.pdf
dff66038b2e1ca370fa066f3,20158,018780,SUPPL,37,http://www.accessdata.fda.gov/drugsatfda_docs/nda/pre96/018780_s037.pdf
25892ff590e92d21589d5138,20159,018781,SUPPL,27,http://www.accessdata.fda.gov/drugsatfda_docs/nda/pre96/018781_s027_Humulin N.pdf
b760188c3b2b850033c7cd1a,20160,018782,SUPPL,23,http://www.accessdata.fda.gov/drugsatfda_docs/nda/2000/18-782S023.pdf
6fc25f4ce7f8fbbff6e22e1a,20161,018828,SUPPL,10,http://www.accessdata.fda.gov/drugsatfda_docs/nda/pre96/18828S010_Zovirax.pdf
c5fea5804af71a907528112f,20162,018891,SUPPL,15,http://www.accessdata.fda.gov/drugsatfda_docs/nda/96/018891-S15_Catapres-TTS_toc.html
491f58949d59a1b27ae86b00,20163,018936,SUPPL,54,http://www.accessdata.fda.gov/drugsatfda_docs/nda/99/18-936s054_Prozac.html
6e3ff0898000872f9fea7431,20164,018936,SUPPL,60,"http://www.accessdata.fda.gov/drugsatfda_docs/nda/2000/018936_S060,S062,S063_ProzacTOC.html"
6e3ff0898000872f9fea7431,20165,018936,SUPPL,62,"http://www.accessdata.fda.gov/drugsatfda_docs/nda/2000/018936_S060,S062,S063_ProzacTOC.html"
6e3ff0898000872f9fea7431,20166,018936,SUPPL,63,"http://www.accessdata.fda.gov/drugsatfda_docs/nda/2000/018936_S060,S062,S063_ProzacTOC.html"
e81fe77f64ae733cc276adfa,20167,018936,SUPPL,64,http://www.accessdata.fda.gov/drugsatfda_docs/nda/2003/18936s064_Prozac.html
9463f30c39f2b589f08b811a,20168,018936,SUPPL,93,http://www.accessdata.fda.gov/drugsatfda_docs/nda/2011/018936Orig1s093.pdf
a583bb24dd82f3c3d4a0ea4f,20169,018936,SUPPL,97,http://www.accessdata.fda.gov/drugsatfda_docs/nda/2013/018936Orig1s097.pdf
4c7a03a8fbae7acfa795c1db,20170,018948,SUPPL,16,http://www.accessdata.fda.gov/drugsatfda_docs/nda/pre96/018948a_s016_071492.pdf
4110afeccc6a58588e06ed83,20171,018956,SUPPL,28,http://www.accessdata.fda.gov/drugsatfda_docs/nda/pre96/018956-S28_Omnipaque_toc.html
8e0051eb4ae60e262205ad06,20172,018972,SUPPL,17,http://www.accessdata.fda.gov/drugsatfda_docs/nda/99/18972S015S017.html
67721802d8a6da55d247a7c0,20173,018972,SUPPL,18,http://www.accessdata.fda.gov/drugsatfda_docs/nda/98/18972-S014_Cordarone.pdf
ae97e62bca1265c41b718b6b,20174,018972,SUPPL,19,http://www.accessdata.fda.gov/drugsatfda_docs/nda/99/18972-s019_cordarone.pdf
cce51859e13524bea7fbf468,20175,018998,ORIG,1,http://www.accessdata.fda.gov/drugsatfda_docs/nda/pre96/018998_Vasotec.html
c30820e7023cff18419c870b,20176,018998,SUPPL,11,http://www.accessdata.fda.gov/drugsatfda_docs/nda/pre96/018998_S011_VASOTEC.pdf
f7b502bbd4b87246dc3c56ce,20177,018998,SUPPL,13,http://www.accessdata.fda.gov/drugsatfda_docs/nda/pre96/018998_S013_VASOTEC.pdf
1e9e39f65b29986e5b3dc6ae,20178,018998,SUPPL,16,http://www.accessdata.fda.gov/drugsatfda_docs/nda/pre96/018998_S016_VASOTEC.pdf
c2242547e0364863b83bd649,20179,018998,SUPPL,17,http://www.accessdata.fda.gov/drugsatfda_docs/nda/pre96/018998_S017_VASOTEC.pdf
278e7b5d4b600772c47ef1d8,20180,018998,SUPPL,18,http://www.accessdata.fda.gov/drugsatfda_docs/nda/pre96/018998_S018_VASOTEC_AP.pdf
91d7c5a4beae819235f6a5e4,20181,018998,SUPPL,20,http://www.accessdata.fda.gov/drugsatfda_docs/nda/pre96/018998_S020_VASOTEC_AP.pdf
3b240345efb94415e8426fcc,20182,018998,SUPPL,21,http://www.accessdata.fda.gov/drugsatfda_docs/nda/pre96/018998_S021_VASOTEC.pdf
f7ab8dc8490342dfe31e9f82,20183,018998,SUPPL,24,http://www.accessdata.fda.gov/drugsatfda_docs/nda/pre96/018998_S024_VASOTEC.pdf
471ad37cbc8fb5ea6898ece0,20184,018998,SUPPL,38,http://www.accessdata.fda.gov/drugsatfda_docs/nda/pre96/018998_s038_vasotec.pdf
bae1260a65ca51d5552c25b0,20185,018998,SUPPL,40,http://www.accessdata.fda.gov/drugsatfda_docs/nda/pre96/018998_s040_vasotec.pdf
1ec740d39d44ee6ab861cca9,20186,018998,SUPPL,44,http://www.accessdata.fda.gov/drugsatfda_docs/nda/pre96/018998_s044_vasotec.pdf
587b4b53176b440a79f607a1,20187,018998,SUPPL,45,http://www.accessdata.fda.gov/drugsatfda_docs/nda/pre96/018998_S045_VASOTEC_AP.pdf
57f4882c2fa71534eb38a3b7,20188,018998,SUPPL,46,http://www.accessdata.fda.gov/drugsatfda_docs/nda/pre96/018998_S046_VASOTEC_AP.pdf
2ca28935478cbb9aadf35852,20189,018998,SUPPL,50,http://www.accessdata.fda.gov/drugsatfda_docs/nda/96/018998_S050_VASOTEC_AP.pdf
d0599d715ab16453865d5c23,20190,018998,SUPPL,52,http://www.accessdata.fda.gov/drugsatfda_docs/nda/1997/018998_S052_VASOTEC_AP.pdf
c7e8f5f55a2906d23f5be353,20191,018998,SUPPL,57,http://www.accessdata.fda.gov/drugsatfda_docs/nda/99/20507-s001_Teczem.pdf
92445d35149054d08c2c32ca,20192,018998,SUPPL,58,http://www.accessdata.fda.gov/drugsatfda_docs/nda/2001/18-998s058_Vasotec.html
664e3ac23f2b8ba59b28c7f3,20193,018998,SUPPL,61,http://www.accessdata.fda.gov/drugsatfda_docs/nda/2002/018998_S061_Vasotec_APPROVAL PACKAGE.pdf
47aff134b665ce48ed2c45b4,20194,018998,SUPPL,62,http://www.accessdata.fda.gov/drugsatfda_docs/nda/2002/018998_S062_Vasotec_APPROVAL_PACKAGE.pdf
848da96eedb800c5486a3568,20195,019010,SUPPL,6,http://www.accessdata.fda.gov/drugsatfda_docs/nda/pre96/019010_S006_Lupron Injection_APPROVAL PACKAGE.pdf
ac629dde37bb992063b1e9ea,20196,019010,SUPPL,31,http://www.accessdata.fda.gov/drugsatfda_docs/nda/2005/019010_S031_Lupron Injection_APPROVAL_PACKAGE.pdf
000dfb3b4e5d9f57637af1b7,20197,019012,SUPPL,52,http://www.accessdata.fda.gov/drugsatfda_docs/nda/2014/019012Orig1s052.pdf
c69ef88584fb27d26372d1c8,20198,019032,SUPPL,17,http://www.accessdata.fda.gov/drugsatfda_docs/nda/2002/19-032s16s17_Tenex.html
8b7e71dbd6784a412f551ee1,20199,019044,SUPPL,2,http://www.accessdata.fda.gov/drugsatfda_docs/nda/pre96/019044_s002_indium in-111 oxyquinoline.pdf
974745d60ea4d7d767662470,20200,019044,SUPPL,8,http://www.accessdata.fda.gov/drugsatfda_docs/nda/pre96/019044_s008_indium in-111 oxyquinoline.pdf
ac37b32ee0b0349dd0747891,20201,019044,SUPPL,11,http://www.accessdata.fda.gov/drugsatfda_docs/nda/pre96/019044_s010_s011_s013_indium in-111 oxyquinoline.pdf
ac37b32ee0b0349dd0747891,20202,019044,SUPPL,13,http://www.accessdata.fda.gov/drugsatfda_docs/nda/pre96/019044_s010_s011_s013_indium in-111 oxyquinoline.pdf
9040c42ceb5920ac63181e94,20203,019044,SUPPL,16,http://www.accessdata.fda.gov/drugsatfda_docs/nda/2000/019044_s016_indium in-111 oxyquinoline.pdf
881f476a908800ca9a29be8c,20204,019057,SUPPL,15,http://www.accessdata.fda.gov/drugsatfda_docs/nda/2002/19-057-S015.pdf
7b108531806df0ed732d65f2,20205,019090,SUPPL,37,http://www.accessdata.fda.gov/drugsatfda_docs/nda/99/19090s37_zantacinjection.html
50edb8cf37f9aad3c2add605,20206,019111,SUPPL,11,http://www.accessdata.fda.gov/drugsatfda_docs/nda/2003/019111_s011_TUSSIONEX KINETIC.pdf
1fe17530e23446fcc3338682,20207,019125,SUPPL,28,http://www.accessdata.fda.gov/drugsatfda_docs/nda/96/19-125S028.pdf
ba1c631936231d378aeb428d,20208,019151,SUPPL,2,http://www.accessdata.fda.gov/drugsatfda_docs/nda/97/19151.pdf
764234ae7e3a7d558ee6f675,20209,019155,SUPPL,19,http://www.accessdata.fda.gov/drugsatfda_docs/nda/2004/019155_S019 & S020_LAC_HYDRIN_LOTION_AP.pdf
764234ae7e3a7d558ee6f675,20210,019155,SUPPL,20,http://www.accessdata.fda.gov/drugsatfda_docs/nda/2004/019155_S019 & S020_LAC_HYDRIN_LOTION_AP.pdf
c1411f38dc468ae43ea84226,20211,019157,SUPPL,18,http://www.accessdata.fda.gov/drugsatfda_docs/nda/2004/019157_018_PrediapredTOC.html
a699e08856eaa9fa8cc12f9a,20212,019194,SUPPL,5,http://www.accessdata.fda.gov/drugsatfda_docs/nda/2000/19194-S005_Syprine.pdf
6b09a3acc008ee352e76d7a3,20213,019201,SUPPL,18,http://www.accessdata.fda.gov/drugsatfda_docs/nda/2002/19-201s018_Voltaren.html
dafd2ffeba06aafb2b690540,20214,019221,SUPPL,24,http://www.accessdata.fda.gov/drugsatfda_docs/nda/98/19221s024.pdf
8fbe3b84a895d2b32d3df7a8,20215,019280,SUPPL,8,http://www.accessdata.fda.gov/drugsatfda_docs/nda/99/19281-S008_Cyklokapron.pdf
28bb72a9a67e07d6e740a4d8,20216,019304,SUPPL,1,http://www.accessdata.fda.gov/drugsatfda_docs/nda/98/019304a_s001.pdf
0697ea53f1eca194e8660a4f,20217,019309,SUPPL,8,http://www.accessdata.fda.gov/drugsatfda_docs/nda/pre96/019309_s008_vasotec iv injection.pdf
f54b74972eb48328861641dd,20218,019309,SUPPL,11,http://www.accessdata.fda.gov/drugsatfda_docs/nda/pre96/019309_S011_VASOTEC I.V.INJECTION.pdf
981a761070e85848de28dbb9,20219,019309,SUPPL,12,http://www.accessdata.fda.gov/drugsatfda_docs/nda/96/019309_S012_Vasotec I.V. Injection_APPROVAL PACKAGE.pdf
2ebd154dc3de481d5a93e07b,20220,019309,SUPPL,15,http://www.accessdata.fda.gov/drugsatfda_docs/nda/pre96/019309_S015_Vasotec I.V. Injection_Approval Package.pdf
bed9811d61da8dea5ca2d070,20221,019309,SUPPL,17,http://www.accessdata.fda.gov/drugsatfda_docs/nda/pre96/019309_S014_Vasotec I.V. Injection_Approval Package.pdf
72ab4d1e897a6235ce268f8a,20222,019309,SUPPL,18,http://www.accessdata.fda.gov/drugsatfda_docs/nda/pre96/019309_S018_Vasotec I.V. Injection_APPROVAL PACKAGE.pdf
c7e8f5f55a2906d23f5be353,20223,019309,SUPPL,22,http://www.accessdata.fda.gov/drugsatfda_docs/nda/99/20507-s001_Teczem.pdf
ab17234bcda04ec814e919fd,20224,019323,SUPPL,16,http://www.accessdata.fda.gov/drugsatfda_docs/nda/96/019323-S16_Temovate Ointment 0.05%_toc.html
15cd321829f39ce24688a748,20225,019383,SUPPL,10,http://www.accessdata.fda.gov/drugsatfda_docs/nda/98/17559-S023_Proventil.pdf
6727a781192a7a03be9a3840,20226,019384,SUPPL,24,http://www.accessdata.fda.gov/drugsatfda_docs/nda/pre96/019384_S024_NOROXIN.pdf
77eb5cd6d635e315200d3024,20227,019384,SUPPL,30,http://www.accessdata.fda.gov/drugsatfda_docs/nda/96/019384_S030_NOROXIN.pdf
a419d6df34e6dae6e66d89dd,20228,019384,SUPPL,32,http://www.accessdata.fda.gov/drugsatfda_docs/nda/96/019384_S032_NOROXIN.pdf
c4d4d0c0c488329fc61ce9f0,20229,019384,SUPPL,35,http://www.accessdata.fda.gov/drugsatfda_docs/nda/96/019384_S035_NOROXIN.pdf
9814e917c67b7bfc6449f8b9,20230,019385,SUPPL,31,http://www.accessdata.fda.gov/drugsatfda_docs/nda/2004/019385_S031_PERMAX.pdf
d2a771d182d16273004823b4,20231,019385,SUPPL,35,http://www.accessdata.fda.gov/drugsatfda_docs/nda/2004/019385_S035_PERMAX.pdf
30a3c3f307489922154a1b56,20232,019386,SUPPL,5,http://www.accessdata.fda.gov/drugsatfda_docs/nda/pre96/019386_S005_BREVIBLOC.pdf
07fafcaa1af70d55102a3942,20233,019386,SUPPL,6,http://www.accessdata.fda.gov/drugsatfda_docs/nda/pre96/019386_S004&S006_BREVIBLOC.pdf
89535d1f380964f7bd02b24b,20234,019386,SUPPL,9,http://www.accessdata.fda.gov/drugsatfda_docs/nda/pre96/019386_S009_BREVIBLOC_INJECTION.pdf
c8bd58d3a223ce3b462771ed,20235,019386,SUPPL,10,http://www.accessdata.fda.gov/drugsatfda_docs/nda/pre96/019386_S010_BREVIBLOC_INJECTION.pdf
9408d40bf411daf68b844dae,20236,019386,SUPPL,11,http://www.accessdata.fda.gov/drugsatfda_docs/nda/pre96/019386_S011_BREVIBLOC.pdf
2fd7db0d455733b541c2ed72,20237,019386,SUPPL,12,http://www.accessdata.fda.gov/drugsatfda_docs/nda/pre96/019386_S012_BREVIBLOC.pdf
681eb853a7636a0a73b91e5d,20238,019386,SUPPL,15,http://www.accessdata.fda.gov/drugsatfda_docs/nda/2000/019386_S015_BREVIBLOC_INJECTION.pdf
dbe3a213ef6f49ecb1f37a81,20239,019386,SUPPL,17,http://www.accessdata.fda.gov/drugsatfda_docs/nda/2001/019386_S017_BREVIBLOC_INJECTION.pdf
acef7a2292d68f78024e69ef,20240,019430,SUPPL,56,http://www.accessdata.fda.gov/drugsatfda_docs/nda/2013/019430Orig1s056.pdf
89e9b9dcb132a21619c9ae6a,20243,019452,SUPPL,15,http://www.accessdata.fda.gov/drugsatfda_docs/nda/99/19452S15_DermaSmooth.html
1f41185e02176eb836bff85e,20244,019452,SUPPL,17,http://www.accessdata.fda.gov/drugsatfda_docs/nda/2001/19-452S017_DermaSmoothe.html
d7870391bcbbfbbb89219e25,20245,019462,SUPPL,27,http://www.accessdata.fda.gov/drugsatfda_docs/nda/99/19462s27.pdf
53edc26c5ce7fcd9c1bc43ac,20246,019462,SUPPL,30,http://www.accessdata.fda.gov/drugsatfda_docs/nda/2002/019462_S030 & 019527_S024 & 020752_S005_Pepcid RPD_AP.pdf
8a33bac0ea96421615c0f49b,20247,019463,SUPPL,19,http://www.accessdata.fda.gov/drugsatfda_docs/nda/98/19-463S019.pdf
e2b25c2ed9f44909d47c19af,20248,019463,SUPPL,26,http://www.accessdata.fda.gov/drugsatfda_docs/nda/2003/019463_s026_TimopticTOC.html
11b7297bc0df4ebd8a85bb33,20249,019487,SUPPL,21,http://www.accessdata.fda.gov/drugsatfda_docs/nda/2004/019487_S021_IMODIUM A-D LIQUID.pdf
83f845897dec32a073065856,20250,019487,SUPPL,22,http://www.accessdata.fda.gov/drugsatfda_docs/nda/2004/019487_S022_IMODIUM_A-D LIQUID.pdf
a69721cb9671fc69f5dc0997,20251,019510,SUPPL,28,http://www.accessdata.fda.gov/drugsatfda_docs/nda/2001/019510_s028_Pepcid Injection.pdf
53edc26c5ce7fcd9c1bc43ac,20252,019527,SUPPL,24,http://www.accessdata.fda.gov/drugsatfda_docs/nda/2002/019462_S030 & 019527_S024 & 020752_S005_Pepcid RPD_AP.pdf
f87bbfd23472cdcc76c8c377,20253,019532,ORIG,1,http://www.accessdata.fda.gov/drugsatfda_docs/nda/pre96/019532_Mycrox_toc.html
093c146b2c5b9c724b54a6a6,20259,019555,SUPPL,8,http://www.accessdata.fda.gov/drugsatfda_docs/nda/2001/19-555S008_Diprosone.html
093c146b2c5b9c724b54a6a6,20260,019555,SUPPL,16,http://www.accessdata.fda.gov/drugsatfda_docs/nda/2001/19-555S008_Diprosone.html
bb4227042b43904b9aba331a,20261,019557,SUPPL,23,http://www.accessdata.fda.gov/drugsatfda_docs/nda/99/19557S023_VePesid.pdf
c7e8f5f55a2906d23f5be353,20262,019558,SUPPL,36,http://www.accessdata.fda.gov/drugsatfda_docs/nda/99/20507-s001_Teczem.pdf
1546e3dab68d55718c2d68d9,20263,019558,SUPPL,43,http://www.accessdata.fda.gov/drugsatfda_docs/nda/2003/19-558S043_Prinivil.html
e0807396629df989dd3ef8df,20264,019593,SUPPL,28,http://www.accessdata.fda.gov/drugsatfda_docs/nda/99/19593S28_zantacinjection.html
470e0550ddabe376ce5e80fc,20265,019596,SUPPL,8,http://www.accessdata.fda.gov/drugsatfda_docs/nda/pre96/019596a_s08_s09_022896_Magnevist.pdf
56303dfbe30c6563f4ca88e4,20266,019615,SUPPL,12,http://www.accessdata.fda.gov/drugsatfda_docs/nda/2001/19615S012_Dopamine.pdf
38eea5e89b622066bb9ec007,20267,019627,SUPPL,27,http://www.accessdata.fda.gov/drugsatfda_docs/nda/96/019627_S027_Diprivan_APPROVAL_PACKAGE.pdf
08fccc9817cb4560c4f38abf,20268,019627,SUPPL,35,http://www.accessdata.fda.gov/drugsatfda_docs/nda/2001/019627_S035_DiprivanTOC.html
7182ab031600cb70ccd0d0b9,20269,019627,SUPPL,45,http://www.accessdata.fda.gov/drugsatfda_docs/nda/2007/019627_S045_DIPRIVAN.pdf
b4bbe024a1e5f273073fabf7,20270,019640,SUPPL,19,http://www.accessdata.fda.gov/drugsatfda_docs/nda/97/019640ap.pdf
c560444aaa3c36c1ecb8d258,20271,019640,SUPPL,20,http://www.accessdata.fda.gov/drugsatfda_docs/nda/97/019640_s020_HUMATROPE 5.pdf
fe8bfaa7453f2fde0e63b208,20273,019643,SUPPL,17,http://www.accessdata.fda.gov/drugsatfda_docs/nda/pre96/019643_S017_MEVACOR_TABLETS_AP.pdf
a85915cfb3888f1a0fab7809,20274,019643,SUPPL,51,http://www.accessdata.fda.gov/drugsatfda_docs/nda/97/019643a_s051_s053.pdf
de596afed6123d2dcf6412df,20275,019643,SUPPL,64,http://www.accessdata.fda.gov/drugsatfda_docs/nda/2001/19643S062_Mevacor.pdf
47054654f2a833eb4abb78a4,20276,019643,SUPPL,73,http://www.accessdata.fda.gov/drugsatfda_docs/nda/2003/019643_S073_MEVACOR_TABLETS_AP.pdf
9e0a2920ae08c52dffd69053,20277,019651,SUPPL,5,http://www.accessdata.fda.gov/drugsatfda_docs/nda/97/asacol_19651s5.html
d849caa022899f2803a3eb35,20278,019653,SUPPL,20,http://www.accessdata.fda.gov/drugsatfda_docs/nda/99/019653_s020_ORTHOCYCLEN.pdf
a6c378e30766d0fb76709a7d,20279,019653,SUPPL,23,http://www.accessdata.fda.gov/drugsatfda_docs/nda/99/019653_s023_ORTHOCYCLEN.pdf
aa2fb184c8c2c868f311ffe2,20280,019653,SUPPL,30,http://www.accessdata.fda.gov/drugsatfda_docs/nda/2001/019653_s030_ORTHO CYCLEN.pdf
1c771d1b5fb33ecf98824281,20281,019653,SUPPL,32,http://www.accessdata.fda.gov/drugsatfda_docs/nda/2002/019653_s032_ORTHOCYCLEN.pdf
7230994283c17c1173be72e0,20282,019653,SUPPL,33,http://www.accessdata.fda.gov/drugsatfda_docs/nda/2002/019653_s033_ORTHOCYCLEN.pdf
3c5b59203c9f08198d122b97,20283,019658,SUPPL,5,http://www.accessdata.fda.gov/drugsatfda_docs/nda/pre96/19658-S005_Claritin.pdf
72422918e824d2ed1dfc38dd,20284,019658,SUPPL,18,"http://www.accessdata.fda.gov/drugsatfda_docs/nda/2002/19670s18,20470s16,19658s18,20704s8,20641s9_Claritin.html"
52dc806cac204bfc1186d08f,20285,019670,SUPPL,9,http://www.accessdata.fda.gov/drugsatfda_docs/nda/1999/019670_s009_Claritin-DTOC.cfml
bef5a87208f252688f885629,20286,019670,SUPPL,17,http://www.accessdata.fda.gov/drugsatfda_docs/nda/2002/019670_S017_Claritin-DTOC.cfml
498064f7821369275e8ef6bc,20287,019675,SUPPL,20,http://www.accessdata.fda.gov/drugsatfda_docs/nda/99/19675S20_zantacsyrup.html
5700c7b2d429723762badb69,20288,019684,SUPPL,12,http://www.accessdata.fda.gov/drugsatfda_docs/nda/97/19787-S013_Norvasc.pdf
316b0104876774d2a5ee6e92,20289,019697,SUPPL,5,http://www.accessdata.fda.gov/drugsatfda_docs/nda/96/019697_s005_ORTHOTRICYCLEN.pdf
bd0aa1744e0e4f543aa16afb,20290,019697,SUPPL,13,http://www.accessdata.fda.gov/drugsatfda_docs/nda/96/019697_s013_ORTHOCYCLEN.pdf
56c01a19b1d9f90a71ae79d7,20291,019697,SUPPL,15,http://www.accessdata.fda.gov/drugsatfda_docs/nda/99/019697_s015_ORTHOCYCLEN.pdf
de478cca4c589fef99af282a,20292,019697,SUPPL,19,http://www.accessdata.fda.gov/drugsatfda_docs/nda/99/019697_s019_ORTHOCYCLEN.pdf
a9707ab99c413a0966f9c797,20293,019697,SUPPL,21,http://www.accessdata.fda.gov/drugsatfda_docs/nda/2000/019697_s021_ORTHO CYCLEN.pdf
c9cae6ce1aece69f4dc2ae96,20294,019697,SUPPL,25,http://www.accessdata.fda.gov/drugsatfda_docs/nda/2000/019697_s025_ORTHO CYCLEN.pdf
77f340193781a6c72e3e017b,20295,019697,SUPPL,27,http://www.accessdata.fda.gov/drugsatfda_docs/nda/2001/019697_s027_ORTHO CYCLEN.pdf
e9796ece15b6af864022cd75,20296,019697,SUPPL,28,http://www.accessdata.fda.gov/drugsatfda_docs/nda/2002/019697_s028_ORTHO CYCLEN.pdf
b0aa88b6ec8ece8a49eb9f7b,20297,019697,SUPPL,30,http://www.accessdata.fda.gov/drugsatfda_docs/nda/2002/019697_s030_ORTHOCYCLEN.pdf
0078fd6c7909ccaa4358b4ff,20298,019697,SUPPL,32,http://www.accessdata.fda.gov/drugsatfda_docs/nda/2003/019697_s032_ORTHOCYCLEN.pdf
51809c3b72999fb617780334,20299,019700,SUPPL,19,http://www.accessdata.fda.gov/drugsatfda_docs/nda/2002/019700_S019_ACULAR.pdf
cfd5137bea8a2467d800543e,20300,019710,SUPPL,21,http://www.accessdata.fda.gov/drugsatfda_docs/nda/97/019710a_so21_052397.pdf
b46f229d1158a90f9dcda727,20301,019726,SUPPL,18,http://www.accessdata.fda.gov/drugsatfda_docs/nda/97/19726S018_Zoladex.html
c308204f05d15edc1dd4c001,20302,019726,SUPPL,22,http://www.accessdata.fda.gov/drugsatfda_docs/nda/98/19726-s022_zoladax.pdf
31c6efbdca03c33e73201035,20303,019732,SUPPL,7,http://www.accessdata.fda.gov/drugsatfda_docs/nda/pre96/019732_S007_Lupron Depot_APPROVAL PACKAGE.pdf
e1c4ba120f7565e6405b5f3b,20304,019732,SUPPL,9,http://www.accessdata.fda.gov/drugsatfda_docs/nda/pre96/019732_S009_Lupron Depot_APPROVAL PACKAGE.pdf
9097282077541156a6e7f666,20305,019732,SUPPL,12,http://www.accessdata.fda.gov/drugsatfda_docs/nda/98/019732s012_lupron.html
540f2fe95329cdef728ea127,20306,019732,SUPPL,16,http://www.accessdata.fda.gov/drugsatfda_docs/nda/99/019732_S016_Lupron Depot_APPROVAL PACKAGE.pdf
d952dfca4b26791dc4e7ddb2,20307,019735,SUPPL,4,http://www.accessdata.fda.gov/drugsatfda_docs/nda/pre96/019735_s004_FloxinTOC.html
2c0f64dcbfe69446078802a6,20308,019735,SUPPL,7,http://www.accessdata.fda.gov/drugsatfda_docs/nda/pre96/019735_s007_FloxinTOC.html
c0367689224c4f242bd346db,20309,019735,SUPPL,8,http://www.accessdata.fda.gov/drugsatfda_docs/nda/pre96/019735_s008_FloxinTOC.html
1ec8d84121ebf78e53bbcbc0,20310,019735,SUPPL,18,http://www.accessdata.fda.gov/drugsatfda_docs/nda/pre96/019735_S018_Floxin.pdf
5f4910ee795617dfaa2800c1,20311,019735,SUPPL,22,http://www.accessdata.fda.gov/drugsatfda_docs/nda/pre96/019735_S022_FLOXIN.pdf
a63cd462daee1a82c2240493,20312,019735,SUPPL,52,http://www.accessdata.fda.gov/drugsatfda_docs/nda/2004/019735_S052_Floxin.pdf
769bff608c625595bcd0e26d,20313,019758,SUPPL,35,http://www.accessdata.fda.gov/drugsatfda_docs/nda/97/019758_S035_CLOZARIL_TABS.pdf
46e1a2df689de53337754b3f,20314,019758,SUPPL,47,http://www.accessdata.fda.gov/drugsatfda_docs/nda/2002/019758Orig1s047.pdf
2a8c7907f78f8f7991a0ce77,20315,019764,SUPPL,11,http://www.accessdata.fda.gov/drugsatfda_docs/nda/2000/019764_s011_SAIZEN INJECTION.pdf
0fe71d2d98daea09401a5ef8,20316,019766,SUPPL,8,http://www.accessdata.fda.gov/drugsatfda_docs/nda/pre96/019766_s008_ZOCOR_TABLETS.pdf
09e4bfef19960c506f7534ea,20317,019766,SUPPL,12,http://www.accessdata.fda.gov/drugsatfda_docs/nda/pre96/019766_s012_ZOCOR_TABLETS.pdf
a762cfb7b4c3e62804b6ec37,20318,019766,SUPPL,16,http://www.accessdata.fda.gov/drugsatfda_docs/nda/pre96/019766_S016_ZOCOR_TABLETS.pdf
b7df9c13aec4eff158a2aa0d,20319,019766,SUPPL,22,http://www.accessdata.fda.gov/drugsatfda_docs/nda/97/019766_S022_ZOCOR_TABLETS.pdf
a93311c71051314e2a79d609,20320,019766,SUPPL,23,http://www.accessdata.fda.gov/drugsatfda_docs/nda/97/019766_S023_ZOCOR_TABLETS.pdf
46c3fa048f64b12fd728cb54,20321,019766,SUPPL,25,http://www.accessdata.fda.gov/drugsatfda_docs/nda/97/019766_S025_ZOCOR_TABLETS.pdf
51f3d85c1470bbee9050de85,20322,019766,SUPPL,27,http://www.accessdata.fda.gov/drugsatfda_docs/nda/98/019766s027_Zocor.html
ab033e66b95dadba00c8b602,20323,019766,SUPPL,28,http://www.accessdata.fda.gov/drugsatfda_docs/nda/98/119766-s28.html
25e749f08cb4423b5e05987d,20324,019766,SUPPL,29,http://www.accessdata.fda.gov/drugsatfda_docs/nda/98/019766a_s029.pdf
eb597b1901d453bc6ac857aa,20325,019766,SUPPL,31,http://www.accessdata.fda.gov/drugsatfda_docs/nda/99/019766_s031_ZOCOR_TABLETS.pdf
2f3e97c9619fa6302a70a8ee,20326,019766,SUPPL,33,http://www.accessdata.fda.gov/drugsatfda_docs/nda/99/019766_S033_ZOCOR_TABLET.pdf
331fa94171a266036c15a16e,20327,019766,SUPPL,35,http://www.accessdata.fda.gov/drugsatfda_docs/nda/99/019766_s035_ZOCOR TABLETS.pdf
610a8b2a6dd523b1d882a8d3,20328,019766,SUPPL,36,http://www.accessdata.fda.gov/drugsatfda_docs/nda/99/19766s34_Zocor.pdf
f7a09aff5dd25b6186268354,20329,019766,SUPPL,40,http://www.accessdata.fda.gov/drugsatfda_docs/nda/2000/19766-S040_Zocor.html
783464caf3edaa1fb60aee06,20330,019766,SUPPL,43,http://www.accessdata.fda.gov/drugsatfda_docs/nda/2000/019766_S043_ZOCOR_TABLETS.pdf
d33963e967757bd5c333d30e,20331,019766,SUPPL,44,http://www.accessdata.fda.gov/drugsatfda_docs/nda/2000/019766_S044_ZOCOR_TABLET.pdf
0664cae4e75fb8bf963a8726,20332,019766,SUPPL,52,http://www.accessdata.fda.gov/drugsatfda_docs/nda/2002/19-766s052_Zocor.html
9ef7517237798e05820c53bb,20333,019766,SUPPL,54,http://www.accessdata.fda.gov/drugsatfda_docs/nda/2002/019766_S054_ZOCOR.pdf
c9ee13e783327e1a18045dda,20334,019766,SUPPL,55,http://www.accessdata.fda.gov/drugsatfda_docs/nda/2002/019766_S055_ZOCOR.pdf
a65e269a471b9304a96fbbc8,20335,019766,SUPPL,68,http://www.accessdata.fda.gov/drugsatfda_docs/nda/2004/019766_S067&S068_ZOCAR TABS_AP.pdf
41b8cf8fd0e7f04b1b05b288,20336,019777,SUPPL,2,http://www.accessdata.fda.gov/drugsatfda_docs/nda/pre96/019777-S2_ZestrilTablets_toc.html
8eea9cc3f5b61b14e4b4e1d9,20337,019777,SUPPL,4,http://www.accessdata.fda.gov/drugsatfda_docs/nda/pre96/19777-S4_Zestril.pdf
53429a978b726bc27839d49d,20338,019777,SUPPL,6,http://www.accessdata.fda.gov/drugsatfda_docs/nda/pre96/019777-S6_ZestrilTablets_toc.html
11f5a86983fa430836293dd0,20339,019777,SUPPL,8,http://www.accessdata.fda.gov/drugsatfda_docs/nda/pre96/019777-S8_ZestrilTablets_toc.html
0647902698356f58e920b00c,20340,019777,SUPPL,13,http://www.accessdata.fda.gov/drugsatfda_docs/nda/pre96/019777-S13_ZestrilTablets_toc.html
4313f389d1fcdbe408ad4528,20341,019777,SUPPL,18,http://www.accessdata.fda.gov/drugsatfda_docs/nda/pre96/19888-S12_Zestril.pdf
e2e40b946af3c5475d4a5cf6,20342,019777,SUPPL,24,http://www.accessdata.fda.gov/drugsatfda_docs/nda/pre96/019777-S24_ZestrilTablets_toc.html
ef33fa99d8630f116a8efd2f,20343,019777,SUPPL,27,http://www.accessdata.fda.gov/drugsatfda_docs/nda/pre96/019777-S27_ZestrilTablets_toc.html
ababd45bfb285663e3b1cea5,20344,019777,SUPPL,32,http://www.accessdata.fda.gov/drugsatfda_docs/nda/97/019777ap.pdf
b97b927a53d4f605bd626308,20345,019777,SUPPL,34,http://www.accessdata.fda.gov/drugsatfda_docs/nda/98/19777-s034_zestril.pdf
1f192b92dd3f953e80eb7e7f,20346,019777,SUPPL,37,http://www.accessdata.fda.gov/drugsatfda_docs/nda/2000/19777s037.pdf
587876bf04748a9c475a4601,20347,019777,SUPPL,42,http://www.accessdata.fda.gov/drugsatfda_docs/nda/2003/19-777S042S044_Zestril.html
587876bf04748a9c475a4601,20348,019777,SUPPL,44,http://www.accessdata.fda.gov/drugsatfda_docs/nda/2003/19-777S042S044_Zestril.html
b8f32d9f9424e9e55d44bbd4,20349,019778,SUPPL,28,http://www.accessdata.fda.gov/drugsatfda_docs/nda/98/19778s028.html
7de3470f3a79dbb5e0311149,20350,019781,ORIG,1,http://www.accessdata.fda.gov/drugsatfda_docs/nda/98/19781.html
a8f0aac8bef560d847f8be68,20351,019787,SUPPL,2,http://www.accessdata.fda.gov/drugsatfda_docs/nda/pre96/019787-S2_Norvasc Tablets_toc.html
760f21aaa8e3f2ab0ad8e4d8,20352,019787,SUPPL,4,http://www.accessdata.fda.gov/drugsatfda_docs/nda/pre96/019787-S4_Norvasc Tablets_toc.html
085aae312bd67a94fcc0c9ef,20353,019787,SUPPL,9,"http://www.accessdata.fda.gov/drugsatfda_docs/nda/pre96/019787-S9_Norvasc 2.5 mg, 5.0 mg, & 10.0 mg Tablets_toc.html"
cdab73ae129155de0eb192a9,20354,019787,SUPPL,11,"http://www.accessdata.fda.gov/drugsatfda_docs/nda/96/019787-S11_Norvasc 2.5 mg, 5.0 mg, & 10.0 mg Tablets_toc.html"
5700c7b2d429723762badb69,20355,019787,SUPPL,13,http://www.accessdata.fda.gov/drugsatfda_docs/nda/97/19787-S013_Norvasc.pdf
ca77a2ff7608265321b98760,20356,019787,SUPPL,15,"http://www.accessdata.fda.gov/drugsatfda_docs/nda/97/019787-S15_Norvasc 2.5 mg, 5.0 mg, & 10.0 mg Tablets_toc.html"
8b5272f46531e9ef8a5b0a6d,20357,019787,SUPPL,17,http://www.accessdata.fda.gov/drugsatfda_docs/nda/2000/19787-s017_norvase.pdf
0a5e8ac4082458893f1d8cc3,20358,019787,SUPPL,19,"http://www.accessdata.fda.gov/drugsatfda_docs/nda/99/019787-S19_Norvasc 2.5 mg, 5.0 mg, & 10.0 mg Tablets_toc.html"
fd2ed737dbe78dc138fc6194,20359,019787,SUPPL,21,http://www.accessdata.fda.gov/drugsatfda_docs/nda/2000/19787s021_norvasc.pdf
ca2f255d7e911a33d898e41a,20360,019787,SUPPL,22,http://www.accessdata.fda.gov/drugsatfda_docs/nda/99/19787s022_Norvasc.pdf
30bd89800614e7918d096461,20361,019810,SUPPL,3,http://www.accessdata.fda.gov/drugsatfda_docs/nda/2004/019810_S003_S058_PRILOSEC.pdf
4aad93aba11923372d84a642,20362,019810,SUPPL,36,http://www.accessdata.fda.gov/drugsatfda_docs/nda/96/019810ap.pdf
37e10e7cc819d66fe3f3bd84,20363,019810,SUPPL,38,http://www.accessdata.fda.gov/drugsatfda_docs/nda/98/019810s38s50s56.html
37e10e7cc819d66fe3f3bd84,20364,019810,SUPPL,50,http://www.accessdata.fda.gov/drugsatfda_docs/nda/98/019810s38s50s56.html
37e10e7cc819d66fe3f3bd84,20365,019810,SUPPL,56,http://www.accessdata.fda.gov/drugsatfda_docs/nda/98/019810s38s50s56.html
7730afd44cdfa2952e625102,20366,019810,SUPPL,57,http://www.accessdata.fda.gov/drugsatfda_docs/nda/99/19810-S57_Prilosec.pdf
30bd89800614e7918d096461,20367,019810,SUPPL,58,http://www.accessdata.fda.gov/drugsatfda_docs/nda/2004/019810_S003_S058_PRILOSEC.pdf
3b073053e2f9c584942e851d,20368,019813,ORIG,1,http://www.accessdata.fda.gov/drugsatfda_docs/nda/pre96/019813_ORIGINAL APPROVAL_PACKAGE.pdf
4e8d1098de54aa5ae3076d66,20369,019813,SUPPL,18,http://www.accessdata.fda.gov/drugsatfda_docs/nda/97/019813_S018_Duragesic.pdf
e8823890aaf93a127a184c50,20370,019813,SUPPL,19,http://www.accessdata.fda.gov/drugsatfda_docs/nda/97/019813_S019_Duragesic.pdf
ca856008908ecc76f443fcf1,20371,019813,SUPPL,23,http://www.accessdata.fda.gov/drugsatfda_docs/nda/2001/019813_S023_DURAGESIC.pdf
cfdc465290e7aba53f4573b5,20372,019813,SUPPL,26,http://www.accessdata.fda.gov/drugsatfda_docs/nda/2001/019813_S026_DURAGESIC.pdf
1dd05b91a5d8446137d765a5,20373,019813,SUPPL,30,http://www.accessdata.fda.gov/drugsatfda_docs/nda/2001/019813_S030_DURAGESIC.pdf
c41d4e01512ba6525e9fea9c,20374,019813,SUPPL,33,http://www.accessdata.fda.gov/drugsatfda_docs/nda/2008/019813Orig1s033.pdf
d6e6c4148a3ea9372a5735bd,20375,019813,SUPPL,44,http://www.accessdata.fda.gov/drugsatfda_docs/nda/2009/019813Orig1s044.pdf
9ecb8ad8885ccfce3d89c09e,20376,019816,SUPPL,7,http://www.accessdata.fda.gov/drugsatfda_docs/nda/97/18-754S025.pdf
159ea55a3af445ae3c2f7177,20377,019821,SUPPL,1,http://www.accessdata.fda.gov/drugsatfda_docs/nda/97/19821-S001_Soritane.pdf
799ce035827f1e5631d24c91,20378,019821,SUPPL,6,http://www.accessdata.fda.gov/drugsatfda_docs/nda/2003/019821_S002&S006_SORIATANE_AP.pdf
934f52ccf6279741d59e12b5,20379,019834,SUPPL,6,http://www.accessdata.fda.gov/drugsatfda_docs/nda/96/019834_s006_PLENDIL.pdf
1815ffc20d670cbaf3ca414e,20380,019834,SUPPL,9,http://www.accessdata.fda.gov/drugsatfda_docs/nda/98/019834S009_plendil_toc.html
0d3fe55cff270ad056605232,20381,019834,SUPPL,12,http://www.accessdata.fda.gov/drugsatfda_docs/nda/97/019834_s012_PLENDIL.pdf
d013ef81d2b82e9fbd5623c1,20382,019834,SUPPL,14,http://www.accessdata.fda.gov/drugsatfda_docs/nda/2000/019834_s014_PLENDIL.pdf
6cd5e49b4f9c03b7410bbd7d,20383,019834,SUPPL,16,http://www.accessdata.fda.gov/drugsatfda_docs/nda/99/019834_016_PLENDIL.pdf
b9e93ad23c7d0b9b6f9ceaea,20384,019834,SUPPL,17,http://www.accessdata.fda.gov/drugsatfda_docs/nda/2002/019834_017_PLENDIL.pdf
0e00be00b632c023767df2fb,20385,019834,SUPPL,19,http://www.accessdata.fda.gov/drugsatfda_docs/nda/2002/019834_S019_PLENDIL.pdf
b1778f3c238b19c0cf945b45,20386,019835,SUPPL,15,http://www.accessdata.fda.gov/drugsatfda_docs/nda/2002/019835_S015_ZYRTEC TABLETS.pdf
88f7efeb1b981089361e3614,20387,019839,SUPPL,18,http://www.accessdata.fda.gov/drugsatfda_docs/nda/97/019839ap.pdf
1f910d7ffa44c82ed4a79470,20388,019839,SUPPL,26,http://www.accessdata.fda.gov/drugsatfda_docs/nda/99/19-839S026_Zoloft.html
2e56f39c41c92cc9cd72b9f7,20389,019839,SUPPL,35,http://www.accessdata.fda.gov/drugsatfda_docs/nda/2001/19-839S35_Zoloft.html
1130818ac6026634c2e9319d,20390,019839,SUPPL,44,"http://www.accessdata.fda.gov/drugsatfda_docs/nda/2003/019839s044,020990s010_ZoloftTOC.html"
20ff269fa2b7145393ff53b8,20391,019842,SUPPL,13,"http://www.accessdata.fda.gov/drugsatfda_docs/nda/2002/019842s13,20135s5,20418s3,20476s2_MotrinTOC.html"
b0ffce09533e9de3fbbee2fc,20392,019847,SUPPL,22,http://www.accessdata.fda.gov/drugsatfda_docs/nda/99/019847_S022_CIPRO.pdf
db020619dfbdc9340228203f,20393,019847,SUPPL,24,http://www.accessdata.fda.gov/drugsatfda_docs/nda/2000/19-537S038_Cipro.html
aea1ae7d9448aeff94d105e0,20394,019847,SUPPL,26,http://www.accessdata.fda.gov/drugsatfda_docs/nda/2002/019847_S026_CIPRO.pdf
5de6ec0db3c201e8b7fbb845,20395,019847,SUPPL,28,http://www.accessdata.fda.gov/drugsatfda_docs/nda/2004/019847_S028_CIPRO.pdf
90fb0c04ced7ea6065471c9d,20396,019847,SUPPL,29,http://www.accessdata.fda.gov/drugsatfda_docs/nda/2004/019847_S029_CIPRO.pdf
d4be14eafc86e98b56f4783d,20397,019847,SUPPL,36,http://www.accessdata.fda.gov/drugsatfda_docs/nda/2005/019847_S036_Cipro.pdf
a1da0f3cacd357d4206e70bc,20398,019849,SUPPL,11,http://www.accessdata.fda.gov/drugsatfda_docs/nda/2002/019849_S011_REV-EYES.pdf
f77ba11f746845ce20caa6d2,20399,019857,SUPPL,28,http://www.accessdata.fda.gov/drugsatfda_docs/nda/2002/019857_S028_CIPRO.pdf
29b3a0130e29d05992e55354,20400,019858,SUPPL,11,http://www.accessdata.fda.gov/drugsatfda_docs/nda/97/019858_S011_CIPRO.pdf
db020619dfbdc9340228203f,20401,019858,SUPPL,21,http://www.accessdata.fda.gov/drugsatfda_docs/nda/2000/19-537S038_Cipro.html
f2bfc116f79fb3e173bb0209,20402,019858,SUPPL,22,http://www.accessdata.fda.gov/drugsatfda_docs/nda/2002/019858_S022_CIPRO.pdf
df496b9da4465c713d5952f2,20403,019863,SUPPL,2,http://www.accessdata.fda.gov/drugsatfda_docs/nda/pre96/019863_S002_Geref.pdf
1af1eec5a88be987e4c5e65a,20404,019872,SUPPL,9,http://www.accessdata.fda.gov/drugsatfda_docs/nda/2000/019872Orig1s009.pdf
6941f6a1aced8de1813453ad,20405,019872,SUPPL,29,http://www.accessdata.fda.gov/drugsatfda_docs/nda/2008/019872Orig1_s029.pdf
e926cfbeebf05c486f737ac2,20406,019886,SUPPL,13,http://www.accessdata.fda.gov/drugsatfda_docs/nda/98/019886S013%20.html
b54bbc3a3ff8f3fd054bd151,20407,019898,SUPPL,20,http://www.accessdata.fda.gov/drugsatfda_docs/nda/98/19898-S020_Pravachol.pdf
86f88067ea87d709743520d6,20408,019898,SUPPL,23,http://www.accessdata.fda.gov/drugsatfda_docs/nda/99/019898_S023_PRAVACHOL_TABLETS.pdf
12f6b6680474afea2208df4d,20409,019898,SUPPL,25,http://www.accessdata.fda.gov/drugsatfda_docs/nda/99/019898_S025_PRAVACHOL_TABLETS.pdf
ba9cd68d62bb30c17f132191,20410,019898,SUPPL,35,http://www.accessdata.fda.gov/drugsatfda_docs/nda/99/19898s34_Pravachol.pdf
d08152cbd4cc43eb7dd69d6c,20411,019898,SUPPL,37,http://www.accessdata.fda.gov/drugsatfda_docs/nda/2000/019898_s037_PRAVACHOL_TABLETS.pdf
866a4e2f328777ba895e3801,20412,019898,SUPPL,44,http://www.accessdata.fda.gov/drugsatfda_docs/nda/2001/019898_s044_PRAVACHOL TABS.pdf
dd5d799fc626d08048365ef5,20413,019898,SUPPL,50,http://www.accessdata.fda.gov/drugsatfda_docs/nda/2002/019898_s050_PRAVACHOL TABS.pdf
b832fb252016ee1842851d97,20414,019898,SUPPL,61,http://www.accessdata.fda.gov/drugsatfda_docs/nda/2011/019898Orig1s061.pdf
bac3565909047e54d9ac85c5,20415,019898,SUPPL,62,http://www.accessdata.fda.gov/drugsatfda_docs/nda/2012/019898s062.pdf
287a231823f5738f623aaff2,20416,019901,SUPPL,25,http://www.accessdata.fda.gov/drugsatfda_docs/nda/98/19901s025_Altace.pdf
5aef49c209f7eb39af324c94,20417,019901,SUPPL,28,http://www.accessdata.fda.gov/drugsatfda_docs/nda/2000/019901_s028_Altace.html
0d9e249d9621d0eeb19f1180,20418,019901,SUPPL,46,http://www.accessdata.fda.gov/drugsatfda_docs/nda/2004/019901_s046_altace.pdf
89418747772778f630fd3218,20419,019908,ORIG,1,http://www.accessdata.fda.gov/drugsatfda_docs/nda/pre96/019908_S000_AmbienTOC.html
f33cb7932ec2f5003925690b,20420,019908,SUPPL,32,"http://www.accessdata.fda.gov/drugsatfda_docs/nda/2013/019908Orig1s032,s034,021774Orig1s013,s015review.pdf"
f33cb7932ec2f5003925690b,20421,019908,SUPPL,34,"http://www.accessdata.fda.gov/drugsatfda_docs/nda/2013/019908Orig1s032,s034,021774Orig1s013,s015review.pdf"
3bf37170878041d1d22a30b4,20422,019910,SUPPL,21,http://www.accessdata.fda.gov/drugsatfda_docs/nda/2001/019655s032_019910s021_020518s004_Retrovir.html
b422ae9a2db46872a8e7e829,20423,019918,SUPPL,4,http://www.accessdata.fda.gov/drugsatfda_docs/nda/96/019918ap.pdf
f25a785ef976127cd032d6f0,20424,019921,SUPPL,8,http://www.accessdata.fda.gov/drugsatfda_docs/nda/99/019921_S008_Ocuflox_Approval_Package.pdf
cda4ffd8334e11b087cec1bd,20425,019928,SUPPL,1,http://www.accessdata.fda.gov/drugsatfda_docs/nda/2002/019928Orig1s001.pdf
4d6463f56ff498eb44d3d5d1,20426,019938,SUPPL,19,http://www.accessdata.fda.gov/drugsatfda_docs/nda/97/019938a_s019.pdf
d1df4c69a23d2fee184e02ed,20427,019941,SUPPL,2,http://www.accessdata.fda.gov/drugsatfda_docs/nda/pre96/019941_S002_EMLA_CREAM.pdf
a829058803117b9fdd7286da,20428,019941,SUPPL,7,http://www.accessdata.fda.gov/drugsatfda_docs/nda/98/019941s008_emla.pdf
a829058803117b9fdd7286da,20429,019941,SUPPL,8,http://www.accessdata.fda.gov/drugsatfda_docs/nda/98/019941s008_emla.pdf
60ad445c48e3bb5c1c310191,20430,019943,ORIG,1,http://www.accessdata.fda.gov/drugsatfda_docs/nda/pre96/019943_LupronTOC.html
f33f92b778568b6fe4bc11ed,20431,019943,SUPPL,22,http://www.accessdata.fda.gov/drugsatfda_docs/nda/2005/019943_S022_Lupron Depot_APPROVAL PACKAGE.pdf
af6ec75427d5ca6ad1a9c072,20432,019959,SUPPL,21,http://www.accessdata.fda.gov/drugsatfda_docs/nda/97/019959ap.pdf
56334b045ce7ffaa561f01c5,20433,019961,SUPPL,9,http://www.accessdata.fda.gov/drugsatfda_docs/nda/2003/019961_S009_GANITE.pdf
be2311c6aeed6ba81adabf43,20434,019962,SUPPL,1,http://www.accessdata.fda.gov/drugsatfda_docs/nda/pre96/19-962-S-001_Toprol_XL.pdf
e5bef32294c4d7de8c9e9121,20435,019962,SUPPL,2,http://www.accessdata.fda.gov/drugsatfda_docs/nda/pre96/19-962-S-002_Toprol_XL.pdf
0cbfdaa7101fd054d712258b,20436,019971,ORIG,1,http://www.accessdata.fda.gov/drugsatfda_docs/nda/pre96/019971ap.pdf
8ff72b3c241f76c1bdb8031c,20437,019979,SUPPL,18,http://www.accessdata.fda.gov/drugsatfda_docs/nda/2001/19-879S018_Ticlid.html
a195bed8144c7a68446aede3,20438,019979,SUPPL,19,http://www.accessdata.fda.gov/drugsatfda_docs/nda/2000/19979-s019_ticlid.pdf
224c206257063a0b10c2c96a,20439,019982,ORIG,1,http://www.accessdata.fda.gov/drugsatfda_docs/nda/pre96/19982_Zebeta.html
9919cfcb1763447ea1f84579,20440,019982,SUPPL,1,http://www.accessdata.fda.gov/drugsatfda_docs/nda/pre96/19982-S1_Zebeta.pdf
63fb8d137c73c9b5c62a7774,20441,019982,SUPPL,4,http://www.accessdata.fda.gov/drugsatfda_docs/nda/97/19982-S4_Zebeta.pdf
3f9cbf73bd09fa74bcf23242,20442,019982,SUPPL,5,http://www.accessdata.fda.gov/drugsatfda_docs/nda/98/19982-S5_Zebeta.pdf
5bed77c033797e9ad13b652e,20443,019982,SUPPL,6,http://www.accessdata.fda.gov/drugsatfda_docs/nda/98/19982-S6_Zebeta.pdf
d266eda0c39b261ba91b95f3,20444,019983,SUPPL,12,http://www.accessdata.fda.gov/drugsatfda_docs/nda/98/19983s012_Prostep.html
3ef28d4ef43bcbb5ccca5de3,20445,020007,SUPPL,22,http://www.accessdata.fda.gov/drugsatfda_docs/nda/97/20-007s022_Zofran.html
ff72a94a97432dd1b1a13b3f,20446,020007,SUPPL,37,http://www.accessdata.fda.gov/drugsatfda_docs/nda/2005/020007_s037_Zofran Inj.pdf
5e35e48f79512380bd57f5ba,20447,020011,SUPPL,14,http://www.accessdata.fda.gov/drugsatfda_docs/nda/98/20011-s014_Lupron.html
071db8d1e4e8866b9cf2b01e,20448,020021,SUPPL,1,http://www.accessdata.fda.gov/drugsatfda_docs/nda/pre96/20021_S001_EFIDAC 24_AP.pdf
588c699174765dc6e47cf5da,20449,020021,SUPPL,2,http://www.accessdata.fda.gov/drugsatfda_docs/nda/pre96/20021_S002_EFIDAC 24_AP.pdf
6a739969d780328f740a69a8,20450,020021,SUPPL,4,http://www.accessdata.fda.gov/drugsatfda_docs/nda/1998/020021_S004_EFIDAC_AP.pdf
8816bc8cea81b6746909f91f,20451,020021,SUPPL,6,http://www.accessdata.fda.gov/drugsatfda_docs/nda/2001/020021_S006_SUDAFED_AP.pdf
4763f275f39f41faed932136,20452,020031,SUPPL,26,http://www.accessdata.fda.gov/drugsatfda_docs/nda/2001/20-031S026_Paxil.html
e1f4a0c491d67e3482b41418,20453,020031,SUPPL,27,http://www.accessdata.fda.gov/drugsatfda_docs/nda/2000/020031_S027_PAXIL_AP.pdf
bf9135fc4a484ded7251301e,20454,020031,SUPPL,28,http://www.accessdata.fda.gov/drugsatfda_docs/nda/2000/020031_S028_PAXIL_AP.pdf
8f876d217cbd1feb24a99f63,20455,020031,SUPPL,29,http://www.accessdata.fda.gov/drugsatfda_docs/nda/2001/20-031S029.pdf
e9ad816177b7b2188bc43137,20456,020036,ORIG,1,http://www.accessdata.fda.gov/drugsatfda_docs/nda/pre96/020036_aredia_toc.html
825795eb37d48f8815a2a5bc,20457,020036,SUPPL,1,"http://www.accessdata.fda.gov/drugsatfda_docs/nda/pre96/20-036s001,002,005_ltr_lbl.pdf"
8cbbbe007e1336795c4cbe80,20458,020036,SUPPL,4,http://www.accessdata.fda.gov/drugsatfda_docs/nda/pre96/20-036s004_pkg.pdf
e6fb4a71480e7897785f0e8e,20459,020036,SUPPL,20,http://www.accessdata.fda.gov/drugsatfda_docs/nda/2003/020036_S020_AREDIA.pdf
0a30357fe05da7f6f70e4200,20460,020036,SUPPL,24,http://www.accessdata.fda.gov/drugsatfda_docs/nda/2001/20-036S024_Aredia.pdf
3a14a6942504482b58a3cf00,20461,020036,SUPPL,28,http://www.accessdata.fda.gov/drugsatfda_docs/nda/2004/020036_S028_AREDIA.pdf
4112e9c86e39c765717a1404,20462,020051,SUPPL,8,http://www.accessdata.fda.gov/drugsatfda_docs/nda/97/020051S003ap.pdf
fcb7a07003ea64106311f9e0,20463,020058,SUPPL,10,http://www.accessdata.fda.gov/drugsatfda_docs/nda/2000/020058Orig1s010.pdf
a155e8106697a46334c6848e,20464,020066,SUPPL,7,http://www.accessdata.fda.gov/drugsatfda_docs/nda/98/18-612s025_Nicorette.html
f05849a55cfb13d0108bcaea,20465,020066,SUPPL,10,http://www.accessdata.fda.gov/drugsatfda_docs/nda/2000/20-066s10_Nicorette.html
708b257455a2758a24858560,20466,020066,SUPPL,16,http://www.accessdata.fda.gov/drugsatfda_docs/nda/2004/020066_S016_NICORETTE_GUM_AP.pdf
9864eb4c7614570df8d824f9,20467,020066,SUPPL,31,http://www.accessdata.fda.gov/drugsatfda_docs/nda/2008/020066Orig1s031.pdf
040af00592e78414b2b4fec1,20468,020080,SUPPL,30,"http://www.accessdata.fda.gov/drugsatfda_docs/nda/2003/020080_S030_IMITREX TABLETS, NASAL SPRAY INJ.pdf"
9903e309abd96f1050f4ec5b,20469,020089,SUPPL,2,http://www.accessdata.fda.gov/drugsatfda_docs/nda/pre96/020089s002_zovirax_toc.html
d678b989eb491c426831b687,20470,020095,SUPPL,6,http://www.accessdata.fda.gov/drugsatfda_docs/nda/99/20251S6_zantecefferdose.html
f719132f4a93c30ad754e5d3,20471,020101,SUPPL,24,http://www.accessdata.fda.gov/drugsatfda_docs/nda/99/18-936S052_20-101S024_Prozac.html
e7660a0fb5f5ee1b4937a990,20472,020103,SUPPL,15,http://www.accessdata.fda.gov/drugsatfda_docs/nda/99/20103S15_Zofran.html
168de38861b03942569c3a9d,20473,020103,SUPPL,17,http://www.accessdata.fda.gov/drugsatfda_docs/nda/2000/020103_S017_ZOFRAN.pdf
b253ced01822733de37f9bd3,20474,020103,SUPPL,25,http://www.accessdata.fda.gov/drugsatfda_docs/nda/2005/020103_s025_Zofran  Inj.pdf
5edfb014a19280e7f2477ef1,20475,020114,SUPPL,6,http://www.accessdata.fda.gov/drugsatfda_docs/nda/2000/20114S006_Astelin.html
dba132369a7ff233e1b79839,20476,020120,ORIG,1,http://www.accessdata.fda.gov/drugsatfda_docs/nda/2000/20-120_Tri-Nasal.html
3d3034c2e68546f2f15464df,20477,020123,SUPPL,15,http://www.accessdata.fda.gov/drugsatfda_docs/nda/97/020123_s015.pdf
e06b45afc9ae7f50ef4c44c2,20478,020132,SUPPL,14,"http://www.accessdata.fda.gov/drugsatfda_docs/nda/2003/020132_S014_IMITREX TABLETS, NASAL SPRAY INJ.pdf"
7056801f7bb6e55ebe75768e,20479,020132,SUPPL,15,http://www.accessdata.fda.gov/drugsatfda_docs/nda/2003/020132_s015_ImitrexTOC.html
4443a0b8078c639f6ef6b056,20480,020151,SUPPL,17,"http://www.accessdata.fda.gov/drugsatfda_docs/nda/2001/020151s017s018,020699s015s016EffexorTOC.html"
5fcb86db94abb4dc5aa97bf4,20481,020151,SUPPL,20,"http://www.accessdata.fda.gov/drugsatfda_docs/nda/2003/020151s16s19s20s21s22s23s25,020699s14s18s21s23s26s27s34TOC.html"
5fcb86db94abb4dc5aa97bf4,20482,020151,SUPPL,23,"http://www.accessdata.fda.gov/drugsatfda_docs/nda/2003/020151s16s19s20s21s22s23s25,020699s14s18s21s23s26s27s34TOC.html"
5fcb86db94abb4dc5aa97bf4,20483,020151,SUPPL,25,"http://www.accessdata.fda.gov/drugsatfda_docs/nda/2003/020151s16s19s20s21s22s23s25,020699s14s18s21s23s26s27s34TOC.html"
f56c85fa202a55b904f9c284,20484,020151,SUPPL,28,http://www.accessdata.fda.gov/drugsatfda_docs/nda/2004/020151_S028_EFFEXOR_TABLETS.pdf
7579089d2bf4471dd4fee9d5,20485,020151,SUPPL,30,http://www.accessdata.fda.gov/drugsatfda_docs/nda/2004/020151_S030_EFFEXOR_TABLETS.pdf
45c685b2e242edc339a997f7,20486,020151,SUPPL,32,http://www.accessdata.fda.gov/drugsatfda_docs/nda/2004/020151_S032_EFFEXOR_TABLETS.pdf
03ff2d0095af4f98f25c951b,20487,020152,SUPPL,9,http://www.accessdata.fda.gov/drugsatfda_docs/nda/97/020152_s009s010_SERZONETOC.html
aa7d479860700c2b788143b1,20488,020152,SUPPL,31,http://www.accessdata.fda.gov/drugsatfda_docs/nda/2003/020152_s031_SERZONETOC.html
c6cb84b7e04b07e189519e66,20489,020154,SUPPL,9,http://www.accessdata.fda.gov/drugsatfda_docs/nda/pre96/020154_S009_VIDEX.pdf
f23bf7d2b1327b6e22abe9ed,20490,020154,SUPPL,29,http://www.accessdata.fda.gov/drugsatfda_docs/nda/99/20-154s029s030_20-155s021_20-156s022_Videx.html
b753000c6b0c7041fd6fc86b,20491,020154,SUPPL,32,http://www.accessdata.fda.gov/drugsatfda_docs/nda/2000/020154s032s033_020155s023s024_020156s024s025_Videx.html
26e42c02e23c36ad6c24a92a,20492,020154,SUPPL,41,http://www.accessdata.fda.gov/drugsatfda_docs/nda/2002/020154s040s041_020155s030s031_020156s031s032_Videx.html
8d11f49d13ed63de3cda783a,20494,020155,SUPPL,7,http://www.accessdata.fda.gov/drugsatfda_docs/nda/pre96/020155_S007_VIDEX.pdf
b368398120c3c566f7bede7a,20495,020155,SUPPL,20,http://www.accessdata.fda.gov/drugsatfda_docs/nda/99/20-154s028_20-155s020_20156s021_Videx.html
b753000c6b0c7041fd6fc86b,20496,020155,SUPPL,23,http://www.accessdata.fda.gov/drugsatfda_docs/nda/2000/020154s032s033_020155s023s024_020156s024s025_Videx.html
cd2c5dc154355128f7b292a2,20497,020156,SUPPL,7,http://www.accessdata.fda.gov/drugsatfda_docs/nda/pre96/020156_S007_VIDEX.pdf
a3d7e6cf92ebf8566fb80b51,20498,020156,SUPPL,16,http://www.accessdata.fda.gov/drugsatfda_docs/nda/96/020156_S016_VIDEX.pdf
f23bf7d2b1327b6e22abe9ed,20499,020156,SUPPL,22,http://www.accessdata.fda.gov/drugsatfda_docs/nda/99/20-154s029s030_20-155s021_20-156s022_Videx.html
b753000c6b0c7041fd6fc86b,20500,020156,SUPPL,25,http://www.accessdata.fda.gov/drugsatfda_docs/nda/2000/020154s032s033_020155s023s024_020156s024s025_Videx.html
26e42c02e23c36ad6c24a92a,20501,020156,SUPPL,31,http://www.accessdata.fda.gov/drugsatfda_docs/nda/2002/020154s040s041_020155s030s031_020156s031s032_Videx.html
55d8209010ba7d9ca97b33cf,20502,020164,ORIG,1,http://www.accessdata.fda.gov/drugsatfda_docs/nda/pre96/20-164_review.pdf
3ebb70a07c612d473d9066c9,20503,020164,SUPPL,4,http://www.accessdata.fda.gov/drugsatfda_docs/nda/96/020164_S004_LOVENOX_INJECTION.pdf
ea3802e06a40d6d01cb73237,20504,020164,SUPPL,5,http://www.accessdata.fda.gov/drugsatfda_docs/nda/96/020164_S005_LOVENOX INJ.pdf
d464b5ffb75713420803bdb1,20505,020164,SUPPL,12,http://www.accessdata.fda.gov/drugsatfda_docs/nda/96/020164_S012_LOVENOX_INJECTION.pdf
d1a5fb8401462a55793ebf13,20506,020164,SUPPL,13,http://www.accessdata.fda.gov/drugsatfda_docs/nda/97/020164_S013_LOVENOX_INJECTION.pdf
6939c4afdb4574901656cbcb,20507,020164,SUPPL,21,http://www.accessdata.fda.gov/drugsatfda_docs/nda/99/020164_S021_LOVENOX.pdf
31bd6cb135e4599d637f3956,20508,020164,SUPPL,22,http://www.accessdata.fda.gov/drugsatfda_docs/nda/99/020164_S022_LOVENOX.pdf
080724d453032538bb128cf7,20509,020164,SUPPL,23,http://www.accessdata.fda.gov/drugsatfda_docs/nda/99/020164_S023_LOVENOX_INJECTION.pdf
2cee4c8528d68d789a76c8ff,20510,020164,SUPPL,43,http://www.accessdata.fda.gov/drugsatfda_docs/nda/2003/020164_S043_LOVENOX_INJECTION.pdf
21f4eda3d1a0216aa1658f67,20511,020164,SUPPL,46,http://www.accessdata.fda.gov/drugsatfda_docs/nda/2002/020164_S040&045&046_LOVENOX INJ.pdf
19f2c42483f3bc0774da482e,20512,020164,SUPPL,51,http://www.accessdata.fda.gov/drugsatfda_docs/nda/2003/020164_S051_LOVENOX INJ.pdf
80e42321999c4ca5ec173f28,20513,020164,SUPPL,55,http://www.accessdata.fda.gov/drugsatfda_docs/nda/2004/020164_S055_Lovenox_Approval_Package.pdf
6dc63269cbc40abcc86b9934,20514,020164,SUPPL,56,http://www.accessdata.fda.gov/drugsatfda_docs/nda/2004/020164_S056_LOVENOX INJ.pdf
9a032538275cef750a191ce7,20515,020164,SUPPL,75,http://www.accessdata.fda.gov/drugsatfda_docs/nda/2007/022138_020164_lovenox_enoxaparin_sodium_toc.html
aeeb6875ce9598adfb288d9d,20516,020165,SUPPL,20,http://www.accessdata.fda.gov/drugsatfda_docs/nda/2002/020165_S020_NICODERM CQ.pdf
fcda77eddce76124436efea6,20517,020180,SUPPL,11,http://www.accessdata.fda.gov/drugsatfda_docs/nda/96/020180s011_proscar_toc.html
999b30404eaff167846002ef,20518,020180,SUPPL,13,http://www.accessdata.fda.gov/drugsatfda_docs/nda/97/20180-S013_PROSCAR.PDF
172781210dc923added10a23,20519,020180,SUPPL,14,http://www.accessdata.fda.gov/drugsatfda_docs/nda/1997/020180_s014_ProscarTOC.html
5068e449580b224ddbbbf505,20520,020180,SUPPL,15,http://www.accessdata.fda.gov/drugsatfda_docs/nda/98/20180-S015&16_PROSCAR.PDF
58fa9eddf242c7bfd47a93fd,20521,020180,SUPPL,17,http://www.accessdata.fda.gov/drugsatfda_docs/nda/97/20180-S017_PROSCAR.PDF
f8f7049b71dbfccabcd98e49,20522,020180,SUPPL,20,http://www.accessdata.fda.gov/drugsatfda_docs/nda/2003/020180_S020_PROSCAR_TABS_AP.pdf
fe9e6611f9878698ed132550,20523,020180,SUPPL,22,http://www.accessdata.fda.gov/drugsatfda_docs/nda/2001/020180_s022_PROSCAR 5MG.pdf
39e2ef48ca44d3be21515c2a,20524,020180,SUPPL,24,http://www.accessdata.fda.gov/drugsatfda_docs/nda/2002/020180_S024_PROSCAR TABLETS.pdf
425907dac53a6c464661c4a9,20525,020180,SUPPL,27,http://www.accessdata.fda.gov/drugsatfda_docs/nda/2003/020180_s027_ProscarTOC.html
a2e8b6274bb3fb39662a2ebb,20526,020181,ORIG,1,http://www.accessdata.fda.gov/drugsatfda_docs/nda/98/020181_s000_Liposyn.html
1a3dcc5dcf8240fba4d85d8e,20527,020182,SUPPL,6,http://www.accessdata.fda.gov/drugsatfda_docs/nda/99/20182S6_Carnitor.html
3729245fe3a4147655a635cf,20528,020183,SUPPL,15,http://www.accessdata.fda.gov/drugsatfda_docs/nda/2006/020183_S015_VIDEX.pdf
8d353ad249d634f30a48a5b0,20529,020184,SUPPL,3,http://www.accessdata.fda.gov/drugsatfda_docs/nda/97/020184ap.pdf
b24fd3418ddf132215bab874,20530,020184,SUPPL,9,http://www.accessdata.fda.gov/drugsatfda_docs/nda/2003/020184_S009_ACEON.pdf
465b2c7d77db68fb2f3d07b7,20531,020192,SUPPL,3,http://www.accessdata.fda.gov/drugsatfda_docs/nda/97/020192_S003.pdf
1a1715ad2b0cb1c91eb0583d,20532,020192,SUPPL,5,http://www.accessdata.fda.gov/drugsatfda_docs/nda/pre96/020192_S005_LAMISIL_CREAM.pdf
fa8d1a0dcabe02bf388ee26e,20533,020192,SUPPL,6,http://www.accessdata.fda.gov/drugsatfda_docs/nda/pre96/020192_S006_LAMISIL_CREAM.pdf
9ad26e436c6b012223f83179,20534,020192,SUPPL,11,http://www.accessdata.fda.gov/drugsatfda_docs/nda/97/020192_S011_LAMISIL.pdf
b94ecfed186bcc50ba884baf,20535,020192,SUPPL,12,http://www.accessdata.fda.gov/drugsatfda_docs/nda/97/020192_S012_LAMISIL.pdf
d331e541d3f2d4c3a03a7a4b,20536,020192,SUPPL,13,http://www.accessdata.fda.gov/drugsatfda_docs/nda/97/020192_S013_LAMISIL_CREAM.pdf
9b60ee5ab57b1a74df011def,20537,020216,SUPPL,18,http://www.accessdata.fda.gov/drugsatfda_docs/nda/pre96/020216_s018_premarin vaginal cream.pdf
5f87457d15902235529e4410,20538,020216,SUPPL,30,http://www.accessdata.fda.gov/drugsatfda_docs/nda/pre96/020216_s030_premarin vaginal cream.pdf
7025679f2d712b588bb82161,20539,020216,SUPPL,33,http://www.accessdata.fda.gov/drugsatfda_docs/nda/pre96/020216_s033_premarin_vaginal_cream.pdf
d145e1aded4dc57071d5e765,20540,020221,SUPPL,12,http://www.accessdata.fda.gov/drugsatfda_docs/nda/99/20221-S012_Ethyol.html
4168e5bd84a9de136ce31b68,20541,020228,ORIG,1,http://www.accessdata.fda.gov/drugsatfda_docs/nda/pre96/020228_LBL_ATROVENT.pdf
329ce30d8ae588ed2ff7c07d,20542,020231,ORIG,1,http://www.accessdata.fda.gov/drugsatfda_docs/nda/97/020231_total_toc.html
9c63c05506c96e4854de7f9e,20543,020233,SUPPL,3,http://www.accessdata.fda.gov/drugsatfda_docs/nda/96/020233s003_rhinocort_toc.html
3e65079411045b8319eb09e7,20544,020236,SUPPL,17,http://www.accessdata.fda.gov/drugsatfda_docs/nda/98/020236s017_serevent_toc.html
8611921c2402fa497831402f,20545,020236,SUPPL,28,http://www.accessdata.fda.gov/drugsatfda_docs/nda/2003/020236_s028_SEREVENT_INHALATION.pdf
e5b4a9ed404274150a4c8899,20546,020237,SUPPL,7,http://www.accessdata.fda.gov/drugsatfda_docs/nda/98/20237s007_Salagen.html
d3753cafaef59c8fce3c6b62,20547,020237,SUPPL,12,http://www.accessdata.fda.gov/drugsatfda_docs/nda/2003/020237_S012_SALAGEN_AP.pdf
d48c76d37c9b3c92706f7c7b,20548,020238,SUPPL,13,http://www.accessdata.fda.gov/drugsatfda_docs/nda/2005/020238_s013_TAGAMET HB.pdf
6e45415ed635a69fcf0ed37b,20549,020239,SUPPL,7,http://www.accessdata.fda.gov/drugsatfda_docs/nda/97/020239_s007_KYTRIL INJ.pdf
5843ea4bbbd479cea755f5d3,20550,020239,SUPPL,16,http://www.accessdata.fda.gov/drugsatfda_docs/nda/2004/020239_s016_KYTRIL.pdf
da5c837e641efded0a086a17,20551,020239,SUPPL,18,http://www.accessdata.fda.gov/drugsatfda_docs/nda/2004/020239_s018_Kytril Inj.pdf
10194e25aa87960b5c724b0d,20552,020241,SUPPL,3,http://www.accessdata.fda.gov/drugsatfda_docs/nda/98/020241s003.html
48c5f2a672aa3691e80c76b6,20553,020246,SUPPL,49,http://www.accessdata.fda.gov/drugsatfda_docs/nda/2013/20246Orig1s049.pdf
73e17a79ecdc1a9e9f751425,20554,020246,SUPPL,50,http://www.accessdata.fda.gov/drugsatfda_docs/nda/2013/20246Orig1s050.pdf
9af70f3a3d427deb5c6173f7,20555,020246,SUPPL,52,http://www.accessdata.fda.gov/drugsatfda_docs/nda/2014/20246Orig1s052.pdf
876ec57fab31b84b6933cf7c,20556,020249,SUPPL,9,http://www.accessdata.fda.gov/drugsatfda_docs/nda/99/019510S026_pepcid.pdf
d678b989eb491c426831b687,20557,020251,SUPPL,6,http://www.accessdata.fda.gov/drugsatfda_docs/nda/99/20251S6_zantecefferdose.html
c1fbf69735d877621acc29f5,20558,020255,SUPPL,6,http://www.accessdata.fda.gov/drugsatfda_docs/nda/2000/20255-s006_dobutamine.pdf
434f82675596bcbb0c5d46c2,20559,020261,SUPPL,3,http://www.accessdata.fda.gov/drugsatfda_docs/nda/pre96/020261_S003_LESCOL_AP.pdf
7673110270718a06484b4ff6,20560,020261,SUPPL,9,http://www.accessdata.fda.gov/drugsatfda_docs/nda/pre96/020261_S009_LESCOL_CAPSULES.pdf
8d65830d7b3f47fa11ae910d,20561,020261,SUPPL,10,http://www.accessdata.fda.gov/drugsatfda_docs/nda/96/020261_S010_LESCOL.pdf
e238dfb6b81467abdeaadeab,20562,020261,SUPPL,13,http://www.accessdata.fda.gov/drugsatfda_docs/nda/97/020261_S013_LESCOL.pdf
ae881434ab62b4134d4886c6,20563,020261,SUPPL,14,http://www.accessdata.fda.gov/drugsatfda_docs/nda/97/020261_S014_LESCOL.pdf
e6470a718fc0d28809535548,20564,020261,SUPPL,15,http://www.accessdata.fda.gov/drugsatfda_docs/nda/97/020261_S016_LESCOL_TABLETS.pdf
7143f7f76a45bda45a4245e1,20565,020261,SUPPL,16,http://www.accessdata.fda.gov/drugsatfda_docs/nda/98/020261_S016_LESCOL_TABLETS.pdf
a3dc0b5f24b8a6e1176f85aa,20566,020261,SUPPL,17,http://www.accessdata.fda.gov/drugsatfda_docs/nda/98/020261_S017_LESCOL_TABLETS.pdf
e0e9add30c2329025895ae64,20567,020261,SUPPL,20,http://www.accessdata.fda.gov/drugsatfda_docs/nda/99/020261_S020_LESCOL_CAPSULES.pdf
813a8336ea43a8267905c124,20568,020261,SUPPL,21,http://www.accessdata.fda.gov/drugsatfda_docs/nda/99/020261_S021_LESCOL_CAPSULES.pdf
e7df727c0859010207e5d278,20569,020261,SUPPL,28,http://www.accessdata.fda.gov/drugsatfda_docs/nda/2000/21-192_Lescol.html
8a71d8fbbb3d214b5f827519,20570,020261,SUPPL,29,http://www.accessdata.fda.gov/drugsatfda_docs/nda/2001/020261_s029_LESCOL_CAPSULES.pdf
37feafb1a561dad07863149c,20571,020261,SUPPL,32,http://www.accessdata.fda.gov/drugsatfda_docs/nda/2002/020261_s032_LESCOL_CAPSULES.pdf
c275655a04bba5f48b83cf11,20572,020261,SUPPL,33,http://www.accessdata.fda.gov/drugsatfda_docs/nda/2003/020261_S033_LESCOL_CAPS_AP.pdf
c61559282ed3be38ad2ac4af,20573,020262,SUPPL,14,http://www.accessdata.fda.gov/drugsatfda_docs/nda/99/20262S031_Taxol.pdf
18d03205bb1722c8636b4d66,20574,020262,SUPPL,27,http://www.accessdata.fda.gov/drugsatfda_docs/nda/98/020262s026s027s028.html
881a0b796f7c7d894b493d98,20575,020262,SUPPL,38,"http://www.accessdata.fda.gov/drugsatfda_docs/nda/2002/020262s036,037,038_Taxol.pdf"
8073737a64325ee0d27048f2,20576,020263,SUPPL,12,http://www.accessdata.fda.gov/drugsatfda_docs/nda/99/020263_S012_Lupron Depot_APPROVAL_PACKAGE.pdf
a670509afbe890256adc963e,20577,020267,SUPPL,9,http://www.accessdata.fda.gov/drugsatfda_docs/nda/2004/020267Orig1s009.pdf
ef681552bdfaf1bb8d0b9a73,20578,020272,SUPPL,4,http://www.accessdata.fda.gov/drugsatfda_docs/nda/96/020272_S004_RISPERDAL TABLETS.pdf
28b5b19045b990ddf76f2296,20579,020272,SUPPL,26,http://www.accessdata.fda.gov/drugsatfda_docs/nda/2003/020272_s026&s027_Risperdal_MEDR_.pdf
033a84e102c810cd40f8fbfe,20580,020272,SUPPL,33,http://www.accessdata.fda.gov/drugsatfda_docs/nda/2003/020272_S033_RISPERDAL_TABLETS.pdf
739957d6c289d9cb9b51524d,20581,020272,SUPPL,47,http://www.accessdata.fda.gov/drugsatfda_docs/nda/2007/020272_s046_risperdal_toc.html
b5415861db555059c4f4ea0b,20582,020273,SUPPL,4,http://www.accessdata.fda.gov/drugsatfda_docs/nda/99/20273S004_Dovonex.pdf
ab6f5ffb428ed9b3d3f52c4a,20584,020281,SUPPL,14,http://www.accessdata.fda.gov/drugsatfda_docs/nda/98/020281s014_ultram_toc.html
0caf8b2aec97a98842f2fd26,20585,020281,SUPPL,15,http://www.accessdata.fda.gov/drugsatfda_docs/nda/98/020281s015_ultram_toc.html
6e20f79c28c1fd8c2c2a40bb,20586,020287,SUPPL,2,http://www.accessdata.fda.gov/drugsatfda_docs/nda/96/020287_s002_FRAGMIN INJECTION.pdf
b9dd66a0cb29f9cced364f51,20587,020287,SUPPL,5,http://www.accessdata.fda.gov/drugsatfda_docs/nda/96/020287a_s005edt.pdf
b5ad8a6e013d2a84c534d269,20588,020287,SUPPL,8,http://www.accessdata.fda.gov/drugsatfda_docs/nda/99/020287S008_Fragmin.html
d6dcd0fe397c8ec2935df099,20589,020287,SUPPL,15,http://www.accessdata.fda.gov/drugsatfda_docs/nda/99/020287_S015_FRAGMIN_AP.pdf
636876fb31d6895b363f180b,20590,020287,SUPPL,17,http://www.accessdata.fda.gov/drugsatfda_docs/nda/2000/020287_S017_FRAGMIN_AP.pdf
b0ae6707d540aa1bf0868736,20592,020305,SUPPL,10,http://www.accessdata.fda.gov/drugsatfda_docs/nda/2005/020305_s010_Kytril Tabs.pdf
893c1e5266bba70b34256687,20593,020306,SUPPL,5,http://www.accessdata.fda.gov/drugsatfda_docs/nda/2000/20306s005Fludeoxyglucose.html
7d677736f8b6223da203c95a,20594,020310,ORIG,1,http://www.accessdata.fda.gov/drugsatfda_docs/nda/97/20310_Nizoral.html
6d3a5862b283af8c72821bd6,20595,020313,SUPPL,23,http://www.accessdata.fda.gov/drugsatfda_docs/nda/2003/020313_S023_MIACALCIN_AP.pdf
2a7b928f6a31e18e914fb55b,20596,020323,SUPPL,21,http://www.accessdata.fda.gov/drugsatfda_docs/nda/2000/20-323S021_Vivelle.html
715a5472ad94af848e2256a7,20597,020323,SUPPL,23,http://www.accessdata.fda.gov/drugsatfda_docs/nda/2000/21-167_20-323S23_Vivelle.html
0553f26bdbda6e0442378b50,20598,020333,SUPPL,2,http://www.accessdata.fda.gov/drugsatfda_docs/nda/98/20333-S002_Agrylin.pdf
54358a85b4b57089c6d47c3e,20599,020337,SUPPL,1,http://www.accessdata.fda.gov/drugsatfda_docs/nda/96/020337s001_temovate_toc.html
44c54fde99836bc01d4fe275,20600,020346,SUPPL,8,http://www.accessdata.fda.gov/drugsatfda_docs/nda/2002/020346_S008_ZYRTEC TABLETS.pdf
561fddc0fa8a7162c03cb961,20601,020353,SUPPL,1,http://www.accessdata.fda.gov/drugsatfda_docs/nda/96/020353s001_naprelan_toc.html
96a35d45119574e044d7408f,20602,020356,SUPPL,8,http://www.accessdata.fda.gov/drugsatfda_docs/nda/2000/20356-s007_sular.pdf
ea3d973e6170fd95f43e2481,20603,020356,SUPPL,19,http://www.accessdata.fda.gov/drugsatfda_docs/nda/2008/020356Orig1s019.pdf
35e220db60fc9c99edf8d54e,20604,020357,SUPPL,17,http://www.accessdata.fda.gov/drugsatfda_docs/nda/99/20357S17.PDF
1375b641744f0f43c7e230bf,20605,020358,SUPPL,1,http://www.accessdata.fda.gov/drugsatfda_docs/nda/97/020358a_s001_s003.pdf
5e7bb49a27bacacfd62582f5,20606,020358,SUPPL,19,http://www.accessdata.fda.gov/drugsatfda_docs/nda/2001/20-358S019_Bupropion.pdf
2637d416165b124d76126d46,20607,020358,SUPPL,20,http://www.accessdata.fda.gov/drugsatfda_docs/nda/2000/020358Orig1s020_s021_s022.pdf
1c94d3fd98b22a2036b26b18,20608,020358,SUPPL,27,http://www.accessdata.fda.gov/drugsatfda_docs/nda/2002/020358_S027_WELLBUTRIN_TABS_AP.pdf
390fa89cc377051dfe53606d,20609,020358,SUPPL,32,"http://www.accessdata.fda.gov/drugsatfda_docs/nda/2004/018644s027s028,020358s031s032,021515s006s007_WellbutrinTOC.html"
b9c918904b1ac39a5b15c75d,20610,020358,SUPPL,54,http://www.accessdata.fda.gov/drugsatfda_docs/nda/2013/020358Orig1s054.pdf
f42d721caca6f9b575f0c6eb,20611,020364,SUPPL,16,http://www.accessdata.fda.gov/drugsatfda_docs/nda/2002/020364-s016_Lotrel.html
fe36f293dedc563761a20d85,20612,020372,SUPPL,3,http://www.accessdata.fda.gov/drugsatfda_docs/nda/2001/20372_Myoview.html
3642d40f3b04b26ea2ba475f,20613,020372,SUPPL,13,http://www.accessdata.fda.gov/drugsatfda_docs/nda/2003/20-372s013_Myoview.html
b4b09f62f9cb1a3c44445748,20614,020375,SUPPL,3,http://www.accessdata.fda.gov/drugsatfda_docs/nda/pre96/020375-S3_Climara_toc.html
e0d266e4fe9da52b17c7eaef,20615,020375,SUPPL,7,http://www.accessdata.fda.gov/drugsatfda_docs/nda/97/020375-S7_Climara_toc.html
2ea6df87f9d2174ee54ba644,20616,020375,SUPPL,9,http://www.accessdata.fda.gov/drugsatfda_docs/nda/98/20375s009_Climara.html
55d61f518c8676cef22d1562,20617,020375,SUPPL,11,http://www.accessdata.fda.gov/drugsatfda_docs/nda/99/020994.html
8e81685e0e440ab772acfddf,20618,020377,SUPPL,1,http://www.accessdata.fda.gov/drugsatfda_docs/nda/pre96/020377-S1_Cordarone_toc.html
af60923738aed20a98f0d525,20619,020379,SUPPL,9,http://www.accessdata.fda.gov/drugsatfda_docs/nda/98/20379-s009_caverject.pdf
edbf9dfda5e6feb2b36689df,20620,020386,SUPPL,7,http://www.accessdata.fda.gov/drugsatfda_docs/nda/97/020386ap.pdf
07ca71512d653e0e56488f6d,20621,020386,SUPPL,15,http://www.accessdata.fda.gov/drugsatfda_docs/nda/98/20386s015_Cozaar.pdf
4aa175d1d4e717670ed6e23d,20622,020386,SUPPL,29,http://www.accessdata.fda.gov/drugsatfda_docs/nda/2004/20-386S019S029_Cozaar.html
edbf9dfda5e6feb2b36689df,20623,020387,SUPPL,5,http://www.accessdata.fda.gov/drugsatfda_docs/nda/97/020386ap.pdf
ec230d31da69a2a0f115fdf8,20624,020387,SUPPL,6,http://www.accessdata.fda.gov/drugsatfda_docs/nda/98/20-387S006_Hyzaar.pdf
3abfc797181bd6fee765985e,20625,020387,SUPPL,8,http://www.accessdata.fda.gov/drugsatfda_docs/nda/98/20-387S008_Hyzaar.pdf
2fa23040c3e20927e9ac2199,20626,020387,SUPPL,10,http://www.accessdata.fda.gov/drugsatfda_docs/nda/98/20-387S010_Hyzaar.pdf
9e727f648943579d42fa03b0,20627,020387,SUPPL,11,http://www.accessdata.fda.gov/drugsatfda_docs/nda/98/20387s011_Hyzaar.pdf
728318818a48c216d6ddac84,20628,020387,SUPPL,27,http://www.accessdata.fda.gov/drugsatfda_docs/nda/2003/20-387S013S015S027Hyzaar.html
c26d73b1f56e89a010122803,20629,020388,SUPPL,3,http://www.accessdata.fda.gov/drugsatfda_docs/nda/1997/020388_S003_NAVELBINE INJECTION_AP.pdf
efd4a1bfdf380ad4219389a9,20630,020388,SUPPL,8,http://www.accessdata.fda.gov/drugsatfda_docs/nda/2000/20-388s008_Navelbine.html
8a418c74b62ea8412626eb0a,20631,020388,SUPPL,14,http://www.accessdata.fda.gov/drugsatfda_docs/nda/2002/020388_S014_NAVELBINE_INJECTION_AP.pdf
ba9bf6f9ad8e702f5b65635a,20632,020401,SUPPL,19,http://www.accessdata.fda.gov/drugsatfda_docs/nda/2000/20401-s019_tiazac.pdf
3841f5e56e90de7ea6ef24df,20633,020402,SUPPL,5,http://www.accessdata.fda.gov/drugsatfda_docs/nda/2000/20-402-s005_Advil.html
ed31b80931ad759defa5b368,20634,020403,SUPPL,9,http://www.accessdata.fda.gov/drugsatfda_docs/nda/2000/020403_s009_ZOFRAN_INJECTION.pdf
aa1fb8c19fd96f9345db4f58,20635,020405,ORIG,1,http://www.accessdata.fda.gov/drugsatfda_docs/nda/97/020405_lanoxin_toc.html
4cbb645992dba4cac7d828b7,20636,020406,SUPPL,4,http://www.accessdata.fda.gov/drugsatfda_docs/nda/pre96/020406_s004_Prevacid_Delayed_Release_Capsules.pdf
2848cb852555af3e8eb35911,20637,020406,SUPPL,6,http://www.accessdata.fda.gov/drugsatfda_docs/nda/pre96/020406_s006_Prevacid_Delayed_Release_Capsules.pdf
a93535733e0f2db4b1e28d35,20638,020406,SUPPL,18,http://www.accessdata.fda.gov/drugsatfda_docs/nda/97/020406_s018_Prevacid_Delayed_Release_Capsules.pdf
cd5c09bc84151cbbd1b5b232,20639,020406,SUPPL,20,http://www.accessdata.fda.gov/drugsatfda_docs/nda/97/020406_s020_Prevacid_Delayed_Release_Capsules.pdf
a046c1ecf04ef7e83b892878,20640,020406,SUPPL,21,http://www.accessdata.fda.gov/drugsatfda_docs/nda/98/20406-s021.html
62d6c01c7c64d3e2e01cee93,20641,020406,SUPPL,22,http://www.accessdata.fda.gov/drugsatfda_docs/nda/98/020406_S022_PREVACID.pdf
4639ae277cfe37b2a5ff145f,20642,020406,SUPPL,23,http://www.accessdata.fda.gov/drugsatfda_docs/nda/98/020406_s023_Prevacid_Delayed_Release_Capsules.pdf
83158a861b31bed1a0a4294a,20643,020406,SUPPL,24,http://www.accessdata.fda.gov/drugsatfda_docs/nda/98/020406_s024_Prevacid_Delayed_Release_Capsules.pdf
394f1c9e100e366c499f6783,20644,020406,SUPPL,26,http://www.accessdata.fda.gov/drugsatfda_docs/nda/98/020406_s026_Prevacid_Delayed_Release_Capsules.pdf
2da40d72a969521f4926804b,20645,020406,SUPPL,34,http://www.accessdata.fda.gov/drugsatfda_docs/nda/2000/20406-S034_Prevacid.pdf
bd91e214ca3b47b1802d9f35,20646,020406,SUPPL,39,http://www.accessdata.fda.gov/drugsatfda_docs/nda/2000/020406_s039_Prevacid_Delayed_Release_Capsules.pdf
b2c973218d886109f737b34c,20647,020406,SUPPL,41,http://www.accessdata.fda.gov/drugsatfda_docs/nda/2001/020406_s041_Prevacid_Delayed_Release_Capsules.pdf
3abb036b2bf5924903e24248,20648,020406,SUPPL,44,http://www.accessdata.fda.gov/drugsatfda_docs/nda/2001/020406_s044_Prevacid_Delayed_Release_Capsules.pdf
ca692d5778fb0535ac19cbd9,20649,020406,SUPPL,48,http://www.accessdata.fda.gov/drugsatfda_docs/nda/2002/020406_S048_PREVACID.pdf
8d343bb22d59537d9add43f5,20650,020408,SUPPL,33,http://www.accessdata.fda.gov/drugsatfda_docs/nda/2004/020408_S033_TRUSOPT.pdf
20ff269fa2b7145393ff53b8,20651,020418,SUPPL,3,"http://www.accessdata.fda.gov/drugsatfda_docs/nda/2002/019842s13,20135s5,20418s3,20476s2_MotrinTOC.html"
f160c83e52856f08fed15b79,20652,020420,ORIG,1,http://www.accessdata.fda.gov/drugsatfda_docs/nda/97/020420_genESA_toc.html
45e7ccf129eb55c07093c139,20653,020428,SUPPL,1,http://www.accessdata.fda.gov/drugsatfda_docs/nda/96/20428S1S7_Azelex.pdf
e7e45704f09ba9274ae73248,20654,020430,ORIG,1,http://www.accessdata.fda.gov/drugsatfda_docs/nda/96/020430_toc.html
e8b05ea3ed9b29f3a66c9ccb,20655,020441,SUPPL,1,http://www.accessdata.fda.gov/drugsatfda_docs/nda/98/020441_S001_PULMICORT_TURBUHALER.pdf
930d6ecfdcecf956a88696fe,20656,020441,SUPPL,5,http://www.accessdata.fda.gov/drugsatfda_docs/nda/99/020441_S005_PULMICORT_TURBUHALER.pdf
5f605ba5c6f1cacac4b5f7ec,20657,020441,SUPPL,9,http://www.accessdata.fda.gov/drugsatfda_docs/nda/2000/020441_S009_PULMICORT_TURBUHALER.pdf
6d03056cf175eab4397bf3a9,20658,020441,SUPPL,13,http://www.accessdata.fda.gov/drugsatfda_docs/nda/2001/020441_S013_PULMICORT_TURBUHALER.pdf
e80aa63a95ba385a5459a8cb,20659,020441,SUPPL,14,http://www.accessdata.fda.gov/drugsatfda_docs/nda/2001/020441_S014_PULMICORT_TURBUHALER.pdf
c56630c7262fe0a9c1fc2cc3,20660,020441,SUPPL,18,http://www.accessdata.fda.gov/drugsatfda_docs/nda/2003/020441_S018_PULMUICORT_TURBUHALER_AP.pdf
2513b2cdde8776d1afc24c40,20661,020449,SUPPL,11,http://www.accessdata.fda.gov/drugsatfda_docs/nda/99/20449-S011_Taxotere.html
de98cf989da00f5e1a852cb2,20662,020449,SUPPL,28,http://www.accessdata.fda.gov/drugsatfda_docs/nda/2004/20-449s028_Taxotere.html
4e6f803b4e3b4bcdc855636a,20663,020449,SUPPL,35,http://www.accessdata.fda.gov/drugsatfda_docs/nda/2006/020449Orig1s035.pdf
d7f7a6df33c12adb2b88f9d8,20664,020449,SUPPL,75,http://www.accessdata.fda.gov/drugsatfda_docs/nda/2015/020449Orig1s075.pdf
aa1c076665f0ae4566b3f1bb,20665,020450,SUPPL,5,http://www.accessdata.fda.gov/drugsatfda_docs/nda/2001/020450_s005TOC.html
1382606b38c50ccf67f8327e,20666,020452,ORIG,1,http://www.accessdata.fda.gov/drugsatfda_docs/nda/2003/20-452_Paraplatin.html
fb3422e2c90e1650a8c85cce,20667,020458,ORIG,1,http://www.accessdata.fda.gov/drugsatfda_docs/nda/97/020458ap.pdf
b62252b131c473f3822aee59,20668,020463,SUPPL,2,http://www.accessdata.fda.gov/drugsatfda_docs/nda/2001/20-463S002_NasalCrom.html
392663db72e79627700c57d4,20669,020470,SUPPL,3,"http://www.accessdata.fda.gov/drugsatfda_docs/nda/1998/019670_s008,19658s10,20470s3,20641s120704s3_Claritin-DTOC.cfml"
41c47376e672f0b5b5be0dc0,20670,020471,SUPPL,9,http://www.accessdata.fda.gov/drugsatfda_docs/nda/2002/020471_s009_Zyflo_Filmtab.pdf
f4dbe854dd74413d809050db,20671,020472,SUPPL,1,http://www.accessdata.fda.gov/drugsatfda_docs/nda/2000/020472_s001_ESTRING 2 MG.pdf
9870be075458ac2f76c58f1e,20672,020472,SUPPL,4,http://www.accessdata.fda.gov/drugsatfda_docs/nda/2001/020472_s004_ESTRING 2 MG.pdf
20ff269fa2b7145393ff53b8,20673,020476,SUPPL,2,"http://www.accessdata.fda.gov/drugsatfda_docs/nda/2002/019842s13,20135s5,20418s3,20476s2_MotrinTOC.html"
1d73bd2b672811d1b70f3fc2,20674,020478,SUPPL,6,http://www.accessdata.fda.gov/drugsatfda_docs/nda/2001/020478_S006_ULTANE_AP.pdf
9746fb2ca72affeccf88c516,20675,020482,SUPPL,7,http://www.accessdata.fda.gov/drugsatfda_docs/nda/98/020482a_s007_s008.pdf
adf51048ff9cbd77720c1d09,20676,020482,SUPPL,10,http://www.accessdata.fda.gov/drugsatfda_docs/nda/99/020482S010_Precose.html
3e5012ea39e4728cd0b72ef1,20677,020484,ORIG,1,http://www.accessdata.fda.gov/drugsatfda_docs/nda/2000/20-484_Innohep.html
6c30d2dc7838a165bb922047,20678,020487,SUPPL,4,http://www.accessdata.fda.gov/drugsatfda_docs/nda/97/20-487s004_ValtrexTOC.html
63768b0f9c40b7cd5d7a6676,20679,020489,SUPPL,7,http://www.accessdata.fda.gov/drugsatfda_docs/nda/2002/020489_S007_ANDRODERM_AP.pdf
934643d24e4adbdc9a810624,20680,020491,SUPPL,1,http://www.accessdata.fda.gov/drugsatfda_docs/nda/99/20491s001.html
01c9c0a1601ac3c5ce65f2f8,20681,020491,SUPPL,2,http://www.accessdata.fda.gov/drugsatfda_docs/nda/98/20491s002_Corvert.pdf
46f3747f2224848b53dcdd93,20682,020491,SUPPL,3,http://www.accessdata.fda.gov/drugsatfda_docs/nda/2001/20-491S003.pdf
632b2a56b6b9898a94157e5d,20683,020496,SUPPL,2,http://www.accessdata.fda.gov/drugsatfda_docs/nda/99/020496S002.html
79730878c127f34d28fb7a40,20684,020496,SUPPL,5,http://www.accessdata.fda.gov/drugsatfda_docs/nda/2000/20496-S005_Amaryl.pdf
f5c494d02582c3106bff342c,20685,020503,SUPPL,4,http://www.accessdata.fda.gov/drugsatfda_docs/nda/98/20503-S004_Proventil.pdf
9f6387f11f210fc026dd1c71,20686,020505,ORIG,1,http://www.accessdata.fda.gov/drugsatfda_docs/nda/96/020505s000_Topamax.html
1aa0b3cd2c851031b7d3034a,20687,020505,SUPPL,18,http://www.accessdata.fda.gov/drugsatfda_docs/nda/2005/020505Orig1s018.pdf
70f24739c4f007d26f0e414a,20688,020508,SUPPL,5,http://www.accessdata.fda.gov/drugsatfda_docs/nda/2000/20508S005_Lac-Hydrin.html
31c71ca777a54192c6e6959b,20689,020509,SUPPL,33,http://www.accessdata.fda.gov/drugsatfda_docs/nda/2005/020509_S033_GEMZAR.pdf
58e91e6b6df698e79fbab858,20690,020511,ORIG,1,http://www.accessdata.fda.gov/drugsatfda_docs/nda/96/020511ap.pdf
7b6c63652ec130e79786d3a4,20691,020516,SUPPL,4,http://www.accessdata.fda.gov/drugsatfda_docs/nda/99/20-603s002_Ibuprofen.html
5676e84a5e1ba8663c203b94,20692,020517,ORIG,1,http://www.accessdata.fda.gov/drugsatfda_docs/nda/pre96/020517_S000_Lupron_Depot.PDF
67d47f9bd80404aadee3f047,20693,020517,SUPPL,2,http://www.accessdata.fda.gov/drugsatfda_docs/nda/97/020517_s002ap.pdf
631560c5e6f911132b7eb685,20694,020517,SUPPL,6,http://www.accessdata.fda.gov/drugsatfda_docs/nda/99/020517_S006_Lupron Depot_APPROVAL PACKAGE.pdf
5b3a561a00606d530cc46154,20695,020517,SUPPL,32,http://www.accessdata.fda.gov/drugsatfda_docs/nda/2011/020517orig1s025s030s032Review.pdf
3bf37170878041d1d22a30b4,20696,020518,SUPPL,4,http://www.accessdata.fda.gov/drugsatfda_docs/nda/2001/019655s032_019910s021_020518s004_Retrovir.html
485a0ef1634434305378ec07,20697,020520,SUPPL,1,http://www.accessdata.fda.gov/drugsatfda_docs/nda/98/20520s1_Zantac.pdf
c1e755a7c25dc5ab29ed85e3,20698,020520,SUPPL,15,http://www.accessdata.fda.gov/drugsatfda_docs/nda/2005/020520_S015_ZANTAC.pdf
3cb852d348c4e6dcac280dae,20700,020522,SUPPL,9,http://www.accessdata.fda.gov/drugsatfda_docs/nda/99/20522S9.PDF
2f920583877f90cc42f3510c,20701,020522,SUPPL,11,http://www.accessdata.fda.gov/drugsatfda_docs/nda/99/020522_S011_NUTROPIN FOR INJ.pdf
868db3c0598f5dffc5b3d1a3,20702,020524,SUPPL,5,http://www.accessdata.fda.gov/drugsatfda_docs/nda/2001/20-524S005_Mentax.html
4334f12740a625ff37816235,20703,020527,SUPPL,4,http://www.accessdata.fda.gov/drugsatfda_docs/nda/97/20527S004_Prempro.pdf
358b1d190543eeb2c932f363,20704,020527,SUPPL,13,http://www.accessdata.fda.gov/drugsatfda_docs/nda/98/20527S013_Prempro.pdf
781d6d9868595380e170e573,20705,020527,SUPPL,17,http://www.accessdata.fda.gov/drugsatfda_docs/nda/2003/020527s017_prempro_toc.html
f9aaddbaf0ff37a39b456f7a,20706,020527,SUPPL,26,http://www.accessdata.fda.gov/drugsatfda_docs/nda/2003/020527_s026_prempro.pdf
4a8a06283659733b9e355110,20707,020527,SUPPL,46,http://www.accessdata.fda.gov/drugsatfda_docs/nda/2009/020527Orig1s046.pdf
2588293a96052857fbc8a711,20708,020538,SUPPL,6,http://www.accessdata.fda.gov/drugsatfda_docs/nda/99/20538S6.html
8125be51c95797391d056e6d,20709,020545,ORIG,1,http://www.accessdata.fda.gov/drugsatfda_docs/nda/96/020545_procanbid_toc.html
56c31d17b3f371dc009e299a,20710,020545,SUPPL,7,http://www.accessdata.fda.gov/drugsatfda_docs/nda/2002/20545s007_Procanbid.html
c6d227df2857875163e5c47b,20711,020547,SUPPL,7,http://www.accessdata.fda.gov/drugsatfda_docs/nda/99/20-547-S007_Accolate.html
23972f87c339feaf466bc998,20712,020547,SUPPL,8,http://www.accessdata.fda.gov/drugsatfda_docs/nda/99/20547-s008_accolate.pdf
7a5f1d427acbedfff84408aa,20713,020548,SUPPL,8,http://www.accessdata.fda.gov/drugsatfda_docs/nda/98/20548-S008_Flovent.pdf
7a5f1d427acbedfff84408aa,20714,020549,SUPPL,14,http://www.accessdata.fda.gov/drugsatfda_docs/nda/98/20548-S008_Flovent.pdf
56d796213062366964d2f172,20715,020550,SUPPL,3,http://www.accessdata.fda.gov/drugsatfda_docs/nda/97/020550ap.pdf
ea4baa84fb385041997f49ce,20716,020550,SUPPL,12,http://www.accessdata.fda.gov/drugsatfda_docs/nda/2001/20-550S012_Valacyclovir.html
f3592cd9e270aa21c852de2e,20717,020555,SUPPL,3,http://www.accessdata.fda.gov/drugsatfda_docs/nda/98/20555S003_AxidAr.html
6922b428da1894c7aa17a7cd,20718,020560,SUPPL,3,http://www.accessdata.fda.gov/drugsatfda_docs/nda/97/20560ap_s03_s06.pdf
d4528a3437013c9c44b5e145,20719,020560,SUPPL,13,http://www.accessdata.fda.gov/drugsatfda_docs/nda/99/020560S13_Fosamax.html
bb2437fc325294c037a0135d,20720,020560,SUPPL,15,http://www.accessdata.fda.gov/drugsatfda_docs/nda/99/20560S15_fosamax.html
ecb5253568c8ec5f42a6bcea,20721,020560,SUPPL,18,http://www.accessdata.fda.gov/drugsatfda_docs/nda/99/20560S18_fosamax.html
86518a040e9728110ff459de,20722,020560,SUPPL,20,http://www.accessdata.fda.gov/drugsatfda_docs/nda/99/020560_S020_FOSAMAX.pdf
be893469006ab66842acd0f5,20723,020560,SUPPL,28,http://www.accessdata.fda.gov/drugsatfda_docs/nda/2002/020560_s028_FOSAMAX TABS.pdf
f85b484e089ed54c5703b355,20724,020560,SUPPL,31,http://www.accessdata.fda.gov/drugsatfda_docs/nda/2002/020560_s031_FOSAMAX_TABLETS.pdf
25dbd780e1e3dec0652b6144,20725,020560,SUPPL,32,http://www.accessdata.fda.gov/drugsatfda_docs/nda/2001/020560_s032_FOSAMAX_TABLETS.pdf
615d86c2fe1ab8a18c980c81,20726,020560,SUPPL,33,http://www.accessdata.fda.gov/drugsatfda_docs/nda/2002/020560_s033_FOSAMAX TABS.pdf
74be8d2ce1e7ff5f21a23e3c,20727,020560,SUPPL,36,http://www.accessdata.fda.gov/drugsatfda_docs/nda/2002/020560_s036_FOSAMAX_TABLETS.pdf
09ffa01b46d292d818f26dce,20728,020560,SUPPL,37,http://www.accessdata.fda.gov/drugsatfda_docs/nda/2003/020560_s037_FOSAMAX TABS.pdf
a5a39d508d330cd83024391c,20729,020560,SUPPL,42,http://www.accessdata.fda.gov/drugsatfda_docs/nda/2004/020560_S042 & 021575_S003_FOSAMAX_TABS_ORAL_SOLUTION_AP.pdf
19ce3f9446e7a4e8e2e43575,20730,020564,SUPPL,17,http://www.accessdata.fda.gov/drugsatfda_docs/nda/2002/020564_S017_Epivir.pdf
5bf74043cfac8fc95ad71af7,20731,020571,SUPPL,7,http://www.accessdata.fda.gov/drugsatfda_docs/nda/98/020571_S007_CAPTOSAR_AP.pdf
7402ecc36cd1a6addabe02b2,20732,020571,SUPPL,21,http://www.accessdata.fda.gov/drugsatfda_docs/nda/2004/20-571s021_Camptosar.html
788068766b6ffae439378501,20733,020574,ORIG,1,http://www.accessdata.fda.gov/drugsatfda_docs/nda/98/20-574_GyneLotrimin.html
08347718ad5f8ac8a2bda2fe,20735,020583,SUPPL,27,http://www.accessdata.fda.gov/drugsatfda_docs/nda/2013/020583Orig1s027.pdf
20a7fc549cf92b98737d3314,20736,020583,SUPPL,28,http://www.accessdata.fda.gov/drugsatfda_docs/nda/2013/020583Orig1s028.pdf
c02c6e0c207dea34ddd2cef4,20737,020584,SUPPL,3,http://www.accessdata.fda.gov/drugsatfda_docs/nda/99/20-584S003_Lodine.html
c6b10fc7be90589765ea7a21,20738,020584,SUPPL,5,http://www.accessdata.fda.gov/drugsatfda_docs/nda/2000/20-584S005_LodineXL.html
d1820db1b2b490c5d102a4aa,20739,020587,ORIG,1,http://www.accessdata.fda.gov/drugsatfda_docs/nda/97/020587_sclerosol_toc.html
2a980fb8757f7b735efd1d95,20740,020588,SUPPL,2,http://www.accessdata.fda.gov/drugsatfda_docs/nda/97/20588.pdf
90d27d63aa75f3a8cadcc4e7,20741,020588,SUPPL,4,http://www.accessdata.fda.gov/drugsatfda_docs/nda/2002/020588_s004_RISPERDAL TABLETS.pdf
739957d6c289d9cb9b51524d,20742,020588,SUPPL,37,http://www.accessdata.fda.gov/drugsatfda_docs/nda/2007/020272_s046_risperdal_toc.html
a18a34f604caead2dbc57feb,20743,020592,ORIG,1,http://www.accessdata.fda.gov/drugsatfda_docs/nda/96/020592_Original_Approval_Pkg .pdf
7d364efa9b1f9f3351ca7c4d,20744,020592,SUPPL,6,http://www.accessdata.fda.gov/drugsatfda_docs/nda/2000/020592_S006_ZUPREXA_ORAL_TABS_AP.pdf
bc022e3d35a0d8958880a659,20745,020592,SUPPL,19,http://www.accessdata.fda.gov/drugsatfda_docs/nda/2004/020592_s019_Zyprexa.pdf
eb6963ef737ba3c1663519be,20746,020592,SUPPL,34,http://www.accessdata.fda.gov/drugsatfda_docs/nda/2005/020592_s034_Zyprexa Tabs.pdf
08177978a9b68dd0de926a8b,20747,020592,SUPPL,39,http://www.accessdata.fda.gov/drugsatfda_docs/nda/2009/Zyprexa_20592s39_toc.html
2f4809201bf2a37ed634b8f8,20748,020592,SUPPL,41,http://www.accessdata.fda.gov/drugsatfda_docs/nda/2009/020592_s40s41_zyprexa_toc.html
31ae927bad5bbc1bc81e139a,20749,020592,SUPPL,49,http://www.accessdata.fda.gov/drugsatfda_docs/nda/2008/020592Orig1s049.pdf
5003cccc3c13036a4ce1043c,20750,020596,SUPPL,10,http://www.accessdata.fda.gov/drugsatfda_docs/nda/99/020596_S010_Epivir.pdf
5c7e71ce9a3e206282d5079c,20751,020596,SUPPL,13,http://www.accessdata.fda.gov/drugsatfda_docs/nda/2001/20-564s012_20-596s013_Epivir.html
221070deaf1a7f13e1b63e54,20752,020596,SUPPL,21,http://www.accessdata.fda.gov/drugsatfda_docs/nda/2004/020596_S021_Epivir.pdf
d9a23297289ba904cdfbb792,20753,020597,SUPPL,5,http://www.accessdata.fda.gov/drugsatfda_docs/nda/98/020597Orig1s005Approv.pdf
4e00dbec7bd5f9dd1133ffce,20754,020597,SUPPL,26,http://www.accessdata.fda.gov/drugsatfda_docs/nda/2002/020597Orig1s026Approv.pdf
0c440eac48d288052eee4864,20755,020599,SUPPL,5,http://www.accessdata.fda.gov/drugsatfda_docs/nda/2003/020599Orig1s005.pdf
f7f42ac90c65417593972585,20756,020599,SUPPL,8,http://www.accessdata.fda.gov/drugsatfda_docs/nda/2004/020599Orig1s008.pdf
e7afde0b57c98ddb78415806,20757,020599,SUPPL,11,"http://www.accessdata.fda.gov/drugsatfda_docs/nda/2009/020599Orig1s011,s012.pdf"
7b6c63652ec130e79786d3a4,20758,020603,SUPPL,2,http://www.accessdata.fda.gov/drugsatfda_docs/nda/99/20-603s002_Ibuprofen.html
48868fd45143ea6de8071a87,20759,020603,SUPPL,3,http://www.accessdata.fda.gov/drugsatfda_docs/nda/99/20-603S3_InfantsMotrin.pdf
f35ec7a6b6dbfbf71a318458,20760,020604,SUPPL,26,http://www.accessdata.fda.gov/drugsatfda_docs/nda/2003/020604_S026_ZORBITIVE.pdf
3ccac50656c17dd71d20cbfb,20761,020605,SUPPL,4,http://www.accessdata.fda.gov/drugsatfda_docs/nda/2000/020605_S004_ZOFRAN.pdf
1499848c2889b1bc456abdc8,20762,020606,ORIG,1,http://www.accessdata.fda.gov/drugsatfda_docs/nda/97/020606ap.pdf
9ffbea62f3c29bc2e5ce773d,20763,020606,SUPPL,9,http://www.accessdata.fda.gov/drugsatfda_docs/nda/2004/020606_S009_IMODIUM_ADVANCED_CHEWABLE_TABLETS.pdf
fb1ef2b5cb0b10f4a169bb0a,20764,020610,ORIG,1,http://www.accessdata.fda.gov/drugsatfda_docs/nda/2000/20-610_Colazal.html
6ab1cf02d81fc3a6d91b4812,20765,020611,ORIG,1,http://www.accessdata.fda.gov/drugsatfda_docs/nda/97/020611ap.pdf
db1f7a341103ea98fcc682cc,20766,020612,ORIG,1,http://www.accessdata.fda.gov/drugsatfda_docs/nda/99/20612.html
3cfd00c940aa0ce06577ea4d,20767,020612,SUPPL,3,http://www.accessdata.fda.gov/drugsatfda_docs/nda/2002/020612_S003_Lidoderm Patch_APPROVAL PACKAGE.pdf
b19ee6fbb2aa3cca119463a5,20768,020616,SUPPL,1,http://www.accessdata.fda.gov/drugsatfda_docs/nda/97/020616S1_Kadian.pdf
515a964295cdb2e4a59a101c,20769,020624,SUPPL,8,http://www.accessdata.fda.gov/drugsatfda_docs/nda/2002/020624_S008_AMZEMET_AP.pdf
d9dd1868d5c89058d8eba3a2,20770,020625,SUPPL,9,http://www.accessdata.fda.gov/drugsatfda_docs/nda/2000/020625_s009_ALLEGRA TABLETS.pdf
99d426e391c5791f79c21ceb,20771,020626,SUPPL,1,http://www.accessdata.fda.gov/drugsatfda_docs/nda/2000/020626_s001_IMITREX_NASAL_SPRAY.pdf
be05df169170b80c1b2a91cd,20772,020626,SUPPL,2,http://www.accessdata.fda.gov/drugsatfda_docs/nda/2000/020626_s002_IMITREX_NASAL_SPRAY.pdf
fbcb639315da19658da17d01,20773,020626,SUPPL,7,"http://www.accessdata.fda.gov/drugsatfda_docs/nda/2003/020626_S007_IMITREX TABLETS, NASAL SPRAY INJECTION.pdf"
e8dbb9b0aa64c8ac746857bd,20774,020628,SUPPL,15,http://www.accessdata.fda.gov/drugsatfda_docs/nda/2000/020628_S015_Invirase.pdf
7082b71b00ba45a93de9c696,20775,020628,SUPPL,16,http://www.accessdata.fda.gov/drugsatfda_docs/nda/2002/20-628s016_Invirase.html
9fc3cce310cf8a46482e42c6,20776,020628,SUPPL,23,http://www.accessdata.fda.gov/drugsatfda_docs/nda/2005/020628_S023_FORTOVASE.pdf
9ffc36e278bc31f6999d1385,20777,020632,SUPPL,2,http://www.accessdata.fda.gov/drugsatfda_docs/nda/98/020632_S002_MERIDIA_CAPSULES.pdf
e1c9166b5bd62ea3bd4ecf4d,20778,020632,SUPPL,6,http://www.accessdata.fda.gov/drugsatfda_docs/nda/99/020632_S006_MERIDIA_CAPSULES.pdf
34e78a9e9bacdc4ad559783a,20779,020632,SUPPL,15,http://www.accessdata.fda.gov/drugsatfda_docs/nda/2002/020632_S015_MERIDIA.pdf
29a266507bf783e9627f898c,20780,020634,SUPPL,4,http://www.accessdata.fda.gov/drugsatfda_docs/nda/98/020634s04.html
c17c835229e1e7e7c47e72af,20781,020634,SUPPL,8,http://www.accessdata.fda.gov/drugsatfda_docs/nda/2000/20-634s008s009_20-635s007s008_Levaquin.html
88be5c3e0af7b27e7d997343,20782,020634,SUPPL,15,http://www.accessdata.fda.gov/drugsatfda_docs/nda/2001/20-634s015s021s022_020635s012s019s020_LevaquinTOC.html
88be5c3e0af7b27e7d997343,20783,020634,SUPPL,21,http://www.accessdata.fda.gov/drugsatfda_docs/nda/2001/20-634s015s021s022_020635s012s019s020_LevaquinTOC.html
6ae5f537f4f3ecd170ce3593,20784,020634,SUPPL,28,http://www.accessdata.fda.gov/drugsatfda_docs/nda/2003/020634_S028_LEVAQUIN.pdf
9604194ce53bbdad34e0964b,20785,020635,ORIG,1,http://www.accessdata.fda.gov/drugsatfda_docs/nda/96/020635ap.pdf
29a266507bf783e9627f898c,20786,020635,SUPPL,3,http://www.accessdata.fda.gov/drugsatfda_docs/nda/98/020634s04.html
c17c835229e1e7e7c47e72af,20787,020635,SUPPL,7,http://www.accessdata.fda.gov/drugsatfda_docs/nda/2000/20-634s008s009_20-635s007s008_Levaquin.html
88be5c3e0af7b27e7d997343,20788,020635,SUPPL,12,http://www.accessdata.fda.gov/drugsatfda_docs/nda/2001/20-634s015s021s022_020635s012s019s020_LevaquinTOC.html
88be5c3e0af7b27e7d997343,20789,020635,SUPPL,19,http://www.accessdata.fda.gov/drugsatfda_docs/nda/2001/20-634s015s021s022_020635s012s019s020_LevaquinTOC.html
88be5c3e0af7b27e7d997343,20790,020635,SUPPL,20,http://www.accessdata.fda.gov/drugsatfda_docs/nda/2001/20-634s015s021s022_020635s012s019s020_LevaquinTOC.html
fafa3b66c000745e006159f7,20791,020635,SUPPL,70,http://www.accessdata.fda.gov/drugsatfda_docs/nda/2011/020635Orig1s068s070.pdf
8e38acb7390e845d46b9a02a,20792,020636,SUPPL,2,http://www.accessdata.fda.gov/drugsatfda_docs/nda/98/020636_S002_VIRAMUNE.pdf
8382489155253506628a6184,20793,020636,SUPPL,5,http://www.accessdata.fda.gov/drugsatfda_docs/nda/97/020636_S005_VIRAMUNE.pdf
45080d979a12d5681611e26e,20794,020636,SUPPL,9,http://www.accessdata.fda.gov/drugsatfda_docs/nda/98/20-933_20-636S009_Viramune.html
dba26c962ba56904fba8c82a,20795,020636,SUPPL,12,http://www.accessdata.fda.gov/drugsatfda_docs/nda/99/020636_S012_VIRAMUNE.pdf
6f382b173931e87fc04287e9,20796,020636,SUPPL,17,http://www.accessdata.fda.gov/drugsatfda_docs/nda/2002/020636s017_020933s007_Viramune.html
538d0aeaa116a8c6d44a9be8,20797,020636,SUPPL,25,http://www.accessdata.fda.gov/drugsatfda_docs/nda/2005/020636_S025_VIRAMUNE.pdf
60922952405075b207ee26d1,20798,020637,ORIG,1,http://www.accessdata.fda.gov/drugsatfda_docs/nda/96/020637Orig1s000.pdf
c8a74457ef30a2453690cd7b,20799,020637,SUPPL,16,http://www.accessdata.fda.gov/drugsatfda_docs/nda/2003/20-637s016_Gliadel.html
fa378d1c079095a5b8f0a419,20800,020639,SUPPL,17,http://www.accessdata.fda.gov/drugsatfda_docs/nda/2004/020639_S016&S017_SEROQUEL TABLETS.pdf
bfd861c74468fd88989e3beb,20801,020639,SUPPL,49,http://www.accessdata.fda.gov/drugsatfda_docs/nda/2011/020639_seroquel_toc.html
bfd861c74468fd88989e3beb,20802,020639,SUPPL,54,http://www.accessdata.fda.gov/drugsatfda_docs/nda/2011/020639_seroquel_toc.html
392663db72e79627700c57d4,20803,020641,SUPPL,1,"http://www.accessdata.fda.gov/drugsatfda_docs/nda/1998/019670_s008,19658s10,20470s3,20641s120704s3_Claritin-DTOC.cfml"
db817dc3e57c3fe6bb27dcc5,20804,020641,SUPPL,7,http://www.accessdata.fda.gov/drugsatfda_docs/nda/2000/20-641s007_LoratadineClaritin.html
ca700ecb4453c132ed6cbd0a,20805,020648,SUPPL,2,http://www.accessdata.fda.gov/drugsatfda_docs/nda/2001/020648_S002_DIASTAT_AP.pdf
166c0927cb3ac9ebf3c18fc5,20806,020658,SUPPL,12,http://www.accessdata.fda.gov/drugsatfda_docs/nda/2003/020658_s012_RequipTOC.html
1b79c3f50b0200e8a6ac16b3,20807,020663,ORIG,1,http://www.accessdata.fda.gov/drugsatfda_docs/nda/96/020663ap.pdf
1d6d544a1ea6e2b1234d7ff3,20808,020664,ORIG,1,http://www.accessdata.fda.gov/drugsatfda_docs/nda/96/020664_toc.html
82daa5af44bd32b1d0b5432f,20809,020667,SUPPL,8,http://www.accessdata.fda.gov/drugsatfda_docs/nda/2003/020667_S008_MirapexTOC.html
c907e4ad9b53767df30c3981,20810,020668,SUPPL,1,http://www.accessdata.fda.gov/drugsatfda_docs/nda/97/020668_S001_Lexxel Tablets.pdf
647f69b209f5435c9f5c93be,20811,020668,SUPPL,3,http://www.accessdata.fda.gov/drugsatfda_docs/nda/98/20-668s003_Lexxel.html
cfa739a8db48fe46d5662509,20812,020668,SUPPL,4,http://www.accessdata.fda.gov/drugsatfda_docs/nda/98/020668_S004_LEXXEL.pdf
511fba162ef23286f8dd5a77,20813,020671,SUPPL,4,http://www.accessdata.fda.gov/drugsatfda_docs/nda/98/20671s004.html
4404714e6c22b893e9e98415,20814,020675,ORIG,1,http://www.accessdata.fda.gov/drugsatfda_docs/nda/97/20675a.html
f1205d3ec8cb2b41986a57bc,20815,020677,SUPPL,2,http://www.accessdata.fda.gov/drugsatfda_docs/nda/99/20-677s001s002_Zagam.html
9f35f4e390ffe9e284743603,20816,020680,SUPPL,9,http://www.accessdata.fda.gov/drugsatfda_docs/nda/98/020680_S009_NORVIR.pdf
d0a9ff341f379b81d6d8450b,20817,020683,ORIG,1,http://www.accessdata.fda.gov/drugsatfda_docs/nda/97/020683_alesse_toc.html
121f493bb6886a181d75266e,20818,020685,SUPPL,41,http://www.accessdata.fda.gov/drugsatfda_docs/nda/2001/20685s041.pdf
a6d1ae6eb385a0b68fcdd37c,20819,020685,SUPPL,44,http://www.accessdata.fda.gov/drugsatfda_docs/nda/2000/020685_S044_Crixivan.pdf
5f8c43008a08ae712afd9bce,20820,020688,SUPPL,1,http://www.accessdata.fda.gov/drugsatfda_docs/nda/98/020688_S001_PATANOL.pdf
1765eb2b50194bea1136521d,20821,020688,SUPPL,4,http://www.accessdata.fda.gov/drugsatfda_docs/nda/99/020688_S004_PATANOL.pdf
c18251f2803ac8a91a2666ca,20822,020688,SUPPL,8,http://www.accessdata.fda.gov/drugsatfda_docs/nda/99/020688_S008_PATANOL.pdf
02ebca694c000f6146564ef0,20823,020688,SUPPL,9,http://www.accessdata.fda.gov/drugsatfda_docs/nda/99/020688_S009_PATANOL.pdf
65b211ab2704aaa00b7fec71,20824,020688,SUPPL,10,http://www.accessdata.fda.gov/drugsatfda_docs/nda/99/020688_S010_PATANOL.pdf
4d38dc903c0dd7b8e8821b28,20825,020688,SUPPL,11,http://www.accessdata.fda.gov/drugsatfda_docs/nda/2000/020688_S011_PATANOL.pdf
75847e156d2c28b83242adbc,20826,020690,SUPPL,11,http://www.accessdata.fda.gov/drugsatfda_docs/nda/2004/020690_s011_aricept.pdf
903e202a1963d4b29190d7ff,20827,020692,SUPPL,1,"http://www.accessdata.fda.gov/drugsatfda_docs/nda/98/20692S1,2_Serevent.html"
8c14c91338ce284316a6a9d1,20828,020692,SUPPL,24,http://www.accessdata.fda.gov/drugsatfda_docs/nda/2003/020692_s024_SEREVENT DISKUS.pdf
ec25848be1c00dce2297012c,20829,020694,ORIG,1,http://www.accessdata.fda.gov/drugsatfda_docs/nda/96/020694ap.pdf
f96d6b47ac9986ab88a9fe84,20830,020697,ORIG,1,http://www.accessdata.fda.gov/drugsatfda_docs/nda/98/20697_Tasmar.html
e6008cfc462a16fac4809f4e,20831,020698,ORIG,1,http://www.accessdata.fda.gov/drugsatfda_docs/nda/99/020698.html
c5dd7ec06c71c693f9479aae,20832,020699,ORIG,1,http://www.accessdata.fda.gov/drugsatfda_docs/nda/97/020699_effexorxr_toc.html
139fd228f4e3634c123e0702,20833,020699,SUPPL,13,http://www.accessdata.fda.gov/drugsatfda_docs/nda/2000/020699_s013_EFFEXOR_XR.pdf
5fcb86db94abb4dc5aa97bf4,20834,020699,SUPPL,14,"http://www.accessdata.fda.gov/drugsatfda_docs/nda/2003/020151s16s19s20s21s22s23s25,020699s14s18s21s23s26s27s34TOC.html"
4443a0b8078c639f6ef6b056,20835,020699,SUPPL,15,"http://www.accessdata.fda.gov/drugsatfda_docs/nda/2001/020151s017s018,020699s015s016EffexorTOC.html"
5fcb86db94abb4dc5aa97bf4,20836,020699,SUPPL,21,"http://www.accessdata.fda.gov/drugsatfda_docs/nda/2003/020151s16s19s20s21s22s23s25,020699s14s18s21s23s26s27s34TOC.html"
5fcb86db94abb4dc5aa97bf4,20837,020699,SUPPL,27,"http://www.accessdata.fda.gov/drugsatfda_docs/nda/2003/020151s16s19s20s21s22s23s25,020699s14s18s21s23s26s27s34TOC.html"
98ac51bdef0aac267f221efb,20838,020699,SUPPL,29,http://www.accessdata.fda.gov/drugsatfda_docs/nda/2002/020699_S029_EFFEXOR_AP.pdf
3ebcf403b178a754882c5f12,20839,020699,SUPPL,32,http://www.accessdata.fda.gov/drugsatfda_docs/nda/2003/020699_S032_EFFEXOR_AP.pdf
dfdded1d88221b81585f69f4,20840,020699,SUPPL,41,http://www.accessdata.fda.gov/drugsatfda_docs/nda/2004/020699_S041_EFFEXOR_TABLETS.pdf
caf4b171743146753891475a,20841,020702,ORIG,1,http://www.accessdata.fda.gov/drugsatfda_docs/nda/pre96/020702_s000.pdf
0cc7986c2228d5dadf0c1559,20842,020702,SUPPL,2,http://www.accessdata.fda.gov/drugsatfda_docs/nda/97/020702a_s002.pdf
8de4a370ab094a9e5417ed9e,20843,020702,SUPPL,3,http://www.accessdata.fda.gov/drugsatfda_docs/nda/98/20702s005.html
8de4a370ab094a9e5417ed9e,20844,020702,SUPPL,5,http://www.accessdata.fda.gov/drugsatfda_docs/nda/98/20702s005.html
ae15337a6d6adbe6c3f2737a,20845,020702,SUPPL,10,http://www.accessdata.fda.gov/drugsatfda_docs/nda/98/020702_S010_LIPITOR.pdf
70eb5d251718d0aba125222a,20846,020702,SUPPL,11,http://www.accessdata.fda.gov/drugsatfda_docs/nda/98/020702_S011_LIPITOR.pdf
46fc66ce18264fbc3e2429b7,20847,020702,SUPPL,13,http://www.accessdata.fda.gov/drugsatfda_docs/nda/98/020702_S013_LIPITOR.pdf
1b459fae361c55c84c6b5f1e,20848,020702,SUPPL,14,http://www.accessdata.fda.gov/drugsatfda_docs/nda/98/020702A_S014.PDF
3e57fb40924d29201decd849,20849,020702,SUPPL,22,http://www.accessdata.fda.gov/drugsatfda_docs/nda/2000/020702_S022_LIPITOR_AP.pdf
9011f1370c124f2fc0ed9338,20850,020702,SUPPL,24,http://www.accessdata.fda.gov/drugsatfda_docs/nda/2000/020702_S024_LIPITOR_TABLETS.pdf
e77b325d6837e59f7cb4984a,20851,020702,SUPPL,25,http://www.accessdata.fda.gov/drugsatfda_docs/nda/2001/20-702S025_Lipitor.html
9b352439fbbb3089080a9e4b,20852,020702,SUPPL,28,http://www.accessdata.fda.gov/drugsatfda_docs/nda/2001/020702_S028_LIPITOR.pdf
a959adf15615da82f26ed52a,20853,020702,SUPPL,30,http://www.accessdata.fda.gov/drugsatfda_docs/nda/2001/020702_S030_LIPITOR.pdf
4a5e3440e2c6d805dff00bfd,20854,020702,SUPPL,31,http://www.accessdata.fda.gov/drugsatfda_docs/nda/2001/020702_S031_LIPITOR.pdf
e3cec7448c2d02774c6dad60,20855,020702,SUPPL,37,http://www.accessdata.fda.gov/drugsatfda_docs/nda/2003/020702_s037_LIPITOR_TABLETS.pdf
5b312933fad85250bf727987,20856,020702,SUPPL,56,http://www.accessdata.fda.gov/drugsatfda_docs/nda/2009/020702Orig1s056.pdf
392663db72e79627700c57d4,20857,020704,SUPPL,3,"http://www.accessdata.fda.gov/drugsatfda_docs/nda/1998/019670_s008,19658s10,20470s3,20641s120704s3_Claritin-DTOC.cfml"
494c401af90072922644b0f5,20858,020704,SUPPL,4,"http://www.accessdata.fda.gov/drugsatfda_docs/nda/1998/019670_s012,19658s14,20470s7,20641s3,20704s4_ClaritinDTOC.cfml"
72422918e824d2ed1dfc38dd,20859,020704,SUPPL,8,"http://www.accessdata.fda.gov/drugsatfda_docs/nda/2002/19670s18,20470s16,19658s18,20704s8,20641s9_Claritin.html"
bb1b1ee2eb1eb38fe877ead2,20860,020705,SUPPL,2,http://www.accessdata.fda.gov/drugsatfda_docs/nda/98/020705_S002_Rescriptor Tablets_APPROVAL PACKAGE.pdf
bb7b4c7488157f8ca480a7db,20861,020705,SUPPL,4,http://www.accessdata.fda.gov/drugsatfda_docs/nda/99/020705_S004_Rescriptor Tablets_APPROVAL PACKAGE.pdf
f0bf0c65cac66b03cad0dd58,20862,020705,SUPPL,9,http://www.accessdata.fda.gov/drugsatfda_docs/nda/2002/020705_S009_Rescriptor Tablets_APPROVAL PACKAGE.pdf
6f55e6757430604784e15aff,20863,020706,ORIG,1,http://www.accessdata.fda.gov/drugsatfda_docs/nda/97/020706_emadine_toc.html
1b0cbf47446aa447cbff4658,20864,020708,ORIG,1,http://www.accessdata.fda.gov/drugsatfda_docs/nda/97/020708_lupron_toc.html
5e35e48f79512380bd57f5ba,20865,020708,SUPPL,3,http://www.accessdata.fda.gov/drugsatfda_docs/nda/98/20011-s014_Lupron.html
a63f69607ddace3d069e7ae2,20866,020708,SUPPL,11,http://www.accessdata.fda.gov/drugsatfda_docs/nda/2001/20-708S011_Lupron.html
12d7b550dd87e641df0c4b22,20867,020710,SUPPL,4,http://www.accessdata.fda.gov/drugsatfda_docs/nda/99/020710_S004_PAXIL_TABLETS.pdf
37b620edbfa66e567a122d2e,20868,020711,ORIG,1,http://www.accessdata.fda.gov/drugsatfda_docs/nda/97/020711_zyban_toc.html
73a5db1557be41b65b4c9f24,20869,020711,SUPPL,2,http://www.accessdata.fda.gov/drugsatfda_docs/nda/99/020711_s002s004_ZybanTOC.html
73a5db1557be41b65b4c9f24,20870,020711,SUPPL,4,http://www.accessdata.fda.gov/drugsatfda_docs/nda/99/020711_s002s004_ZybanTOC.html
49e8912575eef7dfb902dd0b,20871,020712,ORIG,1,http://www.accessdata.fda.gov/drugsatfda_docs/nda/97/020712_carbatrol_toc.html
60685d5cf72df8c6e11db34f,20872,020713,ORIG,1,http://www.accessdata.fda.gov/drugsatfda_docs/nda/98/20713.html
d66676c3f39e2eb300d3ac46,20873,020715,ORIG,1,http://www.accessdata.fda.gov/drugsatfda_docs/nda/2000/20-715_Trelstar.html
dd9a6902169f17108da65c2b,20874,020717,SUPPL,3,http://www.accessdata.fda.gov/drugsatfda_docs/nda/2000/020717_S003_PROVIGIL_TABS_AP.pdf
1da6a379452205078a74158f,20875,020717,SUPPL,9,http://www.accessdata.fda.gov/drugsatfda_docs/nda/2003/020717_S009_PROVIGIL_TABS.pdf
89a861e8defaabdfe8543faf,20876,020718,ORIG,1,http://www.accessdata.fda.gov/drugsatfda_docs/nda/98/20718_Integrilin.html
c26791d19447ff0edc268f7a,20877,020718,SUPPL,10,http://www.accessdata.fda.gov/drugsatfda_docs/nda/2001/20-718_Integrilin.html
c26791d19447ff0edc268f7a,20878,020718,SUPPL,13,http://www.accessdata.fda.gov/drugsatfda_docs/nda/2001/20-718_Integrilin.html
78431aaa2ea4c72db82e4708,20879,020720,SUPPL,6,http://www.accessdata.fda.gov/drugsatfda_docs/nda/97/020720a_s001_thru_s007.pdf
d236d8457734d03a21ba8b96,20880,020720,SUPPL,12,http://www.accessdata.fda.gov/drugsatfda_docs/nda/99/20720S12S14_Rezulin.html
334e6d214587d1f41b707028,20881,020723,SUPPL,1,http://www.accessdata.fda.gov/drugsatfda_docs/nda/2001/020723Orig1s001.pdf
e4ee78e9f58d67a966fb6e05,20882,020723,SUPPL,16,http://www.accessdata.fda.gov/drugsatfda_docs/nda/2004/020723_S016_ALDARA_CREAM.pdf
01ad01be7efa542c8f67ccdd,20883,020726,SUPPL,6,http://www.accessdata.fda.gov/drugsatfda_docs/nda/2001/20-726S006_Femara.html
28f178f426ff04e99bd1433c,20884,020727,ORIG,1,http://www.accessdata.fda.gov/drugsatfda_docs/nda/2005/020727_s000_BidilTOC.html
af39080596bfb1bdae878d80,20885,020729,SUPPL,10,http://www.accessdata.fda.gov/drugsatfda_docs/nda/2002/020729_S010_UNIRETIC.pdf
21cbf4c82edd74159bb70577,20886,020738,ORIG,1,http://www.accessdata.fda.gov/drugsatfda_docs/nda/97/020738_tevetan_toc.html
86c4d00a65e3ceda7a627df7,20887,020740,SUPPL,2,http://www.accessdata.fda.gov/drugsatfda_docs/nda/99/20-740S002_Baycol.html
0b836f5f5519ff0e787468ac,20888,020740,SUPPL,3,http://www.accessdata.fda.gov/drugsatfda_docs/nda/99/20-740S003_Baycol.pdf
cd4d1e26345c765191589071,20889,020740,SUPPL,7,http://www.accessdata.fda.gov/drugsatfda_docs/nda/99/020740s007.pdf
a1fbb6a0afc81c00aec04061,20890,020740,SUPPL,14,http://www.accessdata.fda.gov/drugsatfda_docs/nda/2000/20-740S014_Baycol.pdf
1921de0811418f170f8def52,20891,020740,SUPPL,16,http://www.accessdata.fda.gov/drugsatfda_docs/nda/2001/020740_S016_BAYCOL_TABLETS.pdf
f627889fa16bcd894bce08e7,20892,020741,SUPPL,9,http://www.accessdata.fda.gov/drugsatfda_docs/nda/2000/020741_S009_PRANDIN_TABS_AP.pdf
c2f84dd23656247cb37c25e1,20893,020741,SUPPL,15,http://www.accessdata.fda.gov/drugsatfda_docs/nda/2002/020741_S015_PRANDIN_TABS_AP.pdf
3d49b8ffc928a77e757eb6d9,20895,020747,SUPPL,3,http://www.accessdata.fda.gov/drugsatfda_docs/nda/99/020747Orig1s003.pdf
5987ee3e5faf8908c4f68f7a,20896,020747,SUPPL,19,http://www.accessdata.fda.gov/drugsatfda_docs/nda/2005/020747_S019_ACTIQ.pdf
931d9ce22d5b4feedcb3b8d1,20897,020748,ORIG,1,http://www.accessdata.fda.gov/drugsatfda_docs/nda/2000/020748_differin.html
f4161a6b80e16349b476f464,20898,020752,ORIG,1,http://www.accessdata.fda.gov/drugsatfda_docs/nda/98/20752s000_PecidTOC.html
53edc26c5ce7fcd9c1bc43ac,20899,020752,SUPPL,5,http://www.accessdata.fda.gov/drugsatfda_docs/nda/2002/019462_S030 & 019527_S024 & 020752_S005_Pepcid RPD_AP.pdf
50c6c1c94bcab886438967cb,20900,020753,ORIG,1,http://www.accessdata.fda.gov/drugsatfda_docs/nda/99/20-753_Aromasin.html
01f552b9ac66733b13247cb9,20901,020755,ORIG,1,http://www.accessdata.fda.gov/drugsatfda_docs/nda/97/020755_caverject_toc.html
b6ceddb7a5a0f978c2a5f261,20902,020757,SUPPL,9,http://www.accessdata.fda.gov/drugsatfda_docs/nda/99/20-757s009_Avapro.PDF
d16132f7115f8d2edf06c6fb,20903,020757,SUPPL,11,http://www.accessdata.fda.gov/drugsatfda_docs/nda/2001/20-757s011_Avapro.PDF
82d875c1da4f58b3f3d9c9a2,20904,020757,SUPPL,12,http://www.accessdata.fda.gov/drugsatfda_docs/nda/2000/20-757s012_Avapro.PDF
cd7feb44f46c381de043b35b,20905,020757,SUPPL,14,http://www.accessdata.fda.gov/drugsatfda_docs/nda/2001/20-757S014_Avapro.pdf
dfb0178ac5f6295430c815b8,20906,020757,SUPPL,17,http://www.accessdata.fda.gov/drugsatfda_docs/nda/2000/20-757s017_Avapro.PDF
8c95c2ae7e8d1ce6b37d8cb7,20907,020757,SUPPL,19,http://www.accessdata.fda.gov/drugsatfda_docs/nda/2001/20-757s019_Avapro.PDF
3ac4c8016afffb2ed635e06e,20908,020757,SUPPL,20,http://www.accessdata.fda.gov/drugsatfda_docs/nda/2001/20-757s020_Avapro.PDF
1070b56c41aded39a0ea5525,20909,020757,SUPPL,23,http://www.accessdata.fda.gov/drugsatfda_docs/nda/2003/20-757s023_Avapro_P1.PDF
182c9f09cc6007b02a4e9da5,20910,020757,SUPPL,26,http://www.accessdata.fda.gov/drugsatfda_docs/nda/2003/20-757s026_Avapro.PDF
7fc646d55d70bc48565e6276,20911,020757,SUPPL,30,http://www.accessdata.fda.gov/drugsatfda_docs/nda/2004/20-757s030_Avapro.PDF
6a9e3cf4b655b90df667be40,20912,020757,SUPPL,33,http://www.accessdata.fda.gov/drugsatfda_docs/nda/2004/20-757s033_Avapro.PDF
2b9d5fe1a677bc78ecc5953e,20913,020758,ORIG,1,http://www.accessdata.fda.gov/drugsatfda_docs/nda/97/020757_020758_toc.html
5f96a400836c2a1e59e79dce,20914,020758,SUPPL,3,http://www.accessdata.fda.gov/drugsatfda_docs/nda/98/20758S003.html
e52bda6b4d49e2848feff95c,20915,020758,SUPPL,16,http://www.accessdata.fda.gov/drugsatfda_docs/nda/2000/20758-s016_avalide.pdf
7fc646d55d70bc48565e6276,20916,020758,SUPPL,29,http://www.accessdata.fda.gov/drugsatfda_docs/nda/2004/20-757s030_Avapro.PDF
30cba371bb1a528beec8c08e,20917,020758,SUPPL,31,http://www.accessdata.fda.gov/drugsatfda_docs/nda/2004/20-758s031_Avalide.pdf
707bf8aad818969ed73e741d,20918,020762,SUPPL,50,http://www.accessdata.fda.gov/drugsatfda_docs/nda/2014/020762Orig1s050.pdf
d16aa75cd7c6c6fc07df207f,20919,020762,SUPPL,51,http://www.accessdata.fda.gov/drugsatfda_docs/nda/2015/020762Orig1s051.pdf
3f802e9d0f85c66edf0ff9d9,20920,020763,ORIG,1,http://www.accessdata.fda.gov/drugsatfda_docs/nda/98/20763_Amerge.html
9d1b467e5bc7147327fa0702,20921,020764,ORIG,1,http://www.accessdata.fda.gov/drugsatfda_docs/nda/98/020764a.html
10194e25aa87960b5c724b0d,20922,020764,SUPPL,1,http://www.accessdata.fda.gov/drugsatfda_docs/nda/98/020241s003.html
bcb3620f72347111dc532fff,20923,020766,SUPPL,13,http://www.accessdata.fda.gov/drugsatfda_docs/nda/2002/020766_S013_XENICAL_CAPS_AP.pdf
01cd09b05ac4036190b45711,20924,020766,SUPPL,18,http://www.accessdata.fda.gov/drugsatfda_docs/nda/2003/020766_S018_XENICAL_CAPSULES_AP.pdf
8a3116a2661864d1c9260697,20925,020766,SUPPL,21,http://www.accessdata.fda.gov/drugsatfda_docs/nda/2005/020766_S021_XENICAL_CAPS_AP.pdf
a2b3bbdf566b011091ad8d73,20926,020768,ORIG,1,http://www.accessdata.fda.gov/drugsatfda_docs/nda/97/020768_toc.html
5e157abc58a6a966f76ce11f,20927,020768,SUPPL,10,http://www.accessdata.fda.gov/drugsatfda_docs/nda/2002/020768_S010_ZOMIG_TABLETS.pdf
22ce02dba26ab55e738c8a1e,20928,020771,SUPPL,4,http://www.accessdata.fda.gov/drugsatfda_docs/nda/2001/020771_S004_DetrolTOC2.html
7c688ca01e3f68092139e02a,20929,020771,SUPPL,11,http://www.accessdata.fda.gov/drugsatfda_docs/nda/2004/020771_s011_DELTROL 1 & 2 MG.pdf
a0ebe8b6a2c9c325138df606,20930,020772,ORIG,1,http://www.accessdata.fda.gov/drugsatfda_docs/nda/98/20772.html
1233f5daf76c0f2f9f5cfd9c,20931,020774,ORIG,1,http://www.accessdata.fda.gov/drugsatfda_docs/nda/98/20774.html
f92fc8d284e7e3965d5f256c,20932,020776,ORIG,1,http://www.accessdata.fda.gov/drugsatfda_docs/nda/2002/20-776_Daypro.html
783be00f0b15d4b4845a4483,20933,020778,ORIG,1,http://www.accessdata.fda.gov/drugsatfda_docs/nda/97/020778ap.pdf
bdec9e77ae35e13ba6a1738d,20934,020778,SUPPL,10,http://www.accessdata.fda.gov/drugsatfda_docs/nda/99/020778_S010_VIRACEPT.pdf
2c63276b1d545092a3014a68,20935,020778,SUPPL,22,http://www.accessdata.fda.gov/drugsatfda_docs/nda/2004/020778_S022_VIRACEPT.pdf
fd8791f6d42241688728b8c2,20936,020779,ORIG,1,http://www.accessdata.fda.gov/drugsatfda_docs/nda/97/020779ap.pdf
70e96a576f7d06a150220570,20937,020779,SUPPL,11,http://www.accessdata.fda.gov/drugsatfda_docs/nda/99/20778S11_viracept.html
6668c854ffc656c9a16a5892,20938,020779,SUPPL,26,http://www.accessdata.fda.gov/drugsatfda_docs/nda/2000/020779_S026_VIRACEPT.pdf
2339d1da7997be87f1d2917b,20939,020779,SUPPL,35,http://www.accessdata.fda.gov/drugsatfda_docs/nda/2001/020779_S035_VIRACEPT.pdf
366a71dc2f9c7652e0d221fe,20940,020779,SUPPL,36,http://www.accessdata.fda.gov/drugsatfda_docs/nda/2001/020779_S036_VIRACEPT.pdf
91a913d8f8a3f7d3393b8502,20941,020779,SUPPL,45,http://www.accessdata.fda.gov/drugsatfda_docs/nda/2005/020779_S045_VIRACEPT.pdf
1cb1490e702230b5f3c3f5e2,20942,020780,SUPPL,3,http://www.accessdata.fda.gov/drugsatfda_docs/nda/98/020780_S003_Cipro.pdf
db163640e43406fe17018d4b,20943,020780,SUPPL,11,http://www.accessdata.fda.gov/drugsatfda_docs/nda/2002/020780_S011_CIPRO.pdf
fc4164a047bf830370b060d0,20944,020780,SUPPL,12,http://www.accessdata.fda.gov/drugsatfda_docs/nda/2004/020780_S012_CIPRO.pdf
f355a140bdb3ba88e7b56e26,20945,020780,SUPPL,15,http://www.accessdata.fda.gov/drugsatfda_docs/nda/2004/020780_S015_CIPRO.pdf
67c07954bc51ab3f34a963fe,20946,020780,SUPPL,17,http://www.accessdata.fda.gov/drugsatfda_docs/nda/2004/020780_S017_CIPRO.pdf
f00afdced91dcd29ad16ee54,20947,020780,SUPPL,18,http://www.accessdata.fda.gov/drugsatfda_docs/nda/2004/020780_S018_CIPRO.pdf
de4ef9206c4e40ce30955264,20948,020780,SUPPL,20,http://www.accessdata.fda.gov/drugsatfda_docs/nda/2005/020780_S020_CIPRO.pdf
b88e3a23c69b28dc75f7431f,20949,020781,SUPPL,1,http://www.accessdata.fda.gov/drugsatfda_docs/nda/2000/020781_S001_ZOFRAN.pdf
ff42572b7870f7afc4cca363,20950,020782,ORIG,1,http://www.accessdata.fda.gov/drugsatfda_docs/nda/2002/020782_s000_DepakoteTOC.html
ba39f1db03c415d1b7e446ca,20951,020785,ORIG,1,http://www.accessdata.fda.gov/drugsatfda_docs/nda/98/020785s000_ThalidomideTOC.html
414361746121d6e4c64a8118,20952,020785,SUPPL,20,http://www.accessdata.fda.gov/drugsatfda_docs/nda/2003/020785_S020_THALOMID.pdf
71e233ce90e1652c2d8b9172,20953,020785,SUPPL,21,http://www.accessdata.fda.gov/drugsatfda_docs/nda/2003/020785_S021_THALOMID.pdf
f358ca0c54b5fc7e9fd7d541,20954,020786,SUPPL,2,http://www.accessdata.fda.gov/drugsatfda_docs/nda/99/020786_s002_ALLEGRA D.pdf
5a6f24096222e3872dc07f3f,20955,020786,SUPPL,12,http://www.accessdata.fda.gov/drugsatfda_docs/nda/2002/020786_S012_ALLEGRA D.pdf
94abc17b6a79124194ad749c,20956,020788,ORIG,1,http://www.accessdata.fda.gov/drugsatfda_docs/nda/97/020788_propecia_toc.html
f42f3e715b01647b366ec685,20957,020788,SUPPL,17,http://www.accessdata.fda.gov/drugsatfda_docs/nda/2011/020788Orig1s017.pdf
1381cc675c6dd8b2bda2dc75,20958,020788,SUPPL,18,http://www.accessdata.fda.gov/drugsatfda_docs/nda/2011/020788Orig1s018.pdf
00c18336460e6e9954554e7d,20959,020788,SUPPL,20,http://www.accessdata.fda.gov/drugsatfda_docs/nda/2012/020788Orig1s020.pdf
eb1ded96c3b156037ecef6c7,20960,020788,SUPPL,21,http://www.accessdata.fda.gov/drugsatfda_docs/nda/2012/020788Orig1s021.pdf
73200ddb65c7578019465bd3,20961,020788,SUPPL,23,http://www.accessdata.fda.gov/drugsatfda_docs/nda/2012/020788Orig1s023.pdf
be97ffff80566b50fe0bf30e,20962,020791,ORIG,1,http://www.accessdata.fda.gov/drugsatfda_docs/nda/97/020791_testoderm_toc.html
9f75ea19415ca37c6e957c07,20963,020792,ORIG,1,http://www.accessdata.fda.gov/drugsatfda_docs/nda/97/020792ap.pdf
63e79b0a1af9a742f93e0b82,20964,020793,ORIG,1,http://www.accessdata.fda.gov/drugsatfda_docs/nda/99/020793_000_CafcitTOC.html
0c95a1b2efaadfd480922809,20965,020796,ORIG,1,http://www.accessdata.fda.gov/drugsatfda_docs/nda/99/20796_Comtan.html
5a84af32983a146a7f01421c,20966,020799,ORIG,1,http://www.accessdata.fda.gov/drugsatfda_docs/nda/97/20-799_Floxin.html
6acab5eca94b56fd53a06bc7,20967,020800,SUPPL,23,http://www.accessdata.fda.gov/drugsatfda_docs/nda/2013/020800Orig1s023.pdf
05615653ef462d660ca588f3,20968,020801,SUPPL,12,http://www.accessdata.fda.gov/drugsatfda_docs/nda/2007/020801Orig1s012.pdf
200d6b6b9eed044c29dde296,20970,020811,ORIG,1,http://www.accessdata.fda.gov/drugsatfda_docs/nda/97/020811ap.pdf
7f75c622acc1c3ebd55f6f95,20971,020812,ORIG,1,http://www.accessdata.fda.gov/drugsatfda_docs/nda/98/020812_PediatricTOC.html
046a25d77c9c5dbc06861103,20972,020812,SUPPL,11,http://www.accessdata.fda.gov/drugsatfda_docs/nda/2004/020812Orig1s011.pdf
3377c25dac969f96e030645f,20973,020815,SUPPL,2,http://www.accessdata.fda.gov/drugsatfda_docs/nda/98/20815s2_Evista.pdf
a060fa538fe244924e711131,20974,020816,ORIG,1,http://www.accessdata.fda.gov/drugsatfda_docs/nda/98/020816_azopt.html
ea19e9ad5b0a55cc1ffa5eb4,20975,020819,ORIG,1,http://www.accessdata.fda.gov/drugsatfda_docs/nda/98/20819_Zemplar.html
155416ec444a3adfbf1d791d,20976,020822,ORIG,1,http://www.accessdata.fda.gov/drugsatfda_docs/nda/98/020822a.html
e21ac721d657bfa7dc0a880f,20977,020822,SUPPL,19,http://www.accessdata.fda.gov/drugsatfda_docs/nda/2002/020822_s019_CelexaTOC.html
cf11778a4af6ec6e45e539e7,20978,020822,SUPPL,38,http://www.accessdata.fda.gov/drugsatfda_docs/nda/2011/020822Orig1s038s040_021046Orig1s016s017Rev.pdf
2654f05e22030f3fed9470f3,20979,020822,SUPPL,42,http://www.accessdata.fda.gov/drugsatfda_docs/nda/2012/020822Orig1s042.pdf
7d41de1f36151c50e6a5d605,20980,020823,ORIG,1,http://www.accessdata.fda.gov/drugsatfda_docs/nda/2000/20823_Exelon.html
3240f35bcd2875ef3bd6c3a0,20981,020823,SUPPL,3,http://www.accessdata.fda.gov/drugsatfda_docs/nda/2001/020823_S003_EXELON_AP.pdf
200bfc9bdbca6d28899f625b,20982,020823,SUPPL,16,http://www.accessdata.fda.gov/drugsatfda_docs/nda/2006/020823_016_exelon.pdf
cb3e8003e8bbdfa6573d90bc,20983,020825,SUPPL,21,http://www.accessdata.fda.gov/drugsatfda_docs/nda/2007/020825_s021_GEODON.pdf
69577186de3ac1ad29271947,20984,020825,SUPPL,34,http://www.accessdata.fda.gov/drugsatfda_docs/nda/2009/020825Orig1s034.pdf
00313c8e0c6993112bd5c504,20985,020828,SUPPL,6,http://www.accessdata.fda.gov/drugsatfda_docs/nda/99/020828_S006_FORTOVASE.pdf
c554f57255c052429f8a793e,20986,020828,SUPPL,15,http://www.accessdata.fda.gov/drugsatfda_docs/nda/2003/020828_S015_FORTOVASE.pdf
a217c0b99a61314c323aff35,20987,020829,SUPPL,25,http://www.accessdata.fda.gov/drugsatfda_docs/nda/2003/020829_S025_SINGULAIR_TABLETS_AP.pdf
f6e30df87dab57142ddee7c1,20988,020830,ORIG,1,http://www.accessdata.fda.gov/drugsatfda_docs/nda/98/20830_Singulair.html
4afbf63c205682d46b548cc2,20989,020830,SUPPL,8,http://www.accessdata.fda.gov/drugsatfda_docs/nda/2000/20830s008_Singulair.html
b86fbcbe115e574c4875821a,20990,020830,SUPPL,26,http://www.accessdata.fda.gov/drugsatfda_docs/nda/2003/020829_S023 & 020830_S026 & 021409_S005_SINGULAR_AP.pdf
8f21e9f27b766d76d6e32b0e,20991,020832,ORIG,1,http://www.accessdata.fda.gov/drugsatfda_docs/nda/2000/20-832_CHLORAPREP.html
a4dbea4bd8709c280f9565d2,20992,020832,SUPPL,8,http://www.accessdata.fda.gov/drugsatfda_docs/nda/2005/020832_S008_CHLORAPREP_WITH_TINT.pdf
59e2b071ee2fb62d4bdcdcce,20993,020834,ORIG,1,http://www.accessdata.fda.gov/drugsatfda_docs/nda/97/020834_rogaine_toc.html
321084cc0549989be690c84c,20994,020835,SUPPL,1,http://www.accessdata.fda.gov/drugsatfda_docs/nda/2000/20835S001_Actonel.html
321084cc0549989be690c84c,20995,020835,SUPPL,4,http://www.accessdata.fda.gov/drugsatfda_docs/nda/2000/20835S001_Actonel.html
7425cc39ea90f0ee9989ce1f,20996,020835,SUPPL,10,http://www.accessdata.fda.gov/drugsatfda_docs/nda/2002/020835_S010_ACTENOL.pdf
e7946848ec875695d1bbbfcf,20997,020835,SUPPL,11,http://www.accessdata.fda.gov/drugsatfda_docs/nda/2002/020835_S011_ACTONEL.pdf
500ab7105b79cb07f5947518,20998,020835,SUPPL,12,http://www.accessdata.fda.gov/drugsatfda_docs/nda/2002/020835_S012_ACTONEL.pdf
1e91ce12f7c27d9df34f9397,20999,020837,ORIG,1,http://www.accessdata.fda.gov/drugsatfda_docs/nda/99/20837_Xenopex.html
4d12c24ce72aac017c259f10,21000,020838,ORIG,1,http://www.accessdata.fda.gov/drugsatfda_docs/nda/98/20838_Atacand.html
fc44d0deca427a4269cd0a06,21001,020838,SUPPL,8,http://www.accessdata.fda.gov/drugsatfda_docs/nda/2000/20838-s008_atacand.pdf
d2d8043b995a05ecff136c38,21002,020839,ORIG,1,http://www.accessdata.fda.gov/drugsatfda_docs/nda/pre96/020839_s000.pdf
a48d81c0638a62b770c05329,21003,020839,SUPPL,2,http://www.accessdata.fda.gov/drugsatfda_docs/nda/98/020-839_S-002.PDF
11ed6a0f830740591947c4dc,21004,020839,SUPPL,4,http://www.accessdata.fda.gov/drugsatfda_docs/nda/2000/020-839_S-004.PDF
4551355272113825ea94f91b,21005,020839,SUPPL,5,http://www.accessdata.fda.gov/drugsatfda_docs/nda/2000/020-839_S-005.PDF
4ded3042d8e93e2a76ef1fce,21006,020839,SUPPL,13,http://www.accessdata.fda.gov/drugsatfda_docs/nda/2001/020-839_S-013.PDF
2c3f0859ba96fc919fa8a33a,21007,020839,SUPPL,14,http://www.accessdata.fda.gov/drugsatfda_docs/nda/2001/020-839_S-014.PDF
c9007c6ad021cbebb1c95bd8,21008,020839,SUPPL,15,http://www.accessdata.fda.gov/drugsatfda_docs/nda/2001/020-839_S-015.PDF
652d8a195d0bfd550ea84a7a,21009,020839,SUPPL,16,http://www.accessdata.fda.gov/drugsatfda_docs/nda/2001/020-839_S-016.PDF
09bd818bcb1aa6804e18e401,21010,020839,SUPPL,17,http://www.accessdata.fda.gov/drugsatfda_docs/nda/2001/020-839_S-017.PDF
78fe30bc62b1fa26ad2c2502,21011,020839,SUPPL,34,http://www.accessdata.fda.gov/drugsatfda_docs/nda/2006/020839_s034_plavix.pdf
e4ebcc75eda968a88e67ae4b,21012,020841,ORIG,1,http://www.accessdata.fda.gov/drugsatfda_docs/nda/98/020841_Lotemax.html
9bb18ab2595c95bd72e4dbf1,21013,020844,ORIG,1,http://www.accessdata.fda.gov/drugsatfda_docs/nda/98/020844s000_Topamax.html
7ad467718fa016a0634ca51d,21014,020844,SUPPL,1,http://www.accessdata.fda.gov/drugsatfda_docs/nda/99/20844S1_Topamax.html
17d0c4df203b16333463dcb5,21015,020844,SUPPL,10,http://www.accessdata.fda.gov/drugsatfda_docs/nda/2001/20-505s002_20-844s010_Topamax.html
dec5b62ce0fd21c4f1c16937,21016,020845,ORIG,1,http://www.accessdata.fda.gov/drugsatfda_docs/nda/99/20845_INOmax.html
4f1e0867070a391b8473fc57,21017,020845,SUPPL,14,http://www.accessdata.fda.gov/drugsatfda_docs/nda/2013/020845Orig1s014.pdf
15ecc84e1722709b1bb1e837,21018,020845,SUPPL,17,http://www.accessdata.fda.gov/drugsatfda_docs/nda/2015/020845Orig1s017.pdf
57778e08db2ad46f0f9cf097,21019,020846,ORIG,1,http://www.accessdata.fda.gov/drugsatfda_docs/nda/98/020846.pdf
b4e7b9264928d60891715a75,21020,020849,ORIG,1,http://www.accessdata.fda.gov/drugsatfda_docs/nda/98/020849_s000_Prosol.html
2d04feeb9d94c12519ac2649,21021,020855,ORIG,1,http://www.accessdata.fda.gov/drugsatfda_docs/nda/2002/020855_mesnex.html
a53bfe00ac413b019cd42f9d,21022,020857,SUPPL,8,http://www.accessdata.fda.gov/drugsatfda_docs/nda/2000/20-857s008_Combivir.html
ad584fc5fee38d72a4cd0c71,21023,020857,SUPPL,9,http://www.accessdata.fda.gov/drugsatfda_docs/nda/2002/020857_S009_Combivar.pdf
a6e173a3f4e3325d52bc608b,21024,020857,SUPPL,10,http://www.accessdata.fda.gov/drugsatfda_docs/nda/2002/020857_S010_Combivar.pdf
60cf22e46aafd646692b97b1,21025,020859,ORIG,1,http://www.accessdata.fda.gov/drugsatfda_docs/nda/99/20859_Sonata.html
024f3149ec0054323f29859a,21026,020862,ORIG,1,http://www.accessdata.fda.gov/drugsatfda_docs/nda/99/020862_Hectorol.html
deba2e50d92a49fcde6518bd,21027,020863,ORIG,1,http://www.accessdata.fda.gov/drugsatfda_docs/nda/99/20863.html
5e5137d57261614409d5dcca,21028,020864,SUPPL,4,http://www.accessdata.fda.gov/drugsatfda_docs/nda/2000/20-864S004_review.pdf
d092d3cb8764b989678d6ebc,21029,020864,SUPPL,8,http://www.accessdata.fda.gov/drugsatfda_docs/nda/2002/020864_s008_MAXALT_TABLETS.pdf
b256cc46de705caa18c756f4,21030,020865,SUPPL,6,http://www.accessdata.fda.gov/drugsatfda_docs/nda/2000/20865S-006.pdf
53f8f87adfc1d22e46ef157e,21031,020865,SUPPL,7,http://www.accessdata.fda.gov/drugsatfda_docs/nda/2000/20865S-007.pdf
8313b6996823002b3d470443,21032,020866,ORIG,1,http://www.accessdata.fda.gov/drugsatfda_docs/nda/2009/020866_cycloset_toc.html
6afee09c3a63664f81a86707,21033,020868,ORIG,1,http://www.accessdata.fda.gov/drugsatfda_docs/nda/97/020868a.pdf
c95d849e21ea1893e660d196,21034,020872,SUPPL,1,http://www.accessdata.fda.gov/drugsatfda_docs/nda/2001/20-872S004_Allegra.pdf
c95d849e21ea1893e660d196,21035,020872,SUPPL,4,http://www.accessdata.fda.gov/drugsatfda_docs/nda/2001/20-872S004_Allegra.pdf
19b7cb292abdd875cb4fd8f0,21036,020872,SUPPL,8,http://www.accessdata.fda.gov/drugsatfda_docs/nda/2002/020872_s008_ALLEGRA_TABLETS.pdf
28d9a5a8f06428892b8f075e,21037,020872,SUPPL,9,http://www.accessdata.fda.gov/drugsatfda_docs/nda/2002/020872_s009_ALLEGRA_TABLETS.pdf
94226147dab2a8594c1bf675,21038,020873,ORIG,1,http://www.accessdata.fda.gov/drugsatfda_docs/nda/2000/20873_Angiomax.html
8ebf96d3ffa97632b19838e8,21039,020882,ORIG,1,http://www.accessdata.fda.gov/drugsatfda_docs/nda/98/20882.html
c6053784506c6c68516afbae,21040,020883,ORIG,1,http://www.accessdata.fda.gov/drugsatfda_docs/nda/2000/20-883_Acova.html
4231834c4081d06da6dda978,21041,020885,ORIG,1,http://www.accessdata.fda.gov/drugsatfda_docs/nda/98/020885a.pdf
554cbea5572aa204281f43b7,21042,020885,SUPPL,4,http://www.accessdata.fda.gov/drugsatfda_docs/nda/2001/020885Orig1s004.pdf
72be2304761a7ab3a25b29ad,21043,020886,ORIG,1,http://www.accessdata.fda.gov/drugsatfda_docs/nda/99/20886.html
f7c65ad204a7c84f129015b4,21044,020887,ORIG,1,http://www.accessdata.fda.gov/drugsatfda_docs/nda/98/20887.html
ee5c6cafa716630137345e9a,21045,020892,ORIG,1,http://www.accessdata.fda.gov/drugsatfda_docs/nda/98/20892.html
787bf9d915a87d13c9961119,21046,020895,ORIG,1,http://www.accessdata.fda.gov/drugsatfda_docs/NDA/98/viagra/viagra_toc.html
65cf3709021d700534d6fc4a,21047,020895,SUPPL,2,http://www.accessdata.fda.gov/drugsatfda_docs/nda/98/020895_S002_VIAGRA.pdf
452daddbd63fac185787312d,21048,020896,SUPPL,10,http://www.accessdata.fda.gov/drugsatfda_docs/nda/2001/20-896S10S11_Xeloda.html
1d03566ce17df942373fa645,21049,020897,ORIG,1,http://www.accessdata.fda.gov/drugsatfda_docs/nda/98/20897.html
dfe4b22378b4d5bca006f17b,21050,020900,ORIG,1,http://www.accessdata.fda.gov/drugsatfda_docs/nda/99/20900_Pylori-Chek.html
9df9816cc154e3ddaf13f155,21051,020901,ORIG,1,http://www.accessdata.fda.gov/drugsatfda_docs/nda/98/20901.html
a336bb976f33a888c7bc2540,21052,020903,SUPPL,6,http://www.accessdata.fda.gov/drugsatfda_docs/nda/2001/20-903S006S007_Rebetol.pdf
2fee05d28fc41ee87c29b290,21053,020903,SUPPL,8,http://www.accessdata.fda.gov/drugsatfda_docs/nda/2001/20-903s008s011s012s016_Rebetol.html
2fee05d28fc41ee87c29b290,21265,020903,SUPPL,16,http://www.accessdata.fda.gov/drugsatfda_docs/nda/2001/20-903s008s011s012s016_Rebetol.html
415857cc65bd82e8df7f9d55,21266,020903,SUPPL,30,http://www.accessdata.fda.gov/drugsatfda_docs/nda/2003/020903_S30_REBETOL REBETRON.pdf
0b08839524115a58176d6841,21267,020903,SUPPL,32,http://www.accessdata.fda.gov/drugsatfda_docs/nda/2003/020903_S32_REBETOL RETETRON.pdf
dd4530a168011eeba5e81148,21268,020905,SUPPL,6,http://www.accessdata.fda.gov/drugsatfda_docs/nda/2003/020905_S006_ARAVA.pdf
d19d05f358ccdbdf65ca6a5a,21269,020905,SUPPL,7,http://www.accessdata.fda.gov/drugsatfda_docs/nda/2003/020905_S007_ARAVA.pdf
561e89b36c37c919ba7c8671,21270,020907,SUPPL,2,http://www.accessdata.fda.gov/drugsatfda_docs/nda/2000/020907_S002.pdf
27d2325c7cfb93fdf54cedb8,21271,020907,SUPPL,7,http://www.accessdata.fda.gov/drugsatfda_docs/nda/2004/020907_S007.pdf
fd38acb852bbba0f3b0b8f7d,21272,020908,ORIG,1,http://www.accessdata.fda.gov/drugsatfda_docs/nda/99/020908_000_VagifemTOC.html
7c07007d08b8fa33c30e7ba4,21273,020912,SUPPL,1,http://www.accessdata.fda.gov/drugsatfda_docs/nda/99/20912S001_Aggrastat.html
ab38e17ee771fdc4cbc55286,21274,020912,SUPPL,4,http://www.accessdata.fda.gov/drugsatfda_docs/nda/2000/20912-s004_aggrasat.pdf
7c07007d08b8fa33c30e7ba4,21275,020913,SUPPL,1,http://www.accessdata.fda.gov/drugsatfda_docs/nda/99/20912S001_Aggrastat.html
c1df12a389e74ad507a930e0,21276,020919,SUPPL,12,http://www.accessdata.fda.gov/drugsatfda_docs/nda/2007/020919_s012_GEODON.pdf
e1aa8cc6f3419d9da3002952,21277,020922,ORIG,1,http://www.accessdata.fda.gov/drugsatfda_docs/nda/99/20-922_Solage.html
f649320b35f3d9a15b8f3433,21278,020926,ORIG,1,http://www.accessdata.fda.gov/drugsatfda_docs/nda/98/020926.html
427afa050b88ae4c5cb28c01,21279,020929,ORIG,1,http://www.accessdata.fda.gov/drugsatfda_docs/nda/2000/20-929_Pulmicort.html
208076a09d09effaadd46a87,21280,020929,SUPPL,13,http://www.accessdata.fda.gov/drugsatfda_docs/nda/2003/020929_S013_PULMICORT_RESPULES_AP.pdf
0f2be9ead4088ce75d9b21f9,21281,020932,ORIG,1,http://www.accessdata.fda.gov/drugsatfda_docs/nda/98/20932.html
49c21b9c8041a5fbca2717a5,21282,020933,SUPPL,14,http://www.accessdata.fda.gov/drugsatfda_docs/nda/2005/020933_S014_VIRAMUNE.pdf
a1a35d9f5ea99a1316e745a4,21283,020934,ORIG,1,http://www.accessdata.fda.gov/drugsatfda_docs/nda/99/20934.html
ff86deb18536f8dad1f507e2,21284,020936,SUPPL,1,http://www.accessdata.fda.gov/drugsatfda_docs/nda/99/020936Orig1s001.pdf
bc1d07fa4da58adbe6a26912,21285,020936,SUPPL,4,http://www.accessdata.fda.gov/drugsatfda_docs/nda/2000/020936Orig1s004.pdf
4c27b9272334f3119560b9fb,21286,020936,SUPPL,6,http://www.accessdata.fda.gov/drugsatfda_docs/nda/2001/020936Orig1s006.pdf
5d3efa0ee508000fde7219f8,21287,020936,SUPPL,7,http://www.accessdata.fda.gov/drugsatfda_docs/nda/2001/020936Orig1s007.pdf
df4764734325c1685bc25092,21288,020936,SUPPL,8,http://www.accessdata.fda.gov/drugsatfda_docs/nda/2002/20-936s008_Paroxetine_PaxilCR.html
1b7bea7df0c5209721a54e61,21289,020936,SUPPL,12,http://www.accessdata.fda.gov/drugsatfda_docs/nda/2003/020936_S012_PAXIL_AP.pdf
9c845a70c3a3dcdab676c949,21290,020937,ORIG,1,http://www.accessdata.fda.gov/drugsatfda_docs/nda/99/20937_OptiMark.html
5a78e49cfda6c7a4d2cd29b6,21291,020938,ORIG,1,http://www.accessdata.fda.gov/drugsatfda_docs/nda/2000/20-938_Mobic.html
834a69a4602178d3d2159baa,21292,020939,ORIG,1,http://www.accessdata.fda.gov/drugsatfda_docs/nda/2000/20-939_Diltiazem.html
8f29241c46057b6373094810,21293,020941,ORIG,1,http://www.accessdata.fda.gov/drugsatfda_docs/nda/2000/20-941_Abreva.html
5641339f416923126c9b9f60,21294,020943,ORIG,1,http://www.accessdata.fda.gov/drugsatfda_docs/nda/98/20-943_VerelanPM.html
e2a6bc1ca800b828c43daa98,21295,020944,ORIG,1,http://www.accessdata.fda.gov/drugsatfda_docs/nda/98/20944_Advil.html
bb4023797b91d2ad1b2aedcc,21296,020944,SUPPL,3,http://www.accessdata.fda.gov/drugsatfda_docs/nda/2004/020944Orig1s002_s003.pdf
1fb5211297cc56630a5e83b0,21297,020947,ORIG,1,http://www.accessdata.fda.gov/drugsatfda_docs/nda/2009/020947_pennsaid_toc.html
5541458701de539a6051941b,21298,020950,ORIG,1,http://www.accessdata.fda.gov/drugsatfda_docs/nda/2001/20950_DuoNeb.html
639326d83445bd3417cf5e4a,21299,020951,ORIG,1,http://www.accessdata.fda.gov/drugsatfda_docs/nda/99/020951A_Tagament.html
981c03abd05c1f5ca08c83d6,21300,020954,ORIG,1,http://www.accessdata.fda.gov/drugsatfda_docs/nda/99/20954.html
9f9db116db59eefb469103b0,21301,020954,SUPPL,5,http://www.accessdata.fda.gov/drugsatfda_docs/nda/2002/20-954s005_Busulfex.html
49e954394e729f8c4bb3b3dd,21302,020955,SUPPL,1,http://www.accessdata.fda.gov/drugsatfda_docs/nda/99/020955_S001_FERRLECIT_AP.pdf
023ec889789c994d2e34e674,21303,020961,ORIG,1,http://www.accessdata.fda.gov/drugsatfda_docs/nda/98/20961_Vitravene.html
458e7dce49d8442071bc0e70,21304,020965,ORIG,1,http://www.accessdata.fda.gov/drugsatfda_docs/nda/99/20-965_Levulan.html
9aaf9c0123e77ab7735c932b,21305,020966,SUPPL,1,http://www.accessdata.fda.gov/drugsatfda_docs/nda/2001/20-966S001_Sporanox.html
9aaf9c0123e77ab7735c932b,21306,020966,SUPPL,4,http://www.accessdata.fda.gov/drugsatfda_docs/nda/2001/20-966S001_Sporanox.html
cecbbeb66508d12a85b89ca3,21307,020969,ORIG,1,http://www.accessdata.fda.gov/drugsatfda_docs/nda/99/20969.html
930d9df03a240f1068947360,21308,020971,ORIG,1,http://www.accessdata.fda.gov/drugsatfda_docs/nda/2000/020971_SeptocaineTOC.html
16aae6d477f800467025e8dc,21309,020971,SUPPL,13,http://www.accessdata.fda.gov/drugsatfda_docs/nda/2006/020971Orig1s013.pdf
829c43ea68f6fb14a668abef,21310,020971,SUPPL,21,http://www.accessdata.fda.gov/drugsatfda_docs/nda/2010/020971Orig1s021.pdf
5b3970e006021a9534fb8237,21311,020971,SUPPL,23,http://www.accessdata.fda.gov/drugsatfda_docs/2010/020971Orig1s023.pdf
4a85130cc3aed0dc0865da69,21312,020972,ORIG,1,http://www.accessdata.fda.gov/drugsatfda_docs/nda/98/20972.html
cb9974a32033e7057a207f3a,21313,020972,SUPPL,1,http://www.accessdata.fda.gov/drugsatfda_docs/nda/2000/20-972_S001_Sustiva.html
5957686d1b657870b88cb01a,21314,020972,SUPPL,27,http://www.accessdata.fda.gov/drugsatfda_docs/nda/2006/020972_S027_SUSTIVA.pdf
1c3570431c11abd45002c49c,21315,020973,ORIG,1,http://www.accessdata.fda.gov/drugsatfda_docs/nda/99/20973_Aciphex.html
223f813abe90d9aedd44effc,21316,020973,SUPPL,9,http://www.accessdata.fda.gov/drugsatfda_docs/nda/2002/020973Orig1s009.pdf
b7967991dd839c6785c5fdd2,21317,020973,SUPPL,13,http://www.accessdata.fda.gov/drugsatfda_docs/nda/2002/021456_aciphex.html
1d418dd792bda5e0b479ad48,21318,020974,ORIG,1,http://www.accessdata.fda.gov/drugsatfda_docs/nda/99/20974_Prozac.html
9c845a70c3a3dcdab676c949,21319,020975,ORIG,1,http://www.accessdata.fda.gov/drugsatfda_docs/nda/99/20937_OptiMark.html
c555bd9cf8d44afa6d3b8792,21320,020976,SUPPL,3,"http://www.accessdata.fda.gov/drugsatfda_docs/nda/2003/20-937s3,20-975s3,20-976s3_OptiMark.html"
b714b70d985ddaf4c20b8813,21321,020977,SUPPL,12,http://www.accessdata.fda.gov/drugsatfda_docs/nda/2004/020977_S012_Ziagen.pdf
907d6a8a7d5a10a1444cda3b,21322,020978,ORIG,1,http://www.accessdata.fda.gov/drugsatfda_docs/nda/98/20-977_Ziagen.html
cba771923dcbce5568e152f2,21323,020978,SUPPL,9,http://www.accessdata.fda.gov/drugsatfda_docs/nda/2002/020978_S009_ZIAGEN.pdf
33d7015deb459105463b818b,21324,020978,SUPPL,16,http://www.accessdata.fda.gov/drugsatfda_docs/nda/2006/020978_S016_ZIAGEN.pdf
9219eaaffaad5c121133e569,21325,020981,ORIG,1,http://www.accessdata.fda.gov/drugsatfda_docs/nda/2007/020981_hycamtin_toc.html
60b732d60994482b83f31518,21326,020983,ORIG,1,http://www.accessdata.fda.gov/drugsatfda_docs/nda/2001/20-983_Ventolin-HFA.html
cb50176c5474dbf4d4fadce2,21327,020984,ORIG,1,http://www.accessdata.fda.gov/drugsatfda_docs/nda/99/20984_Raplon.html
9b5a3390885cbac0907ceee7,21328,020986,ORIG,1,http://www.accessdata.fda.gov/drugsatfda_docs/nda/2000/20-986_NovoLog.html
4382402ecbb9213ce56a3322,21329,020986,SUPPL,3,http://www.accessdata.fda.gov/drugsatfda_docs/nda/2001/20-986se3003_Novolog.html
d4063192254899bc057532fe,21331,020987,SUPPL,7,http://www.accessdata.fda.gov/drugsatfda_docs/nda/2002/20-987s007_Protonix.html
4fc78bff2413526944b7edc2,21332,020990,ORIG,1,http://www.accessdata.fda.gov/drugsatfda_docs/nda/99/20990_Zoloft.html
2e56f39c41c92cc9cd72b9f7,21333,020990,SUPPL,3,http://www.accessdata.fda.gov/drugsatfda_docs/nda/2001/19-839S35_Zoloft.html
1130818ac6026634c2e9319d,21334,020990,SUPPL,10,"http://www.accessdata.fda.gov/drugsatfda_docs/nda/2003/019839s044,020990s010_ZoloftTOC.html"
4e94cef4a078182213299a7a,21335,020992,ORIG,1,http://www.accessdata.fda.gov/drugsatfda_docs/nda/99/20992.html
21611897842272dffb455a9b,21336,020992,SUPPL,16,http://www.accessdata.fda.gov/drugsatfda_docs/nda/2002/020992_S016_CENESTINTOC.html
50579e20138be41448ca2c9a,21337,020997,ORIG,1,http://www.accessdata.fda.gov/drugsatfda_docs/nda/99/20997_Chirocaine.html
5913f3f4b18074b51a1a7435,21338,020998,SUPPL,1,http://www.accessdata.fda.gov/drugsatfda_docs/nda/99/020998_S001_CELEBREX.pdf
0e69bfe541149090a23b38fa,21339,020998,SUPPL,4,http://www.accessdata.fda.gov/drugsatfda_docs/nda/2000/020998_S004_CELEBREX.pdf
c41dab8bf746256d8fa55f31,21340,020998,SUPPL,7,http://www.accessdata.fda.gov/drugsatfda_docs/nda/99/21156-S007_Celebrex.html
e67b30544eca664d30c861de,21341,020998,SUPPL,8,http://www.accessdata.fda.gov/drugsatfda_docs/nda/2000/020998_S008_CELEBREX.pdf
03ecf5f0cea7bd588e44519d,21342,020998,SUPPL,10,http://www.accessdata.fda.gov/drugsatfda_docs/nda/2001/20-998s010_Celebrex.html
b551951e0d509e10bffdb4db,21343,020998,SUPPL,13,http://www.accessdata.fda.gov/drugsatfda_docs/nda/2002/20-998s013_Celebrex.html
abed6f3ad446d24283366277,21344,020998,SUPPL,14,http://www.accessdata.fda.gov/drugsatfda_docs/nda/2002/020998_S014_CELEBREXTOC.html
86231fff7b18dd332c2f90b4,21345,020998,SUPPL,16,http://www.accessdata.fda.gov/drugsatfda_docs/nda/2004/020998_s016_CelebrexTOC.html
677acaf60abd1f9d193ff199,21346,021003,ORIG,1,http://www.accessdata.fda.gov/drugsatfda_docs/nda/98/21003_Epivir.html
8ccfb9dac22df8b7447067e6,21347,021003,SUPPL,2,http://www.accessdata.fda.gov/drugsatfda_docs/nda/2001/21-003SE1002_EpivirHBV.html
8ccfb9dac22df8b7447067e6,21348,021004,SUPPL,2,http://www.accessdata.fda.gov/drugsatfda_docs/nda/2001/21-003SE1002_EpivirHBV.html
9619daffc02105dca266d6c6,21349,021005,ORIG,1,http://www.accessdata.fda.gov/drugsatfda_docs/nda/2000/21005_Solaraze.html
462fa8c5ea0c5f5286a0a1a4,21350,021006,ORIG,1,http://www.accessdata.fda.gov/drugsatfda_docs/nda/2001/21-006_Frova.html
b56b69b69151130f9701bd07,21351,021007,SUPPL,6,http://www.accessdata.fda.gov/drugsatfda_docs/nda/2001/N21-007S006_Agenerase.html
b8c62317c8a705d851519145,21352,021008,ORIG,1,http://www.accessdata.fda.gov/drugsatfda_docs/nda/98/021008.html
4c62ffd199616afb3f87ec9d,21353,021015,ORIG,1,http://www.accessdata.fda.gov/drugsatfda_docs/nda/2000/21-015_AndroGel.html
c0ada1513775422f06d51a9e,21354,021015,SUPPL,8,http://www.accessdata.fda.gov/drugsatfda_docs/nda/2003/021015_s008_AndrogelTOC.html
6acde065d244df1d467e3612,21355,021015,SUPPL,10,http://www.accessdata.fda.gov/drugsatfda_docs/nda/2003/021015_s010_AndrogelTOC.html
aca30df96144673e38b443f1,21356,021019,ORIG,1,http://www.accessdata.fda.gov/drugsatfda_docs/nda/99/21019a.html
eeb5c817de6fca01a182eb6d,21357,021024,SUPPL,8,http://www.accessdata.fda.gov/drugsatfda_docs/nda/2009/021024Orig1s008.pdf
0ac740706bdfadc01ec5ab50,21358,021025,SUPPL,3,http://www.accessdata.fda.gov/drugsatfda_docs/nda/2001/021025_S003_EXELON_AP.pdf
351e6e63d3526f1d7955a766,21359,021025,SUPPL,8,http://www.accessdata.fda.gov/drugsatfda_docs/nda/2006/021025_s008_exelon_capsules.pdf
b6a077a8b4f2fe421028e6c6,21360,021027,ORIG,1,http://www.accessdata.fda.gov/drugsatfda_docs/nda/2000/21027_Hectorol.html
0a90e0f7c69992e36543d3b0,21361,021027,SUPPL,15,http://www.accessdata.fda.gov/drugsatfda_docs/nda/2008/021027Orig1s015.pdf
73d5f7ccd212066980e6ffcd,21362,021036,ORIG,1,http://www.accessdata.fda.gov/drugsatfda_docs/nda/99/21036.html
2e771324550286129fe33f05,21363,021036,SUPPL,1,http://www.accessdata.fda.gov/drugsatfda_docs/nda/2000/21-036-s001_Relenza.html
5fa08751434af46d3adac9ea,21364,021036,SUPPL,8,http://www.accessdata.fda.gov/drugsatfda_docs/nda/2006/021036Orig1s008.pdf
62c8ad6c389ec540ae10c661,21365,021037,ORIG,1,http://www.accessdata.fda.gov/drugsatfda_docs/nda/2000/21037_Magnevist.pdf
b08f1099f5a7507c4ff5c7fb,21366,021038,ORIG,1,http://www.accessdata.fda.gov/drugsatfda_docs/nda/99/21-038_Precedex.html
8dcf96ef0dbb939fd84aa67d,21367,021038,SUPPL,17,http://www.accessdata.fda.gov/drugsatfda_docs/nda/2010/021038Orig1s017.pdf
c43ae6e0b56c97542c461a19,21368,021038,SUPPL,20,http://www.accessdata.fda.gov/drugsatfda_docs/nda/2013/021038Orig1s020.pdf
8e147e7cd48042986f3fc3ae,21369,021039,ORIG,1,http://www.accessdata.fda.gov/drugsatfda_docs/nda/99/21007&21039_Agenerase.html
b56b69b69151130f9701bd07,21370,021039,SUPPL,6,http://www.accessdata.fda.gov/drugsatfda_docs/nda/2001/N21-007S006_Agenerase.html
ef53a54cc95d86cfcad9bd80,21371,021040,ORIG,1,http://www.accessdata.fda.gov/drugsatfda_docs/nda/99/021040_s000_OrthoPrefestTOC.html
00dc2b1be249d8eddea50a06,21372,021041,ORIG,1,http://www.accessdata.fda.gov/drugsatfda_docs/nda/99/21-041_DepoCyt.html
2e76e161d9bb62f2aea085cd,21373,021042,SUPPL,4,http://www.accessdata.fda.gov/drugsatfda_docs/nda/2000/021042_S004_VIOXX.pdf
8b6a92d16fc37949cf9253df,21374,021042,SUPPL,7,http://www.accessdata.fda.gov/drugsatfda_docs/nda/2002/21-042s007_Vioxx.html
8b6a92d16fc37949cf9253df,21375,021042,SUPPL,8,http://www.accessdata.fda.gov/drugsatfda_docs/nda/2002/21-042s007_Vioxx.html
8b6a92d16fc37949cf9253df,21376,021042,SUPPL,10,http://www.accessdata.fda.gov/drugsatfda_docs/nda/2002/21-042s007_Vioxx.html
c4cfab389308566e901f0977,21377,021042,SUPPL,11,http://www.accessdata.fda.gov/drugsatfda_docs/nda/2001/021042_S011_VIOXX.pdf
8b6a92d16fc37949cf9253df,21378,021042,SUPPL,13,http://www.accessdata.fda.gov/drugsatfda_docs/nda/2002/21-042s007_Vioxx.html
2e479c4fa4c02f352bd0b84e,21379,021042,SUPPL,15,http://www.accessdata.fda.gov/drugsatfda_docs/nda/2002/021042_S015_VIOXX.pdf
ef1aea8b4641117ab51bfec2,21380,021042,SUPPL,16,http://www.accessdata.fda.gov/drugsatfda_docs/nda/2002/021042_S016_VIOXX.pdf
86bc03dee9c8b9e6a7ecfcda,21381,021042,SUPPL,17,http://www.accessdata.fda.gov/drugsatfda_docs/nda/2003/021042_s017_021052_s011_VioxxTOC.html
71a73178dda215c9af211bae,21382,021042,SUPPL,21,http://www.accessdata.fda.gov/drugsatfda_docs/nda/2003/021042_s020s021s022_021052_s014s015s016_VioxxTOC.html
b6404099bafb062ed3bfa22f,21383,021042,SUPPL,23,http://www.accessdata.fda.gov/drugsatfda_docs/nda/2003/021042_s023_VioxxtmTOC.html
6d23182c01e694913aec3327,21384,021042,SUPPL,24,http://www.accessdata.fda.gov/drugsatfda_docs/nda/2003/021042_s024_021052_s017_VioxxtmTOC.html
23dc68bc5f0d414e1a3fce40,21385,021042,SUPPL,26,http://www.accessdata.fda.gov/drugsatfda_docs/nda/2004/021042_S026_VIOXX.pdf
3b45fd5268b30a9ebc108290,21386,021042,SUPPL,28,http://www.accessdata.fda.gov/drugsatfda_docs/nda/2004/021042_S028_VIOXX.pdf
944fc1d040def689586f7168,21387,021045,SUPPL,11,http://www.accessdata.fda.gov/drugsatfda_docs/nda/2006/021045s11_planb.html
3661879de566cd99391102fc,21388,021046,ORIG,1,http://www.accessdata.fda.gov/drugsatfda_docs/nda/99/21-046_Celexa.pdf
cf11778a4af6ec6e45e539e7,21389,021046,SUPPL,16,http://www.accessdata.fda.gov/drugsatfda_docs/nda/2011/020822Orig1s038s040_021046Orig1s016s017Rev.pdf
8b6a92d16fc37949cf9253df,21391,021052,SUPPL,4,http://www.accessdata.fda.gov/drugsatfda_docs/nda/2002/21-042s007_Vioxx.html
8b6a92d16fc37949cf9253df,21392,021052,SUPPL,5,http://www.accessdata.fda.gov/drugsatfda_docs/nda/2002/21-042s007_Vioxx.html
8b6a92d16fc37949cf9253df,21393,021052,SUPPL,7,http://www.accessdata.fda.gov/drugsatfda_docs/nda/2002/21-042s007_Vioxx.html
8b6a92d16fc37949cf9253df,21394,021052,SUPPL,9,http://www.accessdata.fda.gov/drugsatfda_docs/nda/2002/21-042s007_Vioxx.html
b835bf91dd1033ab377c07c1,21395,021052,SUPPL,10,http://www.accessdata.fda.gov/drugsatfda_docs/nda/2002/021052_S010_VIOXX.pdf
71a73178dda215c9af211bae,21396,021052,SUPPL,14,http://www.accessdata.fda.gov/drugsatfda_docs/nda/2003/021042_s020s021s022_021052_s014s015s016_VioxxTOC.html
700d2af628b7c3fe51a08427,21397,021052,SUPPL,21,http://www.accessdata.fda.gov/drugsatfda_docs/nda/2004/021052_S021_VIOXX.pdf
bd734df1eb8bad509e29ff43,21398,021056,ORIG,1,http://www.accessdata.fda.gov/drugsatfda_docs/nda/2000/21-056_Targretin.html
f208f8a3d5e3cecba2faa2ff,21399,021057,ORIG,1,http://www.accessdata.fda.gov/drugsatfda_docs/nda/99/21057_Antagon.html
0a31a7d87125c1a5b7885839,21400,021060,ORIG,1,http://www.accessdata.fda.gov/drugsatfda_docs/nda/2004/21-060_Prialt.html
7b27db8ecf6d47f5de28aed1,21401,021064,SUPPL,11,http://www.accessdata.fda.gov/drugsatfda_docs/nda/2011/021064Orig1s011TOC.html
f4079d9e37ad8f952e858ab1,21402,021066,ORIG,1,http://www.accessdata.fda.gov/drugsatfda_docs/nda/99/21-066_Zaditor.html
666de2e30c149ff47296ff84,21403,021066,SUPPL,1,http://www.accessdata.fda.gov/drugsatfda_docs/nda/2000/021066Orig1s001.pdf
02ef1d859c4dbb1371184456,21404,021071,ORIG,1,http://www.accessdata.fda.gov/drugsatfda_docs/nda/99/21071_Avandia.html
aefe8fd907e5815e910f2e50,21405,021071,SUPPL,1,http://www.accessdata.fda.gov/drugsatfda_docs/nda/2000/21-071S001_Avandia.html
6132e8545bafbc8ed8064f13,21406,021071,SUPPL,4,http://www.accessdata.fda.gov/drugsatfda_docs/nda/2003/021071_S004_AVANDIA.pdf
d7a6c428cc08a841dbaa59d5,21407,021073,SUPPL,2,http://www.accessdata.fda.gov/drugsatfda_docs/nda/2000/021073_S002_ACTOS.pdf
6064757ec221a643e8ed9343,21408,021073,SUPPL,4,http://www.accessdata.fda.gov/drugsatfda_docs/nda/2000/021073_S004_ACTOS.pdf
59061fbb09f999f6edd7a06f,21409,021073,SUPPL,5,http://www.accessdata.fda.gov/drugsatfda_docs/nda/2000/021073_S005_ACTOS.pdf
76923e5a72b048ab076499d9,21410,021073,SUPPL,6,http://www.accessdata.fda.gov/drugsatfda_docs/nda/2000/021073_S006_ACTOS.pdf
f4175716f352a6b555779653,21411,021073,SUPPL,7,http://www.accessdata.fda.gov/drugsatfda_docs/nda/2001/021073_S007_ACTOS.pdf
e27cb14d18b9fb942345d031,21412,021073,SUPPL,8,http://www.accessdata.fda.gov/drugsatfda_docs/nda/2001/021073_S008_ACTOS TABLETS.pdf
70d5cdbec286e43de239109c,21413,021073,SUPPL,10,http://www.accessdata.fda.gov/drugsatfda_docs/nda/2002/021073_S010_Actos Tablets_APPROVAL PACKAGE.pdf
1637bd9b9badc56b1f2bc2a5,21414,021073,SUPPL,13,http://www.accessdata.fda.gov/drugsatfda_docs/nda/2002/021073_S013_ACTOS_TABLETS.pdf
c9af376659289503c49730a2,21415,021073,SUPPL,14,http://www.accessdata.fda.gov/drugsatfda_docs/nda/2001/021073_S014_ACTOS.pdf
04bde7706c742cd076566ec5,21416,021073,SUPPL,16,http://www.accessdata.fda.gov/drugsatfda_docs/nda/2002/021073_S016_ACTOS.pdf
bf75de4535917f0566ec0d26,21417,021074,ORIG,1,http://www.accessdata.fda.gov/drugsatfda_docs/nda/2001/21-074_Avagard.html
d8626293703b507ed62a655c,21419,021077,ORIG,1,http://www.accessdata.fda.gov/drugsatfda_docs/nda/2000/21077_AdvairDiskus.html
3ebdb62f8d4f2fef3140843e,21420,021077,SUPPL,19,http://www.accessdata.fda.gov/drugsatfda_docs/nda/2003/021077_s019_ADVAIR DISKUS.pdf
4baaf86bc5fede377ac8bbad,21421,021077,SUPPL,50,http://www.accessdata.fda.gov/drugsatfda_docs/nda/2013/021077Orig1s050.pdf
4d95a608792ba214d18afbeb,21422,021078,ORIG,1,http://www.accessdata.fda.gov/drugsatfda_docs/nda/2000/021078_malarone.html
076cfcc824d38470d2778e49,21423,021078,SUPPL,1,http://www.accessdata.fda.gov/drugsatfda_docs/nda/2002/021078_s001_MalaroneTOC.html
499c28ecf5cd92f9e24d4385,21424,021078,SUPPL,4,http://www.accessdata.fda.gov/drugsatfda_docs/nda/2002/021078_s004_MalaroneTOC.html
e888412e2b41180af09050ad,21425,021079,ORIG,1,http://www.accessdata.fda.gov/drugsatfda_docs/nda/99/21079_Alamast.pdf
90136dd60d79f7e2b15c5974,21427,021082,ORIG,1,http://www.accessdata.fda.gov/drugsatfda_docs/nda/2001/21-082_Tavist.html
e6d63b8d09d84693ab324dcf,21428,021083,ORIG,1,http://www.accessdata.fda.gov/drugsatfda_docs/nda/99/21083A.html
8a2727fdd68f34e1864a6c84,21429,021083,SUPPL,6,http://www.accessdata.fda.gov/drugsatfda_docs/nda/2003/021083_S006_RAPAMUNE.pdf
9aea83c54160c2f32d3bdb5d,21430,021084,ORIG,1,http://www.accessdata.fda.gov/drugsatfda_docs/nda/2000/21084_SERPACWA.html
68ccac63dc1771099a1db755,21431,021085,SUPPL,10,http://www.accessdata.fda.gov/drugsatfda_docs/nda/2001/21-085S10_Avelox.html
c3fa80c04ff758d01b65475e,21432,021085,SUPPL,22,http://www.accessdata.fda.gov/drugsatfda_docs/nda/2004/021085_S022_Avelox_Tablets.pdf
962a35b9ab10153826100951,21433,021086,ORIG,1,http://www.accessdata.fda.gov/drugsatfda_docs/nda/2000/21-086_ZyprexaZydis.html
a52d4a826e2ef42c6db873e4,21434,021087,SUPPL,1,http://www.accessdata.fda.gov/drugsatfda_docs/nda/2000/021087_S001_TamifluTOC.html
87229d3218104fd28e6ea6b9,21435,021087,SUPPL,2,http://www.accessdata.fda.gov/drugsatfda_docs/nda/2000/21-087SE1-002_review.pdf
e987a9ca636dd43962253552,21436,021087,SUPPL,3,http://www.accessdata.fda.gov/drugsatfda_docs/nda/2000/021087_S003_TamifluTOC.html
bdd62b64d7da623f9ecf8844,21437,021087,SUPPL,4,http://www.accessdata.fda.gov/drugsatfda_docs/nda/2001/021087_S004_TamifluTOC.html
17f6cd895f26a9efd4897372,21438,021087,SUPPL,6,http://www.accessdata.fda.gov/drugsatfda_docs/nda/2001/021087_s005s006_021246s001_TamifluTOC.html
9e5a8ced7859c7a38f9a2244,21439,021087,SUPPL,9,http://www.accessdata.fda.gov/drugsatfda_docs/nda/2001/021087_S009_021246s004TamifluTOC.html
d44bb93eba028548c26324e6,21440,021087,SUPPL,10,http://www.accessdata.fda.gov/drugsatfda_docs/nda/2002/021087_S010_021246s007_TamifluTOC.html
f72a8e6fac271e64fc5104d8,21441,021087,SUPPL,11,http://www.accessdata.fda.gov/drugsatfda_docs/nda/2002/021087_S011_TamilfluTOC.html
06d918cb0aa48d16e041f437,21442,021087,SUPPL,40,http://www.accessdata.fda.gov/drugsatfda_docs/nda/2007/021087Orig1s040.pdf
112cb8f90bcfe7f630a27797,21443,021087,SUPPL,56,http://www.accessdata.fda.gov/drugsatfda_docs/nda/2011/021087Orig1s056.pdf
65a1dd581365d7c16c12d2b7,21444,021087,SUPPL,62,http://www.accessdata.fda.gov/drugsatfda_docs/nda/2012/021246Orig1s045_021087Orig1s062_tamiflu_toc.html
a46c53194d5206374ee0c459,21445,021088,ORIG,1,http://www.accessdata.fda.gov/drugsatfda_docs/nda/2000/02-1088_Vidaur.html
96bbcce61b43866b27ab3efb,21446,021093,ORIG,1,http://www.accessdata.fda.gov/drugsatfda_docs/nda/2000/21-093_AtacandHCT.html
6e91b97be1502bf9f67ad454,21447,021097,SUPPL,14,http://www.accessdata.fda.gov/drugsatfda_docs/nda/2009/021097Orig1s014.pdf
125ce6047e0deb43f061aa32,21448,021098,ORIG,1,http://www.accessdata.fda.gov/drugsatfda_docs/nda/2001/21-098_Yasmin.html
5da2a3a05d7955b8d6c59857,21449,021098,SUPPL,22,http://www.accessdata.fda.gov/drugsatfda_docs/nda/2012/021098Orig1s022.pdf
271a6f230eb11f0c9842332e,21450,021102,ORIG,1,http://www.accessdata.fda.gov/drugsatfda_docs/nda/99/021102_s000_21065_FemhrtTOC.html
29ba809e727dbe3323480154,21451,021103,ORIG,1,http://www.accessdata.fda.gov/drugsatfda_docs/nda/2000/21-103_Activella.html
ef079c3791d6aaa80cf6f57b,21453,021107,ORIG,1,http://www.accessdata.fda.gov/drugsatfda_docs/nda/2000/21107a_Lotronex.html
c46fea7863636b08136721cf,21454,021107,SUPPL,2,http://www.accessdata.fda.gov/drugsatfda_docs/nda/2000/021107_S002_LOTRONEX_TABLET.pdf
3fa6fc444ab6ef1fa5211e25,21455,021107,SUPPL,5,http://www.accessdata.fda.gov/drugsatfda_docs/nda/2002/021107_S005_LOTRONEX_TABLETS.pdf
c0b70c8d87c21b9614939da2,21456,021107,SUPPL,6,http://www.accessdata.fda.gov/drugsatfda_docs/nda/2002/021107_S006_LOTRONEX_TABLETS.pdf
fe3d36d4bf1329d7742c0037,21457,021110,ORIG,1,http://www.accessdata.fda.gov/drugsatfda_docs/nda/2000/21110_Rapamune.html
78c6a9fe1fe1e26552381945,21458,021116,ORIG,1,http://www.accessdata.fda.gov/drugsatfda_docs/nda/2002/21-116_Thyro-Tabs.html
2be024a69bac1d387ef05492,21459,021119,SUPPL,1,http://www.accessdata.fda.gov/drugsatfda_docs/nda/2001/21-119S001_Visudyne.html
92f289be791e4912d3cee855,21460,021120,ORIG,1,http://www.accessdata.fda.gov/drugsatfda_docs/nda/2000/21120_Novantrone.html
2a36e2f7b073e5f04faba915,21461,021121,ORIG,1,http://www.accessdata.fda.gov/drugsatfda_docs/nda/2000/21-121_Concerta.html
d09b3effea66a14664a978fd,21462,021121,SUPPL,17,http://www.accessdata.fda.gov/drugsatfda_docs/nda/2008/021121s017.pdf
fe4a7da6f658a72e144dbc4a,21463,021128,ORIG,1,http://www.accessdata.fda.gov/drugsatfda_docs/nda/2000/21-128_ChildrensMotrin.html
544d4748211119852b5e824b,21464,021129,ORIG,1,http://www.accessdata.fda.gov/drugsatfda_docs/nda/2000/21-129_Neurontin.html
3e1df1357e9a0682573a7783,21465,021131,ORIG,1,http://www.accessdata.fda.gov/drugsatfda_docs/nda/2000/21130_Zyvox.html
f692d71b53e1ea6771098513,21466,021131,SUPPL,12,http://www.accessdata.fda.gov/drugsatfda_docs/nda/2007/021131Orig1s012.pdf
70a5a315215130286e5c3a1e,21467,021132,SUPPL,3,http://www.accessdata.fda.gov/drugsatfda_docs/nda/2002/21-130s003_21131s003_21132s003_ZyvoxTOC.html
d60b7cb0dbdb903de288a3fd,21468,021134,ORIG,1,http://www.accessdata.fda.gov/drugsatfda_docs/nda/2000/21134_Nitrostat.html
c5f9e74a7121929af35964e9,21469,021135,ORIG,1,http://www.accessdata.fda.gov/drugsatfda_docs/nda/2000/21135_Venofer.html
568e713386c809ffada30df5,21470,021140,ORIG,1,http://www.accessdata.fda.gov/drugsatfda_docs/nda/2000/21-140_Imodium.html
5abc751b9ae0ba9c0316c840,21471,021140,SUPPL,3,http://www.accessdata.fda.gov/drugsatfda_docs/nda/2004/021140_S003_IMODIUM_ADVANCED_CAPLETS.pdf
a3fab82c276fa387a0fb67b0,21472,021142,ORIG,1,http://www.accessdata.fda.gov/drugsatfda_docs/nda/2000/21-142_Olux.html
41905b87c07b2d34586e3d57,21473,021144,SUPPL,12,http://www.accessdata.fda.gov/drugsatfda_docs/nda/2007/021144Orig1s012Approv.pdf
890bdba28148774b90168ced,21474,021145,ORIG,1,http://www.accessdata.fda.gov/drugsatfda_docs/nda/2000/21145_Vaniga.html
ca6594533e9a4defff4729a4,21475,021145,SUPPL,3,http://www.accessdata.fda.gov/drugsatfda_docs/nda/2001/021145_S003_VANIQA CREAM.pdf
089ae6e1ebd61fc5ab259c36,21476,021146,ORIG,1,http://www.accessdata.fda.gov/drugsatfda_docs/nda/2001/21-146_Atropine.html
d14741300019710bd9e25538,21478,021150,SUPPL,7,http://www.accessdata.fda.gov/drugsatfda_docs/nda/2007/021150s007TOC.html
98cec742d9c9ac6ded8b6e98,21479,021152,ORIG,1,http://www.accessdata.fda.gov/drugsatfda_docs/nda/2005/021152s000TOC.html
664f339d244b57b8022a630b,21480,021153,SUPPL,45,http://www.accessdata.fda.gov/drugsatfda_docs/nda/2013/021153Orig1s045.pdf
5789ce1d02af1d31a3f70bf4,21481,021153,SUPPL,47,http://www.accessdata.fda.gov/drugsatfda_docs/nda/2013/021153Orig1s047.pdf
c41dab8bf746256d8fa55f31,21482,021156,ORIG,1,http://www.accessdata.fda.gov/drugsatfda_docs/nda/99/21156-S007_Celebrex.html
d8b119b1326f2ca06f3be181,21483,021163,ORIG,1,http://www.accessdata.fda.gov/drugsatfda_docs/nda/2000/21-163_Multi-12.html
715a5472ad94af848e2256a7,21484,021167,ORIG,1,http://www.accessdata.fda.gov/drugsatfda_docs/nda/2000/21-167_20-323S23_Vivelle.html
ab0acfea30329bfa8c5ace02,21485,021168,ORIG,1,http://www.accessdata.fda.gov/drugsatfda_docs/nda/2000/21-168_Depakote.html
6b3a4393b48afec61116cfa6,21486,021168,SUPPL,4,http://www.accessdata.fda.gov/drugsatfda_docs/nda/2002/021168_S004_DepakoteTOC.html
07ab1fc3c8e93d15ae001e34,21487,021168,SUPPL,7,http://www.accessdata.fda.gov/drugsatfda_docs/nda/2003/021168_S007_DepakoteTOC.html
8f6be3f07c7b1ed1eecc177f,21490,021178,ORIG,1,http://www.accessdata.fda.gov/drugsatfda_docs/nda/2000/21-178_Glucovance.html
9a4ea8627974e87fc890a0c5,21491,021178,SUPPL,4,http://www.accessdata.fda.gov/drugsatfda_docs/nda/2002/21-178S004_Glucovance.html
cdc5e99f72407a3104839283,21492,021180,ORIG,1,http://www.accessdata.fda.gov/drugsatfda_docs/nda/2001/021-180_ORTHO.html
81ed92a8f1f351e9b1a49eb4,21493,021180,SUPPL,1,http://www.accessdata.fda.gov/drugsatfda_docs/nda/2002/021180_s001_ORTHO EVRA.pdf
ebee0ccab04de30727cf9c74,21494,021180,SUPPL,3,http://www.accessdata.fda.gov/drugsatfda_docs/nda/2002/021180_s003_OrthoTOC.html
3e1231072f7b53334fc60993,21495,021183,ORIG,1,http://www.accessdata.fda.gov/drugsatfda_docs/nda/2000/21-183_Videx.html
38eb5a9a08baa086393da780,21496,021183,SUPPL,1,http://www.accessdata.fda.gov/drugsatfda_docs/nda/2002/021183_S001_VIDEX_AP.pdf
fc47f6f4c6908fb843591a4d,21497,021184,SUPPL,2,http://www.accessdata.fda.gov/drugsatfda_docs/nda/2002/21-184s002_Avage.html
494c9bf0463cf41b7e04f78d,21498,021187,SUPPL,22,http://www.accessdata.fda.gov/drugsatfda_docs/nda/2013/021187Orig1s021s022TOC.html
49250760e2516627e54b45a6,21499,021190,ORIG,1,http://www.accessdata.fda.gov/drugsatfda_docs/nda/2000/21-190_Buspar.html
d1081e26be4cec02cc76ce4b,21500,021191,ORIG,1,http://www.accessdata.fda.gov/drugsatfda_docs/nda/2002/21-191_Imagent.html
bd76a90f40a8569cc0ba893e,21501,021192,SUPPL,4,http://www.accessdata.fda.gov/drugsatfda_docs/nda/2002/021192_s004_LESCOL_CAPSULES.pdf
d71ce735b4b03b264dcd1ada,21502,021192,SUPPL,19,http://www.accessdata.fda.gov/drugsatfda_docs/nda/2012/021192s019.pdf
17c6af0cf003951257e6a3dc,21503,021196,ORIG,1,http://www.accessdata.fda.gov/drugsatfda_docs/nda/2002/21-196_Xyrem.html
1b96bc2c2211757faa04f889,21504,021197,ORIG,1,http://www.accessdata.fda.gov/drugsatfda_docs/nda/2000/21-197_Cetrotide.html
03d704567ab50ff5e0c4ae86,21505,021204,ORIG,1,http://www.accessdata.fda.gov/drugsatfda_docs/nda/2000/21-204_Stsrlix.html
b17ecd0b4aec3413b9391b2b,21506,021205,SUPPL,6,http://www.accessdata.fda.gov/drugsatfda_docs/nda/2002/21-205s006_Trizivir.html
a05ad71c570f47e05639d6be,21507,021208,ORIG,1,http://www.accessdata.fda.gov/drugsatfda_docs/nda/2001/021208_remeron.html
4ef81dd139288df8dcbd4665,21508,021210,SUPPL,2,http://www.accessdata.fda.gov/drugsatfda_docs/nda/2004/021210_s002_Unithroid.pdf
eb25d5454fab98fe44eb67ab,21509,021210,SUPPL,3,http://www.accessdata.fda.gov/drugsatfda_docs/nda/2004/021210_S003_Unithroid.pdf
3252600445d98f1dcaf69552,21510,021210,SUPPL,6,http://www.accessdata.fda.gov/drugsatfda_docs/nda/2009/021210_s006_unithroid tabs.pdf
cbeaad729a8f8d895f2ac5ef,21511,021212,ORIG,1,http://www.accessdata.fda.gov/drugsatfda_docs/nda/2002/21-212_Caverject.html
155946a6eeea2ec25d3391fd,21512,021214,ORIG,1,http://www.accessdata.fda.gov/drugsatfda_docs/nda/2000/21214_Rescula.html
eae3430d683265d0bc1c22f9,21513,021214,SUPPL,6,http://www.accessdata.fda.gov/drugsatfda_docs/nda/2012/021214Orig1s006.pdf
da58eefa22c27aa1b6238f22,21514,021214,SUPPL,7,http://www.accessdata.fda.gov/drugsatfda_docs/nda/2012/021214Orig1s007.pdf
d13edebcabd9597d0f3cb9cf,21515,021216,ORIG,1,http://www.accessdata.fda.gov/drugsatfda_docs/nda/2000/21-216_20-235S15_20-882S2_21-129S5_Neurontin.html
c64524a2c72be140b2df6353,21516,021222,ORIG,1,http://www.accessdata.fda.gov/drugsatfda_docs/nda/2001/21-222_Spectracef.html
9e49b6f29effa0e2755103b6,21517,021223,ORIG,1,http://www.accessdata.fda.gov/drugsatfda_docs/nda/2001/21-223_Zometa.html
e46d7c08478f25e17b15246f,21518,021224,ORIG,1,http://www.accessdata.fda.gov/drugsatfda_docs/nda/2001/21-224_Reminyl.html
0358f897e3e728960c6057ed,21519,021225,ORIG,1,http://www.accessdata.fda.gov/drugsatfda_docs/nda/2000/21-225_Mirena.html
26ae936cc4549ac01781345c,21520,021225,SUPPL,31,http://www.accessdata.fda.gov/drugsatfda_docs/nda/2015/021225Orig1s031.pdf
2055c74a946be53be5fda997,21521,021226,ORIG,1,http://www.accessdata.fda.gov/drugsatfda_docs/nda/2000/21-226_Kaletra.html
e97315807d011213a081eae8,21522,021226,SUPPL,2,http://www.accessdata.fda.gov/drugsatfda_docs/nda/2001/21-251S002_Kaletra.html
55e4f3e67c921f8d7d616e68,21523,021226,SUPPL,6,http://www.accessdata.fda.gov/drugsatfda_docs/nda/2002/021226_S006_KALETRA.pdf
19da10f948cf7e23992b359e,21524,021226,SUPPL,17,http://www.accessdata.fda.gov/drugsatfda_docs/nda/2005/021226_S017_KALETRA.pdf
602f742b3e37d1a17fc1bb65,21525,021227,SUPPL,14,http://www.accessdata.fda.gov/drugsatfda_docs/nda/2004/021227_S014_CANCIDAS.pdf
829a1cb74c0715757af7e658,21526,021228,ORIG,1,http://www.accessdata.fda.gov/drugsatfda_docs/nda/2000/21-228_Detrol.html
41e63febc1f6c365afd26636,21527,021228,SUPPL,2,http://www.accessdata.fda.gov/drugsatfda_docs/nda/2001/021228_S002_DetrolTOC.html
c26e7b602f22d4859f90d7c3,21528,021231,ORIG,1,http://www.accessdata.fda.gov/drugsatfda_docs/nda/2001/21-231_Zomig.html
3a3a40f67a5cb068d8a2526c,21529,021231,SUPPL,3,http://www.accessdata.fda.gov/drugsatfda_docs/nda/2002/021231_S003_ZOMIG_TABLETS.pdf
3dd46efb984da7ca0a3182d4,21530,021232,ORIG,1,http://www.accessdata.fda.gov/drugsatfda_docs/nda/2002/21-232_Orfadin.html
31b9f51e677f229b76011924,21531,021235,ORIG,1,http://www.accessdata.fda.gov/drugsatfda_docs/nda/2001/21-235_Prozac.html
2864d6bcd1d8eb4b831e9950,21532,021235,SUPPL,16,http://www.accessdata.fda.gov/drugsatfda_docs/nda/2011/021235Orig1s016.pdf
c9786520bb2979b6d89618ea,21533,021238,ORIG,1,http://www.accessdata.fda.gov/drugsatfda_docs/nda/2001/21-238_Kytril.html
1b51d8cd21a4734c16f16833,21534,021243,ORIG,1,http://www.accessdata.fda.gov/drugsatfda_docs/nda/2000/21243_Azulfidine.html
3f396c7f0612954c85ef1a81,21535,021246,ORIG,1,http://www.accessdata.fda.gov/drugsatfda_docs/nda/2000/21-246_Tamiflu.html
17f6cd895f26a9efd4897372,21536,021246,SUPPL,1,http://www.accessdata.fda.gov/drugsatfda_docs/nda/2001/021087_s005s006_021246s001_TamifluTOC.html
693029f274f356bdb7f9975e,21537,021246,SUPPL,2,http://www.accessdata.fda.gov/drugsatfda_docs/nda/2001/021246_S002_TamifluTOC.html
5f63ebbb9a7298e70e94a0cd,21538,021246,SUPPL,6,http://www.accessdata.fda.gov/drugsatfda_docs/nda/2002/021246_S006_TamifluTOC.html
fe6aff4f20972fb1b995fd24,21539,021246,SUPPL,10,http://www.accessdata.fda.gov/drugsatfda_docs/nda/2004/021087_S016_021246s010TamifluTOC.html
e1c80a7194ae0408a16f2078,21540,021246,SUPPL,17,http://www.accessdata.fda.gov/drugsatfda_docs/nda/2005/021246Orig1s017.pdf
d0c63698bc75233945fee337,21541,021246,SUPPL,27,http://www.accessdata.fda.gov/drugsatfda_docs/nda/2007/021246Orig1s027.pdf
bfc99aefa1a393f5f515ce3f,21542,021246,SUPPL,35,http://www.accessdata.fda.gov/drugsatfda_docs/nda/2010/021246Orig1s035.pdf
680e1ac028e6a1044a044357,21543,021246,SUPPL,39,http://www.accessdata.fda.gov/drugsatfda_docs/nda/2011/021246Orig1s039.pdf
65a1dd581365d7c16c12d2b7,21544,021246,SUPPL,45,http://www.accessdata.fda.gov/drugsatfda_docs/nda/2012/021246Orig1s045_021087Orig1s062_tamiflu_toc.html
2055c74a946be53be5fda997,21548,021251,ORIG,1,http://www.accessdata.fda.gov/drugsatfda_docs/nda/2000/21-226_Kaletra.html
4b70316aee848618a9ece946,21549,021251,SUPPL,10,http://www.accessdata.fda.gov/drugsatfda_docs/nda/2004/021251_S010_KALETRA.pdf
2503e9a4e9d5b344de44d1ea,21550,021252,ORIG,1,http://www.accessdata.fda.gov/drugsatfda_docs/nda/2001/21-252_Canasa.html
70301280d4fd7f09fcb85e24,21551,021254,ORIG,1,http://www.accessdata.fda.gov/drugsatfda_docs/nda/2006/021254s000TOC.html
2dad73e46fc5dd57c4741ec2,21552,021256,ORIG,1,http://www.accessdata.fda.gov/drugsatfda_docs/nda/2004/21-256_SyntheticHS.html
adc018d6534551c109bce818,21553,021258,ORIG,1,http://www.accessdata.fda.gov/drugsatfda_docs/nda/2003/021258s000_ClimaraTOC.html
3c6b73a3cf99f6b849fc4bf5,21554,021264,ORIG,1,http://www.accessdata.fda.gov/drugsatfda_docs/nda/2004/21-264_Apokyn.html
e36b9210c7078b5303992383,21555,021265,ORIG,1,http://www.accessdata.fda.gov/drugsatfda_docs/nda/2001/21-265_Infuvite.html
30d937602df3a3d0176817fd,21556,021266,ORIG,1,http://www.accessdata.fda.gov/drugsatfda_docs/nda/2002/21-266_21-267_Vfend.html
fbabf1bdeaeaa66581550968,21557,021266,SUPPL,5,"http://www.accessdata.fda.gov/drugsatfda_docs/nda/2004/021266s005s006,021267s005s006,021630s001_VfendTOC.html"
1afc59ae3afaf4b654f15d85,21558,021266,SUPPL,9,http://www.accessdata.fda.gov/drugsatfda_docs/nda/2004/021266Orig1s009.pdf
30d937602df3a3d0176817fd,21559,021267,ORIG,1,http://www.accessdata.fda.gov/drugsatfda_docs/nda/2002/21-266_21-267_Vfend.html
fbabf1bdeaeaa66581550968,21560,021267,SUPPL,5,"http://www.accessdata.fda.gov/drugsatfda_docs/nda/2004/021266s005s006,021267s005s006,021630s001_VfendTOC.html"
c6f026b5c04a6ecbf527be3c,21561,021269,ORIG,1,http://www.accessdata.fda.gov/drugsatfda_docs/nda/2005/021269_carduraxl_toc.html
cd3cc494819d450bf40772e0,21562,021272,ORIG,1,http://www.accessdata.fda.gov/drugsatfda_docs/nda/2002/21-272_Remodulin.html
4aaabaa0f27cffa32729883a,21563,021272,SUPPL,2,http://www.accessdata.fda.gov/drugsatfda_docs/nda/2004/021272Orig1s002.pdf
4b8060f6e67027f15f5d2b08,21564,021272,SUPPL,5,http://www.accessdata.fda.gov/drugsatfda_docs/nda/2006/021272Orig1s005.pdf
8e2438dd800378ef878c8678,21567,021277,ORIG,1,http://www.accessdata.fda.gov/drugsatfda_docs/nda/2001/21277_Avelox.html
89f2a9cba8a27e6067d0430d,21568,021277,SUPPL,17,http://www.accessdata.fda.gov/drugsatfda_docs/nda/2004/021277_S017_AVELOX_TABLETS.pdf
7ba7376c436f014a6148c905,21569,021278,ORIG,1,http://www.accessdata.fda.gov/drugsatfda_docs/nda/2001/21-278_Focalin.html
5c68b8d8f0ea6227212c3fbb,21570,021281,SUPPL,4,http://www.accessdata.fda.gov/drugsatfda_docs/nda/2002/021281_S004_PREVACID.pdf
7e0f20787a2af0c39a287ec7,21571,021281,SUPPL,14,http://www.accessdata.fda.gov/drugsatfda_docs/nda/2004/021281_s014_PREVACID DELAYED REL CAPS.pdf
7d460c77741a56eca40c2ba5,21572,021282,ORIG,1,http://www.accessdata.fda.gov/drugsatfda_docs/nda/2002/21-282_Mucinex.html
9f52cfc9b2076ee1a0f33778,21573,021283,ORIG,1,http://www.accessdata.fda.gov/drugsatfda_docs/nda/2001/021283_ORIGINAL_APPROVAL_PACKAGE.PDF
3da9384028910a3de645ab07,21574,021283,SUPPL,2,http://www.accessdata.fda.gov/drugsatfda_docs/nda/2002/21-283s002_Diovan.html
b1863cfcd5d562f75ba19b13,21575,021286,ORIG,1,http://www.accessdata.fda.gov/drugsatfda_docs/nda/2002/21-286_Benicar.html
c698353029da54891758dee6,21576,021286,SUPPL,10,http://www.accessdata.fda.gov/drugsatfda_docs/nda/2005/021286Orig1s010.pdf
4d09bfc18a1452ea85d6b84f,21577,021288,ORIG,1,http://www.accessdata.fda.gov/drugsatfda_docs/nda/2001/21-288_Trelstar.html
b85bc7f7cebbdb216556f02c,21578,021290,ORIG,1,http://www.accessdata.fda.gov/drugsatfda_docs/nda/2001/21-290_Tracleer.html
f3162f5526faa4227e6866af,21579,021292,ORIG,1,http://www.accessdata.fda.gov/drugsatfda_docs/nda/2002/21-292_Novothyrox.html
d005edf9b2de55d545050c26,21580,021301,ORIG,1,http://www.accessdata.fda.gov/drugsatfda_docs/nda/2001/21-301_Levoxyl.html
09a26f5554cc6aa0ddb4cb45,21581,021301,SUPPL,28,http://www.accessdata.fda.gov/drugsatfda_docs/nda/2009/021301_s028_levoxyl tablets.pdf
4573e45d6b1dea87620f9a3e,21582,021303,ORIG,1,http://www.accessdata.fda.gov/drugsatfda_docs/nda/2001/21303_Adderall.html
ba59d9c95c99a56aa8dc42b7,21583,021303,SUPPL,1,http://www.accessdata.fda.gov/drugsatfda_docs/nda/2002/021303_S001_AdderallTOC.html
d414f2af82db02726675141d,21584,021304,ORIG,1,http://www.accessdata.fda.gov/drugsatfda_docs/nda/2001/21304_Valcyte.html
708ec6149344406f82fa2cc1,21585,021304,SUPPL,1,http://www.accessdata.fda.gov/drugsatfda_docs/nda/2003/021304_S001_VALCYTE.pdf
b9b7fd84fbe95cc0fd6de0f8,21586,021304,SUPPL,7,http://www.accessdata.fda.gov/drugsatfda_docs/nda/2009/022257_021304s007_valcyte_valganciclovir hydrochloride_toc.html
2cf149a9d31cb89fbbce73e8,21587,021305,ORIG,1,http://www.accessdata.fda.gov/drugsatfda_docs/nda/2003/021305_sodiumiodide.html
b233109e69686d506d075fc2,21588,021307,ORIG,1,http://www.accessdata.fda.gov/drugsatfda_docs/nda/2001/21-307_Lotrimin.html
a70637c4c4d5086506e18479,21589,021308,ORIG,1,http://www.accessdata.fda.gov/drugsatfda_docs/nda/2001/21-308_Monistat.html
6ed233d94a93acac9bba78b9,21590,021308,SUPPL,9,http://www.accessdata.fda.gov/drugsatfda_docs/nda/2004/021308_S009_MONISTAT 1.pdf
fa6ac8a5ab251eef65ab5bf1,21591,021310,ORIG,1,http://www.accessdata.fda.gov/drugsatfda_docs/nda/2002/21310.pdf
3195641f9873238db13ce78d,21592,021312,SUPPL,7,http://www.accessdata.fda.gov/drugsatfda_docs/nda/2005/021312_s007_clarinex red-tabs.pdf
34d7f5a4a185f644e95e7675,21593,021314,ORIG,1,http://www.accessdata.fda.gov/drugsatfda_docs/nda/2002/021314s000_IDKitTOC.html
ca706ac7e8eb5df2c7cc8430,21594,021316,ORIG,1,http://www.accessdata.fda.gov/drugsatfda_docs/nda/2002/021316_altocor.html
4955d48d2ef2af0a6862d994,21595,021318,ORIG,1,http://www.accessdata.fda.gov/drugsatfda_docs/nda/2002/21-318_Forteo.html
78688975c2787307f8d4df35,21596,021319,ORIG,1,http://www.accessdata.fda.gov/drugsatfda_docs/nda/2001/21319_Duagen.html
ee222fd86127f09e189acbd7,21598,021323,SUPPL,3,http://www.accessdata.fda.gov/drugsatfda_docs/nda/2003/021323_S003&021365_S004_LEXAPRO_TABS.pdf
99e6c2d3f9ec9fb1f99942fb,21599,021323,SUPPL,7,http://www.accessdata.fda.gov/drugsatfda_docs/nda/2003/021323_S007&021365_S001_LEXAPRO_TABS.pdf
e8c1bf53e76025eb0116d1ca,21600,021323,SUPPL,31,http://www.accessdata.fda.gov/drugsatfda_docs/nda/2009/021323Orig1S030_s031.pdf
37e7b5ef324f8e21ba54ec0b,21601,021324,ORIG,1,http://www.accessdata.fda.gov/drugsatfda_docs/nda/2001/21-324_Entocort.html
f9ccdcd7173e99d60422e89e,21602,021330,ORIG,1,http://www.accessdata.fda.gov/drugsatfda_docs/nda/2002/21-330_Commit.html
68ccac63dc1771099a1db755,21603,021334,ORIG,1,http://www.accessdata.fda.gov/drugsatfda_docs/nda/2001/21-085S10_Avelox.html
10bbdcc6c964f893f6438e9a,21604,021335,ORIG,1,http://www.accessdata.fda.gov/drugsatfda_docs/nda/2001/21335_Gleevec.html
1e4529f0189c720f38ef18da,21605,021335,SUPPL,1,http://www.accessdata.fda.gov/drugsatfda_docs/nda/2002/21-335s001_Gleevec.html
97d285715b3038cf2f907338,21606,021335,SUPPL,3,http://www.accessdata.fda.gov/drugsatfda_docs/nda/2003/21-335s003_21-588s001_Gleevec.html
77b1374984db9d75b3c165ba,21607,021336,ORIG,1,http://www.accessdata.fda.gov/drugsatfda_docs/nda/2006/021336s000_021708s000TOC.html
244bd23b1e21e3f3abe21101,21608,021337,ORIG,1,http://www.accessdata.fda.gov/drugsatfda_docs/nda/2001/21337_Invanz.html
07a8386c7ff0615a5c39164d,21610,021343,ORIG,1,http://www.accessdata.fda.gov/drugsatfda_docs/nda/2002/21-343_Eligard.html
6848a451c7e6a4aec6cb93d1,21611,021346,ORIG,1,http://www.accessdata.fda.gov/drugsatfda_docs/nda/2003/21346_RisperdalTOC.html
211c9a2e09b5497ef3582294,21612,021348,ORIG,1,http://www.accessdata.fda.gov/drugsatfda_docs/nda/2003/21-348_Zavesca.html
940a8b2306387ce3524ac883,21613,021356,ORIG,1,http://www.accessdata.fda.gov/drugsatfda_docs/nda/2001/21-356_Viread.html
6409f348e410646d01458738,21614,021357,ORIG,1,http://www.accessdata.fda.gov/drugsatfda_docs/nda/2004/021357_021358_Multihance.html
dbcb5fe7d1c6607089bab9cb,21615,021358,ORIG,1,http://www.accessdata.fda.gov/drugsatfda_docs/nda/2004/021358s000_021357s000_MultiHance.html
12a13a28eb74c3c31fb9505b,21616,021359,ORIG,1,http://www.accessdata.fda.gov/drugsatfda_docs/nda/2011/021359_rectiv_toc.html
de72aaac079df1b34d2648bd,21617,021360,ORIG,1,http://www.accessdata.fda.gov/drugsatfda_docs/nda/2002/21-360_EfavirenzSustiva.html
42534163db7ecc110231a197,21618,021360,SUPPL,14,http://www.accessdata.fda.gov/drugsatfda_docs/nda/2006/021360_S014_SUSTIVA.pdf
99e6c2d3f9ec9fb1f99942fb,21619,021365,SUPPL,1,http://www.accessdata.fda.gov/drugsatfda_docs/nda/2003/021323_S007&021365_S001_LEXAPRO_TABS.pdf
ee222fd86127f09e189acbd7,21620,021365,SUPPL,4,http://www.accessdata.fda.gov/drugsatfda_docs/nda/2003/021323_S003&021365_S004_LEXAPRO_TABS.pdf
953ade65b20ba9bbed5d5f3d,21621,021366,ORIG,1,http://www.accessdata.fda.gov/drugsatfda_docs/nda/2003/21-366_Crestor.html
2f928bf1b704b1087b35f06a,21622,021366,SUPPL,24,http://www.accessdata.fda.gov/drugsatfda_docs/nda/2012/021366s024.pdf
a328afae71fd97e2c74e0cfb,21623,021367,ORIG,1,http://www.accessdata.fda.gov/drugsatfda_docs/nda/2003/021367TOC.html
4b3250c7690d89911fb4a4f4,21624,021368,SUPPL,20,http://www.accessdata.fda.gov/drugsatfda_docs/nda/2011/021368Orig1s020.pdf
2d06e7e834ebc6d599280fad,21625,021371,ORIG,1,http://www.accessdata.fda.gov/drugsatfda_docs/nda/2003/21-371_Estrasorb.html
602ab34b284524d7273ffa12,21626,021372,ORIG,1,http://www.accessdata.fda.gov/drugsatfda_docs/nda/2003/21-372_Alox.html
4bcb906680570489ea55bc73,21627,021372,SUPPL,8,http://www.accessdata.fda.gov/drugsatfda_docs/nda/2008/021372s008s010TOC.html
cc9191b1e62d0f5e02379646,21628,021378,ORIG,1,http://www.accessdata.fda.gov/drugsatfda_docs/nda/2004/021378s000_CombunoxTOC.html
a70a5795bfe8b37cd061746f,21629,021387,ORIG,1,http://www.accessdata.fda.gov/drugsatfda_docs/nda/2003/21-387_Pravagard.html
671189c8e18c833fd820eadc,21630,021392,ORIG,1,http://www.accessdata.fda.gov/drugsatfda_docs/nda/2003/21-392_CardizemTOC.html
383dac86bcf64f5c5d2eb4f2,21631,021392,SUPPL,2,http://www.accessdata.fda.gov/drugsatfda_docs/nda/2004/021392_S002_CARDIZEM_LA_EXENTED_AP.pdf
514ae3c9908b4f8ab92c1235,21632,021394,ORIG,1,"http://www.accessdata.fda.gov/drugsatfda_docs/nda/2005/021393,021394_AdvilTOC.html"
18252a92d4d3aee2bd9d8597,21633,021395,ORIG,1,http://www.accessdata.fda.gov/drugsatfda_docs/nda/2004/21-395_Spiriva.html
a5252d51a49db0b23b8176f0,21634,021396,ORIG,1,http://www.accessdata.fda.gov/drugsatfda_docs/nda/2003/21-396_Prempro.html
a173945ef17540c482a4bad7,21635,021397,ORIG,1,http://www.accessdata.fda.gov/drugsatfda_docs/nda/2002/21-397_21-423_21-424_Neurontin.html
9b7e2ee9515b74fedca3e33d,21636,021399,ORIG,1,http://www.accessdata.fda.gov/drugsatfda_docs/nda/2003/021399_iressa.html
79d30f9a0e32bcd6cf2a5fb1,21637,021400,ORIG,1,http://www.accessdata.fda.gov/drugsatfda_docs/nda/2003/21-400_Levitra.html
4ad9919e418d7e977cc909d3,21638,021406,ORIG,1,http://www.accessdata.fda.gov/drugsatfda_docs/nda/2005/021406s000TOC.html
597ed51e0aaf24a2b8e299a6,21639,021409,ORIG,1,http://www.accessdata.fda.gov/drugsatfda_docs/nda/2002/21-409_Singulair.html
b86fbcbe115e574c4875821a,21640,021409,SUPPL,5,http://www.accessdata.fda.gov/drugsatfda_docs/nda/2003/020829_S023 & 020830_S026 & 021409_S005_SINGULAR_AP.pdf
f8f9c7305dfb0d9b2ba4ed31,21641,021409,SUPPL,7,http://www.accessdata.fda.gov/drugsatfda_docs/nda/2003/021409_S007_SINGULAIR_TABLETS_AP.pdf
988dc590782394af6f3b6f1e,21642,021411,SUPPL,1,http://www.accessdata.fda.gov/drugsatfda_docs/nda/2003/021411_S001_STRATTERA_CAPSULES_AP.pdf
1bfa25d7c0a48840f0c81432,21643,021415,ORIG,1,http://www.accessdata.fda.gov/drugsatfda_docs/nda/2004/021415s000_MetvixiaTOC.html
1d86a1b0f03e8f52b6d75003,21644,021417,ORIG,1,http://www.accessdata.fda.gov/drugsatfda_docs/nda/2003/21-417_Premarin.html
7d0c4e77d60ba7f95f2d3125,21645,021425,ORIG,1,http://www.accessdata.fda.gov/drugsatfda_docs/nda/2002/021425_ultravist.html
8c68bdd3c9662bdd99d890a8,21649,021427,SUPPL,39,http://www.accessdata.fda.gov/drugsatfda_docs/nda/2011/021427Orig1s039.pdf
59079960ec3c8e63b781b60e,21650,021428,SUPPL,4,http://www.accessdata.fda.gov/drugsatfda_docs/nda/2004/021428_S004_PREVACID DELAYED RELEASE CAPS.pdf
df3265b7804f3e2ee00bdb16,21651,021433,ORIG,1,http://www.accessdata.fda.gov/drugsatfda_docs/nda/2004/021433s000_FloventHFATOC.html
b4644c73226c70312b549f73,21652,021436,SUPPL,1,http://www.accessdata.fda.gov/drugsatfda_docs/nda/2003/021436_S001_ABILIFY_TABLETS.pdf
b9ccbdf71326e39b2b47841f,21653,021436,SUPPL,2,http://www.accessdata.fda.gov/drugsatfda_docs/nda/2004/021436Orig1s002.pdf
52ecd956fe6641d28701a535,21654,021436,SUPPL,7,http://www.accessdata.fda.gov/drugsatfda_docs/nda/2005/021436Orig1s007.pdf
a60e11d8524fd156fdb847a2,21655,021436,SUPPL,18,http://www.accessdata.fda.gov/drugsatfda_docs/nda/2007/021436s018TOC.html
f425d586692804eeef3b1be3,21656,021436,SUPPL,38,http://www.accessdata.fda.gov/drugsatfda_docs/nda/2014/021436Orig1s038.pdf
23d0b0d721a806f965409a31,21657,021436,SUPPL,40,http://www.accessdata.fda.gov/drugsatfda_docs/nda/2016/021436Orig1s040.pdf
22f704eb9f4f1a5a8346e683,21658,021437,SUPPL,2,http://www.accessdata.fda.gov/drugsatfda_docs/nda/2003/21-437s002_Inspra.html
38309c750e2b5e00a01aad67,21659,021440,ORIG,1,http://www.accessdata.fda.gov/drugsatfda_docs/nda/2002/21-440_21323s1_Lexapro.html
5e1968cde6c262f59cfe9349,21660,021444,SUPPL,15,"http://www.accessdata.fda.gov/drugsatfda_docs/nda/2006/020272Orig1s036,s041,020588Orig1s024,s028,s029,21444Orig1s008,s015.pdf"
739957d6c289d9cb9b51524d,21661,021444,SUPPL,20,http://www.accessdata.fda.gov/drugsatfda_docs/nda/2007/020272_s046_risperdal_toc.html
2371a4d96e0255e35acdcab1,21662,021445,ORIG,1,http://www.accessdata.fda.gov/drugsatfda_docs/nda/2002/21445_Zetia.html
6e26e9da569920c993565eda,21663,021445,SUPPL,1,http://www.accessdata.fda.gov/drugsatfda_docs/nda/2004/021445_S001_S003_S004_ZETIA_TABLETS.pdf
6e26e9da569920c993565eda,21664,021445,SUPPL,4,http://www.accessdata.fda.gov/drugsatfda_docs/nda/2004/021445_S001_S003_S004_ZETIA_TABLETS.pdf
f24ee3eeddc49b448d17587b,21665,021446,ORIG,1,http://www.accessdata.fda.gov/drugsatfda_docs/nda/2004/021446_LyricaTOC.html
9a6c4b6f7bc83ee60213ff97,21666,021446,SUPPL,28,http://www.accessdata.fda.gov/drugsatfda_docs/nda/2012/021446Orig1s028_lyrica_toc.html
9dfe88ca39c13d99d9d3ffaa,21667,021447,ORIG,1,http://www.accessdata.fda.gov/drugsatfda_docs/nda/2002/21-447_Zanaflex.html
bf46e15cc2ec3d24426e8be9,21668,021449,ORIG,1,http://www.accessdata.fda.gov/drugsatfda_docs/nda/2002/21-449_Hepsera.html
76d74696b20a577531d850d0,21669,021450,ORIG,1,http://www.accessdata.fda.gov/drugsatfda_docs/nda/2003/21-450_Zomig.html
0c7d7b222f9b1e733307de2f,21670,021453,ORIG,1,http://www.accessdata.fda.gov/drugsatfda_docs/nda/2002/021453_s000_ZeritTOC.html
b7967991dd839c6785c5fdd2,21671,021456,ORIG,1,http://www.accessdata.fda.gov/drugsatfda_docs/nda/2002/021456_aciphex.html
8a01d1f8e0629edd089c4f90,21672,021457,ORIG,1,http://www.accessdata.fda.gov/drugsatfda_docs/nda/2004/021457s000TOC.html
faa1e9c2ff5fe5b0bd083494,21673,021463,ORIG,1,http://www.accessdata.fda.gov/drugsatfda_docs/nda/2010/021463_fortesta_toc.html
a600d8579c56c6541273003c,21674,021468,ORIG,1,http://www.accessdata.fda.gov/drugsatfda_docs/nda/2004/21-468_Fosrenol.html
ecbc270e33c517f7f61de4ba,21675,021468,SUPPL,4,http://www.accessdata.fda.gov/drugsatfda_docs/nda/2006/021468_s004_fosrenol.pdf
c72a10abf93b90972c772ba5,21676,021470,ORIG,1,http://www.accessdata.fda.gov/drugsatfda_docs/nda/2002/21-470_Finacea.html
af0e5bee25abc36062b1a21b,21677,021471,ORIG,1,http://www.accessdata.fda.gov/drugsatfda_docs/nda/2006/021471s000TOC.html
5a72aac78d3407a8eb97f261,21678,021473,SUPPL,5,http://www.accessdata.fda.gov/drugsatfda_docs/nda/2004/021473_S005_CIPRO.pdf
1d00ad57d140193d90f3a9cb,21679,021473,SUPPL,6,http://www.accessdata.fda.gov/drugsatfda_docs/nda/2004/021473_S006_CIPRO.pdf
353b8506d2ba852ada3a896b,21680,021473,SUPPL,7,http://www.accessdata.fda.gov/drugsatfda_docs/nda/2004/021473_S007_CIPRO.pdf
3a874e8b8b7a0b5510012240,21681,021473,SUPPL,9,http://www.accessdata.fda.gov/drugsatfda_docs/nda/2005/021473_S009_CIPRO.pdf
5b75d6976e1aad730a1be687,21682,021475,ORIG,1,http://www.accessdata.fda.gov/drugsatfda_docs/nda/2003/021475s000_MethylinTOC.html
7ea1a155d3035520f671e1a0,21683,021478,SUPPL,3,http://www.accessdata.fda.gov/drugsatfda_docs/nda/2004/021478_S003_Zovirax_APPROVAL_PACKAGE.pdf
e80e69c799c1fff3595834cd,21684,021479,ORIG,1,http://www.accessdata.fda.gov/drugsatfda_docs/nda/2006/021479_zelapar_toc.html
37731f75743964744b26292e,21685,021484,ORIG,1,http://www.accessdata.fda.gov/drugsatfda_docs/nda/2002/021484_bravelle.html
bccc10ee933e762475214748,21686,021485,ORIG,1,http://www.accessdata.fda.gov/drugsatfda_docs/nda/2003/21-485_Stalevo.html
c49af5623ecec404b8c9d351,21687,021486,ORIG,1,http://www.accessdata.fda.gov/drugsatfda_docs/nda/2004/021486s000TOC.html
962ce683c9f67e9c2c43d86d,21688,021488,ORIG,1,http://www.accessdata.fda.gov/drugsatfda_docs/nda/2003/021488_eligard.html
d603425cf04186707079dc6e,21689,021489,ORIG,1,http://www.accessdata.fda.gov/drugsatfda_docs/nda/2003/021489s000_ProhanceTOC.html
94222e3b369eebef58fc110a,21690,021490,ORIG,1,http://www.accessdata.fda.gov/drugsatfda_docs/nda/2003/21-490_NorethinOvcon.html
064e7e45aebfe49027ab03bc,21691,021492,ORIG,1,http://www.accessdata.fda.gov/drugsatfda_docs/nda/2002/21-492_Eloxatin.html
7d2f246df669f5b0c98171c1,21692,021492,SUPPL,2,http://www.accessdata.fda.gov/drugsatfda_docs/nda/2004/021492_s002_EloxatinTOC.html
03435aba40ad74e193e1e8ec,21693,021494,ORIG,1,http://www.accessdata.fda.gov/drugsatfda_docs/nda/2004/021494s000_AxidTOC.html
645005cb840f155d1f387878,21694,021496,ORIG,1,http://www.accessdata.fda.gov/drugsatfda_docs/nda/2003/21496_Duocaine.html
8d926cd0bf5fba062825c62f,21695,021498,ORIG,1,http://www.accessdata.fda.gov/drugsatfda_docs/nda/2002/21-498_Alinia.html
6020976536666b759b0e1aad,21696,021498,SUPPL,1,http://www.accessdata.fda.gov/drugsatfda_docs/nda/2004/21-497_21-498s001_Alinia.html
62a84ef00a737808a7c16214,21697,021498,SUPPL,3,http://www.accessdata.fda.gov/drugsatfda_docs/nda/2005/021818s000_021498s003TOC.html
81cde13f72c2d8e10997f193,21698,021501,ORIG,1,http://www.accessdata.fda.gov/drugsatfda_docs/nda/2006/021501_capital_soleil_toc.html
5f1111d5eb87a2e8ce563e5a,21699,021502,SUPPL,1,http://www.accessdata.fda.gov/drugsatfda_docs/nda/2006/021502s001lbl.pdf
b2b7a142da070e3deb089d19,21700,021503,ORIG,1,http://www.accessdata.fda.gov/drugsatfda_docs/nda/2003/021503s000_ViraceptTOC.html
12734eaae9fd733e9f027564,21701,021503,SUPPL,1,http://www.accessdata.fda.gov/drugsatfda_docs/nda/2004/021503_S001_VIRACEPT.pdf
13da7397976a7ca642f246d3,21702,021503,SUPPL,6,http://www.accessdata.fda.gov/drugsatfda_docs/nda/2005/021503_S006_VIRACEPT.pdf
a513eba4eeef7907a043fb51,21703,021504,ORIG,1,http://www.accessdata.fda.gov/drugsatfda_docs/nda/2004/021504s000_LidositeTOC.html
1c37dbd7716aa30947424a92,21704,021505,ORIG,1,http://www.accessdata.fda.gov/drugsatfda_docs/nda/2003/0221505_s000_Keppra.html
667f3844e95b5e8524ca545f,21705,021506,ORIG,1,http://www.accessdata.fda.gov/drugsatfda_docs/nda/2005/21-506_Mycamine.html
bbae50e16650d28040d7668d,21706,021511,ORIG,1,http://www.accessdata.fda.gov/drugsatfda_docs/nda/2002/21-511_Copegus.html
4f91b4b3c3f92890ae260bd8,21707,021513,ORIG,1,http://www.accessdata.fda.gov/drugsatfda_docs/nda/2004/21-513_Enablex.html
69717a6c1726793960958837,21708,021514,ORIG,1,http://www.accessdata.fda.gov/drugsatfda_docs/nda/2006/021514_daytrana_toc.html
390fa89cc377051dfe53606d,21709,021515,SUPPL,7,"http://www.accessdata.fda.gov/drugsatfda_docs/nda/2004/018644s027s028,020358s031s032,021515s006s007_WellbutrinTOC.html"
32ae6327cba58c93e6fca266,21710,021516,ORIG,1,http://www.accessdata.fda.gov/drugsatfda_docs/nda/2004/021516s000_IstalolTOC.html
89de511ecc06c597a043c0f3,21711,021519,ORIG,1,http://www.accessdata.fda.gov/drugsatfda_docs/nda/2007/021519_luvox_toc.html
138ea04977abd987bbe08980,21712,021520,SUPPL,12,http://www.accessdata.fda.gov/drugsatfda_docs/nda/2009/021520Orig1s012.pdf
b6e6fade5dab48be07c4d7e3,21713,021524,ORIG,1,http://www.accessdata.fda.gov/drugsatfda_docs/nda/2005/021524s000TOC.html
3ee7594283d6281dfe2c4d22,21714,021525,ORIG,1,http://www.accessdata.fda.gov/drugsatfda_docs/nda/2003/020415s012_021525_PhotofrinTOC.html
6ecbc2c952ff7d8cfa37c622,21715,021526,ORIG,1,http://www.accessdata.fda.gov/drugsatfda_docs/nda/2006/021526_s000_Ranexa.html
bd1e7ed743654de31ca85b78,21716,021526,SUPPL,4,http://www.accessdata.fda.gov/drugsatfda_docs/nda/2008/021526Orig1s004TOC.html
4ac51d208a2f5b8d1a47c0de,21717,021526,SUPPL,7,http://www.accessdata.fda.gov/drugsatfda_docs/nda/2009/021526Orig1s007.pdf
f1ca2e9b4ccd4a050ff346c8,21718,021527,ORIG,1,http://www.accessdata.fda.gov/drugsatfda_docs/nda/2004/021527s000TOC.html
4da5bd1f339bc228ff58f43a,21719,021530,ORIG,1,http://www.accessdata.fda.gov/drugsatfda_docs/nda/2004/021530s000_MobicTOC.html
7aa4b4486aaeb043002c3aa1,21720,021532,ORIG,1,http://www.accessdata.fda.gov/drugsatfda_docs/nda/2003/021532_benicar_toc.html
828d57fc40da79e409d4026b,21721,021535,ORIG,1,http://www.accessdata.fda.gov/drugsatfda_docs/nda/2003/21-535_Clobex.html
a11385558b8718f9d7144bcb,21724,021536,SUPPL,33,http://www.accessdata.fda.gov/drugsatfda_docs/nda/2013/021536Orig1s033.pdf
3cb2bdb535b5acee5113e308,21725,021537,SUPPL,8,http://www.accessdata.fda.gov/drugsatfda_docs/nda/2013/021537Orig1s008.pdf
9a3b1a0b1f6292e2c170b4af,21726,021540,ORIG,1,http://www.accessdata.fda.gov/drugsatfda_docs/nda/2004/021540S000_Caduet.html
4bd2e2e5400c20bb01bed485,21727,021544,ORIG,1,http://www.accessdata.fda.gov/drugsatfda_docs/nda/2003/21-544_Seasonale.html
e8f8d1c5d3e3068806ad38b0,21728,021545,ORIG,1,http://www.accessdata.fda.gov/drugsatfda_docs/nda/2004/021545s000TOC.html
4b1e2900569503c0ae61dcfe,21729,021548,ORIG,1,http://www.accessdata.fda.gov/drugsatfda_docs/nda/2003/21-548_Lexiva.html
8418f366b8bd892744aaab25,21730,021549,SUPPL,2,http://www.accessdata.fda.gov/drugsatfda_docs/nda/2004/021549_S002_EMEND.pdf
91cb0c4ae0b21d833ea6401a,21731,021549,SUPPL,8,http://www.accessdata.fda.gov/drugsatfda_docs/nda/2005/021549Orig1S008.pdf
4ea2a83daced56705f63510c,21732,021554,ORIG,1,http://www.accessdata.fda.gov/drugsatfda_docs/nda/2003/021554s000_CirpoXRTOC.html
cc76948c9cc979d9f4221839,21734,021560,ORIG,1,http://www.accessdata.fda.gov/drugsatfda_docs/nda/2010/021560s000_zortress_toc.html
e92b6654359b3509575910a9,21735,021563,ORIG,1,http://www.accessdata.fda.gov/drugsatfda_docs/nda/2004/021563s000_ClarinexTOC.html
3ea63c3a30f6575aa08a5586,21736,021567,SUPPL,19,http://www.accessdata.fda.gov/drugsatfda_docs/nda/2009/021567Orig1s019.pdf
f5d07e9ba2892229e71c6279,21737,021567,SUPPL,35,http://www.accessdata.fda.gov/drugsatfda_docs/nda/2014/206352Orig1s000_021567Orig1s035TOC.html
9b5374fc8431a8e1acaa09a0,21738,021569,ORIG,1,http://www.accessdata.fda.gov/drugsatfda_docs/nda/2006/021569s000TOC.html
ed435f7a9341221ad9e49a4b,21739,021571,ORIG,1,http://www.accessdata.fda.gov/drugsatfda_docs/nda/2004/NDA21-271_Iquix.html
2f407fa74145dbd53ba26df6,21740,021572,ORIG,1,http://www.accessdata.fda.gov/drugsatfda_docs/nda/2003/21-572_Cubicin.html
9648fe72cf9e02ffdd82e579,21741,021575,ORIG,1,http://www.accessdata.fda.gov/drugsatfda_docs/nda/2003/21-575_Fosamax.html
a5a39d508d330cd83024391c,21742,021575,SUPPL,3,http://www.accessdata.fda.gov/drugsatfda_docs/nda/2004/020560_S042 & 021575_S003_FOSAMAX_TABS_ORAL_SOLUTION_AP.pdf
2aec14dc402d8c554c787d80,21744,021585,ORIG,1,http://www.accessdata.fda.gov/drugsatfda_docs/nda/2004/021585s000_MucinexTOC.html
3df86ccf10ce51296e9747ea,21745,021586,ORIG,1,http://www.accessdata.fda.gov/drugsatfda_docs/nda/2006/021586s000TOC.html
cb1d63a7459dfccec742612c,21746,021587,ORIG,1,http://www.accessdata.fda.gov/drugsatfda_docs/nda/2004/21-587_Advil.html
1dc07c87f2bd5c34081edf6f,21747,021588,SUPPL,5,http://www.accessdata.fda.gov/drugsatfda_docs/nda/2005/021588_s005_GLEVAC.pdf
1478f981b8a1b827f46cf5fa,21748,021588,SUPPL,11,http://www.accessdata.fda.gov/drugsatfda_docs/nda/2006/021588_s011_gleevec.pdf
5a078a77cd1a2da402670b3b,21749,021588,SUPPL,17,http://www.accessdata.fda.gov/drugsatfda_docs/nda/2006/021588_s017_gleevec.pdf
c40cfc42decad720dd9e7c59,21750,021589,ORIG,1,http://www.accessdata.fda.gov/drugsatfda_docs/nda/2003/021589s000_KemstroTOC.html
69efaa2e2f04bb2adba618ef,21751,021590,ORIG,1,http://www.accessdata.fda.gov/drugsatfda_docs/nda/2004/021590s000_FazacloTOC.html
0831a9b9389b6b410728f647,21752,021592,ORIG,1,http://www.accessdata.fda.gov/drugsatfda_docs/nda/2006/021592_foradil_certihaler_toc.html
092dcb932c2bae16c196dd7c,21753,021594,ORIG,1,http://www.accessdata.fda.gov/drugsatfda_docs/nda/2004/21-594_Amiodarone.html
4a1a4d29f4094a05aebf73e0,21754,021602,SUPPL,10,http://www.accessdata.fda.gov/drugsatfda_docs/nda/2006/021602_s010_velcade.pdf
1c74e3f26a89b33ca1826b43,21755,021602,SUPPL,15,http://www.accessdata.fda.gov/drugsatfda_docs/nda/2008/021602Orig1s015.pdf
2ca17bb5b7ca03355327eda9,21756,021604,ORIG,1,http://www.accessdata.fda.gov/drugsatfda_docs/nda/2004/021604s000_Childrens_ElixSureTOC.html
cce5c32762828ffca45d774b,21757,021606,ORIG,1,http://www.accessdata.fda.gov/drugsatfda_docs/nda/2005/021606s000TOC.html
d17e2932a67b0850d9f99c41,21758,021621,ORIG,1,http://www.accessdata.fda.gov/drugsatfda_docs/nda/2004/21-621_Zyrtec.html
3b0d82ef27245cf0a7436764,21759,021621,SUPPL,5,http://www.accessdata.fda.gov/drugsatfda_docs/nda/2007/019835s022_021621s005TOC.html
0664086443d63c40bbb263cd,21760,021624,SUPPL,1,http://www.accessdata.fda.gov/drugsatfda_docs/nda/2004/021624Orig1s001.pdf
e0ab4e3569516c6162f7536b,21761,021625,ORIG,1,http://www.accessdata.fda.gov/drugsatfda_docs/nda/2004/21625s000_MVI_AdultTOC.html
a3bd291d0d77887a256fbb45,21762,021626,ORIG,1,http://www.accessdata.fda.gov/drugsatfda_docs/nda/2003/21-626_Radiogardase.html
6d26d2d7465d1b0720414dc1,21763,021632,ORIG,1,http://www.accessdata.fda.gov/drugsatfda_docs/nda/2006/021632_021948_EraxisTOC.html
03e00cda953743dbc181efdc,21765,021641,ORIG,1,http://www.accessdata.fda.gov/drugsatfda_docs/nda/2006/021641s000_AzilectTOC.html
e9b181a76194d5046c9bdae3,21767,021648,ORIG,1,http://www.accessdata.fda.gov/drugsatfda_docs/nda/2004/021648s000TOC.html
04a34ec8bd9e6d196baefbd6,21768,021654,SUPPL,16,http://www.accessdata.fda.gov/drugsatfda_docs/nda/2007/021853_021654s016_omacor_toc.html
df1611aff296351e96f7ba38,21769,021660,ORIG,1,http://www.accessdata.fda.gov/drugsatfda_docs/nda/2005/21660_AbraxaneTOC.html
8e4c4f0ae22a7f82cc53a69c,21770,021660,SUPPL,22,http://www.accessdata.fda.gov/drugsatfda_docs/nda/2009/021660Orig1s022.pdf
1c103d520196ff24c0a36045,21771,021663,ORIG,1,http://www.accessdata.fda.gov/drugsatfda_docs/nda/2004/21-663_MenopurTOC.html
7714b44815ace239c120ba3a,21772,021669,ORIG,1,http://www.accessdata.fda.gov/drugsatfda_docs/nda/2005/21669s000TOC.html
67b77242cb932218437be569,21773,021669,SUPPL,6,http://www.accessdata.fda.gov/drugsatfda_docs/nda/2007/021669_s006_chlorhexidine gluconate.pdf
5aa8779cc3f52f214c54a4c8,21774,021670,ORIG,1,http://www.accessdata.fda.gov/drugsatfda_docs/nda/2004/21-670_VisionBlue.html
ee4b624762b02539db61a07d,21775,021673,ORIG,1,http://www.accessdata.fda.gov/drugsatfda_docs/nda/2004/21-673_Clolar.html
b9ce548dd0515e8700222512,21776,021674,ORIG,1,http://www.accessdata.fda.gov/drugsatfda_docs/nda/2004/021674_s000_MenostarTOC.html
62eefbc197e6383cad2a62a8,21777,021681,ORIG,1,http://www.accessdata.fda.gov/drugsatfda_docs/nda/2004/21-618_21-681_21-682_Tindamax.html
ce0920af0d6c91f82af26a5f,21778,021687,ORIG,1,http://www.accessdata.fda.gov/drugsatfda_docs/nda/2004/21-687_Vytorin.html
52fba9a5de1dc4dce7948f8d,21779,021688,ORIG,1,http://www.accessdata.fda.gov/drugsatfda_docs/nda/2004/21-688_Sensipar.html
556a46748dcca5b5d3124fd1,21780,021693,ORIG,1,http://www.accessdata.fda.gov/drugsatfda_docs/nda/2005/021693s000TOC.html
c200035ffeb0c93e265b3ced,21781,021695,ORIG,1,http://www.accessdata.fda.gov/drugsatfda_docs/nda/2004/021695s000_AntaraTOC.html
b047bdf51efd9d0b7f2e21c7,21782,021698,ORIG,1,http://www.accessdata.fda.gov/drugsatfda_docs/nda/2004/021698s000TOC.html
24fd2b5b9c44ac7b14fc048d,21783,021710,ORIG,1,http://www.accessdata.fda.gov/drugsatfda_docs/nda/2004/021710s000_EquetroTOC.html
63eacb3c39c2ecfa1c96f543,21784,021711,ORIG,1,http://www.accessdata.fda.gov/drugsatfda_docs/nda/2008/021711s000TOC.html
86d7af251fab3054c20d1f1e,21785,021712,ORIG,1,http://www.accessdata.fda.gov/drugsatfda_docs/nda/2004/021712s000_TOC.html
e94dcbbbe868eb7a8e4ced2c,21786,021713,SUPPL,14,http://www.accessdata.fda.gov/drugsatfda_docs/nda/2008/021713Orig1s014_s015_s017.pdf
e94dcbbbe868eb7a8e4ced2c,21787,021713,SUPPL,17,http://www.accessdata.fda.gov/drugsatfda_docs/nda/2008/021713Orig1s014_s015_s017.pdf
86a77a03f310b830a60e462d,21788,021720,ORIG,1,http://www.accessdata.fda.gov/drugsatfda_docs/nda/2004/021720_s000_AriceptTOC.html
02e95b12cb16aa9bb8710cff,21789,021721,ORIG,1,http://www.accessdata.fda.gov/drugsatfda_docs/nda/2004/021721s000TOC.html
4e0c907d9a29959e0312355a,21790,021721,SUPPL,28,"http://www.accessdata.fda.gov/drugsatfda_docs/nda/2012/020634Orig1s061, 020635Orig1s067, 021721Orig1s028TOC.html"
17776b0d995e293a2a377171,21791,021721,SUPPL,29,http://www.accessdata.fda.gov/drugsatfda_docs/nda/2011/021721Orig1s029s031.pdf
5640b753d96f6130bc6224ce,21792,021723,ORIG,1,http://www.accessdata.fda.gov/drugsatfda_docs/nda/2004/021723s000_LyricaCapsTOC.html
25d7ece46809043bba1cbdd9,21793,021724,ORIG,1,http://www.accessdata.fda.gov/drugsatfda_docs/nda/2005/021724s000TOC.html
59d50a33195c14d23ea4086c,21794,021729,SUPPL,7,http://www.accessdata.fda.gov/drugsatfda_docs/nda/2008/021729Orig1s006_s007_s009.pdf
a9881f21e8f21fcda0a2b540,21795,021730,ORIG,1,http://www.accessdata.fda.gov/drugsatfda_docs/nda/2005/021730s000TOC.html
e7b26ac191f3ee581352ac50,21796,021731,ORIG,1,http://www.accessdata.fda.gov/drugsatfda_docs/nda/2004/021731s000_EligardTOC.html
2dc455432ed52258816e1f29,21797,021732,ORIG,1,http://www.accessdata.fda.gov/drugsatfda_docs/nda/2004/021732s000_VantasTOC.html
bdad5d09ac708297deaa6535,21798,021733,ORIG,1,http://www.accessdata.fda.gov/drugsatfda_docs/nda/2004/021733s000_CymbaltaTOC.html
71d3c528ba4b4899c89d5a02,21799,021735,ORIG,1,http://www.accessdata.fda.gov/drugsatfda_docs/nda/2004/021735s000_TerconazoleTOC.html
be92054410cf9169e73db02a,21800,021745,ORIG,1,http://www.accessdata.fda.gov/drugsatfda_docs/nda/2008/021745_ryzolt_toc.html
58539c05ca57fa8fd7020e6e,21801,021746,ORIG,1,http://www.accessdata.fda.gov/drugsatfda_docs/nda/2012/021746Orig1s000TOC.html
1ac146126cbf36b3812b7afb,21802,021748,ORIG,1,http://www.accessdata.fda.gov/drugsatfda_docs/nda/2005/021748s000_GlumetzaTOC.html
bc2bab93ec9a98b51c7e8600,21803,021751,ORIG,1,http://www.accessdata.fda.gov/drugsatfda_docs/nda/2004/21-751_21-749_Pentetate.html
2ba7fc8adaa322971f3f24bd,21804,021752,ORIG,1,http://www.accessdata.fda.gov/drugsatfda_docs/nda/2004/021752s000_TruvadaTOC.html
115d5404ed649445d82bd93e,21805,021752,SUPPL,30,http://www.accessdata.fda.gov/drugsatfda_docs/nda/2012/021752_truvada_toc.html
370eb15851c03be9622ff075,21806,021756,ORIG,1,http://www.accessdata.fda.gov/drugsatfda_docs/nda/2004/21-756_Macugen.html
3e0efb3d0ebde489f9210c3d,21807,021762,ORIG,1,http://www.accessdata.fda.gov/drugsatfda_docs/nda/2005/021762s000_FosamaxTOC.html
77e95c051898bc5a74c140c8,21808,021763,ORIG,1,http://www.accessdata.fda.gov/drugsatfda_docs/nda/2005/021763s000TOC.html
8f27da697d638b86fa692c63,21809,021765,ORIG,1,http://www.accessdata.fda.gov/drugsatfda_docs/nda/2004/021765s000TOC.html
d5a9d758a255b8ac5c2f6e4f,21810,021768,ORIG,1,http://www.accessdata.fda.gov/drugsatfda_docs/nda/2004/021768s000_FludeoxyglucoseTOC.html
e34c04f0f2a71a19b91fb19d,21811,021774,ORIG,1,http://www.accessdata.fda.gov/drugsatfda_docs/nda/2005/021774s000_AmbienTOC.html
f33cb7932ec2f5003925690b,21812,021774,SUPPL,13,"http://www.accessdata.fda.gov/drugsatfda_docs/nda/2013/019908Orig1s032,s034,021774Orig1s013,s015review.pdf"
f33cb7932ec2f5003925690b,21813,021774,SUPPL,15,"http://www.accessdata.fda.gov/drugsatfda_docs/nda/2013/019908Orig1s032,s034,021774Orig1s013,s015review.pdf"
4f125b75e0b0ca9c8691e4ea,21814,021775,ORIG,1,http://www.accessdata.fda.gov/drugsatfda_docs/nda/2008/021775_ENTEREGTOC.html
9eb8066ecec03cd5d47a121f,21815,021777,ORIG,1,http://www.accessdata.fda.gov/drugsatfda_docs/nda/2007/021777s000TOC.html
a6771c72447063c4fe430984,21816,021778,ORIG,1,http://www.accessdata.fda.gov/drugsatfda_docs/nda/2005/021778s000TOC.html
2687e09918f424616d3e6bda,21817,021779,SUPPL,9,http://www.accessdata.fda.gov/drugsatfda_docs/nda/2009/021779Orig1s009.pdf
4a54c536ef2f91cd25736afc,21818,021785,ORIG,1,http://www.accessdata.fda.gov/drugsatfda_docs/nda/2004/021785s000_InviraseTOC.html
55eda3db39fd0e0a1dc279c7,21819,021793,ORIG,1,http://www.accessdata.fda.gov/drugsatfda_docs/nda/2005/021793s000TOC.html
ca2afb7824809fdbacd5d048,21820,021794,ORIG,1,http://www.accessdata.fda.gov/drugsatfda_docs/nda/2005/021794s000TOC.html
8355b070f6e5647660302d16,21821,021797,ORIG,1,http://www.accessdata.fda.gov/drugsatfda_docs/nda/2005/21797_21798_BaracludeTOC.html
d0d1cf2fde512db08831fc79,21822,021802,ORIG,1,http://www.accessdata.fda.gov/drugsatfda_docs/nda/2005/021802s000TOC.html
66618ff9bad8bf9a89d0efd7,21823,021806,ORIG,1,http://www.accessdata.fda.gov/drugsatfda_docs/nda/2005/021806s000TOC.html
3813a90331951f55363ca1e0,21824,021807,ORIG,1,http://www.accessdata.fda.gov/drugsatfda_docs/nda/2005/021807s000TOC.html
c08625ad895c09c5eb0ef84a,21825,021812,ORIG,1,http://www.accessdata.fda.gov/drugsatfda_docs/nda/2006/021812s000TOC.html
dc503f114531d91e670bb170,21826,021814,ORIG,1,http://www.accessdata.fda.gov/drugsatfda_docs/nda/2005/21814_000_AptivusTOC.html
d240cc8402e0115f09bdd2cd,21827,021814,SUPPL,5,"http://www.accessdata.fda.gov/drugsatfda_docs/nda/2008/021814s005, 022292_aptivus_toc.html"
85f5b84ae2047cddbef9e617,21828,021817,ORIG,1,http://www.accessdata.fda.gov/drugsatfda_docs/nda/2007/021817TOC.html
076e621ba68e4d5b9a45cc7b,21829,021817,SUPPL,12,http://www.accessdata.fda.gov/drugsatfda_docs/nda/2011/021817Orig1s012.pdf
62a84ef00a737808a7c16214,21830,021818,ORIG,1,http://www.accessdata.fda.gov/drugsatfda_docs/nda/2005/021818s000_021498s003TOC.html
ae30b73770e96f431a609c7d,21831,021821,ORIG,1,http://www.accessdata.fda.gov/drugsatfda_docs/nda/2005/21-821_Tygacil.html
0a8a177211a4b1131f5290f3,21832,021821,SUPPL,26,http://www.accessdata.fda.gov/drugsatfda_docs/nda/2013/021821Orig1s026.pdf
8eaa65f36be16f44a4341919,21833,021821,SUPPL,31,http://www.accessdata.fda.gov/drugsatfda_docs/nda/2013/021821Orig1s031.pdf
fbdd5bc755f909b208469fc5,21834,021823,ORIG,1,http://www.accessdata.fda.gov/drugsatfda_docs/nda/2005/021823orig1s000.pdf
bfc7c97adfde03e584016b2d,21835,021825,ORIG,1,http://www.accessdata.fda.gov/drugsatfda_docs/nda/2011/021825Orig1s000TOC.html
7d4ef35e520644f6495f423b,21836,021829,ORIG,1,http://www.accessdata.fda.gov/drugsatfda_docs/nda/2007/021829s000TOC.html
0bff65b93e0cf3cc10a47aef,21837,021830,ORIG,1,http://www.accessdata.fda.gov/drugsatfda_docs/nda/2008/021830TOC.html
c103603de17ca8c9d5637c14,21838,021835,ORIG,1,http://www.accessdata.fda.gov/drugsatfda_docs/nda/2005/021835s000TOC.html
ec6ba05dd653860a2b0f8c7f,21839,021845,ORIG,1,http://www.accessdata.fda.gov/drugsatfda_docs/nda/2005/021845s000_RevatioTOC.html
8d2bed363e7d19626655207a,21840,021849,ORIG,1,http://www.accessdata.fda.gov/drugsatfda_docs/nda/2006/021849TOC.html
de373869f42ec74186f7e593,21841,021849,SUPPL,2,http://www.accessdata.fda.gov/drugsatfda_docs/nda/2007/021849Orig1s002.pdf
0f6dd064b78adc2fa3751f31,21842,021850,ORIG,1,http://www.accessdata.fda.gov/drugsatfda_docs/nda/2006/021850s000TOC.html
fcab36d1b352636f6979b9ec,21843,021855,ORIG,1,http://www.accessdata.fda.gov/drugsatfda_docs/nda/2005/021855s000TOC.html
adf6b2f6b7102ed2e73ca75d,21844,021858,ORIG,1,http://www.accessdata.fda.gov/drugsatfda_docs/nda/2006/021858s000TOC.html
c3c7ee3279d16ad8d9644463,21845,021864,ORIG,1,http://www.accessdata.fda.gov/drugsatfda_docs/nda/2007/021864_lybrel_toc.html
c05ef28827c4801c66113b70,21846,021866,ORIG,1,http://www.accessdata.fda.gov/drugsatfda_docs/nda/2006/021866TOC.html
56a3ddc42dfd8d9c1062613b,21847,021866,SUPPL,7,http://www.accessdata.fda.gov/drugsatfda_docs/nda/2008/021866Orig1s006_s007_s009.pdf
22c3fe7136c293a91fd8d545,21849,021870,ORIG,1,http://www.accessdata.fda.gov/drugsatfda_docs/nda/2005/021870s000TOC.html
70bcf65f29692ef199f493e5,21850,021872,ORIG,1,http://www.accessdata.fda.gov/drugsatfda_docs/nda/2006/021872s000TOC.html
442a6ec3d1d08e6a96fdcf0e,21851,021873,ORIG,1,http://www.accessdata.fda.gov/drugsatfda_docs/nda/2006/021873_yaz_toc.html
b6c50e86e856c4b242ae520c,21852,021875,ORIG,1,http://www.accessdata.fda.gov/drugsatfda_docs/nda/2007/021875_nuvigil_toc.html
d360e78776c958b869115e94,21853,021876,ORIG,1,http://www.accessdata.fda.gov/drugsatfda_docs/nda/2013/021876Orig1s000TOC.html
549aaedf9e53b1f33d3be70c,21854,021879,ORIG,1,http://www.accessdata.fda.gov/drugsatfda_docs/nda/2010/021879Orig1s000TOC.html
b346a4c21c655b01b0da48a9,21855,021880,ORIG,1,http://www.accessdata.fda.gov/drugsatfda_docs/nda/2005/021880s000_RevlimidTOC.html
829b3229f3834bbf58e02be2,21856,021881,ORIG,1,http://www.accessdata.fda.gov/drugsatfda_docs/nda/2006/021881_moviprep_toc.html
524a946e200bddcd1eee86d2,21857,021882,ORIG,1,http://www.accessdata.fda.gov/drugsatfda_docs/nda/2005/021882_s000_ExjadeTOC.html
93d9f78201a83acc57ad82be,21858,021883,ORIG,1,http://www.accessdata.fda.gov/drugsatfda_docs/nda/2014/021883Orig1s000TOC.html
b15331e3f68985c867687e91,21860,021892,SUPPL,3,http://www.accessdata.fda.gov/drugsatfda_docs/nda/2009/021892Orig1s003.pdf
5a76ba9680f392c7c4bb58eb,21861,021894,ORIG,1,http://www.accessdata.fda.gov/drugsatfda_docs/nda/2008/021894s000TOC.html
867b711016a8879f7f9bd70d,21862,021896,ORIG,1,http://www.accessdata.fda.gov/drugsatfda_docs/nda/2005/021896s000TOC.html
93f93a468ea6b4cb97e13485,21863,021897,ORIG,1,http://www.accessdata.fda.gov/drugsatfda_docs/nda/2006/021897_toc_Vivitrol.html
50bff636e92f57a0c8c02d9b,21864,021903,ORIG,1,http://www.accessdata.fda.gov/drugsatfda_docs/nda/2006/21-903s000TOC.html
437d8cc3ed3ff01db71e6aa0,21866,021908,ORIG,1,http://www.accessdata.fda.gov/drugsatfda_docs/nda/2006/021908s000_AmitizaTOC.html
30c208e3df1d5f98df017c69,21867,021908,SUPPL,8,http://www.accessdata.fda.gov/drugsatfda_docs/nda/2011/021908Orig1s008.pdf
c23469e95c9de662c0ebd82c,21868,021910,ORIG,1,http://www.accessdata.fda.gov/drugsatfda_docs/nda/2006/021910s000TOC.html
8f508e1908d1ddbf62444055,21869,021912,ORIG,1,http://www.accessdata.fda.gov/drugsatfda_docs/nda/2006/021912_brovana_toc.html
75a43a6098b2086745e74717,21870,021918,ORIG,1,http://www.accessdata.fda.gov/drugsatfda_docs/nda/2009/021918_cetraxal_toc.html
253a22050e99f9f88476de75,21871,021923,ORIG,1,http://www.accessdata.fda.gov/drugsatfda_docs/nda/2005/021923_s000_NexavarTOC.html
a275725953e65d3b4c4e30e7,21872,021925,ORIG,1,http://www.accessdata.fda.gov/drugsatfda_docs/nda/2006/021925_duetact_toc.html
e6f7aec4bd26826c1136b951,21873,021926,ORIG,1,http://www.accessdata.fda.gov/drugsatfda_docs/nda/2008/021926s000TOC.html
a6346ea3fe2c62afd2bc6c4f,21874,021928,ORIG,1,http://www.accessdata.fda.gov/drugsatfda_docs/nda/2006/021928_s000_ChantixTOC.html
52d16a6a8c15a662f439f15d,21875,021937,ORIG,1,http://www.accessdata.fda.gov/drugsatfda_docs/nda/2006/021937TOC2.html
68a194da6aa3ea222c427b97,21876,021938,ORIG,1,http://www.accessdata.fda.gov/drugsatfda_docs/nda/2006/021938s000_021968s000_Stutent.html
9da98525d3c207e79a696834,21877,021938,SUPPL,2,http://www.accessdata.fda.gov/drugsatfda_docs/nda/2007/021938_s002_sutent.pdf
fb88ab4ffd1bf2351961730e,21878,021938,SUPPL,3,http://www.accessdata.fda.gov/drugsatfda_docs/nda/2007/021938_s003_sutent.pdf
812ca6fb848048bbfabca0ec,21879,021938,SUPPL,4,http://www.accessdata.fda.gov/drugsatfda_docs/nda/2007/021938_s004_sutent.pdf
1d70041d6bd230d4ab742a5c,21880,021938,SUPPL,5,http://www.accessdata.fda.gov/drugsatfda_docs/nda/2007/021938_s005_sutent.pdf
086f842dbe164ba335c987ea,21882,021946,ORIG,1,http://www.accessdata.fda.gov/drugsatfda_docs/nda/2006/021946s000TOC.html
6d26d2d7465d1b0720414dc1,21883,021948,ORIG,1,http://www.accessdata.fda.gov/drugsatfda_docs/nda/2006/021632_021948_EraxisTOC.html
8c3e6da769053f477e9836f8,21884,021956,ORIG,1,http://www.accessdata.fda.gov/drugsatfda_docs/nda/2006/021956s000TOC.html
ba072bc05efcaadd206c4356,21885,021957,ORIG,1,http://www.accessdata.fda.gov/drugsatfda_docs/nda/2006/021957_nexium_toc.html
906fd9d0986444a1ef97e1b7,21886,021958,ORIG,1,http://www.accessdata.fda.gov/drugsatfda_docs/nda/2006/021958TOC.html
9114b44b6e619250d62c8c0e,21887,021968,SUPPL,2,http://www.accessdata.fda.gov/drugsatfda_docs/nda/2007/021968_s002_sutent.pdf
d8af6a16c995c9fc1b8e0e0a,21888,021968,SUPPL,4,http://www.accessdata.fda.gov/drugsatfda_docs/nda/2007/021968_s004_sutent.pdf
0eb68c530dd331dbf4168f4d,21889,021968,SUPPL,5,http://www.accessdata.fda.gov/drugsatfda_docs/nda/2007/021968_s005_sutent.pdf
413d58c6a765b2c36b70208c,21890,021976,ORIG,1,http://www.accessdata.fda.gov/drugsatfda_docs/nda/2006/021976s000_SprycelTOC.html
4340ceb3537302e2de2eca0e,21891,021977,SUPPL,36,http://www.accessdata.fda.gov/drugsatfda_docs/nda/2015/021977Orig1s036.pdf
d62356a95a888180f4a38a28,21892,021977,SUPPL,37,http://www.accessdata.fda.gov/drugsatfda_docs/nda/2015/021977Orig1s037.pdf
e257d7b4e1cf94f67248d459,21893,021978,ORIG,1,http://www.accessdata.fda.gov/drugsatfda_docs/nda/2006/021978_verdeso_toc.html
2677c3511d3140bd07aed8b6,21894,021983,ORIG,1,http://www.accessdata.fda.gov/drugsatfda_docs/nda/2006/021983_duodote_toc.html
73d34140613bfd22a77810a2,21895,021986,ORIG,1,http://www.accessdata.fda.gov/drugsatfda_docs/nda/2006/021986_022072_SprycelTOC.html
2f67b116dc59f9a54961a18f,21896,021986,SUPPL,1,http://www.accessdata.fda.gov/drugsatfda_docs/nda/2007/021986_s001_s002.pdf
1fb00e35e814a93f9aa09d71,21897,021991,ORIG,1,http://www.accessdata.fda.gov/drugsatfda_docs/nda/2006/021991s000_ZolinzaTOC.html
a110e84eed4cb21dd1ec67e9,21898,021995,SUPPL,13,http://www.accessdata.fda.gov/drugsatfda_docs/nda/2009/021995Orig1s013.pdf
07fceb3776358f1c4e18fa0e,21899,021997,ORIG,1,http://www.accessdata.fda.gov/drugsatfda_docs/nda/2009/021997s000TOC.html
74a99c2cd0560beb769e4a8c,21900,022004,ORIG,1,http://www.accessdata.fda.gov/drugsatfda_docs/nda/2006/022004s000TOC.html
f8f715a45fd9b9b171dd0212,21901,022006,ORIG,1,http://www.accessdata.fda.gov/drugsatfda_docs/nda/2009/022006s000TOC.html
954bf5c7163d7e86e5ad8c72,21902,022007,ORIG,1,http://www.accessdata.fda.gov/drugsatfda_docs/nda/2007/022007_perforomist_toc.html
f70f6b76ffb8674a6d9579cd,21903,022008,ORIG,1,http://www.accessdata.fda.gov/drugsatfda_docs/nda/2008/022008_requip_toc.html
55b8a21353874aa8dae57c4f,21904,022009,ORIG,1,http://www.accessdata.fda.gov/drugsatfda_docs/nda/2008/022009_avobenzone_ecamsule_octocrylene_titanium_dioxide_cream_toc.html
51f32a9f42388abb991fac0e,21905,022011,ORIG,1,http://www.accessdata.fda.gov/drugsatfda_docs/nda/2006/22011s000TOC.html
69b3e7d6e71a54db70b69744,21906,022012,ORIG,1,http://www.accessdata.fda.gov/drugsatfda_docs/nda/2006/022012s000TOC.html
ef3e12c69afb1cdc4473a5b6,21907,022013,ORIG,1,http://www.accessdata.fda.gov/drugsatfda_docs/nda/2007/022013_oluxe_toc.html
4a1f1a7032308c0737407b8e,21908,022015,ORIG,1,http://www.accessdata.fda.gov/drugsatfda_docs/nda/2006/022015s000_TOC.html
891dd3202625d491c95017df,21909,022016,ORIG,1,http://www.accessdata.fda.gov/drugsatfda_docs/nda/2007/022016_vaprisol_toc.html
45bb8b64072a52d6507181be,21910,022023,ORIG,1,http://www.accessdata.fda.gov/drugsatfda_docs/NDA/2008/022023s000TOC.html
1703525de9daaee94ccfdbf6,21911,022024,ORIG,1,http://www.accessdata.fda.gov/drugsatfda_docs/nda/2009/022024_actoplus_met_xr_toc.html
018e4e932c2aa9647fdc7a11,21912,022032,ORIG,1,http://www.accessdata.fda.gov/drugsatfda_docs/nda/2007/022032_omeprazole_toc.html
3c339d95417e34746beadd9f,21913,022033,ORIG,1,http://www.accessdata.fda.gov/drugsatfda_docs/nda/2008/022033TOC.html
837323ab3794ee1f24defc7b,21914,022036,ORIG,1,http://www.accessdata.fda.gov/drugsatfda_docs/nda/2010/022036s000_silenor_toc.html
98c21366585b47c572992071,21915,022041,ORIG,1,http://www.accessdata.fda.gov/drugsatfda_docs/nda/2006/022041_cyanokit_toc.html
ceeaf77b53615711f9832d1f,21916,022044,ORIG,1,http://www.accessdata.fda.gov/drugsatfda_docs/nda/2007/022044TOC.html
d9c4245273c373525a22f553,21917,022047,ORIG,1,http://www.accessdata.fda.gov/drugsatfda_docs/nda/2007/022047s000TOC.html
5e5046cb32ea3669ee178a75,21918,022047,SUPPL,11,http://www.accessdata.fda.gov/drugsatfda_docs/nda/2009/022047Orig1s011.pdf
f5c18279e9dd12d7a36f54a6,21920,022055,ORIG,1,http://www.accessdata.fda.gov/drugsatfda_docs/nda/2007/022055s000TOC.html
7452097669b4e5a3e21b566e,21921,022057,ORIG,1,http://www.accessdata.fda.gov/drugsatfda_docs/nda/2007/022057_endometrin_toc.html
5f8bae61c2b6d04934633e11,21922,022058,ORIG,1,http://www.accessdata.fda.gov/drugsatfda_docs/nda/2007/022058_supprelin_la_toc.html
5092b6a27001a636a9b7a650,21923,022066,ORIG,1,http://www.accessdata.fda.gov/drugsatfda_docs/nda/2007/022066s000TOC.html
6aef5a2e3501769bdb4d6920,21924,022068,ORIG,1,http://www.accessdata.fda.gov/drugsatfda_docs/nda/2007/022068TOC.html
8b1b4db1577b1394c326c2d0,21925,022070,ORIG,1,http://www.accessdata.fda.gov/drugsatfda_docs/nda/2007/022070_atralin_toc.html
3029d9e7eb4b15e502c5000d,21926,022071,ORIG,1,http://www.accessdata.fda.gov/drugsatfda_docs/nda/2007/022071_lamisil_toc.html
83c5a8a317f20356cb5f15f4,21927,022076,ORIG,1,http://www.accessdata.fda.gov/drugsatfda_docs/nda/2007/022076_locoid_toc.html
c7db852fde7db20f630abb5f,21931,022080,ORIG,1,http://www.accessdata.fda.gov/drugsatfda_docs/nda/2007/022080_reclast_toc.html
2249c69ffabb25965e785ac4,21932,022081,ORIG,1,http://www.accessdata.fda.gov/drugsatfda_docs/nda/2007/022081s000TOC.html
3c9db1a2555bc7b46cf5771e,21933,022081,SUPPL,17,http://www.accessdata.fda.gov/drugsatfda_docs/nda/2011/022081Orig1s017.pdf
f71f789ba2f9c22b80cfe368,21934,022087,ORIG,1,http://www.accessdata.fda.gov/drugsatfda_docs/nda/2009/022087_vectical_toc.html
50f22fde58d54a5df0c1038f,21935,022100,ORIG,1,http://www.accessdata.fda.gov/drugsatfda_docs/nda/2007/022100_azor_toc.html
1035050042cd987ec32bf29c,21936,022103,ORIG,1,http://www.accessdata.fda.gov/drugsatfda_docs/nda/2007/022103s000TOC.html
3ef1a1638bdaa9d9e7bd2435,21937,022104,ORIG,1,http://www.accessdata.fda.gov/drugsatfda_docs/nda/2008/022104_venlafaxine_hydrochloride_toc.html
634f0d67e728c99e95d1b7c7,21938,022114,ORIG,1,http://www.accessdata.fda.gov/drugsatfda_docs/nda/2007/022114_zingo_toc.html
e4db5f6dcb07ce9f99d9d797,21939,022117,ORIG,1,http://www.accessdata.fda.gov/drugsatfda_docs/nda/2009/022117s000TOC.html
722d495fd382c9789b70ef48,21940,022119,ORIG,1,http://www.accessdata.fda.gov/drugsatfda_docs/nda/2007/22119s000TOC.html
b28b6087132b80a7050002b6,21942,022124,ORIG,1,http://www.accessdata.fda.gov/drugsatfda_docs/nda/2007/022124_omnaris_toc.html
de1b96123ecece6579d4487c,21943,022127,ORIG,1,http://www.accessdata.fda.gov/drugsatfda_docs/nda/2007/022127s000TOC.html
780d0132d1f34e88c77bad4a,21944,022129,ORIG,1,http://www.accessdata.fda.gov/drugsatfda_docs/nda/2009/022129s000TOC.html
6fd228849729d13c6d9e09e8,21945,022134,ORIG,1,http://www.accessdata.fda.gov/drugsatfda_docs/nda/2010/022134s000TOC.html
5a40dd70b336487ddd103285,21946,022152,ORIG,1,http://www.accessdata.fda.gov/drugsatfda_docs/nda/2008/022152_stavzor_toc.html
54217f27470a486f88a45517,21947,022154,ORIG,1,http://www.accessdata.fda.gov/drugsatfda_docs/nda/2009/022154_tyzeka_toc.html
74200710fb9efa9b649892b6,21948,022156,ORIG,1,http://www.accessdata.fda.gov/drugsatfda_docs/nda/2008/022156_cleviprex_toc.html
d89d33566a160008aa74ee87,21949,022159,ORIG,1,http://www.accessdata.fda.gov/drugsatfda_docs/nda/2008/022159_oraverse_toc.html
99d4f3a8fddaf6351d0befce,21950,022161,ORIG,1,http://www.accessdata.fda.gov/drugsatfda_docs/nda/2008/022161s000_LexiscanTOC.html
d052949d6d54a59120242da2,21951,022165,ORIG,1,http://www.accessdata.fda.gov/drugsatfda_docs/nda/2009/022165s000TOC.html
e8cfd3f2b37222d9cb7a70b0,21952,022173,ORIG,1,http://www.accessdata.fda.gov/drugsatfda_docs/nda/2009/022173_zyprexa_relprevv_toc.html
c1be20d828dfd30993d4fcb3,21953,022184,ORIG,1,http://www.accessdata.fda.gov/drugsatfda_docs/nda/2010/022184_lumigan_toc.html
bdf1d4b17800ade73d619a85,21954,022185,ORIG,1,http://www.accessdata.fda.gov/drugsatfda_docs/nda/2008/022185_taclonex_scalp_toc.html
7d80d83575bb56a182a5bfcc,21955,022192,ORIG,1,http://www.accessdata.fda.gov/drugsatfda_docs/nda/2009/022192s000TOC.html
703eb1e2e51a2a04748d9fb0,21956,022195,ORIG,1,http://www.accessdata.fda.gov/drugsatfda_docs/nda/2008/022195_022207_morphine_toc.html
7dfdd15b0af59a57938135c7,21957,022203,ORIG,1,http://www.accessdata.fda.gov/drugsatfda_docs/nda/2008/022203s000TOC.html
447b4dba4600c67f7e2c69f4,21958,022210,ORIG,1,http://www.accessdata.fda.gov/drugsatfda_docs/nda/2009/022210_zenpep_toc.html
af37d459b808fa298e146da8,21959,022211,ORIG,1,http://www.accessdata.fda.gov/drugsatfda_docs/nda/2009/022211_zirgan_toc.html
beed56beceadf83706bb7243,21960,022212,ORIG,1,http://www.accessdata.fda.gov/drugsatfda_docs/nda/2008/022212s000TOC.html
f7a225973336f79d8d457e9e,21961,022214,ORIG,1,http://www.accessdata.fda.gov/drugsatfda_docs/nda/2008/022214_arimidex_toc.html
15d214074bea20844aecdb7d,21962,022220,ORIG,1,http://www.accessdata.fda.gov/drugsatfda_docs/nda/2008/022220_trivaris_toc.html
d8934d406680eee662be16ae,21963,022224,ORIG,1,http://www.accessdata.fda.gov/drugsatfda_docs/nda/2008/022224_trilipix_toc.html
6645647a0160f48823e269ff,21964,022225,ORIG,1,http://www.accessdata.fda.gov/drugsatfda_docs/nda/2015/022225Orig1s000TOC.html
bdc7b22d76df8de52c498824,21965,022235,ORIG,1,http://www.accessdata.fda.gov/drugsatfda_docs/nda/2008/022235_luvox_toc.html
df7cf2645fe69728a08995b2,21966,022239,ORIG,1,http://www.accessdata.fda.gov/drugsatfda_docs/nda/2009/022239_sumavel_dosepro_toc.html
4264eac2325a58a3128878e5,21969,022249,ORIG,1,http://www.accessdata.fda.gov/drugsatfda_docs/nda/2008/treanda_022249_TOC.html
24b3a803ddb138fd4ab487c6,21970,022252,ORIG,1,http://www.accessdata.fda.gov/drugsatfda_docs/nda/2010/022252_Orig-1TOC.html
6e13e3172e118ede34beb5b5,21971,022253,ORIG,1,http://www.accessdata.fda.gov/drugsatfda_docs/nda/2008/022253s000_022254s000TOC.html
7ccd8c1a67f0b93688e76ac0,21972,022260,ORIG,1,http://www.accessdata.fda.gov/drugsatfda_docs/nda/2008/022260_epoprostenol_toc.html
14f3d3b1cc850af9f9411f06,21973,022268,ORIG,1,http://www.accessdata.fda.gov/drugsatfda_docs/nda/2009/022268s000TOC.html
a14f016c9cc46c834ce115f5,21974,022271,ORIG,1,http://www.accessdata.fda.gov/drugsatfda_docs/nda/2013/022271Orig1s000TOC.html
8efe9a7fae9bcca9de99ebb4,21975,022272,ORIG,1,http://www.accessdata.fda.gov/drugsatfda_docs/nda/2010/022272s000TOC.html
77c4f3eeeee9a54e4cb1694f,21976,022273,ORIG,1,http://www.accessdata.fda.gov/drugsatfda_docs/nda/2008/022273_fludarabine_phosphate_toc.html
51a01a301e37e1741cb630c0,21977,022275,ORIG,1,http://www.accessdata.fda.gov/drugsatfda_docs/nda/2009/022275s000TOC.html
2505d79b850e77af3ceefa01,21978,022276,ORIG,1,http://www.accessdata.fda.gov/drugsatfda_docs/nda/2008/022276s000TOC.html
6b0bacf592ec927bb930392b,21979,022277,ORIG,1,http://www.accessdata.fda.gov/drugsatfda_docs/nda/2009/022277_temodar_toc.html
be5eb466c65eddd015010065,21980,022278,ORIG,1,http://www.accessdata.fda.gov/drugsatfda_docs/nda/2009/022278_membraneblue_toc.html
945787df7f620675b7ebdb1e,21981,022281,ORIG,1,http://www.accessdata.fda.gov/drugsatfda_docs/nda/2009/022281s000TOC.html
28891440798ec1f689bcb7bf,21982,022283,ORIG,1,http://www.accessdata.fda.gov/drugsatfda_docs/nda/2013/022283Orig1s000TOC.html
eeee79e87347a9cec00caa8b,21983,022290,ORIG,1,http://www.accessdata.fda.gov/drugsatfda_docs/nda/2008/022290s000TOC.html
cf4df0db5c4b22fcfa959d71,21984,022291,ORIG,1,http://www.accessdata.fda.gov/drugsatfda_docs/nda/2008/022291s000_TOC.html
4bfe01c6b2ea406e18e7a5a3,21985,022294,ORIG,1,http://www.accessdata.fda.gov/drugsatfda_docs/nda/2009/022294_zidovudine_toc.html
4863ad00a69e85d67a70207f,21986,022301,ORIG,1,http://www.accessdata.fda.gov/drugsatfda_docs/nda/2008/022301_apriso_toc.html
a1495daf7884554a4bed300d,21987,022303,ORIG,1,http://www.accessdata.fda.gov/drugsatfda_docs/nda/2008/022303_treanda_toc.html
e760615ec50b4654a1c06822,21988,022304,ORIG,1,http://www.accessdata.fda.gov/drugsatfda_docs/nda/2008/022304s000_TOC.html
3928b4ae613180b21e6ddb74,21989,022309,ORIG,1,http://www.accessdata.fda.gov/drugsatfda_docs/nda/2011/022309_androgel_toc.html
1347602e8b7291dc0e9f2455,21990,022309,SUPPL,1,http://www.accessdata.fda.gov/drugsatfda_docs/nda/2012/022309Orig1s001.pdf
9b67afa05908469d391c82f2,21991,022312,ORIG,1,http://www.accessdata.fda.gov/drugsatfda_docs/nda/2012/022312_docetaxel_toc.html
948560fc143515b2690a5360,21992,022318,ORIG,1,http://www.accessdata.fda.gov/drugsatfda_docs/nda/2009/022318s000_renvela_toc.html
e20123d93f82b10cb440d548,21993,022325,ORIG,1,http://www.accessdata.fda.gov/drugsatfda_docs/nda/2008/022325_nexterone_toc.html
bcd65bcb40e0d3429a722efb,21994,022328,ORIG,1,http://www.accessdata.fda.gov/drugsatfda_docs/nda/2011/022328Orig1s000TOC.html
f5c1e04029c47b89d76dfe37,21995,022331,ORIG,1,http://www.accessdata.fda.gov/drugsatfda_docs/nda/2009/022331_jenloga_toc.html
3e9c3d6e6fdafcd226f52239,21996,022332,ORIG,1,http://www.accessdata.fda.gov/drugsatfda_docs/nda/2009/022332_adcirca_toc.html
f1ca0f026754c36eb7208012,21997,022334,ORIG,1,http://www.accessdata.fda.gov/drugsatfda_docs/nda/2009/022334s000TOC.html
7976923732b2692d2dee86e6,21998,022345,ORIG,1,http://www.accessdata.fda.gov/drugsatfda_docs/nda/2011/022345Orig1s000TOC.html
47242afbcc6269f52561a715,21999,022350,ORIG,1,http://www.accessdata.fda.gov/drugsatfda_docs/nda/2009/022350s000TOC.html
83055abb85ef0ea216b760a9,22000,022353,ORIG,1,http://www.accessdata.fda.gov/drugsatfda_docs/nda/2009/022353_colcrys_toc.html
3097a7a868e64a52d912cf0c,22001,022360,ORIG,1,http://www.accessdata.fda.gov/drugsatfda_docs/nda/2009/022360_nicorette_toc.html
63459d1144c19aa594d98bf7,22002,022360,SUPPL,8,http://www.accessdata.fda.gov/drugsatfda_docs/nda/2014/022360Orig1s008.pdf
dd6ef633eda9e53e9074a44c,22003,022363,SUPPL,8,http://www.accessdata.fda.gov/drugsatfda_docs/nda/2012/022363s008s009.pdf
dd6ef633eda9e53e9074a44c,22004,022363,SUPPL,9,http://www.accessdata.fda.gov/drugsatfda_docs/nda/2012/022363s008s009.pdf
80d1c9428bf2ddf6d720a028,22005,022368,ORIG,1,http://www.accessdata.fda.gov/drugsatfda_docs/nda/2010/022368_aridol_toc.html
6e944f6868cec76ae038652e,22006,022369,ORIG,1,http://www.accessdata.fda.gov/drugsatfda_docs/nda/2008/022369_latisse_toc.html
4a8435736676a2748a6a04be,22007,022370,ORIG,1,http://www.accessdata.fda.gov/drugsatfda_docs/nda/2010/022370s000_tramadol_toc.html
bd70f156ab38301313c5a303,22008,022377,ORIG,1,http://www.accessdata.fda.gov/drugsatfda_docs/nda/2010/022377_alsuma_toc.html
e701f67dcb255885331c17aa,22009,022387,ORIG,1,http://www.accessdata.fda.gov/drugsatfda_docs/nda/2009/022387s000TOC.html
483f782d99a98ceee25c56c6,22010,022395,ORIG,1,http://www.accessdata.fda.gov/drugsatfda_docs/nda/2009/022395_qutenza_toc.html
eb8f3944547e70b11b5ab787,22011,022399,ORIG,1,http://www.accessdata.fda.gov/drugsatfda_docs/nda/2011/022399Orig1s000TOC.html
77471808703b6ef5146e64b3,22012,022404,ORIG,1,http://www.accessdata.fda.gov/drugsatfda_docs/nda/2010/022404s000_oravig_toc.html
94c42ccc0b66f8683de52564,22013,022406,ORIG,1,http://www.accessdata.fda.gov/drugsatfda_docs/nda/2011/022406Orig1s000TOC.html
b70b22e0506f74f11c213226,22014,022410,SUPPL,11,http://www.accessdata.fda.gov/drugsatfda_docs/nda/2013/022410Orig1s011.pdf
8ec2b8892c0a0ba42d4b6316,22015,022410,SUPPL,14,http://www.accessdata.fda.gov/drugsatfda_docs/nda/2014/022410Orig1s014.pdf
90362f331fa822db8f6a6bd9,22016,022416,ORIG,1,http://www.accessdata.fda.gov/drugsatfda_docs/nda/2013/022416Orig1s000TOC.html
6334fd0a1869c26717cbe57c,22017,022425,ORIG,1,http://www.accessdata.fda.gov/drugsatfda_docs/nda/2009/022425s000TOC.html
a00cf69ddb8af46066861283,22018,022426,ORIG,1,http://www.accessdata.fda.gov/drugsatfda_docs/nda/2013/022426Orig1s000TOC.html
aa29446ff361a7af84b22a30,22019,022427,ORIG,1,http://www.accessdata.fda.gov/drugsatfda_docs/nda/2009/022427_acuvail_toc.html
9d4a2e7af10b61c05e5a2dd3,22020,022428,ORIG,1,http://www.accessdata.fda.gov/drugsatfda_docs/nda/2010/022428_moxeza_toc.html
dfb5115c68629f1abe30c732,22021,022436,ORIG,1,http://www.accessdata.fda.gov/drugsatfda_docs/nda/2009/022436_acyclovir_hydrocortisone_toc.html
9b432e6e8ad97fd8e5069b60,22022,022442,ORIG,1,http://www.accessdata.fda.gov/drugsatfda_docs/nda/2011/022442_rezira_toc.html
4f852159ff21015bb901af32,22023,022453,ORIG,1,http://www.accessdata.fda.gov/drugsatfda_docs/nda/2012/022453_topotecan_toc.html
727530ddf9b5067c19bb8201,22024,022454,ORIG,1,http://www.accessdata.fda.gov/drugsatfda_docs/nda/2011/022454sOrig1s000TOC.html
f1b1e00be6b924ec7045d05d,22026,022460,ORIG,1,http://www.accessdata.fda.gov/drugsatfda_docs/nda/2010/022460s000_jalyn_toc.html
28611fa46b995c014f91ae4a,22027,022462,ORIG,1,http://www.accessdata.fda.gov/drugsatfda_docs/nda/2010/022462Orig1s000TOC.html
8eed1a5b71cbf690d436c585,22028,022465,ORIG,1,http://www.accessdata.fda.gov/drugsatfda_docs/nda/2009/022465s000TOC.html
0eed15c12a7ff9fbb5b13a60,22029,022468,ORIG,1,http://www.accessdata.fda.gov/drugsatfda_docs/nda/2009/022468s000TOC.html
7a9f4ca1cc7d8f42773a6f6e,22030,022472,ORIG,1,http://www.accessdata.fda.gov/drugsatfda_docs/nda/2014/022472Orig1s000TOC.html
48bc50e08af81347f6ff0e4c,22031,022474,ORIG,1,http://www.accessdata.fda.gov/drugsatfda_docs/nda/2010/022474s000TOC.html
3776f9a750193e436c838417,22032,022474,SUPPL,7,http://www.accessdata.fda.gov/drugsatfda_docs/nda/2015/022474Orig1s007TOC.html
fa76a4305ab70db90c9265f2,22033,022483,ORIG,1,http://www.accessdata.fda.gov/drugsatfda_docs/nda/2010/022483_zyclara_toc.html
039109de07e8612a42889b6c,22034,022488,ORIG,1,http://www.accessdata.fda.gov/drugsatfda_docs/nda/2010/022488_lyrica_toc.html
468e22d8f36326361b0ab0c1,22035,022494,ORIG,1,http://www.accessdata.fda.gov/drugsatfda_docs/nda/2011/022494Orig1s000TOC.html
997aa6df906ef4d4ddb111a9,22036,022496,ORIG,1,http://www.accessdata.fda.gov/drugsatfda_docs/nda/2011/022496Orig1s000TOC.html
071cd73d5784ab4d64aca1fd,22037,022502,ORIG,1,http://www.accessdata.fda.gov/drugsatfda_docs/nda/2010/022502_differin_toc.html
adb8085a0dfebb89a650d951,22038,022504,ORIG,1,http://www.accessdata.fda.gov/drugsatfda_docs/nda/2010/022504_axiron_toc.html
b881ac01a7a178abbbcbf647,22040,022509,ORIG,1,http://www.accessdata.fda.gov/drugsatfda_docs/nda/2010/022509_lamictal_xr_toc.html
682abbfd38f1bc5e4e1b90a9,22041,022511,ORIG,1,http://www.accessdata.fda.gov/drugsatfda_docs/nda/2010/022511Orig1s000TOC.html
6de99ca6c3d9feb541121903,22042,022512,ORIG,1,http://www.accessdata.fda.gov/drugsatfda_docs/nda/2010/022512Orig1s000TOC.html
445c247115d99a06480ae8a9,22043,022512,SUPPL,4,http://www.accessdata.fda.gov/drugsatfda_docs/nda/2011/022512Orig1s004.pdf
d989587afcdd6f8b87df986c,22044,022516,ORIG,1,http://www.accessdata.fda.gov/drugsatfda_docs/nda/2010/022516_cymbalta_tocEDT.html
c6d02842ba88a2bb0fc221f6,22045,022525,ORIG,1,http://www.accessdata.fda.gov/drugsatfda_docs/nda/2010/022525s000_namenda_xr_toc.html
66099e9e34b79f068bb1a41a,22046,022527,ORIG,1,http://www.accessdata.fda.gov/drugsatfda_docs/nda/2010/022527Orig1s000TOC.html
f4c7c8b61eeb4593b235106d,22047,022532,ORIG,1,http://www.accessdata.fda.gov/drugsatfda_docs/nda/2010/022532_beyaz_toc.html
e772f84af4af73f45a0053c1,22048,022532,SUPPL,4,http://www.accessdata.fda.gov/drugsatfda_docs/nda/2012/022532Orig1s004.pdf
e6b8d3c698102eb91ac381bd,22049,022534,ORIG,1,http://www.accessdata.fda.gov/drugsatfda_docs/nda/2011/022534_docefrez_toc.html
70d1eeadcd83fbf262af89be,22050,022536,ORIG,1,http://www.accessdata.fda.gov/drugsatfda_docs/nda/2010/022536_indomethacin_toc.html
7ecd57a8edf9a200d2cec4a9,22051,022544,ORIG,1,http://www.accessdata.fda.gov/drugsatfda_docs/nda/2011/022544_gralise_toc.html
12f71b2cb21c838fe26454ec,22052,022545,ORIG,1,http://www.accessdata.fda.gov/drugsatfda_docs/nda/2010/022545_tekamlo_toc.html
89109d35ac16a770a4202b18,22053,022554,ORIG,1,http://www.accessdata.fda.gov/drugsatfda_docs/nda/2010/022554_xifaxan_toc_.html
f0e149b9f71a8c791742151f,22054,022555,ORIG,1,http://www.accessdata.fda.gov/drugsatfda_docs/nda/2010/022555_cysview_toc.html
0e821369cd433ad13a663592,22055,022556,ORIG,1,http://www.accessdata.fda.gov/drugsatfda_docs/nda/2013/022556Orig1s000TOC.html
560e1e6d00d8bef0c51aed5b,22056,022560,ORIG,1,http://www.accessdata.fda.gov/drugsatfda_docs/nda/2010/022560Orig1s000TOC.html
34d9397d767c46713ed21bc1,22057,022562,ORIG,1,http://www.accessdata.fda.gov/drugsatfda_docs/nda/2010/022562s000TOC.html
e78785f75cc6296caab41945,22058,022565,ORIG,1,http://www.accessdata.fda.gov/drugsatfda_docs/nda/2010/022565s000TOC.html
8fc01f3788776a75ea5d26a6,22059,022567,ORIG,1,http://www.accessdata.fda.gov/drugsatfda_docs/nda/2011/022567Orig1s000TOC.html
80996092e3724b284dab0333,22060,022571,ORIG,1,http://www.accessdata.fda.gov/drugsatfda_docs/nda/2010/022571s000_cuvposa_toc.html
ae2bf1db1d727cb9c1999fcd,22061,022572,ORIG,1,http://www.accessdata.fda.gov/drugsatfda_docs/nda/2012/022572_mitosol_toc.html
46555a0d349ca4b505fa2a91,22062,022574,SUPPL,1,http://www.accessdata.fda.gov/drugsatfda_docs/nda/2012/022574Orig1s001.pdf
94cad4cf603dddec1b3199c2,22064,022577,ORIG,1,http://www.accessdata.fda.gov/drugsatfda_docs/nda/2012/022577_viread_toc.html
ce1e148193f087d8269672f9,22065,022578,ORIG,1,http://www.accessdata.fda.gov/drugsatfda_docs/nda/2010/022578s000_zyrtec_allergy_toc.html
7b3c5d857ebff37e169b60cd,22066,022580,ORIG,1,http://www.accessdata.fda.gov/drugsatfda_docs/nda/2012/022580Orig1s000_qsymia_toc.html
068a13b06a2ff685aeab4c44,22067,022581,ORIG,1,http://www.accessdata.fda.gov/drugsatfda_docs/nda/2011/022581_phoslyra_toc.html
d9b01dbed1263d7a4f5fdd7b,22068,040028,ORIG,1,http://www.accessdata.fda.gov/drugsatfda_docs/anda/2007/040028Orig1s000.pdf
caf445ccde1f6d57f3fde4dd,22069,040032,ORIG,1,http://www.accessdata.fda.gov/drugsatfda_docs/anda/99/040032_cyclophosphamide_toc.html
7c469ac3e2029682798295e5,22070,040084,SUPPL,2,http://www.accessdata.fda.gov/drugsatfda_docs/nda/96/040084s001_thru_028.pdf
7c469ac3e2029682798295e5,22071,040084,SUPPL,3,http://www.accessdata.fda.gov/drugsatfda_docs/nda/96/040084s001_thru_028.pdf
7c469ac3e2029682798295e5,22072,040084,SUPPL,5,http://www.accessdata.fda.gov/drugsatfda_docs/nda/96/040084s001_thru_028.pdf
7c469ac3e2029682798295e5,22073,040084,SUPPL,8,http://www.accessdata.fda.gov/drugsatfda_docs/nda/96/040084s001_thru_028.pdf
7c469ac3e2029682798295e5,22074,040084,SUPPL,10,http://www.accessdata.fda.gov/drugsatfda_docs/nda/96/040084s001_thru_028.pdf
7c469ac3e2029682798295e5,22075,040084,SUPPL,11,http://www.accessdata.fda.gov/drugsatfda_docs/nda/96/040084s001_thru_028.pdf
7c469ac3e2029682798295e5,22076,040084,SUPPL,13,http://www.accessdata.fda.gov/drugsatfda_docs/nda/96/040084s001_thru_028.pdf
7c469ac3e2029682798295e5,22077,040084,SUPPL,16,http://www.accessdata.fda.gov/drugsatfda_docs/nda/96/040084s001_thru_028.pdf
7c469ac3e2029682798295e5,22078,040084,SUPPL,18,http://www.accessdata.fda.gov/drugsatfda_docs/nda/96/040084s001_thru_028.pdf
7c469ac3e2029682798295e5,22079,040084,SUPPL,19,http://www.accessdata.fda.gov/drugsatfda_docs/nda/96/040084s001_thru_028.pdf
7c469ac3e2029682798295e5,22080,040084,SUPPL,21,http://www.accessdata.fda.gov/drugsatfda_docs/nda/96/040084s001_thru_028.pdf
7c469ac3e2029682798295e5,22081,040084,SUPPL,24,http://www.accessdata.fda.gov/drugsatfda_docs/nda/96/040084s001_thru_028.pdf
7c469ac3e2029682798295e5,22082,040084,SUPPL,26,http://www.accessdata.fda.gov/drugsatfda_docs/nda/96/040084s001_thru_028.pdf
fd0340c63233dbd13b75c2af,22083,040099,SUPPL,2,http://www.accessdata.fda.gov/drugsatfda_docs/nda/99/040099_S.PDF
d345dcdeec130a57f22466b3,22084,040105,ORIG,1,http://www.accessdata.fda.gov/drugsatfda_docs/anda/96/040105ap.pdf
5d681aa37502ca7be0a15ae3,22085,040131,ORIG,1,http://www.accessdata.fda.gov/drugsatfda_docs/anda/98/40131ap.pdf
7590de08b4d7defa1476b513,22086,040148,SUPPL,3,http://www.accessdata.fda.gov/drugsatfda_docs/nda/2000/040148s.pdf
7590de08b4d7defa1476b513,22087,040148,SUPPL,11,http://www.accessdata.fda.gov/drugsatfda_docs/nda/2000/040148s.pdf
bbb675be91a510401d2eacbd,22088,040166,ORIG,1,http://www.accessdata.fda.gov/drugsatfda_docs/anda/96/040166_acetic-acid_toc.html
f79de938f94552500b6fdf7e,22089,040168,ORIG,1,http://www.accessdata.fda.gov/drugsatfda_docs/anda/96/040168_hydrocortisone-aceticacid_toc.html
1d515fb9e5fef47001793c80,22090,040183,ORIG,1,http://www.accessdata.fda.gov/drugsatfda_docs/anda/98/040183_methylprednisolone_toc.html
888fdf01f455260819200c7d,22091,040184,ORIG,1,http://www.accessdata.fda.gov/drugsatfda_docs/anda/98/40184ap.pdf
b4b265c6753f2e357139152e,22092,040191,ORIG,1,http://www.accessdata.fda.gov/drugsatfda_docs/anda/98/040191_meperidine_toc.html
04e4b668dfa0715607e3101a,22093,040194,ORIG,1,http://www.accessdata.fda.gov/drugsatfda_docs/anda/97/040194ap.pdf
fb68f282f88cb2e936200571,22094,040199,ORIG,1,http://www.accessdata.fda.gov/drugsatfda_docs/anda/98/040199_oxycodone_toc.html
d90c4553034cc689c4922942,22095,040201,ORIG,1,http://www.accessdata.fda.gov/drugsatfda_docs/anda/98/40201ap.pdf
44ac59027ba5aa79c561e3e0,22096,040216,ORIG,1,http://www.accessdata.fda.gov/drugsatfda_docs/anda/99/40216_Sulfacetamide%20Sodium%20Ophthalmic.pdf
47d4c0ad1964df641f562413,22097,040224,ORIG,1,http://www.accessdata.fda.gov/drugsatfda_docs/anda/99/40224_Chlorpromazine%20Hydrochloride.pdf
8abd4679acc904f2add83ff3,22098,040227,ORIG,1,http://www.accessdata.fda.gov/drugsatfda_docs/anda/97/040227ap.pdf
fa0a717ff10b2cc2a4c84794,22099,040230,ORIG,1,http://www.accessdata.fda.gov/drugsatfda_docs/anda/99/040230_dicyclomine_toc.html
44a1a279c9ea3652113b4c8f,22100,040231,ORIG,1,http://www.accessdata.fda.gov/drugsatfda_docs/anda/99/040231_chlorpromazine_toc.html
98cf400aa2e317a95a3b0390,22101,040233,ORIG,1,http://www.accessdata.fda.gov/drugsatfda_docs/nda/99/40233_Methotrexate.pdf
6d387c2ca6c7da874be2f741,22102,040241,ORIG,1,http://www.accessdata.fda.gov/drugsatfda_docs/anda/98/40241ap.pdf
6458d9b4f1617bd1d8fd1b37,22103,040248,ORIG,1,http://www.accessdata.fda.gov/drugsatfda_docs/nda/2000/040248.pdf
8a50155bef6958ed3c17b1bb,22104,040249,ORIG,1,http://www.accessdata.fda.gov/drugsatfda_docs/anda/99/040249_orphenadrine_toc.html
8ff8a1e80773011f1f68184f,22105,040251,ORIG,1,http://www.accessdata.fda.gov/drugsatfda_docs/anda/99/040251_trihexyphenidyl_toc.html
ba5ef030ac06a3ce7eec9753,22106,040255,ORIG,1,http://www.accessdata.fda.gov/drugsatfda_docs/anda/98/40255ap.pdf
9c76f72367f64461db900d1d,22107,040257,ORIG,1,http://www.accessdata.fda.gov/drugsatfda_docs/anda/98/040257_oxycodone_toc.html
9043c4afc91731b53b5473a4,22108,040262,ORIG,1,http://www.accessdata.fda.gov/drugsatfda_docs/anda/99/040262_leucovorin_toc.html
ed1150976e640140e5c5cd14,22109,040263,ORIG,1,http://www.accessdata.fda.gov/drugsatfda_docs/anda/99/040263_methotrexate_toc.html
593b50f2ed70ff96f037d8c6,22110,040265,ORIG,1,http://www.accessdata.fda.gov/drugsatfda_docs/anda/99/040265_methotrexate-preservative-free_toc.html
08765c9e95f7a37e95e7fbd2,22111,040266,ORIG,1,http://www.accessdata.fda.gov/drugsatfda_docs/anda/99/040266_methotrexate-preservative-free_toc.html
0ef5fef38e61f0ba12a37a89,22112,040277,ORIG,1,http://www.accessdata.fda.gov/drugsatfda_docs/anda/2000/040277_proparacaine_toc.html
abfef068511f470719328bf6,22113,040278,ORIG,1,http://www.accessdata.fda.gov/drugsatfda_docs/anda/98/040278_fluorouracil_toc.html
3ed7877cc2efd089929188a7,22114,040279,ORIG,1,http://www.accessdata.fda.gov/drugsatfda_docs/anda/98/040279_fluorouracil_toc.html
0d8fb6f4ad8b18c70de4b04f,22115,040281,ORIG,1,http://www.accessdata.fda.gov/drugsatfda_docs/anda/98/040281_hydrocodone_toc.html
0b13d44e192bee4d22ddf48e,22116,040282,ORIG,1,http://www.accessdata.fda.gov/drugsatfda_docs/nda/99/40282_Digoxin.pdf
2f30ef3f40ff1cf9a8848513,22117,040283,ORIG,1,http://www.accessdata.fda.gov/drugsatfda_docs/anda/98/40-283_Carisoprodol%20Aspirin%20Codeine%20Phosphate.pdf
fc99ab45cac395f1967cc461,22118,040287,ORIG,1,http://www.accessdata.fda.gov/drugsatfda_docs/anda/99/040287_prednisolone_toc.html
6c3778c9e006cd8c7ed08d76,22119,040298,ORIG,1,http://www.accessdata.fda.gov/drugsatfda_docs/anda/98/040298_phenytoin-sodium_TOC.html
b381ba411a488072e854ec90,22120,040299,ORIG,1,http://www.accessdata.fda.gov/drugsatfda_docs/nda/99/40299_Dextroamphetamine.pdf
c04bf52b8ecf7c54ae89584f,22121,040300,ORIG,1,http://www.accessdata.fda.gov/drugsatfda_docs/anda/98/040300_methylphenidate_toc.html
77a129146240ad340ade4756,22122,040301,ORIG,1,http://www.accessdata.fda.gov/drugsatfda_docs/anda/99/40301_Warfarin.html
de48665a7e91ecb24b701559,22123,040309,ORIG,1,http://www.accessdata.fda.gov/drugsatfda_docs/anda/2000/040309_hydrocodone-bitartrate_toc.html
518e9768dadc873086262205,22124,040312,ORIG,1,http://www.accessdata.fda.gov/drugsatfda_docs/nda/99/40312_Innofem.pdf
8c075b2011a543732c0a0bd5,22125,040323,ORIG,1,http://www.accessdata.fda.gov/drugsatfda_docs/anda/99/40323.html
7dddb49f501fa6ad926a7448,22126,040326,ORIG,1,http://www.accessdata.fda.gov/drugsatfda_docs/anda/99/040326_estradiol_toc.html
974769c7cd978d6ac7968009,22127,040330,ORIG,1,http://www.accessdata.fda.gov/drugsatfda_docs/anda/99/40-330_Oxycodone%20and%20Acetaminophen.pdf
be6ced1cae5a1fa22abfb352,22128,040333,ORIG,1,http://www.accessdata.fda.gov/drugsatfda_docs/anda/2000/040333_fluorouracil_toc.html
63d6d5e71f72c70d7b529cbe,22129,040334,ORIG,1,http://www.accessdata.fda.gov/drugsatfda_docs/anda/2000/040334_fluorouracil_toc.html
af9e471e626cd1adc61c2118,22130,040341,ORIG,1,http://www.accessdata.fda.gov/drugsatfda_docs/anda/99/40-341_Oxycodone%20And%20Acetaminophen.pdf
1c54de67f598682806611937,22131,040349,ORIG,1,http://www.accessdata.fda.gov/drugsatfda_docs/nda/2002/040349.pdf
1c2f02b736ed9e90cf946612,22132,040350,SUPPL,1,http://www.accessdata.fda.gov/drugsatfda_docs/nda/2001/040350s001s002s003.pdf
1c2f02b736ed9e90cf946612,22133,040350,SUPPL,3,http://www.accessdata.fda.gov/drugsatfda_docs/nda/2001/040350s001s002s003.pdf
341d42681dd7c0c51b91f91d,22134,040361,ORIG,1,http://www.accessdata.fda.gov/drugsatfda_docs/anda/2001/040361_dextroamphetamine_toc.html
7b75440b03ba7d9b1bb727e2,22135,040374,ORIG,1,http://www.accessdata.fda.gov/drugsatfda_docs/anda/2001/040374_triamcinolone-acetonide_toc.html
b7f403b5af98d7e2c3142d2c,22136,040378,ORIG,1,http://www.accessdata.fda.gov/drugsatfda_docs/anda/2000/040378_niacor_toc.html
35b3a9237b4f00552012bdf5,22137,040379,ORIG,1,http://www.accessdata.fda.gov/drugsatfda_docs/anda/2000/40-379_Fluorouracil.pdf
e8e8caa6792c9713b5bc8914,22138,040386,ORIG,1,http://www.accessdata.fda.gov/drugsatfda_docs/anda/2001/040386_triamcinolone-acetonide_toc.html
3d42b09434cc78318731ae85,22139,040424,ORIG,1,http://www.accessdata.fda.gov/drugsatfda_docs/anda/2001/040424_spironolactone_toc.html
26b5dcab1c75b5c2cf0dcf5e,22140,040428,ORIG,1,http://www.accessdata.fda.gov/drugsatfda_docs/nda/2002/040428.PDF
bfc1b49ddcf9ef5c13474b8c,22141,040433,ORIG,1,http://www.accessdata.fda.gov/drugsatfda_docs/anda/2003/040433Orig1s000.pdf
b2013e0ff1b89f452f779d46,22143,040445,ORIG,1,http://www.accessdata.fda.gov/drugsatfda_docs/anda/2010/040445Orig1s000.pdf
72ffa18889877e2c8e01c5d5,22144,040445,SUPPL,3,http://www.accessdata.fda.gov/drugsatfda_docs/anda/2013/040445Orig1s003Approv.pdf
b710db70b61ed0564f4c4139,22145,040453,ORIG,1,http://www.accessdata.fda.gov/drugsatfda_docs/nda/2003/040453.pdf
af702ff3369dea4930e9b084,22146,040454,SUPPL,6,http://www.accessdata.fda.gov/drugsatfda_docs/nda/2009/040454_s006_promethazine_hydrochloride_injection.pdf
4194e1bfb6b902cba534c3d3,22147,040458,ORIG,1,http://www.accessdata.fda.gov/drugsatfda_docs/nda/2003/040458_CarbinoxamineTOC.html
2b9cc5bb84558c9290c6ffc6,22148,040503,ORIG,1,http://www.accessdata.fda.gov/drugsatfda_docs/nda/2004/040503_ORIGINAL APPROVAL_PACKAGE.pdf
4cf31d43652dd5ad83aac06a,22149,040575,ORIG,1,http://www.accessdata.fda.gov/drugsatfda_docs/anda/2006/040575Orig1s000BioeqR.pdf
6cc014799005b4d7b11fb10c,22150,040612,ORIG,1,http://www.accessdata.fda.gov/drugsatfda_docs/nda/2004/040612_ORIGINAL APPROVAL_PACKAGE.pdf
85ed9168279ad9e5f9b8444e,22151,040692,ORIG,1,http://www.accessdata.fda.gov/drugsatfda_docs/anda/2006/040692Orig1s000Approv.pdf
dc179a9130bafaf3fc12d8a4,22152,040719,ORIG,1,http://www.accessdata.fda.gov/drugsatfda_docs/anda/2009/040719Orig1s000.pdf
39b7c46c555a16c8aed68010,22153,040794,ORIG,1,http://www.accessdata.fda.gov/drugsatfda_docs/anda/2009/040794Orig1s000.pdf
7572471e38cb95e372f407a0,22154,050207,SUPPL,55,http://www.accessdata.fda.gov/drugsatfda_docs/nda/2000/50-207s054s055_Erythromycin.html
88cfea0a77c5720f43e5e325,22155,050456,SUPPL,20,http://www.accessdata.fda.gov/drugsatfda_docs/nda/97/50-456S020.pdf
8557c6e5021b14899a48cd01,22156,050479,SUPPL,15,http://www.accessdata.fda.gov/drugsatfda_docs/nda/99/50479S015_Cortisporin.pdf
66b668d8d84a4cc76478a0c7,22157,050517,SUPPL,39,http://www.accessdata.fda.gov/drugsatfda_docs/nda/97/50-517S039_Mefoxin.pdf
29a621ee0c90fede4ef233c2,22158,050542,SUPPL,11,http://www.accessdata.fda.gov/drugsatfda_docs/nda/98/050542s005s010s011.html
74d3a685dfa8cf9bd9bc3a5b,22159,050542,SUPPL,16,http://www.accessdata.fda.gov/drugsatfda_docs/nda/2002/50-542s016_50-754s001_Amoxil.html
f131c3409713e72391485786,22160,050542,SUPPL,17,http://www.accessdata.fda.gov/drugsatfda_docs/nda/2000/50-542s017_50-754s002_50-760s001_50-761s001_Amoxil.html
2fc15ec618cc0c11cf470133,22161,050564,SUPPL,22,http://www.accessdata.fda.gov/drugsatfda_docs/nda/96/050564s022_augmentin.pdf
2fc15ec618cc0c11cf470133,22162,050575,SUPPL,16,http://www.accessdata.fda.gov/drugsatfda_docs/nda/96/050564s022_augmentin.pdf
115eb94d7a095a1140efb709,22163,050587,SUPPL,41,http://www.accessdata.fda.gov/drugsatfda_docs/nda/pre96/050587_S041_PRIMAXIN.pdf
067def3266617335689cd3b6,22164,050587,SUPPL,59,http://www.accessdata.fda.gov/drugsatfda_docs/nda/2002/050587_S059_PRIMAXIN.pdf
3395c174d7cc2f53f7260941,22165,050591,SUPPL,22,http://www.accessdata.fda.gov/drugsatfda_docs/nda/99/50591S022_Bactroban.pdf
6364b869daa87e564598e4d2,22166,050605,SUPPL,32,http://www.accessdata.fda.gov/drugsatfda_docs/nda/99/50605S032_Ceftin.pdf
96597cd36fa26ecdeccec62c,22167,050608,SUPPL,19,http://www.accessdata.fda.gov/drugsatfda_docs/nda/97/050608ap.pdf
dde2f5631009787131098d38,22168,050616,SUPPL,9,http://www.accessdata.fda.gov/drugsatfda_docs/nda/96/50-616S009.pdf
e020f37f37da3c092b4e6c7c,22169,050630,SUPPL,9,http://www.accessdata.fda.gov/drugsatfda_docs/nda/96/050630_S009_PRIMAXIN.pdf
4218df1c3ed729c981cda9bd,22170,050630,SUPPL,14,http://www.accessdata.fda.gov/drugsatfda_docs/nda/97/050630_S014_PRIMAXIN.pdf
c28402d79bf74b8062b55076,22171,050630,SUPPL,21,http://www.accessdata.fda.gov/drugsatfda_docs/nda/2003/050630_S021_PRIMAXIN.pdf
a24ffcd59444aab157c00457,22172,050632,SUPPL,10,http://www.accessdata.fda.gov/drugsatfda_docs/nda/98/50632s010.html
c73ac0a0c7f40e7a756ef824,22173,050662,SUPPL,30,http://www.accessdata.fda.gov/drugsatfda_docs/nda/2002/50-662s030s031_Biaxin.html
c73ac0a0c7f40e7a756ef824,22174,050662,SUPPL,31,http://www.accessdata.fda.gov/drugsatfda_docs/nda/2002/50-662s030s031_Biaxin.html
6ad08c0808181e0cac67295f,22175,050670,SUPPL,8,http://www.accessdata.fda.gov/drugsatfda_docs/nda/96/050670ap.pdf
6364b869daa87e564598e4d2,22176,050672,SUPPL,14,http://www.accessdata.fda.gov/drugsatfda_docs/nda/99/50605S032_Ceftin.pdf
51b1e91876e0ea082d462d3c,22177,050674,SUPPL,12,http://www.accessdata.fda.gov/drugsatfda_docs/nda/98/050674s012.html
afca8b3d3f3c13e4585701f5,22178,050675,SUPPL,14,http://www.accessdata.fda.gov/drugsatfda_docs/nda/98/50675S14_Vantin.html
51b1e91876e0ea082d462d3c,22179,050675,SUPPL,15,http://www.accessdata.fda.gov/drugsatfda_docs/nda/98/050674s012.html
372103155cc955587361295e,22180,050678,SUPPL,3,http://www.accessdata.fda.gov/drugsatfda_docs/nda/97/050678s003_dynabac_toc.html
32e013b3845e4689b57dce4d,22181,050679,SUPPL,2,http://www.accessdata.fda.gov/drugsatfda_docs/nda/97/050679s002.html
72d026a6516b14d893e505d2,22182,050680,SUPPL,2,http://www.accessdata.fda.gov/drugsatfda_docs/nda/98/050680S002.html
a91e2b78f28b76b670196f29,22183,050684,SUPPL,45,http://www.accessdata.fda.gov/drugsatfda_docs/nda/2005/050684_S045_050750_s012_ZosynTOC.html
ca9fb153e68bfea3e8b6738e,22184,050687,SUPPL,4,http://www.accessdata.fda.gov/drugsatfda_docs/nda/2000/50687S4_Banan.html
ca9fb153e68bfea3e8b6738e,22185,050687,SUPPL,7,http://www.accessdata.fda.gov/drugsatfda_docs/nda/2000/50687S4_Banan.html
ca9fb153e68bfea3e8b6738e,22186,050687,SUPPL,10,http://www.accessdata.fda.gov/drugsatfda_docs/nda/2000/50687S4_Banan.html
ca9fb153e68bfea3e8b6738e,22187,050687,SUPPL,12,http://www.accessdata.fda.gov/drugsatfda_docs/nda/2000/50687S4_Banan.html
ca9fb153e68bfea3e8b6738e,22188,050688,SUPPL,6,http://www.accessdata.fda.gov/drugsatfda_docs/nda/2000/50687S4_Banan.html
ca9fb153e68bfea3e8b6738e,22189,050688,SUPPL,9,http://www.accessdata.fda.gov/drugsatfda_docs/nda/2000/50687S4_Banan.html
ca9fb153e68bfea3e8b6738e,22190,050688,SUPPL,11,http://www.accessdata.fda.gov/drugsatfda_docs/nda/2000/50687S4_Banan.html
855844024a86ca89135ad49c,22191,050694,ORIG,1,http://www.accessdata.fda.gov/drugsatfda_docs/nda/pre96/50694.pdf
4fa3e21bf6bc25b2986ef87f,22192,050706,SUPPL,34,http://www.accessdata.fda.gov/drugsatfda_docs/nda/2013/050706Orig1s034.pdf
083957da8ad45a0f18cec1b6,22193,050710,SUPPL,11,http://www.accessdata.fda.gov/drugsatfda_docs/nda/2002/50-710S011_50-711S009_Zithromax.html
b26caca3e8aff1c01162abce,22194,050711,ORIG,1,http://www.accessdata.fda.gov/drugsatfda_docs/nda/96/050711_Original_ap_pkg.PDF
17122e94be6a161227d36c2f,22195,050720,SUPPL,1,http://www.accessdata.fda.gov/drugsatfda_docs/nda/96/050720s001_Augmentin.html
81b181516b77b36eb17a587b,22196,050720,SUPPL,6,http://www.accessdata.fda.gov/drugsatfda_docs/nda/2002/050720s006_Augmentin.html
16813738d743cf0b55038997,22197,050720,SUPPL,7,http://www.accessdata.fda.gov/drugsatfda_docs/nda/99/050720s007_Augmentin.html
4bc41f25d65590fc8d48da9c,22198,050720,SUPPL,12,http://www.accessdata.fda.gov/drugsatfda_docs/nda/2001/050720s012_Augmentin.html
7d29ab7d3fd989d13cc0177c,22199,050720,SUPPL,17,http://www.accessdata.fda.gov/drugsatfda_docs/nda/2002/050720s017_Augmentin.html
9ab9dbde2e37ad56313012cf,22200,050722,SUPPL,4,http://www.accessdata.fda.gov/drugsatfda_docs/nda/2000/50-722s004_50-723s003_50-758s003_50-759s004_CellCept.html
e43d18762573623d20906fa5,22201,050722,SUPPL,6,http://www.accessdata.fda.gov/drugsatfda_docs/nda/2000/50-722s006_CellCept.html
7668824ec28bc20ea35feb69,22202,050722,SUPPL,7,http://www.accessdata.fda.gov/drugsatfda_docs/nda/2000/50-722S007_CellCept.html
9ab9dbde2e37ad56313012cf,22203,050723,SUPPL,3,http://www.accessdata.fda.gov/drugsatfda_docs/nda/2000/50-722s004_50-723s003_50-758s003_50-759s004_CellCept.html
18f39232026326206b0db8a8,22204,050723,SUPPL,5,http://www.accessdata.fda.gov/drugsatfda_docs/nda/2000/50-722S005_CellCept.html
6ef2094dae4e83e6971cdc75,22205,050725,SUPPL,3,http://www.accessdata.fda.gov/drugsatfda_docs/nda/98/050725_S003_Augmentin_APPROVAL PACKAGE.pdf
015342d2ed7a22f3c9cafd3a,22206,050725,SUPPL,4,http://www.accessdata.fda.gov/drugsatfda_docs/nda/2002/050725_S004_Augmentin_APPROVAL PACKAGE.pdf
7b049bc4c8989318ffbded4e,22207,050725,SUPPL,17,http://www.accessdata.fda.gov/drugsatfda_docs/nda/2003/050725_S017_Augmentin_APPROVAL_PACKAGE.pdf
dd036a1859cbbf98af8a33b3,22208,050725,SUPPL,21,http://www.accessdata.fda.gov/drugsatfda_docs/nda/2003/050725_S021_Augmentin_APPROVAL_PACKAGE.pdf
0cf2d29ea278953f17bc6f09,22209,050725,SUPPL,22,http://www.accessdata.fda.gov/drugsatfda_docs/nda/2003/050725_S023_Augmentin_APPROVAL_PACKAGE.pdf
d36b8a6158c3210946d3c386,22210,050730,SUPPL,5,http://www.accessdata.fda.gov/drugsatfda_docs/nda/2000/50-670S015_Zithromax.html
cca87ece7a243c62677deb1a,22211,050731,ORIG,1,http://www.accessdata.fda.gov/drugsatfda_docs/nda/98/50731.pdf
0165f90f42d8aa56d829d260,22212,050740,ORIG,1,http://www.accessdata.fda.gov/drugsatfda_docs/nda/97/050740_ambisome_toc.html
89b77f8f31436c203ea86899,22213,050742,ORIG,1,http://www.accessdata.fda.gov/drugsatfda_docs/nda/96/050742ap.pdf
8bb52ef1cb7b32c93375f164,22214,050744,ORIG,1,http://www.accessdata.fda.gov/drugsatfda_docs/nda/98/50744.html
58926ac42a59fc74ee59cfe6,22215,050748,ORIG,1,http://www.accessdata.fda.gov/drugsatfda_docs/nda/99/50747_Synercid.html
078e424f8f0d3428b939167a,22216,050749,ORIG,1,http://www.accessdata.fda.gov/drugsatfda_docs/nda/97/050739s000_050749s000_OmnicefTOC.html
0f6fd7c042a9e401fe9c1044,22217,050750,ORIG,1,http://www.accessdata.fda.gov/drugsatfda_docs/nda/98/50750.pdf
a91e2b78f28b76b670196f29,22218,050750,SUPPL,12,http://www.accessdata.fda.gov/drugsatfda_docs/nda/2005/050684_S045_050750_s012_ZosynTOC.html
dc49ef55cdb232d5e4ff78d3,22219,050753,ORIG,1,http://www.accessdata.fda.gov/drugsatfda_docs/nda/97/050753_tobi_toc.html
63b8168dffd17b0007ccb7e6,22220,050754,ORIG,1,http://www.accessdata.fda.gov/drugsatfda_docs/nda/98/50754.pdf
d79946a9c74428efc300dac9,22221,050755,ORIG,1,http://www.accessdata.fda.gov/drugsatfda_docs/nda/2001/50755_Augmentin.html
f639499fc89b72aa31264eda,22222,050755,SUPPL,3,http://www.accessdata.fda.gov/drugsatfda_docs/nda/2003/50-755s003_AugmentinTOC.html
bbf82e9101d49beb9f6baec9,22223,050755,SUPPL,10,http://www.accessdata.fda.gov/drugsatfda_docs/nda/2004/050755_S010.pdf
0e138b0f83b0f434b682857b,22224,050757,SUPPL,2,http://www.accessdata.fda.gov/drugsatfda_docs/nda/99/50-757s002_Prevpac.html
8a3f8fa2f0045b47656fbdcc,22225,050757,SUPPL,3,http://www.accessdata.fda.gov/drugsatfda_docs/nda/99/50-757s003_Prevpac.html
eee844626cc9a6a7f3a6aeee,22226,050758,ORIG,1,http://www.accessdata.fda.gov/drugsatfda_docs/nda/98/505758.html
9ab9dbde2e37ad56313012cf,22227,050758,SUPPL,3,http://www.accessdata.fda.gov/drugsatfda_docs/nda/2000/50-722s004_50-723s003_50-758s003_50-759s004_CellCept.html
18f39232026326206b0db8a8,22228,050758,SUPPL,4,http://www.accessdata.fda.gov/drugsatfda_docs/nda/2000/50-722S005_CellCept.html
9ab9dbde2e37ad56313012cf,22229,050759,SUPPL,4,http://www.accessdata.fda.gov/drugsatfda_docs/nda/2000/50-722s004_50-723s003_50-758s003_50-759s004_CellCept.html
5ec8e474e61e0efd0263d4a5,22230,050769,ORIG,1,http://www.accessdata.fda.gov/drugsatfda_docs/nda/2000/50-769_Benamycin.html
6b1b68644ab8a6ea88824115,22231,050775,SUPPL,1,http://www.accessdata.fda.gov/drugsatfda_docs/nda/2000/50775S1_Biaxin.html
eff8691498faa24348ac7bae,22232,050775,SUPPL,4,http://www.accessdata.fda.gov/drugsatfda_docs/nda/2003/50-775s004_BiaxinXL.html
1e7f5d8bce57b95eadf80aee,22233,050777,ORIG,1,http://www.accessdata.fda.gov/drugsatfda_docs/nda/2000/50777_protopic.html
c4e2ab7982661c30b8e65e92,22234,050778,ORIG,1,http://www.accessdata.fda.gov/drugsatfda_docs/nda/99/50-778_Ellence.html
156bcc82e994c66dc006aa90,22235,050779,ORIG,1,http://www.accessdata.fda.gov/drugsatfda_docs/nda/2000/50779_Cefazolin.html
c6be9b9068722ae81656b641,22236,050781,ORIG,1,http://www.accessdata.fda.gov/drugsatfda_docs/nda/2001/50781_Arestin.html
32c6c00db86432ff16bd21f6,22237,050782,ORIG,1,http://www.accessdata.fda.gov/drugsatfda_docs/nda/2000/50-782_Clindagel.html
c23ff9612233306ea86c25e7,22238,050783,ORIG,1,http://www.accessdata.fda.gov/drugsatfda_docs/nda/2001/50-783_Periostat.html
fa8bce5890cf1c440cb31986,22239,050788,ORIG,1,http://www.accessdata.fda.gov/drugsatfda_docs/nda/2002/050788_mupirocin.html
b44cbcc5e614b825329aae4b,22240,050790,SUPPL,2,http://www.accessdata.fda.gov/drugsatfda_docs/nda/2003/050790_S002_RestasisTOC.html
0e901cb9f1e314eb99184eb5,22241,050791,ORIG,1,http://www.accessdata.fda.gov/drugsatfda_docs/nda/2004/50-791_Myfortic.html
17e6939b5853c4218e7ca3e0,22242,050792,ORIG,1,http://www.accessdata.fda.gov/drugsatfda_docs/nda/2004/050792s000_Duplex_ContainerTOC.html
e73d50c85f17a2ead312be34,22243,050794,ORIG,1,http://www.accessdata.fda.gov/drugsatfda_docs/nda/2004/50-794_Vidaza.html
0c06f7ef27c84aa4e19cb464,22244,050795,SUPPL,19,http://www.accessdata.fda.gov/drugsatfda_docs/nda/2014/050795Orig1s019.pdf
acbea43a721c96b8ce6c79f1,22245,050808,ORIG,1,http://www.accessdata.fda.gov/drugsatfda_docs/nda/2006/050808s000TOC.html
0cb0d6a9f9840e2a929c2e92,22246,050808,SUPPL,14,http://www.accessdata.fda.gov/drugsatfda_docs/nda/2011/050808Orig1s014.pdf
e6f501e8a6b93e6b0e4e0b28,22247,050809,ORIG,1,http://www.accessdata.fda.gov/drugsatfda_docs/nda/2006/050809_azithromycin_toc.html
ee5436a350c681a89dc2a488,22248,050810,ORIG,1,http://www.accessdata.fda.gov/drugsatfda_docs/nda/2007/050810_azasite_toc.html
8760d8a2abcc2a76511de258,22249,050810,SUPPL,12,http://www.accessdata.fda.gov/drugsatfda_docs/nda/2012/050810Orig1s012.pdf
5bf1349746bfa3a91159a66b,22250,050814,ORIG,1,http://www.accessdata.fda.gov/drugsatfda_docs/nda/2010/050814s000_cayston_toc.html
a0d1cbb09331007050551d03,22251,050814,SUPPL,1,http://www.accessdata.fda.gov/drugsatfda_docs/nda/2010/050814Orig1s001.pdf
851cbcac73cab2b81bd5b637,22252,050824,ORIG,1,http://www.accessdata.fda.gov/drugsatfda_docs/nda/2011/050824_omeprazole_clarithromycin_amoxicillin_toc.html
e873a6fd41b8f745f97335f0,22253,060212,ORIG,1,http://www.accessdata.fda.gov/drugsatfda_docs/nda/pre96/060212Orig1s000.pdf
12df4732e40e6787b9eb5378,22254,061621,ORIG,1,http://www.accessdata.fda.gov/drugsatfda_docs/nda/pre96/061621Orig1s000.pdf
8093e03a04cee4feabfc2e8e,22255,061667,ORIG,1,http://www.accessdata.fda.gov/drugsatfda_docs/anda/pre96/061667Orig1s000.pdf
95b1a4bc618f0d6d7566af45,22256,062178,ORIG,1,http://www.accessdata.fda.gov/drugsatfda_docs/nda/pre96/062178Orig1s000.pdf
af9792e2cbd8f1f8c208de1a,22257,062483,ORIG,1,http://www.accessdata.fda.gov/drugsatfda_docs/anda/pre96/062483_grifulvin-v_toc.html
fa65175872b991d64efda541,22258,062483,SUPPL,1,http://www.accessdata.fda.gov/drugsatfda_docs/anda/pre96/62483S001.pdf
645741a2d98a941eed9978f9,22259,062483,SUPPL,2,http://www.accessdata.fda.gov/drugsatfda_docs/anda/pre96/62483S002.pdf
19182eaedf35d54f46025c04,22260,062483,SUPPL,3,http://www.accessdata.fda.gov/drugsatfda_docs/anda/pre96/62483S003.pdf
28902011661364a6ade2fb70,22261,062483,SUPPL,4,http://www.accessdata.fda.gov/drugsatfda_docs/anda/pre96/62483S004.pdf
dfa135d80b04b9ec8ccd171c,22262,062483,SUPPL,5,http://www.accessdata.fda.gov/drugsatfda_docs/anda/pre96/62483s005.pdf
ef9609ddcc49ecb4f9cf6d7b,22263,062483,SUPPL,6,http://www.accessdata.fda.gov/drugsatfda_docs/anda/pre96/62483s006.pdf
64c561814a8ad4101d33a4ec,22264,062483,SUPPL,7,http://www.accessdata.fda.gov/drugsatfda_docs/anda/97/62483s007.pdf
dfded682cbe26e07bff8baa7,22265,062483,SUPPL,8,http://www.accessdata.fda.gov/drugsatfda_docs/anda/pre96/62483s008.pdf
fe3f9b644aacbc045fe5003d,22266,062483,SUPPL,10,http://www.accessdata.fda.gov/drugsatfda_docs/anda/pre96/62483s010.pdf
cd0762307d1a08d1fbdd82d7,22267,062483,SUPPL,12,http://www.accessdata.fda.gov/drugsatfda_docs/anda/pre96/62483s012.pdf
4b8fa8039a62b78ac4d110ba,22268,062483,SUPPL,14,http://www.accessdata.fda.gov/drugsatfda_docs/anda/98/62483s014.pdf
3cba1c8f9ad97ad42402fe81,22269,062483,SUPPL,15,http://www.accessdata.fda.gov/drugsatfda_docs/anda/98/62483s015.pdf
5734394d6280e28ca4dbbdf7,22270,062488,ORIG,1,http://www.accessdata.fda.gov/drugsatfda_docs/nda/pre96/62488_Neomycin.pdf
22882c66c51e2f121507cdd4,22271,062756,SUPPL,3,http://www.accessdata.fda.gov/drugsatfda_docs/nda/pre96/062756_S003_PRIMAXIN_ADD_VANTAGE.pdf
aff0e6e255a8d175718e774e,22272,062756,SUPPL,6,http://www.accessdata.fda.gov/drugsatfda_docs/nda/pre96/062756_S006_ADD_PRIMAXIN_VANTAGE.pdf
a786b6d9301f05f6f1ae5f24,22273,062756,SUPPL,7,http://www.accessdata.fda.gov/drugsatfda_docs/nda/pre96/062756_S005&S007&S008&S010_PRIMAXIN I.V.pdf
88b1936f42effc34a0450b15,22274,062756,SUPPL,9,http://www.accessdata.fda.gov/drugsatfda_docs/nda/pre96/062756_S009_PRIMAXIN_ADD_VANTAGE.pdf
a786b6d9301f05f6f1ae5f24,22275,062756,SUPPL,10,http://www.accessdata.fda.gov/drugsatfda_docs/nda/pre96/062756_S005&S007&S008&S010_PRIMAXIN I.V.pdf
3f6af640384368278a5849eb,22276,062756,SUPPL,11,http://www.accessdata.fda.gov/drugsatfda_docs/nda/pre96/062756_S011&S017&S019_PRIMAXIN
526c3e101604d78aed6340ea,22277,062756,SUPPL,12,http://www.accessdata.fda.gov/drugsatfda_docs/nda/pre96/062756_S012_PRIMAXIN ADD-VANTAGE.pdf
8f41e4a0ba8f1400e89ba0d9,22278,062756,SUPPL,13,http://www.accessdata.fda.gov/drugsatfda_docs/nda/pre96/062756_S013_PRIMAXIN ADD-VANTAGE.pdf
1646d1985fcd3e1711082a9a,22279,062756,SUPPL,14,http://www.accessdata.fda.gov/drugsatfda_docs/nda/pre96/062756_S014_PRIMAXIN ADD-VANTAGE.pdf
f5470223215f88b1de94a067,22280,062756,SUPPL,15,http://www.accessdata.fda.gov/drugsatfda_docs/nda/pre96/062756_S015_PRIMAXIN ADD-VANTAGE.pdf
3f6af640384368278a5849eb,22281,062756,SUPPL,19,http://www.accessdata.fda.gov/drugsatfda_docs/nda/pre96/062756_S011&S017&S019_PRIMAXIN
eea8747dd51115e165b3362e,22282,062756,SUPPL,20,http://www.accessdata.fda.gov/drugsatfda_docs/nda/pre96/062756_S020_PRIMAXIN ADD-VANTAGE.pdf
c0aab65d942d95f3d3eac40e,22283,062756,SUPPL,22,http://www.accessdata.fda.gov/drugsatfda_docs/nda/96/062756_S018&S022&S026_PRIMAXIN I.V.pdf
1a831d7fc6f7ec61ccf1f882,22284,062756,SUPPL,24,http://www.accessdata.fda.gov/drugsatfda_docs/nda/2001/062756_S024_PRIMAXIN_ADD_VANTAGE.pdf
34f7c9f7e28ff5f883ed079b,22285,062756,SUPPL,25,http://www.accessdata.fda.gov/drugsatfda_docs/nda/96/062756_S025_PRIMAXIN I.V.pdf
c2a5773e82e1fa15c0b2d9e7,22286,062756,SUPPL,28,http://www.accessdata.fda.gov/drugsatfda_docs/nda/98/062756_S028_PRIMAXIN.pdf
43401676c8840f5c42a9f53a,22287,062756,SUPPL,30,http://www.accessdata.fda.gov/drugsatfda_docs/nda/99/062756_S030_PRIMAXIN.pdf
4a88a81d386954809ad232de,22288,062756,SUPPL,32,http://www.accessdata.fda.gov/drugsatfda_docs/nda/2001/062756_S032_PRIMAXIN_I.V._VANTAGE.pdf
48de3f0e61f7f5e5e0cce160,22289,062756,SUPPL,34,http://www.accessdata.fda.gov/drugsatfda_docs/nda/2001/062756_S033&S034_PRIMAXIN_VANTAGE.pdf
ecf9507d1125b3164919ca8c,22290,062756,SUPPL,37,http://www.accessdata.fda.gov/drugsatfda_docs/nda/2002/062756_S037_PRIMAXIN_ADD_VANTAGE.pdf
abbb961a47bd8c797d24dae2,22291,063065,ORIG,1,http://www.accessdata.fda.gov/drugsatfda_docs/anda/pre96/63065_Minocycline Hydrochloride.html
8da36de59d498e9b70d8d100,22292,063065,SUPPL,14,http://www.accessdata.fda.gov/drugsatfda_docs/anda/99/063065s14s15_Minocycline_toc.html
a213bd94f8d18637aee7ee7d,22293,063165,SUPPL,6,http://www.accessdata.fda.gov/drugsatfda_docs/anda/pre96/063165s006_adriamycin_toc.html
0af1887f0cef0f396838253e,22294,064081,ORIG,1,http://www.accessdata.fda.gov/drugsatfda_docs/nda/98/64081_Cefaclor.html
dd58a78ee0a5e1049e673e93,22295,064084,ORIG,1,http://www.accessdata.fda.gov/drugsatfda_docs/anda/96/064084_bleomycin-sulfate_toc.html
0aa3bb84a85499c6b7d9efc3,22296,064127,ORIG,1,http://www.accessdata.fda.gov/drugsatfda_docs/anda/97/064127ap.pdf
431ef0d2d848a2cfd4160170,22297,064155,ORIG,1,http://www.accessdata.fda.gov/drugsatfda_docs/anda/97/064155_cefaclor_toc.html
a23add8bb900f8db6943e877,22298,064184,ORIG,1,http://www.accessdata.fda.gov/drugsatfda_docs/anda/97/64184ap.pdf
8da26e82483095488a4d176d,22299,064204,ORIG,1,http://www.accessdata.fda.gov/drugsatfda_docs/anda/98/64204ap.pdf
14c3bca8ae719b75554eb39f,22300,064216,ORIG,1,http://www.accessdata.fda.gov/drugsatfda_docs/anda/99/064216Orig1s000.pdf
2301b33da64e0a53011ee62b,22301,065005,ORIG,1,http://www.accessdata.fda.gov/drugsatfda_docs/anda/99/65-005_Minocycline.html
570f3692b36b27e71c6435ca,22302,065012,ORIG,1,http://www.accessdata.fda.gov/drugsatfda_docs/nda/2000/065012_ORIGINAL APPROVAL_PACKAGE.pdf
bf455d0e168a842de599d622,22303,065025,ORIG,1,http://www.accessdata.fda.gov/drugsatfda_docs/nda/2000/65025_Cyclosporine.pdf
be0d056b3c32ce39a29208e9,22304,065027,ORIG,1,http://www.accessdata.fda.gov/drugsatfda_docs/anda/2001/65-027_Clindamycin.html
44f729cb4cec822f8a549f68,22305,065040,ORIG,1,http://www.accessdata.fda.gov/drugsatfda_docs/nda/2002/065040.PDF
27230cf04d2a030558a90a8e,22306,065047,ORIG,1,http://www.accessdata.fda.gov/drugsatfda_docs/nda/2001/065047.pdf
e86b2e80b4c09509adfa2eec,22307,065056,ORIG,1,http://www.accessdata.fda.gov/drugsatfda_docs/anda/2000/065056_amoxicillin_toc.html
d24a2ee2b08adb5850fc1da1,22308,065059,ORIG,1,http://www.accessdata.fda.gov/drugsatfda_docs/anda/2000/65-059_Amoxicillin.html
48ac8c8e7ccec0daf5295615,22309,065072,ORIG,1,http://www.accessdata.fda.gov/drugsatfda_docs/nda/2002/065072.pdf
a769eaaeb591528a479d19a0,22310,065080,ORIG,1,http://www.accessdata.fda.gov/drugsatfda_docs/nda/2003/065080.pdf
1349282257dae4b1102770fe,22311,065093,ORIG,1,http://www.accessdata.fda.gov/drugsatfda_docs/nda/2002/065093.pdf
b7c0973c0012c1698a107d47,22312,065100,ORIG,1,http://www.accessdata.fda.gov/drugsatfda_docs/nda/2003/065100.pdf
5bce942b0a9eddedf6c24ef8,22313,065115,ORIG,1,http://www.accessdata.fda.gov/drugsatfda_docs/anda/2003/065115_cefadroxil_toc.html
f27479dbcb4aff3265c2a138,22314,065125,ORIG,1,http://www.accessdata.fda.gov/drugsatfda_docs/nda/2003/065125.pdf
a92d214fca2ef379ed292978,22315,065156,SUPPL,10,http://www.accessdata.fda.gov/drugsatfda_docs/anda/2012/065156Orig1s010.pdf
7bb301015df7d85a48dda0eb,22316,065161,ORIG,1,http://www.accessdata.fda.gov/drugsatfda_docs/nda/2003/065161_ORIGINAL APPROVAL_PACKAGE.pdf
667e28f40a461b01f2658bb2,22317,065162,ORIG,1,http://www.accessdata.fda.gov/drugsatfda_docs/nda/2004/065162_ORIGINAL APPROVAL_PACKAGE.pdf
a6d240d240224619a3f21ae4,22318,065184,ORIG,1,http://www.accessdata.fda.gov/drugsatfda_docs/nda/2004/065184_ORIGINAL APPROVAL_PACKAGE.pdf
a269baf24236c7a38ba1802a,22319,065189,ORIG,1,http://www.accessdata.fda.gov/drugsatfda_docs/nda/2005/065189_ORIGINAL APPROVAL_PACKAGE.pdf
1d15f6ec7c6a11c8e8143ba2,22320,065443,ORIG,1,http://www.accessdata.fda.gov/drugsatfda_docs/anda/2009/065443Orig1s000.pdf
ef61ee43205f5b66a934e605,22321,070848,ORIG,1,http://www.accessdata.fda.gov/drugsatfda_docs/nda/96/070848.PDF
cd29c8cc1c427e337bd66ef6,22322,070920,SUPPL,19,http://www.accessdata.fda.gov/drugsatfda_docs/anda/2009/070920Orig1s019Approv.pdf
dc4d0beff0e31f9081d33af1,22323,070920,SUPPL,20,http://www.accessdata.fda.gov/drugsatfda_docs/anda/2009/070920Orig1s020Approv.pdf
c96f10a6db2567b007970c32,22324,073416,ORIG,1,http://www.accessdata.fda.gov/drugsatfda_docs/anda/2000/073416_e-z-scrub_toc.html
ffff6f98e141ddf379f014fd,22325,073680,SUPPL,17,http://www.accessdata.fda.gov/drugsatfda_docs/anda/2009/073680Orig1s017.pdf
8cb9d77418fa20f4377e93a6,22326,074278,ORIG,1,http://www.accessdata.fda.gov/drugsatfda_docs/nda/2000/074278.PDF
a455ac9a925fd50c6c1b8ae7,22327,074285,ORIG,1,http://www.accessdata.fda.gov/drugsatfda_docs/anda/96/074285_diflunisal_toc.html
8f63b0616b0f956513372d77,22328,074286,SUPPL,3,http://www.accessdata.fda.gov/drugsatfda_docs/nda/99/074286Orig1s003.pdf
970bfa850dfeaf10dbaccbe2,22329,074286,SUPPL,8,http://www.accessdata.fda.gov/drugsatfda_docs/nda/2004/074286Orig1s008.pdf
78a1ffe78c100ea872310214,22330,074286,SUPPL,9,http://www.accessdata.fda.gov/drugsatfda_docs/nda/2004/074286Orig1s009.pdf
c136f1f4da9b9c32776eec6e,22331,074286,SUPPL,12,http://www.accessdata.fda.gov/drugsatfda_docs/nda/2008/074286Orig1s012.pdf
10a349dfd0d602f38586e0d4,22332,074312,ORIG,1,http://www.accessdata.fda.gov/drugsatfda_docs/nda/pre96/074312.pdf
432afead25c3f2cff69a4d87,22333,074314,ORIG,1,http://www.accessdata.fda.gov/drugsatfda_docs/nda/pre96/074314.pdf
e5c3f06310db57932f96e485,22334,074315,ORIG,1,http://www.accessdata.fda.gov/drugsatfda_docs/anda/98/74-315_Terazosin.html
1bb5aefbdcdcd44897acd4bb,22335,074415,ORIG,1,http://www.accessdata.fda.gov/drugsatfda_docs/anda/98/74415ap.pdf
5fb1b52bfe6a20e29245cd54,22336,074446,ORIG,1,http://www.accessdata.fda.gov/drugsatfda_docs/anda/2000/074446_terazosin_toc.html
c43b1d0470ace33c9c69467b,22337,074464,ORIG,1,http://www.accessdata.fda.gov/drugsatfda_docs/anda/98/74464.html
d83e0c474e2fff050ca418f9,22338,074467,ORIG,1,http://www.accessdata.fda.gov/drugsatfda_docs/anda/97/074467_ranitidine_toc.html
70b282c5ae998c40a8a6f071,22339,074489,ORIG,1,http://www.accessdata.fda.gov/drugsatfda_docs/nda/98/74489_Hydrocortisone.html
4b09e8da1c22e14314a5a0cc,22340,074496,ORIG,1,http://www.accessdata.fda.gov/drugsatfda_docs/anda/98/074496_lorazepam_toc.html
8552193ba6bbde58ba106d44,22341,074538,ORIG,1,http://www.accessdata.fda.gov/drugsatfda_docs/nda/97/074538.pdf
24e40b7d9072c852261f7eeb,22342,074539,ORIG,1,http://www.accessdata.fda.gov/drugsatfda_docs/nda/2000/074539.PDF
67dce2bb8704838ebd958096,22343,074543,ORIG,1,http://www.accessdata.fda.gov/drugsatfda_docs/anda/98/074543ap.pdf
b7ff2b5bd3f7b7f1815ff454,22344,074555,ORIG,1,http://www.accessdata.fda.gov/drugsatfda_docs/anda/98/74555_Cholestramine.pdf
95d8c3e01e83ed192726e34c,22345,074586,ORIG,1,http://www.accessdata.fda.gov/drugsatfda_docs/nda/97/074586.PDF
ef85d05a0010f3c8c5e3fd69,22346,074597,ORIG,1,http://www.accessdata.fda.gov/drugsatfda_docs/nda/98/074597.pdf
4bb494f1f917a956b0ca8d15,22347,074629,ORIG,1,http://www.accessdata.fda.gov/drugsatfda_docs/nda/96/074629a.pdf
2809750e750785adc8f21a08,22348,074648,ORIG,1,http://www.accessdata.fda.gov/drugsatfda_docs/anda/97/74648ap.pdf
6bd3b12aed87578190facf8c,22349,074655,ORIG,1,http://www.accessdata.fda.gov/drugsatfda_docs/nda/97/74655_Ranitidine.html
726eae8d847edbde6738bb47,22350,074703,SUPPL,6,http://www.accessdata.fda.gov/drugsatfda_docs/anda/2009/074703Orig1s006.pdf
1217d8fb13614d3a4ee6a583,22351,074703,SUPPL,7,http://www.accessdata.fda.gov/drugsatfda_docs/anda/2009/074703Orig1s007.pdf
223f6e79842699464c18c4e2,22352,074707,ORIG,1,http://www.accessdata.fda.gov/drugsatfda_docs/anda/99/74-707_Nicotine.html
61bb48a017fec37e23bb6730,22353,074725,ORIG,1,http://www.accessdata.fda.gov/drugsatfda_docs/anda/96/074725ap.pdf
b8df624747f6e21fabe81766,22354,074726,ORIG,1,http://www.accessdata.fda.gov/drugsatfda_docs/anda/98/074726_klor-con_toc.html
1e76ea8efac28667ef22d5e4,22355,074726,SUPPL,1,http://www.accessdata.fda.gov/drugsatfda_docs/anda/2000/074726Orig1s001.pdf
837951a4ea8c16779463d49e,22356,074727,ORIG,1,http://www.accessdata.fda.gov/drugsatfda_docs/nda/97/074727_ORIGINAL APPROVAL_PACKAGE.pdf
0a67743373766e2b140cc6b4,22357,074739,ORIG,1,http://www.accessdata.fda.gov/drugsatfda_docs/anda/98/74-739_Amiodarone.html
6d53f6ac827abd8cfd21dffb,22358,074752,ORIG,1,http://www.accessdata.fda.gov/drugsatfda_docs/nda/pre96/074752.pdf
61f889c2226e966414d379d1,22359,074752,SUPPL,2,http://www.accessdata.fda.gov/drugsatfda_docs/nda/99/074752_S001_thru_S018.PDF
61f889c2226e966414d379d1,22360,074752,SUPPL,5,http://www.accessdata.fda.gov/drugsatfda_docs/nda/99/074752_S001_thru_S018.PDF
61f889c2226e966414d379d1,22361,074752,SUPPL,7,http://www.accessdata.fda.gov/drugsatfda_docs/nda/99/074752_S001_thru_S018.PDF
61f889c2226e966414d379d1,22362,074752,SUPPL,8,http://www.accessdata.fda.gov/drugsatfda_docs/nda/99/074752_S001_thru_S018.PDF
61f889c2226e966414d379d1,22363,074752,SUPPL,13,http://www.accessdata.fda.gov/drugsatfda_docs/nda/99/074752_S001_thru_S018.PDF
61f889c2226e966414d379d1,22364,074752,SUPPL,15,http://www.accessdata.fda.gov/drugsatfda_docs/nda/99/074752_S001_thru_S018.PDF
61f889c2226e966414d379d1,22365,074752,SUPPL,16,http://www.accessdata.fda.gov/drugsatfda_docs/nda/99/074752_S001_thru_S018.PDF
61f889c2226e966414d379d1,22366,074752,SUPPL,18,http://www.accessdata.fda.gov/drugsatfda_docs/nda/99/074752_S001_thru_S018.PDF
18f66002cf0b1cff41fbb854,22367,074759,ORIG,1,http://www.accessdata.fda.gov/drugsatfda_docs/anda/98/074759_Aminocaproic_toc.html
08d52865d6eafcc971b32bad,22368,074769,ORIG,1,http://www.accessdata.fda.gov/drugsatfda_docs/anda/98/74769.html
26f52a454a276052885d19f2,22369,074771,ORIG,1,http://www.accessdata.fda.gov/drugsatfda_docs/nda/97/74771_Cholestyramine.html
2fb661442ab457d9d048fdd8,22370,074787,ORIG,1,http://www.accessdata.fda.gov/drugsatfda_docs/anda/98/074787_labetalol_toc.html
9afb9f97efe5640109a7a249,22371,074793,ORIG,1,http://www.accessdata.fda.gov/drugsatfda_docs/anda/2000/74-793_Lorazepam.html
f3a81ce0b284394bdd9ca922,22372,074800,ORIG,1,http://www.accessdata.fda.gov/drugsatfda_docs/anda/2001/74-800_Cromolyn%20Sodium.pdf
d892f160fc15affb20f3d5f3,22373,074811,ORIG,1,http://www.accessdata.fda.gov/drugsatfda_docs/anda/98/74811ap.pdf
022745ee3d2451cc2c9f86c5,22374,074815,ORIG,1,http://www.accessdata.fda.gov/drugsatfda_docs/anda/98/074815ap.pdf
4b25baefc2a680c129b1e4b6,22375,074823,ORIG,1,http://www.accessdata.fda.gov/drugsatfda_docs/anda/98/74823ap.pdf
bbf1ce1e85efc43f99acffef,22376,074872,ORIG,1,http://www.accessdata.fda.gov/drugsatfda_docs/nda/97/074872_ORIGINAL APPROVAL_PACKAGE.pdf
bca3267db8ea36757c80d7c8,22377,074889,ORIG,1,http://www.accessdata.fda.gov/drugsatfda_docs/nda/97/074889_ORIGINAL APPROVAL_PACKAGE.pdf
6c65a64f2d39e09f8830e1c4,22378,074890,ORIG,1,http://www.accessdata.fda.gov/drugsatfda_docs/anda/98/74-890_Cimetidine.html
e83d3f3fe3a864de3825649e,22379,074898,ORIG,1,http://www.accessdata.fda.gov/drugsatfda_docs/anda/97/074898_iopamidol_toc.html
8cec05584b396670e8853c2c,22380,074905,ORIG,1,http://www.accessdata.fda.gov/drugsatfda_docs/anda/98/74905ap.pdf
f22fc4c992a0279c23459352,22381,074909,ORIG,1,http://www.accessdata.fda.gov/drugsatfda_docs/anda/98/74909ap.pdf
d3e05f6637d8f27c192ddcea,22382,074910,ORIG,1,http://www.accessdata.fda.gov/drugsatfda_docs/anda/97/074910_diltiazem_toc.html
f38b69e1912bfe748b26acaf,22383,074917,ORIG,1,http://www.accessdata.fda.gov/drugsatfda_docs/anda/98/74917ap.pdf
6352cf38a138dc7bcdfc5fd7,22384,074926,ORIG,1,http://www.accessdata.fda.gov/drugsatfda_docs/anda/99/74-926_Miconazole.html
c9c5cb22bd211aba04f269df,22385,074928,ORIG,1,http://www.accessdata.fda.gov/drugsatfda_docs/anda/98/74928.html
0c1b8a550a7160b8852d5bb3,22386,074937,ORIG,1,http://www.accessdata.fda.gov/drugsatfda_docs/anda/98/74-937_Ibuprofen.html
954c3542f68b247ad824fc60,22387,074940,ORIG,1,http://www.accessdata.fda.gov/drugsatfda_docs/anda/97/074940.pdf
f51a526b59888e875ef7e49b,22388,074944,ORIG,1,http://www.accessdata.fda.gov/drugsatfda_docs/anda/98/074944_atracurium_toc.html
50d18ab0ec44794112381e20,22389,074945,ORIG,1,http://www.accessdata.fda.gov/drugsatfda_docs/anda/98/074945_atracurium_toc.html
372b385d7ce0f956cfc066a1,22390,074949,ORIG,1,http://www.accessdata.fda.gov/drugsatfda_docs/anda/98/74949ap.pdf
01f3637a13f65e1885f77afe,22391,074956,ORIG,1,http://www.accessdata.fda.gov/drugsatfda_docs/anda/98/74956_Dipridamole.pdf
8ae99d1d5bcbc5771d3ea170,22392,074967,ORIG,1,http://www.accessdata.fda.gov/drugsatfda_docs/anda/97/74967ap.pdf
1c8a5402858a72af8db675db,22393,074968,ORIG,1,http://www.accessdata.fda.gov/drugsatfda_docs/anda/98/074968ap.pdf
f9fd612c1a51a3f04f164ffc,22394,074970,ORIG,1,http://www.accessdata.fda.gov/drugsatfda_docs/anda/98/74970ap.pdf
9200d97de9350f750aed7f6e,22395,074971,ORIG,1,http://www.accessdata.fda.gov/drugsatfda_docs/anda/99/74-971_Ketoconazole.html
5f70df58419b75068679297a,22396,074974,ORIG,1,http://www.accessdata.fda.gov/drugsatfda_docs/anda/98/74-974_Lorazepam.html
cca93e6c36e260e0c4614269,22397,074978,ORIG,1,http://www.accessdata.fda.gov/drugsatfda_docs/anda/98/74978ap.pdf
1ad4d52585da72d38e0fd776,22398,074979,ORIG,1,http://www.accessdata.fda.gov/drugsatfda_docs/anda/97/74979ap.pdf
e2637a41bdd889738b86c92a,22399,074983,ORIG,1,http://www.accessdata.fda.gov/drugsatfda_docs/anda/98/74983_Etoposide.pdf
5b28e8b64afc242ff98af2f2,22400,075000,ORIG,1,http://www.accessdata.fda.gov/drugsatfda_docs/anda/98/75000ap.pdf
097bdaac73ac8efc90a8978d,22401,075005,ORIG,1,http://www.accessdata.fda.gov/drugsatfda_docs/anda/98/75005ap.pdf
a5fe6561ab213d6ffb19eb5d,22402,075021,ORIG,1,http://www.accessdata.fda.gov/drugsatfda_docs/anda/98/75021.html
1747712e0b3673bf65c2ade7,22403,075036,ORIG,1,http://www.accessdata.fda.gov/drugsatfda_docs/anda/2000/75-036_Cisplatin.html
fa37d7950f9d50690829f1e6,22404,075041,ORIG,1,http://www.accessdata.fda.gov/drugsatfda_docs/nda/98/75041_Isosorbide.html
36bd01fa42e072f62e4d58c6,22405,075042,ORIG,1,http://www.accessdata.fda.gov/drugsatfda_docs/anda/98/075042_hydrocortisone_toc.html
221215cd344cf41bd0a20e14,22406,075043,ORIG,1,http://www.accessdata.fda.gov/drugsatfda_docs/nda/98/75043_Hydrocortisone.html
ab6bbc476f8962155f278e6c,22407,075047,ORIG,1,http://www.accessdata.fda.gov/drugsatfda_docs/anda/99/075047Orig1s000BioeqR.pdf
91b9635c892e5d05616d9b9b,22408,075049,ORIG,1,http://www.accessdata.fda.gov/drugsatfda_docs/anda/2001/075049_fluoxetine_toc.html
5f160a75399bca3f36de8300,22409,075061,ORIG,1,http://www.accessdata.fda.gov/drugsatfda_docs/anda/98/75061ap.pdf
788b695ad359680d10543784,22410,075069,ORIG,1,http://www.accessdata.fda.gov/drugsatfda_docs/anda/98/75069.html
f913f61eeca578eb58cc63eb,22411,075072,ORIG,1,http://www.accessdata.fda.gov/drugsatfda_docs/nda/99/75072_Verapamil.html
317bbe8b08d728113eb31dd9,22412,075073,ORIG,1,http://www.accessdata.fda.gov/drugsatfda_docs/nda/99/75073_Nitroglycerin.pdf
3a1364c06b6d63863687493d,22413,075074,ORIG,1,http://www.accessdata.fda.gov/drugsatfda_docs/anda/98/75074ap.pdf
da8d279d9a2b1dbcbed0666e,22414,075077,ORIG,1,http://www.accessdata.fda.gov/drugsatfda_docs/nda/2000/75077_Acetaminophen.pdf
edd5fc05b1a312feccc0d188,22415,075078,ORIG,1,http://www.accessdata.fda.gov/drugsatfda_docs/anda/98/75078.html
17819ebbcc2257f75c51fd7d,22416,075091,ORIG,1,http://www.accessdata.fda.gov/drugsatfda_docs/anda/99/75-091_Carbidopa.html
6ca190ea6669429b87a292ba,22417,075102,ORIG,1,http://www.accessdata.fda.gov/drugsatfda_docs/nda/99/75102_Propofol.pdf
52d3e4be9fa0e4c1bb87ab81,22418,075108,ORIG,1,http://www.accessdata.fda.gov/drugsatfda_docs/nda/99/75108_Nifedipine.html
5350a4ca006707badc90902a,22419,075124,ORIG,1,http://www.accessdata.fda.gov/drugsatfda_docs/anda/98/75124.html
0ac8d1902ffa51a15f9bc22f,22420,075128,ORIG,1,http://www.accessdata.fda.gov/drugsatfda_docs/nda/2000/075128.pdf
212021c7cf7370d06e08f8fc,22421,075135,ORIG,1,http://www.accessdata.fda.gov/drugsatfda_docs/anda/98/75135.html
05142abdb83ce0996c8f6f95,22422,075135,SUPPL,1,http://www.accessdata.fda.gov/drugsatfda_docs/anda/98/75135s001-007_Pacerone.pdf
05142abdb83ce0996c8f6f95,22423,075135,SUPPL,4,http://www.accessdata.fda.gov/drugsatfda_docs/anda/98/75135s001-007_Pacerone.pdf
05142abdb83ce0996c8f6f95,22424,075135,SUPPL,6,http://www.accessdata.fda.gov/drugsatfda_docs/anda/98/75135s001-007_Pacerone.pdf
05142abdb83ce0996c8f6f95,22425,075135,SUPPL,7,http://www.accessdata.fda.gov/drugsatfda_docs/anda/98/75135s001-007_Pacerone.pdf
66851bce14c22d3a191563e9,22426,075139,ORIG,1,http://www.accessdata.fda.gov/drugsatfda_docs/nda/1999/075139_ORIGINAL APPROVAL_PACKAGE.pdf
94a60116c6bbd23a503ff188,22427,075139,SUPPL,1,http://www.accessdata.fda.gov/drugsatfda_docs/nda/2001/075139_S001_IBUPROFEN_TABLETS.pdf
f3db2aa2aeb63592a9a33aae,22428,075139,SUPPL,4,http://www.accessdata.fda.gov/drugsatfda_docs/nda/2002/075139_S004_IBUPROFEN TABLETS.pdf
38c22d7c6ca33754df779b66,22429,075139,SUPPL,5,http://www.accessdata.fda.gov/drugsatfda_docs/nda/2003/075139_S005_IBUPROFEN TABLETS.pdf
867eab172276728b38a63756,22430,075140,ORIG,1,http://www.accessdata.fda.gov/drugsatfda_docs/nda/98/75140_Terazosin.html
aac67e62dd668203bfd537c1,22431,075141,ORIG,1,http://www.accessdata.fda.gov/drugsatfda_docs/anda/98/75141ap.pdf
95873ea30b433445e96b447e,22432,075143,ORIG,1,http://www.accessdata.fda.gov/drugsatfda_docs/anda/98/75143_Hydroxyurea.pdf
70e13aca69009658ed9bdc50,22433,075150,ORIG,1,http://www.accessdata.fda.gov/drugsatfda_docs/anda/98/75150_Clonazepam.pdf
6dfb2f7a68b3ad7e9f3030a2,22434,075161,ORIG,1,http://www.accessdata.fda.gov/drugsatfda_docs/anda/99/075161_ticlopidine_toc.html
dcac820a48ea3584388fac3e,22435,075175,ORIG,1,http://www.accessdata.fda.gov/drugsatfda_docs/anda/99/75-175_Cromolyn.html
6163e453b09919728b658f66,22436,075176,ORIG,1,http://www.accessdata.fda.gov/drugsatfda_docs/anda/2000/75-176_Haloperidol.html
3cbcf21543f37e90559ca737,22437,075179,ORIG,1,http://www.accessdata.fda.gov/drugsatfda_docs/anda/2000/75-179_Nabumetone.html
bc49373816236e091b591d16,22438,075182,ORIG,1,http://www.accessdata.fda.gov/drugsatfda_docs/nda/2000/75182_Estradiol.pdf
41d52166983e08ea05a2355e,22439,075188,ORIG,1,http://www.accessdata.fda.gov/drugsatfda_docs/anda/99/75-188_Amiodarone.html
9abc5090c4f3b3a64abb5755,22440,075190,ORIG,1,http://www.accessdata.fda.gov/drugsatfda_docs/nda/2002/075190.PDF
f1618371843c045487072e1d,22441,075224,ORIG,1,http://www.accessdata.fda.gov/drugsatfda_docs/anda/98/75-224_Clobetasol.html
7943a025c1248b9ef81aff74,22442,075233,ORIG,1,http://www.accessdata.fda.gov/drugsatfda_docs/nda/2000/75233_Estradiol.pdf
ab3a114ef03b9ef71415da55,22443,075241,ORIG,1,http://www.accessdata.fda.gov/drugsatfda_docs/anda/99/75-241_Furosemide.html
f036b3abb735e943ebb70dcd,22444,075256,ORIG,1,http://www.accessdata.fda.gov/drugsatfda_docs/anda/99/075256_desogestrel_toc.html
3a6229cc002fb208eca25b17,22445,075256,SUPPL,2,http://www.accessdata.fda.gov/drugsatfda_docs/anda/2001/075256s002_desogestral_toc.html
8000692580ca0c21bcdb45a7,22446,075256,SUPPL,3,http://www.accessdata.fda.gov/drugsatfda_docs/anda/2001/075256s003_desogestrel_toc.html
bbbb0bbe84bd8515008e87ab,22447,075256,SUPPL,4,http://www.accessdata.fda.gov/drugsatfda_docs/anda/2001/075256s004_desogestrel_toc.html
5eabbd32f7d214a74a33d958,22448,075256,SUPPL,5,http://www.accessdata.fda.gov/drugsatfda_docs/anda/2001/075256s005_desogestrel_toc.html
337e0fe4cd8844415f4a924f,22449,075260,ORIG,1,http://www.accessdata.fda.gov/drugsatfda_docs/anda/99/75-260_Tretinoin.html
9a369310dc5163e13c0764e4,22450,075264,ORIG,1,http://www.accessdata.fda.gov/drugsatfda_docs/nda/98/75264_Tretinoin.html
eab70c4074ca02a43cccd093,22451,075265,ORIG,1,http://www.accessdata.fda.gov/drugsatfda_docs/nda/98/75265_Tretinoin.html
5f4f689403c951ba523ca998,22452,075274,ORIG,1,http://www.accessdata.fda.gov/drugsatfda_docs/nda/99/75274_Naltrexone.pdf
07438c1ef996648a6973d139,22453,075278,ORIG,1,http://www.accessdata.fda.gov/drugsatfda_docs/nda/2002/75278_Paclitaxel.html
c27f781480303284ebee5c15,22454,075285,ORIG,1,http://www.accessdata.fda.gov/drugsatfda_docs/anda/98/75285_Cimetidine.pdf
3ecf3bddf4eb3fae0353015b,22455,075289,ORIG,1,http://www.accessdata.fda.gov/drugsatfda_docs/nda/2000/075289.PDF
279a419c815355ca278611a3,22456,075290,ORIG,1,http://www.accessdata.fda.gov/drugsatfda_docs/anda/2001/75-290_Pamidronate.html
34b65db01b6b6f31bb8a8386,22457,075297,ORIG,1,http://www.accessdata.fda.gov/drugsatfda_docs/anda/2001/75-297_Paclitaxel.html
c19cdcca6ab2c10f59c7de4a,22458,075311,ORIG,1,http://www.accessdata.fda.gov/drugsatfda_docs/anda/2001/075311_famotidine_toc.html
7d8b6b98bcfcd71f2d00fe89,22459,075326,ORIG,1,http://www.accessdata.fda.gov/drugsatfda_docs/anda/99/75-326_Ticlopidine.html
58b9f63556afb2f0d40d5687,22460,075339,ORIG,1,http://www.accessdata.fda.gov/drugsatfda_docs/nda/2002/075339.PDF
f2f8e038d491c8e639fabe3f,22461,075343,ORIG,1,http://www.accessdata.fda.gov/drugsatfda_docs/nda/99/75343_Albuterol.pdf
22d7d7d72d1516512b482a97,22462,075350,ORIG,1,http://www.accessdata.fda.gov/drugsatfda_docs/nda/2003/075350_ORIGINAL APPROVAL_PACKAGE.pdf
200974ce0e8198f1a540cac3,22463,075351,ORIG,1,http://www.accessdata.fda.gov/drugsatfda_docs/nda/99/75-351_Butalbital.html
6f74a70ea894dde0f972a0aa,22464,075373,ORIG,1,http://www.accessdata.fda.gov/drugsatfda_docs/anda/99/75-373_Betamethasone%20Dipropionate.pdf
d8ff4c58fa48aaf078632f56,22465,075374,ORIG,1,http://www.accessdata.fda.gov/drugsatfda_docs/anda/99/75-374_Diflorasone.html
a587acbeac4a58eea50c4057,22466,075383,ORIG,1,http://www.accessdata.fda.gov/drugsatfda_docs/nda/99/075383.PDF
1d9555a7cc47df0d59ee3072,22467,075394,ORIG,1,http://www.accessdata.fda.gov/drugsatfda_docs/anda/2003/076394_amiodarone-hydrochloride_toc.html
1ac56abbe78b35a97c939cdc,22468,075401,ORIG,1,http://www.accessdata.fda.gov/drugsatfda_docs/nda/2003/075401.pdf
67a069c5be77d72a439d6739,22469,075411,ORIG,1,http://www.accessdata.fda.gov/drugsatfda_docs/anda/2000/075411_timolol_toc.html
3f0357e27d9272d110ad8450,22470,075412,ORIG,1,http://www.accessdata.fda.gov/drugsatfda_docs/anda/2000/75-412_Timolol.html
e64c591c0e7cdacddfed9616,22471,075416,ORIG,1,http://www.accessdata.fda.gov/drugsatfda_docs/anda/2002/075416Orig1s000.pdf
bbb397eb173e079135763105,22472,075430,ORIG,1,http://www.accessdata.fda.gov/drugsatfda_docs/nda/99/75-430_clobetasol.html
2a8438430023c183731fe099,22473,075440,ORIG,1,http://www.accessdata.fda.gov/drugsatfda_docs/nda/2000/075440_ORIGINAL APPROVAL_PACKAGE.pdf
2eeb54bf708497f876ea7772,22474,075467,ORIG,1,http://www.accessdata.fda.gov/drugsatfda_docs/anda/2001/75-467_Buspirone.pdf
8d743d21c7c6f771313e97be,22475,075491,ORIG,1,http://www.accessdata.fda.gov/drugsatfda_docs/anda/2000/075491_bupropion_toc.html
5fb585c9ebb68a18ca369bfb,22476,075492,ORIG,1,http://www.accessdata.fda.gov/drugsatfda_docs/nda/2000/75492_Doclofenac.pdf
e6f3ec5af74395a8ca637c59,22477,075493,ORIG,1,http://www.accessdata.fda.gov/drugsatfda_docs/nda/99/75-493_Vincristine%20Sulfate.pdf
4abb9e462d5db6cd5c91fd01,22478,075499,ORIG,1,http://www.accessdata.fda.gov/drugsatfda_docs/nda/2002/075499_ORIGINAL APPROVAL_PACKAGE.pdf
937be196d462b813487066a8,22479,075502,ORIG,1,http://www.accessdata.fda.gov/drugsatfda_docs/anda/2001/75-502_Clotrimazole.html
5c1a56f2116fb554f401fcb5,22480,075506,ORIG,1,http://www.accessdata.fda.gov/drugsatfda_docs/anda/2001/75506_Prozac.pdf
6d1061a9aced20e785238b5c,22481,075523,ORIG,1,http://www.accessdata.fda.gov/drugsatfda_docs/nda/2000/75523_Pentazocine_Naloxone.pdf
2b31f89d84448d88596bd12b,22482,075547,ORIG,1,http://www.accessdata.fda.gov/drugsatfda_docs/anda/2001/75-547_Thiotepa.html
c371921971e29ba9a870d9ab,22483,075548,ORIG,1,http://www.accessdata.fda.gov/drugsatfda_docs/anda/2001/075548Orig1s000.pdf
edfcfd32008516d08c765183,22484,075553,ORIG,1,http://www.accessdata.fda.gov/drugsatfda_docs/nda/2003/075553_ORIGINAL APPROVAL_PACKAGE.pdf
39f0613b1e9f08e80ddaa09b,22485,075567,ORIG,1,http://www.accessdata.fda.gov/drugsatfda_docs/anda/2001/75-567_Levocarnitine.html
9c1162a82b34ae273fc6fde7,22486,075570,ORIG,1,http://www.accessdata.fda.gov/drugsatfda_docs/nda/2004/075570_s000_AmmoniumTOC.html
c2337715a2a740ad256335f3,22487,075598,ORIG,1,http://www.accessdata.fda.gov/drugsatfda_docs/anda/2001/075598Orig1s000.pdf
49dcf3af742587f93ca54f79,22488,075602,ORIG,1,http://www.accessdata.fda.gov/drugsatfda_docs/anda/2001/075602_aminocaproic_toc.html
625dbf118ac0c7d43c8c6d92,22489,075611,ORIG,1,http://www.accessdata.fda.gov/drugsatfda_docs/anda/2001/075611_famotidine_toc.html
692b10d3e8f4ac95e905848c,22490,075613,ORIG,1,http://www.accessdata.fda.gov/drugsatfda_docs/nda/2000/75-613_Bupropiion%20Hydrochloride.pdf
766c12d80303b0c2b9b1be53,22491,075633,ORIG,1,http://www.accessdata.fda.gov/drugsatfda_docs/anda/2000/075633_approval_package.pdf
6fa4d7e03932e9067994d308,22492,075636,ORIG,1,http://www.accessdata.fda.gov/drugsatfda_docs/nda/2001/075636.PDF
5949740bb77f2383d28ed2b5,22493,075660,ORIG,1,http://www.accessdata.fda.gov/drugsatfda_docs/anda/2002/075660_milrinone-lactate_toc.html
2a30cbbe713f1829f6164036,22494,075671,ORIG,1,http://www.accessdata.fda.gov/drugsatfda_docs/anda/2001/75-671_Megestrol%20Acetate.pdf
029c5554a741720fcfdf8d1c,22495,075682,ORIG,1,http://www.accessdata.fda.gov/drugsatfda_docs/nda/2001/075682.PDF
a1e160537ba414748cbdc08a,22496,075702,ORIG,1,http://www.accessdata.fda.gov/drugsatfda_docs/anda/2001/75-702_Cromolyn.html
5905a6be00e92820efdd58d5,22497,075733,ORIG,1,http://www.accessdata.fda.gov/drugsatfda_docs/anda/2001/075733_clobetasol_propionate_toc.html
a060fae2a6211519430acae0,22498,075737,ORIG,1,http://www.accessdata.fda.gov/drugsatfda_docs/anda/2002/075737Orig1s000.pdf
5f083bd3358926e0609c930a,22499,075751,ORIG,1,http://www.accessdata.fda.gov/drugsatfda_docs/anda/2001/75-751_Desonide.pdf
0db0abce2ea3221e728071fd,22500,075773,ORIG,1,http://www.accessdata.fda.gov/drugsatfda_docs/nda/2002/075773.PDF
a4b73a804447e93d52d09ef1,22501,075774,ORIG,1,http://www.accessdata.fda.gov/drugsatfda_docs/nda/2002/075774.PDF
71691a379623ac7d3f554423,22502,075796,ORIG,1,http://www.accessdata.fda.gov/drugsatfda_docs/anda/2001/75-796_Aviane-21.html
21f222d3822082747d487406,22503,075803,ORIG,1,http://www.accessdata.fda.gov/drugsatfda_docs/anda/2002/075803_levonorgestrel-ethinyl_toc.html
8c9495997b748ddae78c67e4,22504,075808,ORIG,1,http://www.accessdata.fda.gov/drugsatfda_docs/nda/2003/075808_ORIGINAL APPROVAL_PACKAGE.pdf
58903cdbe23ec537e63fdcc0,22505,075811,ORIG,1,http://www.accessdata.fda.gov/drugsatfda_docs/anda/2001/75-811_Mesna.html
79ac9e498574ba6f42e6d837,22506,075822,ORIG,1,http://www.accessdata.fda.gov/drugsatfda_docs/nda/2003/075822_ORIGINAL APPROVAL_PACKAGE.pdf
62cc0304ed9384689d71c35d,22507,075824,ORIG,1,http://www.accessdata.fda.gov/drugsatfda_docs/nda/2002/075824.PDF
40d6363d7aa89b666a0763f4,22508,075828,ORIG,1,http://www.accessdata.fda.gov/drugsatfda_docs/nda/2001/075828.PDF
40838edbd5044e2db6695fb8,22509,075830,ORIG,1,http://www.accessdata.fda.gov/drugsatfda_docs/anda/2002/075830_milrinone-lactate_toc.html
8cd20fcb08bee64eb4cebcc5,22510,075834,ORIG,1,http://www.accessdata.fda.gov/drugsatfda_docs/anda/2002/075834_milrinone-lactate_toc.html
7172b1ffb014580b4117129c,22511,075852,ORIG,1,http://www.accessdata.fda.gov/drugsatfda_docs/anda/2002/075852_milrinone-lactate_toc.html
6661dfacaac64f67cbcf3e6e,22512,075883,ORIG,1,http://www.accessdata.fda.gov/drugsatfda_docs/nda/2003/075883.pdf
d79c502e8c3ad1abcaf6d015,22513,075895,ORIG,1,http://www.accessdata.fda.gov/drugsatfda_docs/nda/2002/075895.pdf
aca75ffd3334e42853d74892,22514,075896,ORIG,1,http://www.accessdata.fda.gov/drugsatfda_docs/nda/2004/075896_ORIGINAL APPROVAL_PACKAGE.pdf
283aeeac3cccb00450640a86,22515,075901,ORIG,1,http://www.accessdata.fda.gov/drugsatfda_docs/anda/2000/075901_fluvoxamine-maleate_toc.html
421efb72d036c3787ae72d7e,22516,075906,ORIG,1,http://www.accessdata.fda.gov/drugsatfda_docs/anda/2001/75-906_Progesterone.html
6c4cefac03a43a8209ba122c,22517,075907,ORIG,1,http://www.accessdata.fda.gov/drugsatfda_docs/nda/2002/075907.pdf
45001f8ac231418b415957b0,22518,075913,ORIG,1,http://www.accessdata.fda.gov/drugsatfda_docs/nda/2004/075913_ORIGINAL APPROVAL_PACKAGE.pdf
b4704544353cb1dc0a3c91d6,22519,075913,SUPPL,1,http://www.accessdata.fda.gov/drugsatfda_docs/nda/2004/075913_S001_AP.pdf
fb8ffb492b0c932329999492,22520,075918,ORIG,1,http://www.accessdata.fda.gov/drugsatfda_docs/anda/2001/075918_ORIGINAL_APPROVAL_PACKAGE.pdf
4c3a2a09d64b6a8c8ba27df1,22521,075932,SUPPL,1,http://www.accessdata.fda.gov/drugsatfda_docs/nda/2004/075932_S001_AP.pdf
6ad6da99694223905a1cee46,22522,075945,SUPPL,14,http://www.accessdata.fda.gov/drugsatfda_docs/nda/2010/075945Orig1s014.pdf
5f70df58419b75068679297a,22523,075974,ORIG,1,http://www.accessdata.fda.gov/drugsatfda_docs/anda/98/74-974_Lorazepam.html
7159f0fdf7d1d7d4d9400b61,22524,075977,ORIG,1,http://www.accessdata.fda.gov/drugsatfda_docs/nda/2002/075977_ORIGINAL APPROVAL_PACKAGE.pdf
9019b83db87bd4a1b2fd63b3,22525,075988,ORIG,1,http://www.accessdata.fda.gov/drugsatfda_docs/nda/2004/075988_ORIGINAL APPROVAL_PACKAGE.pdf
ef6fad57871b6fdb394cc92d,22526,076018,ORIG,1,http://www.accessdata.fda.gov/drugsatfda_docs/anda/2002/076018_amiodarone-hydrochloride_toc.html
62be3d8f0beef674bed6096d,22527,076019,ORIG,1,http://www.accessdata.fda.gov/drugsatfda_docs/nda/2004/076019_s000_DeferoxamineTOC.html
1bb528bfe02111e36df9eaff,22528,076025,ORIG,1,http://www.accessdata.fda.gov/drugsatfda_docs/nda/2003/076025_ORIGINAL APPROVAL_PACKAGE.pdf
9982f80821ed1cf006f51c6f,22529,076028,ORIG,1,http://www.accessdata.fda.gov/drugsatfda_docs/nda/2003/076028.pdf
a42076b5af8a00e55943838d,22530,076041,ORIG,1,http://www.accessdata.fda.gov/drugsatfda_docs/nda/2002/076041.pdf
5fc9527c3f4bd8876c4f89c2,22531,076050,ORIG,1,http://www.accessdata.fda.gov/drugsatfda_docs/nda/2003/076050Orig1Approv.pdf
85bcc33a3e622f17ead0a1f7,22532,076061,ORIG,1,http://www.accessdata.fda.gov/drugsatfda_docs/nda/2002/076061.PDF
7856f0d523a540d9db347b0b,22533,076078,ORIG,1,http://www.accessdata.fda.gov/drugsatfda_docs/nda/2002/076078.pdf
505d3faab2a4410de34677cf,22534,076090,ORIG,1,http://www.accessdata.fda.gov/drugsatfda_docs/nda/2001/076090.PDF
9aba969f204b6b819a994c9d,22535,076095,ORIG,1,http://www.accessdata.fda.gov/drugsatfda_docs/nda/2002/076095.pdf
91ce4f5512409da1e41c85a8,22536,076103,ORIG,1,http://www.accessdata.fda.gov/drugsatfda_docs/nda/2003/076103_ORIGINAL APPROVAL_PACKAGE.pdf
4389f8d18d122d7ad8df9763,22537,076110,ORIG,1,http://www.accessdata.fda.gov/drugsatfda_docs/nda/2002/076110.pdf
c47c1f749301f8f33cfd9291,22538,076117,ORIG,1,http://www.accessdata.fda.gov/drugsatfda_docs/nda/2001/076117.PDF
57994f20698f26954b8b0c36,22539,076121,ORIG,1,http://www.accessdata.fda.gov/drugsatfda_docs/nda/2001/076121.PDF
bfa5ae54f4849ff8e3ccda30,22540,076156,ORIG,1,http://www.accessdata.fda.gov/drugsatfda_docs/nda/2003/076156.pdf
955c879b29627b1dad8f34b9,22541,076168,ORIG,1,http://www.accessdata.fda.gov/drugsatfda_docs/nda/2004/076168_s000_OxycodoneTOC.html
07d29163b106e51fc68953eb,22542,076175,ORIG,1,http://www.accessdata.fda.gov/drugsatfda_docs/anda/2002/076175_mefloquine_toc.html
66fceaa44947f09692b3f6ff,22543,076187,ORIG,1,http://www.accessdata.fda.gov/drugsatfda_docs/anda/2002/076187.html
1bb1e011be5311f2d6a10e92,22544,076187,SUPPL,3,http://www.accessdata.fda.gov/drugsatfda_docs/nda/2004/76187-S003Levothyroxine.pdf
ae45cb90649b6d64efc0d86f,22545,076200,ORIG,1,http://www.accessdata.fda.gov/drugsatfda_docs/nda/2002/076200_s000_AcetaminophenTOC.html
0428e0279814827723d9c49f,22546,076200,SUPPL,3,http://www.accessdata.fda.gov/drugsatfda_docs/nda/2002/076200_s001s002s003s004_AcetaminophenTOC.html
cb201b7348ed889e4d84a7b5,22547,076200,SUPPL,5,http://www.accessdata.fda.gov/drugsatfda_docs/nda/2004/076200_S005_AcetaminophenTOC.html
f4f4c94aea6784adbab2006e,22548,076204,ORIG,1,http://www.accessdata.fda.gov/drugsatfda_docs/nda/2003/076204.pdf
d1704b30d654b3f14ab92209,22549,076243,ORIG,1,http://www.accessdata.fda.gov/drugsatfda_docs/nda/2002/076243_S000_LithiumTOC.html
4f7e865692beb3f7cb0e4a4d,22550,076250,ORIG,1,http://www.accessdata.fda.gov/drugsatfda_docs/nda/2005/076250_ORIGINAL APPROVAL_PACKAGE.pdf
5175d9ea217707155a3328ab,22551,076258,ORIG,1,http://www.accessdata.fda.gov/drugsatfda_docs/nda/2003/076258.pdf
222f22a98dd442410d1696ab,22552,076264,ORIG,1,http://www.accessdata.fda.gov/drugsatfda_docs/nda/2002/076264_S000_ORIGINAL APPROVAL_PACKAGE.pdf
21134e05f5e75ef15726fb06,22553,076298,ORIG,1,http://www.accessdata.fda.gov/drugsatfda_docs/anda/2010/076298Orig1s000Approv.pdf
ad68ba3126a9597a1e7b143e,22554,076335,ORIG,1,http://www.accessdata.fda.gov/drugsatfda_docs/nda/2004/076335_ORIGINAL APPROVAL_PACKAGE.pdf
c9f45604f3e5b72e27a89a61,22555,076349,ORIG,1,http://www.accessdata.fda.gov/drugsatfda_docs/nda/2003/076349.pdf
19824bff4541449890e58fd3,22556,076388,ORIG,1,http://www.accessdata.fda.gov/drugsatfda_docs/anda/2006/076388Orig1s000Approv.pdf
0ada31a7fdd4fff1209e0bf1,22557,076422,ORIG,1,http://www.accessdata.fda.gov/drugsatfda_docs/nda/2004/076422_CiclopiroxTOC.html
aecd16262413a2bd4d7374f0,22558,076447,ORIG,1,http://www.accessdata.fda.gov/drugsatfda_docs/nda/2005/076447_ORIGINAL APPROVAL_PACKAGE.pdf
8edec75ec0b180aabf945452,22559,076453,SUPPL,1,http://www.accessdata.fda.gov/drugsatfda_docs/nda/2004/076453s001s002s003s004s005.pdf
8edec75ec0b180aabf945452,22560,076453,SUPPL,2,http://www.accessdata.fda.gov/drugsatfda_docs/nda/2004/076453s001s002s003s004s005.pdf
8edec75ec0b180aabf945452,22561,076453,SUPPL,4,http://www.accessdata.fda.gov/drugsatfda_docs/nda/2004/076453s001s002s003s004s005.pdf
dc51315b6cebab91bd126756,22562,076458,ORIG,1,http://www.accessdata.fda.gov/drugsatfda_docs/nda/2004/076458_S000_FLUOXETINETOC.html
ab8403551ca13a321db35eaa,22563,076460,ORIG,1,http://www.accessdata.fda.gov/drugsatfda_docs/nda/2003/076460Orig1Approv.pdf
17aef34acb9722724edcbb4c,22564,076500,ORIG,1,http://www.accessdata.fda.gov/drugsatfda_docs/nda/2004/076500.pdf
e95b1e96ebfd87a9f4dfec67,22565,076503,ORIG,1,http://www.accessdata.fda.gov/drugsatfda_docs/nda/2003/076503.pdf
334e85bbb469f1122753b711,22566,076504,ORIG,1,http://www.accessdata.fda.gov/drugsatfda_docs/nda/2006/076504_original approval_package.pdf
edf6d482a525486bbf76dad5,22567,076505,ORIG,1,http://www.accessdata.fda.gov/drugsatfda_docs/nda/2003/076505_S000_Metronidazole Capsules_ORIGINAL AP.pdf
afca131b0b4d177e5ed70f43,22568,076514,SUPPL,1,"http://www.accessdata.fda.gov/drugsatfda_docs/nda/2004/076514s001,002,003.pdf"
9933eb4a9f88447ee704b87f,22569,076545,ORIG,1,http://www.accessdata.fda.gov/drugsatfda_docs/nda/2003/076545_ORIGINAL APPROVAL_PACKAGE.pdf
821621fe3b8d5dd4a58c0865,22570,076557,ORIG,1,http://www.accessdata.fda.gov/drugsatfda_docs/nda/2004/076557_original_approval_pkg.pdf
e3c62a9f463faec19453ea70,22571,076565,ORIG,1,http://www.accessdata.fda.gov/drugsatfda_docs/anda/2010/076565Orig1s000.pdf
2498dbc3694f4c3790cf43a2,22572,076598,ORIG,1,http://www.accessdata.fda.gov/drugsatfda_docs/nda/2003/076598_ORIGINAL APPROVAL_PACKAGE.pdf
a54706dadd32fcbd611c259f,22573,076611,ORIG,1,http://www.accessdata.fda.gov/drugsatfda_docs/nda/2006/076611_ORIGINAL APPROVAL_PACKAGE.pdf
b8a8aba3fbffe0fa1f446ef0,22574,076626,ORIG,1,http://www.accessdata.fda.gov/drugsatfda_docs/nda/2006/076626_S000_ORIGINAL_APPROVAL_PACKAGE.pdf
28f5bfb73a05ed593e5487be,22575,076633,ORIG,1,http://www.accessdata.fda.gov/drugsatfda_docs/nda/2004/076633_ORIGINAL APPROVAL_PACKAGE.pdf
e9b917e31d784f2ee8235c95,22576,076640,ORIG,1,http://www.accessdata.fda.gov/drugsatfda_docs/nda/2007/076640Orig1s000BioeqR.pdf
aa1d8a190e9b0146d67b8231,22577,076653,ORIG,1,http://www.accessdata.fda.gov/drugsatfda_docs/nda/2004/076653_ORIGINAL APPROVAL_PACKAGE.pdf
75464461f1075f5f90afb8c7,22578,076684,ORIG,1,http://www.accessdata.fda.gov/drugsatfda_docs/anda/2011/076684Orig1s000ChemR.pdf
7243b68f8bccd3140c011679,22579,076697,ORIG,1,http://www.accessdata.fda.gov/drugsatfda_docs/anda/2011/076697Orig1s000.pdf
3c9fca81c5d831be31b4b53b,22580,076699,ORIG,1,http://www.accessdata.fda.gov/drugsatfda_docs/nda/2004/076699_S000_PARCOPATOC.html
a0b28fcec78d9258e122ed82,22581,076702,ORIG,1,http://www.accessdata.fda.gov/drugsatfda_docs/anda/2006/076702Orig1s000.pdf
0dcd1a1fcce31aa73e8f5010,22582,076703,ORIG,1,http://www.accessdata.fda.gov/drugsatfda_docs/nda/2005/076703_ORIGINAL APPROVAL_PACKAGE.pdf
e1f0a04f52460308b90495d9,22583,076745,ORIG,1,http://www.accessdata.fda.gov/drugsatfda_docs/anda/2006/076745Orig1s000.pdf
5fbaba708db2801de2bc2907,22584,076751,ORIG,1,http://www.accessdata.fda.gov/drugsatfda_docs/nda/2004/076751_MesalamineTOC.html
ace9a8457ba474a98bf17bb2,22585,076761,ORIG,1,http://www.accessdata.fda.gov/drugsatfda_docs/nda/2006/076761_XANDROLONE_TABS_ORIGINAL_AP.pdf
d4f6fa511b10d3013431127a,22586,076775,ORIG,1,http://www.accessdata.fda.gov/drugsatfda_docs/nda/2004/076775_NICOTINE_POLACRILEX_ORIGINAL_AP.pdf
408c5499df91040b40de0c1c,22587,076775,SUPPL,18,http://www.accessdata.fda.gov/drugsatfda_docs/anda/2011/076775Orig1s018.pdf
4ffe58747e65271a10ad373f,22588,076776,ORIG,1,http://www.accessdata.fda.gov/drugsatfda_docs/nda/2004/076776_NICOTINE_POLACRILEX_ORIGINAL_AP.pdf
07b9ddebd01d92c92658bba2,22589,076777,ORIG,1,http://www.accessdata.fda.gov/drugsatfda_docs/nda/2004/076777_ORIGINAL APPROVAL_PACKAGE.pdf
2371b5fc38fb3681b920b78e,22590,076777,SUPPL,25,http://www.accessdata.fda.gov/drugsatfda_docs/anda/2011/076777Orig1s025BioeqR.pdf
6c6a5a10cf83d5f6ec07d0dd,22591,076790,ORIG,1,http://www.accessdata.fda.gov/drugsatfda_docs/nda/2005/076790_ORIGINAL APPROVAL_PACKAGE.pdf
8d3c8158d49b8cec5902c029,22592,076832,ORIG,1,http://www.accessdata.fda.gov/drugsatfda_docs/anda/2004/076832Orig1s000.pdf
51fdb6ced829a9823ede9036,22593,076876,ORIG,1,http://www.accessdata.fda.gov/drugsatfda_docs/nda/2006/076876s000LTR.pdf
4139ad341a122623ac0bc8f3,22594,076894,SUPPL,3,http://www.accessdata.fda.gov/drugsatfda_docs/nda/2008/076894_S003_TORSEMIDE TABS.pdf
9dfb87845a210fc527c3394a,22595,076894,SUPPL,4,http://www.accessdata.fda.gov/drugsatfda_docs/nda/2008/076894_S004_TORSEMIDE TABS.pdf
7165a2f37f3a4c6f7d830291,22596,076897,ORIG,1,http://www.accessdata.fda.gov/drugsatfda_docs/nda/2006/076897_OXANDROLONE_TABS_ORIGINAL_AP.pdf
98bb0f85767e99f6fd77501b,22597,076943,ORIG,1,http://www.accessdata.fda.gov/drugsatfda_docs/nda/2005/076943_ORIGINAL APPROVAL_PACKAGE.pdf
403865e0122316e1f0d49ab6,22598,076979,ORIG,1,http://www.accessdata.fda.gov/drugsatfda_docs/anda/2009/076979Orig1s000BioeqR.pdf
9dba24e72caa7b9c75264fd0,22599,077203,ORIG,1,http://www.accessdata.fda.gov/drugsatfda_docs/anda/2005/077203Orig1s000.pdf
079297bfd6e8d9be870e83df,22600,077285,ORIG,1,http://www.accessdata.fda.gov/drugsatfda_docs/nda/2008/077285_000.pdf
e5f34475d27c19dc28952feb,22601,077395,ORIG,1,http://www.accessdata.fda.gov/drugsatfda_docs/nda/2006/077395.pdf
5dcc203a436be4eeda7705ee,22603,077415,SUPPL,17,http://www.accessdata.fda.gov/drugsatfda_docs/anda/2011/077415Orig1s017.pdf
4bed7503cb7f0a5f5c8863e6,22604,077419,ORIG,1,http://www.accessdata.fda.gov/drugsatfda_docs/nda/2008/077419Orig1Approv.pdf
7c5214129433bb56aefda5b2,22605,077449,ORIG,1,http://www.accessdata.fda.gov/drugsatfda_docs/nda/2008/077449Orig1s000.pdf
dc72e6be607df7c63a832c0c,22606,077575,ORIG,1,http://www.accessdata.fda.gov/drugsatfda_docs/nda/2012/077575Orig1s000.pdf
4dfc4ede791c55edd53ab96e,22607,077633,ORIG,1,http://www.accessdata.fda.gov/drugsatfda_docs/anda/2009/077633Orig1s000Approv.pdf
f743fd3347c45c9d64fc7680,22608,077707,ORIG,1,http://www.accessdata.fda.gov/drugsatfda_docs/anda/2012/077707Orig1s000Approv.pdf
5ea279c1737844f6f0f55cc7,22609,077712,ORIG,1,http://www.accessdata.fda.gov/drugsatfda_docs/anda/2007/077712Orig1s000Approv.pdf
0190068b24a0371b4c72bd94,22610,077715,ORIG,1,http://www.accessdata.fda.gov/drugsatfda_docs/anda/2007/077715Orig1s000.pdf
e102443c35beb8999fb9c874,22611,077742,ORIG,1,http://www.accessdata.fda.gov/drugsatfda_docs/anda/2012/077742Orig1s000Approv.pdf
1d8b095e6e4a15c7c2bfb1de,22612,077747,ORIG,1,http://www.accessdata.fda.gov/drugsatfda_docs/nda/2005/077747_bioeq_rev.pdf
85ed9736fd692af05d1ab264,22614,077801,ORIG,1,http://www.accessdata.fda.gov/drugsatfda_docs/nda/2005/077801_bioeq_rev.pdf
fe622f93231958b12f72064f,22615,077873,ORIG,1,http://www.accessdata.fda.gov/drugsatfda_docs/anda/2007/077873Orig1s000.pdf
117a37fa0b2021fba1757409,22616,078005,ORIG,1,http://www.accessdata.fda.gov/drugsatfda_docs/nda/2005/078005_bioeq_rev-oxcarbazepine tabs.pdf
f1aa60e0af49106dd194200b,22617,078009,ORIG,1,http://www.accessdata.fda.gov/drugsatfda_docs/anda/2009/078009Orig1s000Approv.pdf
84e2a24cd2cc01c344944700,22618,078035,ORIG,1,http://www.accessdata.fda.gov/drugsatfda_docs/anda/2008/078035Orig1s000.pdf
aff9a75cb82ed3c3f8a96391,22619,078069,ORIG,1,http://www.accessdata.fda.gov/drugsatfda_docs/nda/2005/078069_bioeq_rev-oxcarbazepine tabs.pdf
c575502dfa58d21c618b2b34,22620,078098,ORIG,1,http://www.accessdata.fda.gov/drugsatfda_docs/nda/2008/078098Orig1Approv.pdf
b2652b91e4615e7eb97d5796,22621,078374,SUPPL,4,http://www.accessdata.fda.gov/drugsatfda_docs/anda/2011/078374Orig1s004.pdf
eeacbe4a0ef62694842efab6,22622,078503,ORIG,1,http://www.accessdata.fda.gov/drugsatfda_docs/anda/2009/078503Orig1s000.pdf
5809296a97179c97ae25da43,22623,078540,ORIG,1,http://www.accessdata.fda.gov/drugsatfda_docs/anda/2010/078540Orig1s000.pdf
e0976167e67dc79b68221b60,22624,078548,ORIG,1,http://www.accessdata.fda.gov/drugsatfda_docs/anda/2010/078548Orig1s000.pdf
e42f07cdf773569c47c7e523,22625,078705,ORIG,1,http://www.accessdata.fda.gov/drugsatfda_docs/anda/2009/078705Orig1s000.pdf
ea5ab62c98f1a4196dad358b,22626,078734,ORIG,1,http://www.accessdata.fda.gov/drugsatfda_docs/anda/2009/078734Orig1s000.pdf
02d4f15be07e7271ccd3caab,22627,078773,ORIG,1,http://www.accessdata.fda.gov/drugsatfda_docs/anda/2012/078773Orig1s000.pdf
26975003d5c7c004e04fb98d,22628,078789,ORIG,1,http://www.accessdata.fda.gov/drugsatfda_docs/anda/2011/078789Orig1s000.pdf
1c6734ed367284d8980140c5,22629,078813,ORIG,1,http://www.accessdata.fda.gov/drugsatfda_docs/anda/2009/078813Orig1s000Approv.pdf
a331ba6d9b7e590290506333,22630,078995,ORIG,1,http://www.accessdata.fda.gov/drugsatfda_docs/anda/2012/078995Orig1s000Approv.pdf
a309805308326591e7285abe,22631,078997,ORIG,1,http://www.accessdata.fda.gov/drugsatfda_docs/anda/2012/078997Orig1s000Approv.pdf
fa91fa37245936af7a9f8693,22632,079003,ORIG,1,http://www.accessdata.fda.gov/drugsatfda_docs/anda/2012/079003Orig1s000Approv.pdf
f2939ae94fe79327accbc428,22633,079038,ORIG,1,http://www.accessdata.fda.gov/drugsatfda_docs/anda/2009/079038Orig1s000.pdf
1cac718d89f7ee1002e7d709,22634,079113,ORIG,1,http://www.accessdata.fda.gov/drugsatfda_docs/nda/2008/079113Orig1Approv.pdf
78f86e4f49f875b8093920bb,22635,079205,ORIG,1,http://www.accessdata.fda.gov/drugsatfda_docs/nda/2009/079205.pdf
4128a6f69a941b077d9fe87e,22636,080515,ORIG,1,http://www.accessdata.fda.gov/drugsatfda_docs/anda/pre96/080515_cyanocobalamin_toc.html
ef8b03a206f5a41229209171,22637,080755,ORIG,1,http://www.accessdata.fda.gov/drugsatfda_docs/nda/pre96/080755.pdf
63aa2ed0da78f9d98a4e5157,22638,080784,ORIG,1,http://www.accessdata.fda.gov/drugsatfda_docs/nda/pre96/080784.pdf
01c2d65f1bd05e5c5b4b381f,22639,080911,SUPPL,11,http://www.accessdata.fda.gov/drugsatfda_docs/nda/pre96/080911.pdf
4694e6d2634f5f79e3cf1045,22640,081051,SUPPL,2,http://www.accessdata.fda.gov/drugsatfda_docs/nda/pre96/081051_S-002.pdf
83b9b5da526e14c25b1ac62a,22641,081051,SUPPL,3,http://www.accessdata.fda.gov/drugsatfda_docs/nda/96/081051_S-003.pdf
0165c99f8cf815d2bd49556b,22642,081051,SUPPL,5,http://www.accessdata.fda.gov/drugsatfda_docs/nda/pre96/081051_S-005.pdf
f8c113793b9f670c15341679,22643,081051,SUPPL,6,http://www.accessdata.fda.gov/drugsatfda_docs/nda/pre96/081051_S-006.pdf
fa0deb234599cf4b902906a1,22644,081051,SUPPL,7,http://www.accessdata.fda.gov/drugsatfda_docs/nda/96/081051_S-007.pdf
3018c27268aebe5ca8f8d70f,22645,081051,SUPPL,8,http://www.accessdata.fda.gov/drugsatfda_docs/nda/2001/081051_S-008.pdf
75ec42bb456f11f93b7df556,22646,081051,SUPPL,11,http://www.accessdata.fda.gov/drugsatfda_docs/nda/97/081051_S-009;S-011;S-012;S-013.pdf
75ec42bb456f11f93b7df556,22647,081051,SUPPL,13,http://www.accessdata.fda.gov/drugsatfda_docs/nda/97/081051_S-009;S-011;S-012;S-013.pdf
49aaa97c50755ce2dff4f83a,22648,081051,SUPPL,20,http://www.accessdata.fda.gov/drugsatfda_docs/nda/2002/081051_S-020.pdf
ea2751e17248027f046342e4,22649,083003,ORIG,1,http://www.accessdata.fda.gov/drugsatfda_docs/nda/pre96/083003.pdf
25f9f318bee2c914ad1865ed,22650,083009,ORIG,1,http://www.accessdata.fda.gov/drugsatfda_docs/anda/pre96/083009_orasone_toc.html
6290c8380c271513d5b8a0f7,22651,083141,ORIG,1,http://www.accessdata.fda.gov/drugsatfda_docs/nda/pre96/083141.pdf
5016b23ca58c752c3d08c795,22652,083232,ORIG,1,http://www.accessdata.fda.gov/drugsatfda_docs/anda/pre96/083232_hydrochlorothiazide_toc.html
9f942d8879bc5ed90cd2cd42,22653,083547,ORIG,1,http://www.accessdata.fda.gov/drugsatfda_docs/nda/pre96/083547.pdf
b971504bdd5676f671f158ea,22654,083564,ORIG,1,http://www.accessdata.fda.gov/drugsatfda_docs/anda/pre96/083564_delcobese_toc.html
8167591157c4815031993ec3,22655,083714,ORIG,1,http://www.accessdata.fda.gov/drugsatfda_docs/nda/pre96/083714.pdf
cd005caca92aff8ba742812c,22656,083900,SUPPL,3,http://www.accessdata.fda.gov/drugsatfda_docs/anda/pre96/83900-S3.pdf
3ee64f6f27bb277df1cd8661,22657,083900,SUPPL,5,http://www.accessdata.fda.gov/drugsatfda_docs/anda/pre96/83900-S5.pdf
bb8b7fd89df90ffef239b955,22658,083900,SUPPL,7,http://www.accessdata.fda.gov/drugsatfda_docs/anda/pre96/83900-S7.pdf
e99264aa62f71b072baeb874,22659,083972,ORIG,1,http://www.accessdata.fda.gov/drugsatfda_docs/anda/pre96/083972_hydrochlorothiazide_toc.html
f77450673eb39b95dd86db0c,22660,084158,ORIG,1,http://www.accessdata.fda.gov/drugsatfda_docs/nda/pre96/084158.pdf
7dddb3c582f81dbdd6a15781,22661,084264,SUPPL,1,http://www.accessdata.fda.gov/drugsatfda_docs/anda/pre96/084264Orig1s000.pdf
7294c0eb2f96e0ea7646e126,22662,084321,ORIG,1,http://www.accessdata.fda.gov/drugsatfda_docs/anda/pre96/084321_probenecid-colchicine_toc.html
31c00135977e5af72f68deb1,22663,084427,ORIG,1,http://www.accessdata.fda.gov/drugsatfda_docs/nda/pre96/084427.pdf
053532c7a6ff24166c93c4a4,22664,084655,ORIG,1,http://www.accessdata.fda.gov/drugsatfda_docs/anda/pre96/084655_prednicen-m_toc.html
a493f49535b1bad2fae623f8,22665,084902,ORIG,1,http://www.accessdata.fda.gov/drugsatfda_docs/anda/pre96/084902_promethacon_toc.html
83564086eb7b6627c60b5425,22666,085239,ORIG,1,http://www.accessdata.fda.gov/drugsatfda_docs/anda/pre96/085239_estrone_toc.html
176665d5a73eb86c39c08fba,22667,085552,ORIG,1,http://www.accessdata.fda.gov/drugsatfda_docs/anda/pre96/085552_proben-c_toc.html
c14b7e03cec9716984f92a54,22668,085635,SUPPL,11,http://www.accessdata.fda.gov/drugsatfda_docs/anda/pre96/085635Orig1s011.pdf
214a590d4cfc626f72fd6dce,22669,085753,ORIG,1,http://www.accessdata.fda.gov/drugsatfda_docs/nda/pre96/085753.pdf
9baa24e950f37c4e4459a2cf,22670,085825,ORIG,1,http://www.accessdata.fda.gov/drugsatfda_docs/nda/pre96/085825_original_approval_pkg.pdf
c0a6a97fe1480ab1b0d4be58,22671,085888,ORIG,1,http://www.accessdata.fda.gov/drugsatfda_docs/anda/pre96/085888_brompheniramine_toc.html
d092c07f9ceeee9a9c1b95d8,22672,086069,SUPPL,17,http://www.accessdata.fda.gov/drugsatfda_docs/anda/2001/086069Orig1s017.pdf
da6719b3f27b48992a94878e,22673,086130,ORIG,1,http://www.accessdata.fda.gov/drugsatfda_docs/anda/pre96/086130_probenecid_toc.html
a4990c660e5c39f2e2346101,22674,086766,ORIG,1,http://www.accessdata.fda.gov/drugsatfda_docs/nda/pre96/086766_S000_NitrofurazoneTOC.html
61b33dd865c0c2869dbd2bf7,22675,086954,ORIG,1,http://www.accessdata.fda.gov/drugsatfda_docs/anda/pre96/086954_probenecid_toc.html
1571408ef967af396706dff7,22676,087092,ORIG,1,http://www.accessdata.fda.gov/drugsatfda_docs/nda/pre96/087092.pdf
97cc1f2bc93d35b8f00f5b69,22677,087301,ORIG,1,http://www.accessdata.fda.gov/drugsatfda_docs/nda/pre96/87301ap.pdf
1e6fb611251e1daedf3c58b5,22678,087438,ORIG,1,http://www.accessdata.fda.gov/drugsatfda_docs/nda/pre96/087438.pdf
6882f02a902800efa625d013,22679,087828,ORIG,1,http://www.accessdata.fda.gov/drugsatfda_docs/nda/pre96/087828.pdf
2d699710456f4765076c8d5f,22680,088058,SUPPL,2,http://www.accessdata.fda.gov/drugsatfda_docs/nda/pre96/088058s001_thru_024.pdf
2d699710456f4765076c8d5f,22681,088058,SUPPL,3,http://www.accessdata.fda.gov/drugsatfda_docs/nda/pre96/088058s001_thru_024.pdf
2d699710456f4765076c8d5f,22682,088058,SUPPL,5,http://www.accessdata.fda.gov/drugsatfda_docs/nda/pre96/088058s001_thru_024.pdf
2d699710456f4765076c8d5f,22683,088058,SUPPL,8,http://www.accessdata.fda.gov/drugsatfda_docs/nda/pre96/088058s001_thru_024.pdf
2d699710456f4765076c8d5f,22684,088058,SUPPL,11,http://www.accessdata.fda.gov/drugsatfda_docs/nda/pre96/088058s001_thru_024.pdf
2d699710456f4765076c8d5f,22685,088058,SUPPL,13,http://www.accessdata.fda.gov/drugsatfda_docs/nda/pre96/088058s001_thru_024.pdf
2d699710456f4765076c8d5f,22686,088058,SUPPL,18,http://www.accessdata.fda.gov/drugsatfda_docs/nda/pre96/088058s001_thru_024.pdf
2d699710456f4765076c8d5f,22687,088058,SUPPL,19,http://www.accessdata.fda.gov/drugsatfda_docs/nda/pre96/088058s001_thru_024.pdf
2d699710456f4765076c8d5f,22688,088058,SUPPL,21,http://www.accessdata.fda.gov/drugsatfda_docs/nda/pre96/088058s001_thru_024.pdf
2d699710456f4765076c8d5f,22689,088058,SUPPL,24,http://www.accessdata.fda.gov/drugsatfda_docs/nda/pre96/088058s001_thru_024.pdf
5bcb29ed766dbe704f0bbbdd,22690,088441,ORIG,1,http://www.accessdata.fda.gov/drugsatfda_docs/nda/pre96/088441.pdf
bdac6cb171ae380913e5104f,22691,088482,ORIG,1,http://www.accessdata.fda.gov/drugsatfda_docs/nda/pre96/88482ap.pdf
5f9db806f3265aacb93630e8,22692,088483,ORIG,1,http://www.accessdata.fda.gov/drugsatfda_docs/nda/pre96/88483ap.pdf
8c0a23a2657ece1a60cfdee4,22693,088596,ORIG,1,http://www.accessdata.fda.gov/drugsatfda_docs/nda/pre96/88596ap.pdf
f66ed30bfcb3c5d95729e80c,22694,088602,ORIG,1,http://www.accessdata.fda.gov/drugsatfda_docs/nda/pre96/088602Orig1s000.pdf
e8e37941750d184015e760f9,22695,088730,ORIG,1,http://www.accessdata.fda.gov/drugsatfda_docs/nda/pre96/088730.pdf
58848db9ad2857f95376a550,22696,089096,ORIG,1,http://www.accessdata.fda.gov/drugsatfda_docs/nda/pre96/089096.pdf
c95f7e7d8247ed7867ab6ec5,22697,089557,SUPPL,4,http://www.accessdata.fda.gov/drugsatfda_docs/nda/98/089557S-004.pdf
17c36c90a90b3ffe846e4cba,22698,089557,SUPPL,9,http://www.accessdata.fda.gov/drugsatfda_docs/nda/2004/089557S-009.pdf
8c49e8a6bb6a199bec115f0b,22699,089822,SUPPL,1,http://www.accessdata.fda.gov/drugsatfda_docs/nda/pre96/089822s001;s002;s004;s005;s008_027.pdf
8c49e8a6bb6a199bec115f0b,22700,089822,SUPPL,2,http://www.accessdata.fda.gov/drugsatfda_docs/nda/pre96/089822s001;s002;s004;s005;s008_027.pdf
8c49e8a6bb6a199bec115f0b,22701,089822,SUPPL,4,http://www.accessdata.fda.gov/drugsatfda_docs/nda/pre96/089822s001;s002;s004;s005;s008_027.pdf
c1423ee97da5b880a929eae1,22702,089823,SUPPL,1,http://www.accessdata.fda.gov/drugsatfda_docs/nda/pre96/089823s001;s002;s004;s005;s008_027.pdf
c1423ee97da5b880a929eae1,22703,089823,SUPPL,4,http://www.accessdata.fda.gov/drugsatfda_docs/nda/pre96/089823s001;s002;s004;s005;s008_027.pdf
742385e2423b5bd80fed2517,22704,089885,ORIG,1,http://www.accessdata.fda.gov/drugsatfda_docs/anda/98/089885_nitroglycerin_toc.html
a0eda3f91fdeda7d0004beb0,22705,089886,ORIG,1,http://www.accessdata.fda.gov/drugsatfda_docs/anda/98/089886_nitroglycerin_toc.html
72a71bb65b5da6484ab330dc,22706,090097,ORIG,1,http://www.accessdata.fda.gov/drugsatfda_docs/anda/2009/090097Orig1s000.pdf
1189aff68a041927a3a1a43d,22707,090233,ORIG,1,http://www.accessdata.fda.gov/drugsatfda_docs/anda/2009/090233Orig1s000.pdf
17cf8d65fabce0289b26a016,22708,090410,ORIG,1,http://www.accessdata.fda.gov/drugsatfda_docs/anda/2010/090410Orig1s000BioeqR.pdf
6fcb6a99013b768358a49a17,22709,090473,ORIG,1,http://www.accessdata.fda.gov/drugsatfda_docs/anda/2010/090473Orig1s000LBL.pdf
00a64d179bd2fd05f0cd338d,22710,090495,ORIG,1,http://www.accessdata.fda.gov/drugsatfda_docs/anda/2014/090495Orig1s000.pdf
52c10a854dcbeb346371cd80,22711,090548,ORIG,1,http://www.accessdata.fda.gov/drugsatfda_docs/anda/2012/090548Orig1s000.pdf
55413f56b74a7d9f7cb88fb5,22712,090619,ORIG,1,http://www.accessdata.fda.gov/drugsatfda_docs/nda/2009/090619Orig1s000.pdf
dc567126b47cba7b265ee35f,22713,090648,ORIG,1,http://www.accessdata.fda.gov/drugsatfda_docs/anda/2012/090648Orig1s000Approv.pdf
3918f9cd9b8f17c8107650a2,22714,090785,ORIG,1,http://www.accessdata.fda.gov/drugsatfda_docs/anda/2010/090785Orig1s000.pdf
4e14853abda454eee8f0fd66,22715,090849,ORIG,1,http://www.accessdata.fda.gov/drugsatfda_docs/anda/2011/090849Orig1s000Approv.pdf
307959aea6d07ed94a8c6b37,22716,090850,ORIG,1,http://www.accessdata.fda.gov/drugsatfda_docs/anda/2012/090850Orig1s000Approv.pdf
2bae5fceaf47995523688843,22717,090862,ORIG,1,http://www.accessdata.fda.gov/drugsatfda_docs/anda/2012/090862Orig1s000Approv.pdf
30056dc838770f8270c6118e,22718,090898,ORIG,1,http://www.accessdata.fda.gov/drugsatfda_docs/anda/2011/090898Orig1s000Approv.pdf
df4948393138b541fce21b86,22719,090922,ORIG,1,http://www.accessdata.fda.gov/drugsatfda_docs/anda/2012/090922Orig1s000.pdf
e204de18275948e5e797b74d,22720,090999,ORIG,1,http://www.accessdata.fda.gov/drugsatfda_docs/anda/2012/090999Orig1s000Approv.pdf
c4dabe1d2fc3bc8d72138c8c,22721,091052,ORIG,1,http://www.accessdata.fda.gov/drugsatfda_docs/anda/2012/091052Orig1s000Approv.pdf
b0eec166a0d456c408c3af31,22722,091093,ORIG,1,http://www.accessdata.fda.gov/drugsatfda_docs/anda/2011/091093Orig1s000OtherActionLtrs.pdf
c7103466be26eddd7a93826c,22723,091226,ORIG,1,http://www.accessdata.fda.gov/drugsatfda_docs/anda/2012/091226Orig1s000.pdf
e7e085152633c4dd3cd3b873,22724,091246,ORIG,1,http://www.accessdata.fda.gov/drugsatfda_docs/anda/2012/091246Orig1s000Approv.pdf
6ead10e373b58e0b59b2469f,22725,091338,ORIG,1,http://www.accessdata.fda.gov/drugsatfda_docs/anda/2010/091338Orig1s000OtherActionLtrs.pdf
bd0fb7f8aaf6f32607b1a8f6,22726,091358,ORIG,1,http://www.accessdata.fda.gov/drugsatfda_docs/anda/2012/091358Orig1s000Approv.pdf
e0a4762ca8b2b9b067b5b718,22727,091488,ORIG,1,http://www.accessdata.fda.gov/drugsatfda_docs/anda/2012/091488Orig1s000Approv.pdf
f837a30f6d4e2adca3890fd8,22728,091489,ORIG,1,http://www.accessdata.fda.gov/drugsatfda_docs/anda/2012/091489Orig1s000Approv.pdf
3c48ddb4983be690db640125,22729,091559,ORIG,1,http://www.accessdata.fda.gov/drugsatfda_docs/nda/2012/091559Orig1s000Approv.pdf
3ae7fe879d1a25f7a4a3246f,22730,091619,ORIG,1,http://www.accessdata.fda.gov/drugsatfda_docs/anda/2011/091619Orig1s000BioeqR.pdf
ebfde33564223ca1dbb566cd,22731,091623,ORIG,1,http://www.accessdata.fda.gov/drugsatfda_docs/anda/2012/091623Orig1s000Approv.pdf
0656f193c9f86baa1b8e5ab7,22732,103234,SUPPL,1046,https://web.archive.org/web/20170113111355/http://www.fda.gov/Drugs/DevelopmentApprovalProcess/HowDrugsareDevelopedandApproved/ApprovalApplications/TherapeuticBiologicApplications/ucm080580.htm
ac8e80657c3b7cdbb77300bc,22733,103234,SUPPL,5093,http://www.accessdata.fda.gov/drugsatfda_docs/nda/2005/103234s5093_AP_PKG.pdf
cf4245e6ba6c27c267a430c6,22734,103353,ORIG,1,http://www.accessdata.fda.gov/drugsatfda_docs/bla/pre96/103353Orig1s000.pdf
41eb565023ffd3a7200f8cac,22735,103471,ORIG,1,http://www.accessdata.fda.gov/drugsatfda_docs/nda/pre96/103471s0000TOC.html
257e285b6687e4347ea131eb,22736,103471,SUPPL,1039,https://web.archive.org/web/20170118085127/http://www.fda.gov/Drugs/DevelopmentApprovalProcess/HowDrugsareDevelopedandApproved/ApprovalApplications/TherapeuticBiologicApplications/ucm080486.htm
862a5b8be99bd66f0523e62e,22737,103575,SUPPL,1010,https://web.archive.org/web/20170113111532/http://www.fda.gov/Drugs/DevelopmentApprovalProcess/HowDrugsareDevelopedandApproved/ApprovalApplications/TherapeuticBiologicApplications/ucm093336.htm
b401e9c26b8026bdee11bac7,22738,103634,ORIG,1,https://web.archive.org/web/20120303004254/http://www.fda.gov/Drugs/DevelopmentApprovalProcess/HowDrugsareDevelopedandApproved/ApprovalApplications/TherapeuticBiologicApplications/ucm080665.htm
6652636ea028d4dd18638df4,22742,103767,ORIG,1,https://web.archive.org/web/20120303004301/http://www.fda.gov/Drugs/DevelopmentApprovalProcess/HowDrugsareDevelopedandApproved/ApprovalApplications/TherapeuticBiologicApplications/ucm080717.htm
bd4728f47486a8279eeb6cdc,22743,103770,ORIG,1,https://web.archive.org/web/20160723194308/http://www.fda.gov/Drugs/DevelopmentApprovalProcess/HowDrugsareDevelopedandApproved/ApprovalApplications/TherapeuticBiologicApplications/ucm093366.htm
5c1d45d2bc103202ecccf40a,22744,103770,SUPPL,5059,http://www.accessdata.fda.gov/drugsatfda_docs/bla/2004/103770Orig1s5059.pdf
903007ce59f7ea0a6ff801ab,22745,103772,SUPPL,1007,http://www.accessdata.fda.gov/drugsatfda_docs/nda/2000/103772_S1007_REMICADE.pdf
6d26eded2d2972bcdf04dff5,22746,103772,SUPPL,5113,http://www.accessdata.fda.gov/drugsatfda_docs/nda/2005/103772Orig1s5113.pdf
cdf152c26ef37df34df9f52f,22747,103772,SUPPL,5189,http://www.accessdata.fda.gov/drugsatfda_docs/nda/2007/103772Orig1s5189Approv.pdf
bcbd26149da1abbeb2773edd,22748,103780,SUPPL,5010,https://web.archive.org/web/20120303004314/http://www.fda.gov/Drugs/DevelopmentApprovalProcess/HowDrugsareDevelopedandApproved/ApprovalApplications/TherapeuticBiologicApplications/ucm080739.htm
1a5382a153add1e68a765191,22749,103786,ORIG,1,https://web.archive.org/web/20130523120940/http://www.fda.gov/Drugs/DevelopmentApprovalProcess/HowDrugsareDevelopedandApproved/ApprovalApplications/TherapeuticBiologicApplications/ucm093343.htm
462ac86dec3f3d7c7c36a751,22750,103792,ORIG,1,https://web.archive.org/web/20170128163102/http://www.fda.gov/Drugs/DevelopmentApprovalProcess/HowDrugsareDevelopedandApproved/ApprovalApplications/TherapeuticBiologicApplications/ucm080591.htm
c2e3386c007baeef390cdc09,22751,103792,SUPPL,5275,http://www.accessdata.fda.gov/drugsatfda_docs/bla/2012/103792Orig1s5275.pdf
fb88f02f75590ad7ceb0611a,22752,103792,SUPPL,5311,http://www.accessdata.fda.gov/drugsatfda_docs/nda/2014/103792Orig1s5311TOC.html
2f2bbecadae9b2c409968d24,22753,103795,ORIG,1,https://web.archive.org/web/20170118085127/http://www.fda.gov/Drugs/DevelopmentApprovalProcess/HowDrugsareDevelopedandApproved/ApprovalApplications/TherapeuticBiologicApplications/ucm080536.htm
02e3fdbb9d92909fd79d572b,22754,103795,SUPPL,5034,https://web.archive.org/web/20170113111347/http://www.fda.gov/Drugs/DevelopmentApprovalProcess/HowDrugsareDevelopedandApproved/ApprovalApplications/TherapeuticBiologicApplications/ucm080570.htm
e6680619d7b459f46e720572,22755,103795,SUPPL,5097,http://www.accessdata.fda.gov/drugsatfda_docs/nda/2003/103795_S5097_ENBREL.pdf
9f82bb9654a74fab29f1b5d4,22756,103795,SUPPL,5102,http://www.accessdata.fda.gov/drugsatfda_docs/nda/2003/103795-5102_Enbrel.html
1bf73d55738d96aed9fc0ece,22757,103795,SUPPL,5109,http://www.accessdata.fda.gov/drugsatfda_docs/nda/2003/103795_S5109_ENBREL.pdf
6ef6ff104d4e396edd23c704,22760,103949,ORIG,1,https://web.archive.org/web/20160402193205/http://www.fda.gov/Drugs/DevelopmentApprovalProcess/HowDrugsareDevelopedandApproved/ApprovalApplications/TherapeuticBiologicApplications/ucm080727.htm
43750c87d30e49608aaffc33,22761,103949,SUPPL,5002,http://www.accessdata.fda.gov/drugsatfda_docs/nda/2001/103949s5002_PEGIntronTOC.html
d3a4046266078d9e6b7851fa,22762,103950,ORIG,1,http://www.accessdata.fda.gov/drugsatfda_docs/nda/2001/103950-0_Kineret.html
20fcf677aab6fb1db1ec86ee,22763,103951,ORIG,1,https://web.archive.org/web/20160317023707/http://www.fda.gov/Drugs/DevelopmentApprovalProcess/HowDrugsareDevelopedandApproved/ApprovalApplications/TherapeuticBiologicApplications/ucm080442.htm
48782e711fb8769958c20291,22764,103951,SUPPL,5001,http://www.accessdata.fda.gov/drugsatfda_docs/bla/2002/103951Orig1s5001.pdf
15c468bc0a80d73639ddc7ff,22765,103951,SUPPL,5173,http://www.accessdata.fda.gov/drugsatfda_docs/nda/2011/103951_aranesp_toc.html
47e537bd0d4c8cdf652b6417,22766,103964,ORIG,1,https://web.archive.org/web/20170113111452/http://www.fda.gov/Drugs/DevelopmentApprovalProcess/HowDrugsareDevelopedandApproved/ApprovalApplications/TherapeuticBiologicApplications/ucm080721.htm
75dcd04064c316570bd155df,22767,103979,ORIG,1,https://www.accessdata.fda.gov/drugsatfda_docs/nda/2003/103979_toc.html
e30d4622532bc758190245ed,22770,125019,ORIG,1,http://www.accessdata.fda.gov/drugsatfda_docs/nda/2002/125019_0000_ZevalinTOC.html
282c18a383b48b78fd76e2e1,22771,125031,ORIG,1,http://www.accessdata.fda.gov/drugsatfda_docs/nda/2002/125031_0000_NeulastaTOC.html
28231450960cd5bc9fc3a7e9,22772,125057,SUPPL,45,http://www.accessdata.fda.gov/drugsatfda_docs/bla/2005/125057Orig1s045.pdf
5c1f6d4b02b333cf83e13bb6,22773,125057,SUPPL,46,http://www.accessdata.fda.gov/drugsatfda_docs/bla/2005/125057Orig1s046.pdf
220e3ff4a3214c05a7ca272f,22774,125057,SUPPL,89,http://www.accessdata.fda.gov/drugsatfda_docs/bla/2007/125057_S0089.pdf
03b79fb402a661eab3422683,22775,125057,SUPPL,213,http://www.accessdata.fda.gov/drugsatfda_docs/bla/2010/125057Orig1s0213.pdf
e59d04b09f692e56f05cf503,22778,125084,ORIG,1,http://www.accessdata.fda.gov/drugsatfda_docs/bla/2004/125084_erbitux_toc.html
8e810c05dd4035fbc709354f,22779,125084,SUPPL,30,http://www.accessdata.fda.gov/drugsatfda_docs/nda/2005/0125084_s030_erbitux.pdf
59f5f598561c8bc4b22a2451,22780,125085,ORIG,1,http://www.accessdata.fda.gov/drugsatfda_docs/nda/2004/STN-125085_Avastin.html
108be0bb3453bdee90e219c2,22781,125085,SUPPL,85,http://www.accessdata.fda.gov/drugsatfda_docs/bla/2006/125085_0085_avastin.pdf
f3021865407afe0c26894351,22782,125085,SUPPL,91,http://www.accessdata.fda.gov/drugsatfda_docs/nda/2008/125085_s091_avastin.pdf
a1e63c79108addc11f04428a,22783,125104,ORIG,1,http://www.accessdata.fda.gov/drugsatfda_docs/nda/2004/125104s000_Natalizumab.html
a5f4b19b77baa51decd0d2a3,22784,125104,SUPPL,33,http://www.accessdata.fda.gov/drugsatfda_docs/bla/2008/125104Orig1s0033.pdf
46f52da3378cec34fb00168c,22785,125117,ORIG,1,http://www.accessdata.fda.gov/drugsatfda_docs/nda/2005/125117s000_NaglazyneTOC.html
5dc9b92d8f8e31bde73294e3,22786,125118,ORIG,1,http://www.accessdata.fda.gov/drugsatfda_docs/nda/2005/125118_s0000_OrenciaTOC.html
bd8c81345d42b9a6c130655b,22787,125118,SUPPL,107,http://www.accessdata.fda.gov/drugsatfda_docs/bla/2011/125118Orig1s107.pdf
2ea3d18969f2ec5a8d5b5067,22788,125141,ORIG,1,http://www.accessdata.fda.gov/drugsatfda_docs/nda/2006/125141s000_MyozymeTOC.html
efba30dd567dfd45272d3a39,22789,125147,ORIG,1,http://www.accessdata.fda.gov/drugsatfda_docs/nda/2006/125147s0000TOC.html
54d433e5b202df38e27803f2,22790,125156,ORIG,1,http://www.accessdata.fda.gov/drugsatfda_docs/nda/2006/125156s0000_LucentisTOC.html
5d58d481f6ee229565bf8bae,22791,125160,ORIG,1,http://www.accessdata.fda.gov/drugsatfda_docs/nda/2008/125160s000TOC2.html
a1941324ece593a53a647eb4,22792,125160,SUPPL,80,http://www.accessdata.fda.gov/drugsatfda_docs/bla/2009/125160Orig1s080.pdf
145884c2955d783191a7acb2,22793,125268,ORIG,1,http://www.accessdata.fda.gov/drugsatfda_docs/nda/2008/125268_romiplostim_toc.html
fe263446b48e975284dd0adf,22794,125274,ORIG,1,http://www.accessdata.fda.gov/drugsatfda_docs/nda/2009/125274s000_dysport_toc.html
cc44365c0833a59a4dfac454,22795,125276,ORIG,1,http://www.accessdata.fda.gov/drugsatfda_docs/nda/2010/125276s000TOC.html
c49718a9239e1687d32043bf,22796,125276,SUPPL,49,http://www.accessdata.fda.gov/drugsatfda_docs/bla/2012/125276Orig1s049TOC.html
8f4e070c792434080a8a54c3,22797,125288,ORIG,1,http://www.accessdata.fda.gov/drugsatfda_docs/nda/2011/125288Orig1s000TOC.html
e358abff0ced4d27c2f24fce,22798,125289,SUPPL,103,http://www.accessdata.fda.gov/drugsatfda_docs/bla/2013/125289Orig1s103.pdf
04cb8a55434256109f20440c,22799,125291,ORIG,1,http://www.accessdata.fda.gov/drugsatfda_docs/nda/2010/125291s000TOC.html
e007c8b0bd7c8e6f111e443a,22800,125291,SUPPL,136,http://www.accessdata.fda.gov/drugsatfda_docs/bla/2014/125291Orig1s136.pdf
82cbd9506b978b04c2914e03,22801,125294,ORIG,1,http://www.accessdata.fda.gov/drugsatfda_docs/nda/2012/125294Orig1s000TOC.html
b45d509062c3e7df73cc4f30,22802,125327,ORIG,1,http://www.accessdata.fda.gov/drugsatfda_docs/nda/2012/125327Orig1s000TOC.html
b24f0f5f765fe8c3c636761f,22803,125349,ORIG,1,http://www.accessdata.fda.gov/drugsatfda_docs/nda/2012/125349Orig1s000TOC.html
48c1bc733f2a0bcb0b2e7498,22804,125360,ORIG,1,http://www.accessdata.fda.gov/drugsatfda_docs/nda/2010/125360s0000TOC.html
c02a57f6038f7cd0d24bc21f,22805,125377,ORIG,1,http://www.accessdata.fda.gov/drugsatfda_docs/nda/2011/125377Orig1s000TOC.html
a83424fe985146ef9743f417,22806,125387,ORIG,1,http://www.accessdata.fda.gov/drugsatfda_docs/nda/2011/125387s0000TOC.html
1731ce524f56d1118b7826a0,22807,125390,ORIG,1,http://www.accessdata.fda.gov/drugsatfda_docs/nda/2014/125390Orig1s000TOC.html
c2a4be733c9a1d60af9a319a,22808,125418,ORIG,1,http://www.accessdata.fda.gov/drugsatfda_docs/nda/2012/125418_zaltrap_toc.html
955cc0689b0c073e29af1cd7,22809,125427,ORIG,1,http://www.accessdata.fda.gov/drugsatfda_docs/nda/2013/125427Orig1s000TOC.html
860952d4c8e1bb2c4e881dc4,22810,125431,ORIG,1,http://www.accessdata.fda.gov/drugsatfda_docs/nda/2014/125431Orig1s000TOC.html
a1e11b96e606cba129fc88ed,22811,125460,ORIG,1,http://www.accessdata.fda.gov/drugsatfda_docs/nda/2014/125460Orig1s000TOC.html
b8d62b3e19613c2fefe0a736,22812,125469,ORIG,1,http://www.accessdata.fda.gov/drugsatfda_docs/nda/2014/125469Orig1s000TOC.html
c3578e0694d7e36b7ef87f6f,22813,125472,ORIG,1,http://www.accessdata.fda.gov/drugsatfda_docs/nda/2013/125472Orig1s000TOC.html
efd69e8ecc9a87473a7f396e,22814,125476,ORIG,1,http://www.accessdata.fda.gov/drugsatfda_docs/nda/2014/125476Orig1s000TOC.html
be270f47d261963096a0dda0,22815,125486,ORIG,1,http://www.accessdata.fda.gov/drugsatfda_docs/nda/2013/125486Orig1s000TOC.html
9e20f8d0e7d930ed21097c5e,22816,125504,ORIG,1,http://www.accessdata.fda.gov/drugsatfda_docs/nda/2015/125504Orig1s000TOC.html
6301aefb8763aaf697296a19,22817,125511,ORIG,1,http://www.accessdata.fda.gov/drugsatfda_docs/nda/2015/125511Orig1s000TOC.html
d6ea5be59c09531d2044e8bc,22818,125513,ORIG,1,http://www.accessdata.fda.gov/drugsatfda_docs/nda/2015/125513Orig1s000TOC.html
ed944b54deea368939d0082b,22819,125514,ORIG,1,http://www.accessdata.fda.gov/drugsatfda_docs/nda/2014/125514Orig1s000TOC.html
f7e64cc12ae2df82dc6e7b24,22820,125522,ORIG,1,http://www.accessdata.fda.gov/drugsatfda_docs/nda/2015/125522Orig1s000TOC.html
7e14020f5c39d40d0d629f81,22821,125526,ORIG,1,http://www.accessdata.fda.gov/drugsatfda_docs/nda/2015/125526Orig1s000TOC.html
8c6755cd15b52591ab900a51,22822,125544,ORIG,1,http://www.accessdata.fda.gov/drugsatfda_docs/nda/2016/125544Orig1s000TOC.html
e880de94ffa912f148de3618,22823,125553,ORIG,1,http://www.accessdata.fda.gov/drugsatfda_docs/nda/2015/125553Orig1s000TOC.html
361ea4aae6447715b022e189,22824,125559,ORIG,1,http://www.accessdata.fda.gov/drugsatfda_docs/nda/2015/125559Orig1s000TOC.html
924f5d02e8f21e1543e4465e,22825,125561,ORIG,1,http://www.accessdata.fda.gov/drugsatfda_docs/nda/2015/125561Orig1s000TOC.html
1751331a2c4688875743659b,22826,200045,ORIG,1,http://www.accessdata.fda.gov/drugsatfda_docs/nda/2010/200045s000_amturnide_toc.html
1672bc5ae410461005fbbdad,22827,200063,ORIG,1,http://www.accessdata.fda.gov/drugsatfda_docs/nda/2014/200063Orig1s000TOC.html
bcc4d7ffd3900921f5f8ab35,22828,200154,ORIG,1,http://www.accessdata.fda.gov/drugsatfda_docs/anda/2012/200154Orig1s000Approv.pdf
e1aecf72443c55c3a2e4b8df,22829,200159,ORIG,1,http://www.accessdata.fda.gov/drugsatfda_docs/anda/2012/200159Orig1s000Approv.pdf
8f6cf298c662d6fec19d8cd3,22830,200199,ORIG,1,http://www.accessdata.fda.gov/drugsatfda_docs/nda/2011/200199_topotecan_toc.html
f2ab5b3eb969542c150f3841,22831,200403,ORIG,1,http://www.accessdata.fda.gov/drugsatfda_docs/nda/2011/200403_hydromorphone_toc.html
958039a03e67ec6518f5d898,22832,200534,ORIG,1,http://www.accessdata.fda.gov/drugsatfda_docs/nda/2010/200534s000_oxycodone_toc.html
dcdf967b66ad0ae6fc6f62a0,22833,200603,SUPPL,10,http://www.accessdata.fda.gov/drugsatfda_docs/nda/2013/200603Orig1s010.pdf
d4cc5c18895678012c88b332,22834,200675,ORIG,1,http://www.accessdata.fda.gov/drugsatfda_docs/anda/2012/200675Orig1s000Approv.pdf
a0274b99bb6953d725854a02,22835,200678,ORIG,1,http://www.accessdata.fda.gov/drugsatfda_docs/nda/2010/200678_kombiglyze_xr_toc.html
9bed2b4f1cdc2f66c9e1fd6a,22836,200732,ORIG,1,http://www.accessdata.fda.gov/drugsatfda_docs/nda/2011/200732_zidovudine_toc.html
7d2f2e00af537e9c97b9e784,22837,200771,ORIG,1,http://www.accessdata.fda.gov/drugsatfda_docs/anda/2012/200771Orig1s000Approv.pdf
d574291b9a357a688678914f,22838,200796,ORIG,1,http://www.accessdata.fda.gov/drugsatfda_docs/nda/2011/200796sOrig1s000_Edarbi_TOC.html
f1f211932674d2d6b38ffa4d,22839,200812,ORIG,1,http://www.accessdata.fda.gov/drugsatfda_docs/anda/2011/200812Orig1s000.pdf
3aabb2945e8dca6b60999604,22840,200822,ORIG,1,http://www.accessdata.fda.gov/drugsatfda_docs/anda/2013/200822Orig1s000.Approv.pdf
7c999fa0741779e2dfd57005,22841,200901,ORIG,1,http://www.accessdata.fda.gov/drugsatfda_docs/anda/2012/200901Orig1s000Approv.pdf
fb1fb7872733e88986451e78,22842,201023,ORIG,1,http://www.accessdata.fda.gov/drugsatfda_docs/nda/2010/201023s000TOC.html
5f97ec5e5ddd59b3f3f13146,22843,201089,ORIG,1,http://www.accessdata.fda.gov/drugsatfda_docs/anda/2012/201089Orig1s000BioeqR.pdf
9bab10da94cb216c6befeeab,22844,201152,ORIG,1,http://www.accessdata.fda.gov/drugsatfda_docs/nda/2011/201152Orig1s000TOC.html
fe07ce8571d1f71da6f5f033,22845,201153,ORIG,1,http://www.accessdata.fda.gov/drugsatfda_docs/nda/2011/201153_zyclara_toc.html
16d63a3474886b3e92d942b5,22846,201166,ORIG,1,http://www.accessdata.fda.gov/drugsatfda_docs/anda/2012/201166Orig1s000Approv.pdf
e1ad34a9246761f2f27bb445,22847,201276,ORIG,1,http://www.accessdata.fda.gov/drugsatfda_docs/anda/2012/201276Orig1s000Approv.pdf
2ae92aa1c44058ee8b962f01,22848,201277,ORIG,1,http://www.accessdata.fda.gov/drugsatfda_docs/nda/2011/201277Orig1s000TOC.html
29b8bc8d56a7c43498ae7f70,22849,201281,ORIG,1,http://www.accessdata.fda.gov/drugsatfda_docs/nda/2012/201281_linagliptin_toc.html
b5ad06c2c6d9b98f1ad024b5,22850,201367,ORIG,1,http://www.accessdata.fda.gov/drugsatfda_docs/nda/2011/201367_banzel_toc.html
4a6603f6a32996a172df1caa,22851,201373,ORIG,1,http://www.accessdata.fda.gov/drugsatfda_docs/nda/2011/201373_allegra_toc.html
586e9635433343d819ffb2d4,22852,201374,ORIG,1,http://www.accessdata.fda.gov/drugsatfda_docs/anda/2012/201374Orig1s000Approv.pdf
4dbbd6901671ca8632cc36f1,22853,201532,ORIG,1,http://www.accessdata.fda.gov/drugsatfda_docs/nda/2010/201532s000_halaven_TOC.html
6a963f5873437630394ef661,22854,201655,ORIG,1,http://www.accessdata.fda.gov/drugsatfda_docs/nda/2011/201655_opana_er_toc.html
c81677000f7f529aa2d5bbbf,22855,201657,ORIG,1,http://www.accessdata.fda.gov/drugsatfda_docs/nda/2014/201657Orig1s000TOC.html
862019fff98c843ed1635eab,22856,201743,ORIG,1,http://www.accessdata.fda.gov/drugsatfda_docs/nda/2011/201743_argatroban_toc.html
238627bf52478addad56a83b,22857,201759,ORIG,1,http://www.accessdata.fda.gov/drugsatfda_docs/bla/2011/201759Orig1s000.pdf
cae14d75e3426cbee92904ae,22858,201764,ORIG,1,http://www.accessdata.fda.gov/drugsatfda_docs/bla/2011/201764Orig1s000.pdf
4c220c2e612425e8053f095d,22859,201784,ORIG,1,http://www.accessdata.fda.gov/drugsatfda_docs/anda/2012/201784Orig1s000Approv.pdf
6081f4de40068740ca8e2b64,22860,201801,ORIG,1,http://www.accessdata.fda.gov/drugsatfda_docs/anda/2013/201801Orig1s000Approv.pdf
e507f0412fa19f257e668939,22861,201803,ORIG,1,http://www.accessdata.fda.gov/drugsatfda_docs/nda/2012/201803_advil_toc.html
1628ba22a72dae9a6c31cae0,22862,201820,ORIG,1,http://www.accessdata.fda.gov/drugsatfda_docs/nda/2012/201820_bethkis_toc.html
da2735e8c0b9be216be48a82,22863,201849,ORIG,1,http://www.accessdata.fda.gov/drugsatfda_docs/nda/2015/201849Orig1s000TOC.html
56961d58622d2301979a2f50,22864,201922,ORIG,1,http://www.accessdata.fda.gov/drugsatfda_docs/nda/2012/201922_ximino_toc.html
be1514505124c721d7725326,22865,201923,ORIG,1,http://www.accessdata.fda.gov/drugsatfda_docs/nda/2014/201923Orig1s000TOC.html
212472548a5c080a42bbb732,22866,202020,ORIG,1,http://www.accessdata.fda.gov/drugsatfda_docs/nda/2012/202020_rayos_toc.html
3bfa65ca5c14f6c9b9bb2894,22867,202022,ORIG,1,http://www.accessdata.fda.gov/drugsatfda_docs/nda/2011/202022Orig1s000TOC.html
24a09a4a71fc6606904973a0,22868,202067,ORIG,1,http://www.accessdata.fda.gov/drugsatfda_docs/nda/2011/202067Orig1s000TOC.html
d0a8064ca78aae631714e46e,22869,202088,ORIG,1,http://www.accessdata.fda.gov/drugsatfda_docs/nda/2011/202088_suprenza_toc.html
f602947f5e330c9a8274891b,22870,202088,ORIG,1,http://www.accessdata.fda.gov/drugsatfda_docs/nda/2012/202088_suprenza_toc.html
8fe06f4355d4e46f16cc2495,22871,202121,SUPPL,1,http://www.accessdata.fda.gov/drugsatfda_docs/anda/2012/202121Orig1s000Approv.pdf
df8292b3b571b88751f8c557,22872,202129,ORIG,1,http://www.accessdata.fda.gov/drugsatfda_docs/nda/2012/202129_zetonna_toc.html
50caf916a417970d875b55b9,22873,202133,ORIG,1,http://www.accessdata.fda.gov/drugsatfda_docs/nda/2011/202133_fluoxetine_toc.html
5f2002e1dc5e9d7094c9a70f,22874,202147,ORIG,1,http://www.accessdata.fda.gov/drugsatfda_docs/anda/2012/202147Orig1s000Approv.pdf
a4eb7ae8a4613665f3b43885,22875,202155,ORIG,1,http://www.accessdata.fda.gov/drugsatfda_docs/nda/2012/202155Orig1s000TOC.html
6381701b4d0ed93f5689af3a,22876,202155,SUPPL,2,http://www.accessdata.fda.gov/drugsatfda_docs/nda/2014/202155Orig1s002TOC.html
be866aebe45f01fb8072d500,22877,202192,ORIG,1,https://www.accessdata.fda.gov/drugsatfda_docs/nda/2024/202192Orig1s000.pdf
0de0b488e90014cde91c5b2f,22878,202211,ORIG,1,http://www.accessdata.fda.gov/drugsatfda_docs/nda/2013/202211_oxytrol_toc.html
792bed8122ba280e24382b5b,22879,202231,ORIG,1,http://www.accessdata.fda.gov/drugsatfda_docs/nda/2011/202231_levothyroxine_toc.html
869188b25f5de36814065682,22880,202245,ORIG,1,http://www.accessdata.fda.gov/drugsatfda_docs/nda/2011/202245_codeine_toc.html
8f151a24a18ac927c1e304ac,22881,202268,ORIG,1,http://www.accessdata.fda.gov/drugsatfda_docs/anda/2012/202268Orig1s000Approv.pdf
ed2624c20d9f7959f4431d48,22882,202276,ORIG,1,http://www.accessdata.fda.gov/drugsatfda_docs/nda/2012/202276Orig1s000TOC.html
ddc6ff77935374ef3eda2cba,22883,202286,ORIG,1,http://www.accessdata.fda.gov/drugsatfda_docs/anda/2014/202286Orig1s000.pdf
bd42ac487d10cbaf4fb153a7,22885,202317,ORIG,1,http://www.accessdata.fda.gov/drugsatfda_docs/nda/2013/202317Orig1s000TOC.html
8c3b4dfeafea5b13510e361c,22886,202331,ORIG,1,http://www.accessdata.fda.gov/drugsatfda_docs/nda/2011/202331_edarbyclor_toc_.html
47c3a3cba9aaf9f88b2b65ec,22887,202356,ORIG,1,http://www.accessdata.fda.gov/drugsatfda_docs/nda/2014/202356Orig1s000TOC.html
7884aad57cc38f33b72415f0,22888,202379,SUPPL,6,http://www.accessdata.fda.gov/drugsatfda_docs/nda/2013/202379Orig1s006.pdf
1abdd8b092781e686dd7c599,22889,202428,ORIG,1,http://www.accessdata.fda.gov/drugsatfda_docs/nda/2012/202428_fabior_toc.html
d8b61447572b34d9a321f468,22890,202514,ORIG,1,http://www.accessdata.fda.gov/drugsatfda_docs/nda/2012/202514s000TOC.html
ba004d057f5ea4ba0afb5078,22891,202535,ORIG,1,http://www.accessdata.fda.gov/drugsatfda_docs/nda/2012/202535_prepopik_toc.html
05d83e268740935f4d052e15,22892,202570,ORIG,1,http://www.accessdata.fda.gov/drugsatfda_docs/nda/2011/202570Orig1s000TOC.html
e59992f29bb63b3965aa52ce,22893,202611,ORIG,1,http://www.accessdata.fda.gov/drugsatfda_docs/nda/2012/202611Orig1s000TOC.html
92b8d4370f1bd193c51255c8,22894,202667,ORIG,1,http://www.accessdata.fda.gov/drugsatfda_docs/nda/2012/202667_cosoptpf_toc.html
e74536e5be3ef96926344ec5,22895,202727,ORIG,1,http://www.accessdata.fda.gov/drugsatfda_docs/anda/2012/202727Orig1s000.pdf
521609f691320ad9d29fcbe3,22896,202788,ORIG,1,http://www.accessdata.fda.gov/drugsatfda_docs/nda/2012/202788_subsys_toc.html
f0e0868361a37563bb33e6c1,22897,202799,ORIG,1,http://www.accessdata.fda.gov/drugsatfda_docs/nda/2012/202799_Omontys_Orig1s000TOC.html
27828396ec3cfcaf10ee2314,22898,202810,ORIG,1,http://www.accessdata.fda.gov/drugsatfda_docs/nda/2012/202810_oxtellarxr_toc.html
059da8fe751c3ffda8ab6fe9,22899,202813,ORIG,1,http://www.accessdata.fda.gov/drugsatfda_docs/nda/2012/202813_qnasl_toc.html
7fac538e401a57e188a3ec51,22900,202834,ORIG,1,http://www.accessdata.fda.gov/drugsatfda_docs/nda/2012/202834Orig1s000TOC.html
e034842bf3110b7e6c2d680f,22901,202869,ORIG,1,http://www.accessdata.fda.gov/drugsatfda_docs/anda/2012/202869Orig1s000Approv.pdf
3755967fab707f5477ff4475,22902,202872,ORIG,1,http://www.accessdata.fda.gov/drugsatfda_docs/nda/2012/202872_lotemax_toc.html
dac727b933166f7820ecac2a,22903,202895,ORIG,1,http://www.accessdata.fda.gov/drugsatfda_docs/nda/2011/202895_prezista_toc.html
39097b4d283816e9fb89b334,22904,202971,ORIG,1,http://www.accessdata.fda.gov/drugsatfda_docs/nda/2013/202971s000TOC.html
c84bb81872d50bcbd8287b1d,22905,202992,ORIG,1,http://www.accessdata.fda.gov/drugsatfda_docs/nda/2012/202992Orig1s000TOC.html
17f993704f0ea68f968a6961,22906,203045,ORIG,1,http://www.accessdata.fda.gov/drugsatfda_docs/nda/2011/203045_isentress_toc.html
ba014f7204d70606ca5bb49c,22907,203049,ORIG,1,http://www.accessdata.fda.gov/drugsatfda_docs/nda/2012/203049_argatroban_toc.html
198c6e23a1f49e8e5ea6b67a,22908,203094,ORIG,1,http://www.accessdata.fda.gov/drugsatfda_docs/nda/2014/203094Orig1Orig2s000TOC.html
3c14352cf6a76cd02353347e,22909,203098,ORIG,1,http://www.accessdata.fda.gov/drugsatfda_docs/nda/2013/203098Orig1s000TOC.html
f03d0e86397c64b19ec253ad,22910,203100,ORIG,1,http://www.accessdata.fda.gov/drugsatfda_docs/nda/2012/203100Orig1s000TOC.html
fcd06ea9fc28d0f021b181f0,22911,203108,ORIG,1,http://www.accessdata.fda.gov/drugsatfda_docs/nda/2014/203108Orig1s000TOC.html
a39bd67c11b9545b708c25e5,22912,203109,ORIG,1,http://www.accessdata.fda.gov/drugsatfda_docs/nda/2012/203109_revatio_toc.html
443e3c7dcf502c9214d66085,22913,203159,ORIG,1,http://www.accessdata.fda.gov/drugsatfda_docs/nda/2013/203159_skyla_toc.html
5388ab6fb7ae63bcdd16a128,22914,203168,ORIG,1,http://www.accessdata.fda.gov/drugsatfda_docs/nda/2013/203168_prolensa_toc.html
b9fa1e99d821431ce10c16e8,22915,203202,ORIG,1,http://www.accessdata.fda.gov/drugsatfda_docs/nda/2014/203202Orig1s000TOC.html
270ff19507f8ba3b9c3f473a,22916,203214,SUPPL,2,http://www.accessdata.fda.gov/drugsatfda_docs/nda/2013/203214Orig1s002.pdf
cfdde303583027b5c3454728,22917,203231,ORIG,1,http://www.accessdata.fda.gov/drugsatfda_docs/nda/2013/203231Orig1s000TOC.html
fad0f5e6ab197ee676672c75,22918,203255,ORIG,1,http://www.accessdata.fda.gov/drugsatfda_docs/nda/2014/203255Orig1s000TOC.html
706467392ae9a4610606129d,22919,203284,ORIG,1,http://www.accessdata.fda.gov/drugsatfda_docs/nda/2013/203284Orig1s000TOC.html
7518c889e36c24c22ba6f740,22921,203341,ORIG,1,http://www.accessdata.fda.gov/drugsatfda_docs/nda/2012/203341_bosulif_toc.html
9ccfe506ec104109db6c827d,22922,203388,ORIG,1,http://www.accessdata.fda.gov/drugsatfda_docs/nda/2012/203388Orig1s000TOC.html
9de85a55a1e7420ef69c4d3b,22923,203469,SUPPL,8,"http://www.accessdata.fda.gov/drugsatfda_docs/nda/2013/203469Orig1s007,s008.pdf"
fea487ca2870d908a617b5dd,22924,203496,ORIG,1,http://www.accessdata.fda.gov/drugsatfda_docs/nda/2013/203496Orig1s000TOC.html
e776daaf3d5240196aa683f5,22925,203510,ORIG,1,http://www.accessdata.fda.gov/drugsatfda_docs/nda/2013/203510_phenylephrine_toc.html
b8383a87b579af97642765fa,22926,203551,ORIG,1,http://www.accessdata.fda.gov/drugsatfda_docs/nda/2013/203551_docetaxel_toc.html
034d41e932677f832cc68774,22927,203565,ORIG,1,http://www.accessdata.fda.gov/drugsatfda_docs/nda/2013/203565Orig1s000TOC.html
8ba2e3f0874af25e94af6be8,22928,203595,ORIG,1,http://www.accessdata.fda.gov/drugsatfda_docs/nda/2013/203595Orig1s000TOC.html
47f1e7939769829be3fd0a57,22929,203629,ORIG,1,http://www.accessdata.fda.gov/drugsatfda_docs/nda/2015/203629Orig1s000TOC.html
972dad411833b9e1f257c5ed,22930,203634,ORIG,1,http://www.accessdata.fda.gov/drugsatfda_docs/nda/2013/203634_uceris_toc.html
246dd7e26bc2d26d7f4f7b64,22931,203667,ORIG,1,http://www.accessdata.fda.gov/drugsatfda_docs/nda/2013/203667_norethindrone_toc.html
613f264299a38d9334e0b5e9,22932,203696,ORIG,1,http://www.accessdata.fda.gov/drugsatfda_docs/nda/2012/203696_lupaneta_toc.html
29ca2fb41ad0e351f1379af9,22933,203697,ORIG,1,http://www.accessdata.fda.gov/drugsatfda_docs/nda/2013/203697_aspirin_toc.html
7336591eaa4135ed82a31eed,22934,203752,ORIG,1,http://www.accessdata.fda.gov/drugsatfda_docs/nda/2012/203752_minivelle_toc.html
591ad401f5572738af97eab6,22935,203791,ORIG,1,http://www.accessdata.fda.gov/drugsatfda_docs/nda/2013/203791Orig1s000TOC.html
c458ddd35cb451d0dd7abc4f,22936,203858,ORIG,1,http://www.accessdata.fda.gov/drugsatfda_docs/nda/2012/2038858_juxtapid_toc.html
eef26b9e022b453e0f3b1ad7,22937,203923,ORIG,1,http://www.accessdata.fda.gov/drugsatfda_docs/nda/2012/203923_sodium_thiosulfate_toc.html
7f4a5d107b9374a6392be522,22938,203952,ORIG,1,http://www.accessdata.fda.gov/drugsatfda_docs/nda/2015/203952Orig1s000TOC.html
e6e554b89864d8b690ee994a,22939,203985,ORIG,1,http://www.accessdata.fda.gov/drugsatfda_docs/nda/2012/203985_afinitor_toc.html
8c1a18ce88ec97adbf3d3665,22940,204061,ORIG,1,http://www.accessdata.fda.gov/drugsatfda_docs/nda/2013/204061_quartette_toc.html
dcab397cf578b0e4950ec726,22941,204063,ORIG,1,http://www.accessdata.fda.gov/drugsatfda_docs/nda/2013/204063Orig1s000TOC.html
58ca1cc8d55fa0c64c453c64,22942,204063,SUPPL,10,http://www.accessdata.fda.gov/drugsatfda_docs/nda/2014/204063Orig1s010.pdf
e9ab04328cf09aba07340524,22943,204096,ORIG,1,http://www.accessdata.fda.gov/drugsatfda_docs/nda/2013/204096Orig1s000OTOC.html
6a2d7fc35cff28fd6ccec299,22944,204141,ORIG,1,http://www.accessdata.fda.gov/drugsatfda_docs/nda/2013/204141_topicort_toc.html
56b66a9e6afe3124a275c180,22945,204150,ORIG,1,http://www.accessdata.fda.gov/drugsatfda_docs/nda/2013/204150_desvenlafaxine_toc.html
d8303689d467edbb14cea129,22946,204168,ORIG,1,http://www.accessdata.fda.gov/drugsatfda_docs/nda/2013/204168Orig1s000TOC.html
eee1984595126da8051ec433,22947,204223,ORIG,1,http://www.accessdata.fda.gov/drugsatfda_docs/nda/2013/204223Orig1s000TOC.html
85d610b778e902e9b95615ad,22948,204251,ORIG,1,http://www.accessdata.fda.gov/drugsatfda_docs/nda/2013/204251_simbrinza_toc.html
df9847e4f2243713dfda3258,22949,204275,ORIG,1,http://www.accessdata.fda.gov/drugsatfda_docs/nda/2013/204275Orig1s000TOC.html
4aa0013c2c915c91c9483add,22950,204307,ORIG,1,http://www.accessdata.fda.gov/drugsatfda_docs/nda/2013/204307_vituz_toc.html
d2d5f19cdc1249d30984a91a,22951,204308,ORIG,1,http://www.accessdata.fda.gov/drugsatfda_docs/nda/2013/204308Orig1s000TOC.html
01c2fb64d150b3dd4fbfb066,22952,204353,ORIG,1,http://www.accessdata.fda.gov/drugsatfda_docs/nda/2014/204353Orig1s000TOC.html
44a4798cc123698c71d11654,22953,204369,ORIG,1,http://www.accessdata.fda.gov/drugsatfda_docs/nda/2013/204369Orig1s000TOC.html
292e8658388dc50bf1edb37a,22954,204370,ORIG,1,http://www.accessdata.fda.gov/drugsatfda_docs/nda/2015/204370Orig2s000TOC.html
b89ad2b065cc51d382f4d153,22955,204384,ORIG,1,http://www.accessdata.fda.gov/drugsatfda_docs/nda/2012/204384Orig1s000TOC.html
011c4079fd2a688825466abc,22956,204399,ORIG,1,http://www.accessdata.fda.gov/drugsatfda_docs/nda/2014/204399Orig1s000TOC.html
ae2bcc911def5dd124983fe4,22957,204426,ORIG,1,http://www.accessdata.fda.gov/drugsatfda_docs/nda/2013/204426_minastrin_toc.html
9f566f94db80674e4f1dad2f,22958,204485,ORIG,1,http://www.accessdata.fda.gov/drugsatfda_docs/nda/2014/204485Orig1s000TOC.html
9d6d9caab0e1254c95dffe45,22959,204592,ORIG,1,http://www.accessdata.fda.gov/drugsatfda_docs/nda/2013/204592Orig1s000TOC.html
6b901eaf6aa7f871ed5ce474,22960,204655,ORIG,1,http://www.accessdata.fda.gov/drugsatfda_docs/nda/2014/204655Orig1s000TOC.html
ef771672d4bbba81328d224c,22961,204671,ORIG,1,http://www.accessdata.fda.gov/drugsatfda_docs/nda/2013/204671Orig1s000TOC.html
eea51297084fc88a62c18378,22962,204683,ORIG,1,http://www.accessdata.fda.gov/drugsatfda_docs/nda/2013/204683Orig1s000TOC.html
9cfb47c83e39658cff791d82,22963,204684,ORIG,1,http://www.accessdata.fda.gov/drugsatfda_docs/nda/2014/204684Orig1s000TOC.html
384d564fd2af3d6eba9e4a28,22964,204767,ORIG,1,http://www.accessdata.fda.gov/drugsatfda_docs/nda/2015/204767Orig1s000TOC.html
8d4549b4838bb864a78c7d23,22965,204768,ORIG,1,http://www.accessdata.fda.gov/drugsatfda_docs/nda/2014/204768Orig1s000TOC.html
51792d95ed31355c7f51acc8,22966,204819,ORIG,1,http://www.accessdata.fda.gov/drugsatfda_docs/nda/2013/204819Orig1s000TOC.html
fcf9ac1dae91c007c460fc29,22967,204820,ORIG,1,http://www.accessdata.fda.gov/drugsatfda_docs/nda/2014/204820Orig1s000TOC.html
ecca4508a1f4df5358c16ed7,22968,204822,ORIG,1,http://www.accessdata.fda.gov/drugsatfda_docs/nda/2014/204822Orig1s000TOC.html
fb35738065312c3e5564b2ae,22970,204958,ORIG,1,http://www.accessdata.fda.gov/drugsatfda_docs/nda/2015/204958Orig1s000TOC.html
7acb2b4ea27ccad30457a797,22971,204977,ORIG,1,http://www.accessdata.fda.gov/drugsatfda_docs/nda/2014/204977Orig1s000TOC.html
616fa0831d366fb1adb824da,22972,205053,ORIG,1,http://www.accessdata.fda.gov/drugsatfda_docs/nda/2013/205053Orig1s000TOC.html
5c7cb1f9219fcf362ce4fd3e,22973,205065,ORIG,1,http://www.accessdata.fda.gov/drugsatfda_docs/nda/2013/205065Orig1s000TOC.html
ea012b9dc9d4859df02b7e26,22974,205108,ORIG,1,http://www.accessdata.fda.gov/drugsatfda_docs/nda/2014/205108Orig1s000TOC.html
31cf5f79c6471b7a15bc54ca,22975,205109,ORIG,1,http://www.accessdata.fda.gov/drugsatfda_docs/nda/2013/205109Orig1s000TOC.html
7007cda0ae5623dcb22611d8,22976,205122,ORIG,1,http://www.accessdata.fda.gov/drugsatfda_docs/nda/2014/205122Orig1s000TOC.html
5c7868f7539bfbb89fe66b9b,22977,205123,ORIG,1,http://www.accessdata.fda.gov/drugsatfda_docs/nda/2013/205123Orig1s000TOC.html
a78c291a9b1b61ab84103cd2,22978,205123,SUPPL,8,http://www.accessdata.fda.gov/drugsatfda_docs/nda/2015/205123Orig1s008.pdf
1da1c010bc2ba6e2861d78e9,22979,205175,ORIG,1,http://www.accessdata.fda.gov/drugsatfda_docs/nda/2013/205175Orig1s000TOC.html
d396bc208ebd1fc7a1954d9f,22980,205208,ORIG,1,http://www.accessdata.fda.gov/drugsatfda_docs/nda/2013/205208Orig1s000TOC.html
d10b299888b4c9d8fae92942,22981,205266,ORIG,1,http://www.accessdata.fda.gov/drugsatfda_docs/nda/2015/205266Orig1s000TOC.html
cbb85b606c35af18fab03ff7,22982,205352,ORIG,1,http://www.accessdata.fda.gov/drugsatfda_docs/nda/2014/205352Orig1s000TOC.html
3029e9c12f775466467a0516,22983,205353,ORIG,1,http://www.accessdata.fda.gov/drugsatfda_docs/nda/2015/205353Orig1s000TOC.html
562e5a0fcd1f599416c8f7d8,22984,205382,ORIG,1,http://www.accessdata.fda.gov/drugsatfda_docs/nda/2014/205382Orig1s000TOC.html
9b98f3a51e5400b02267f988,22985,205383,ORIG,1,http://www.accessdata.fda.gov/drugsatfda_docs/nda/2015/205383Orig1s000TOC.html
5217f4accc8279be2b1ad1b6,22986,205388,ORIG,1,http://www.accessdata.fda.gov/drugsatfda_docs/nda/2014/205388Orig1s000TOC.html
45cb21fbcadc27eebd6af338,22987,205433,ORIG,1,http://www.accessdata.fda.gov/drugsatfda_docs/nda/2014/205433Orig1s000TOC.html
8e399bcf7d535ea8bf63982b,22988,205434,ORIG,1,http://www.accessdata.fda.gov/drugsatfda_docs/nda/2014/205434Orig1s000TOC.html
bf7443a197adfb77421544ea,22989,205435,ORIG,1,http://www.accessdata.fda.gov/drugsatfda_docs/nda/2014/205435Orig1s000TOC.html
3194c116f40395fbddb60cd5,22990,205437,ORIG,1,http://www.accessdata.fda.gov/drugsatfda_docs/nda/2014/205437Orig1s000TOC.html
5b7b9c6de31990754f2ef237,22991,205474,ORIG,1,http://www.accessdata.fda.gov/drugsatfda_docs/nda/2014/205474Orig1s000TOC.html
0e1061f2b8f45a11547e9422,22992,205488,ORIG,1,http://www.accessdata.fda.gov/drugsatfda_docs/nda/2014/205488Orig1s000TOC.html
33cdfaaf01529f1b01595614,22993,205494,ORIG,1,http://www.accessdata.fda.gov/drugsatfda_docs/nda/2014/205494Orig1s000TOC.html
f512aa370a392b16bbe1c07e,22994,205582,ORIG,1,http://www.accessdata.fda.gov/drugsatfda_docs/nda/2014/205582Orig1s000TOC.html
4f90c48eb12aae16e75f1912,22995,205583,ORIG,1,http://www.accessdata.fda.gov/drugsatfda_docs/nda/2014/205583Orig1s000TOC.html
5470367106625c0d102330da,22996,205596,ORIG,1,http://www.accessdata.fda.gov/drugsatfda_docs/nda/2014/205596Orig1s000TOC.html
8c824b19099755ad18ff548c,22997,205636,ORIG,1,http://www.accessdata.fda.gov/drugsatfda_docs/nda/2015/205636Orig1s000TOC.html
b9e90741009f0cb44affe849,22998,205637,ORIG,1,http://www.accessdata.fda.gov/drugsatfda_docs/nda/2014/205637Orig1s000TOC.html
3b4ce48327fe4eda90f74639,22999,205677,ORIG,1,http://www.accessdata.fda.gov/drugsatfda_docs/nda/2014/205677Orig1s000TOC.html
00b49accf9fe95f04f7a1c4d,23000,205718,ORIG,1,http://www.accessdata.fda.gov/drugsatfda_docs/nda/2014/205718Orig1s000TOC.html
3d0cd0a8c520fff4af0a7e20,23001,205776,ORIG,1,http://www.accessdata.fda.gov/drugsatfda_docs/nda/2014/205776Orig1s000TOC.html
2874d357948d720ffdef7808,23002,205777,ORIG,1,http://www.accessdata.fda.gov/drugsatfda_docs/nda/2014/205777Orig1s000TOC.html
40dc0a01d4f185f2d97262db,23003,205787,ORIG,1,http://www.accessdata.fda.gov/drugsatfda_docs/nda/2014/205787Orig1s000TOC.html
086a6a360416a0c355d63e6e,23004,205831,ORIG,1,http://www.accessdata.fda.gov/drugsatfda_docs/nda/2015/205831Orig1s000TOC.html
ccbe5d89de489a15c8392012,23005,205832,ORIG,1,http://www.accessdata.fda.gov/drugsatfda_docs/nda/2014/205832Orig1s000TOC.html
6412546461a9acf4c90e2b81,23006,205836,ORIG,1,http://www.accessdata.fda.gov/drugsatfda_docs/nda/2016/205836-205837-205838-Briviact-TOC.html
753aa7bb06697a04afbe27db,23007,205858,ORIG,1,http://www.accessdata.fda.gov/drugsatfda_docs/nda/2014/205858Orig1s000TOC.html
6d589729ab5550237964978d,23008,205874,ORIG,1,http://www.accessdata.fda.gov/drugsatfda_docs/nda/2014/205874Orig1s000TOC.html
39288e625a95eb4a3306135a,23009,205917,ORIG,1,http://www.accessdata.fda.gov/drugsatfda_docs/nda/2014/205917Orig1s000TOC.html
00dab11da21563536d42f07d,23010,205919,ORIG,1,http://www.accessdata.fda.gov/drugsatfda_docs/nda/2014/205919Orig1s000TOC.html
38ba8cd87f176931e389a2aa,23011,206038,ORIG,1,http://www.accessdata.fda.gov/drugsatfda_docs/nda/2015/0206038Orig1s000TOC.html
ca8462cb6473fd0b8fe69842,23012,206099,ORIG,1,http://www.accessdata.fda.gov/drugsatfda_docs/nda/2016/206099Orig1s000TOC.html
b9601a8c02dd05777e8a5152,23013,206143,ORIG,1,http://www.accessdata.fda.gov/drugsatfda_docs/nda/2015/206143Orig1s000TOC.html
b870786373c686cdadb33f5a,23014,206162,ORIG,1,http://www.accessdata.fda.gov/drugsatfda_docs/nda/2014/206162Orig1s000TOC.html
1fa1b30c9b7e253fc3d63352,23015,206192,ORIG,1,http://www.accessdata.fda.gov/drugsatfda_docs/nda/2015/206192Orig1s000TOC.html
24e126295d7bbab482129c7e,23016,206255,ORIG,1,http://www.accessdata.fda.gov/drugsatfda_docs/nda/2014/206255Orig1s000TOC.html
c0ec6d1cdc93e96e7028d8ef,23017,206256,ORIG,1,http://www.accessdata.fda.gov/drugsatfda_docs/nda/2014/206256Orig1s000TOC.html
ba26e1a56273d4f34f2167ca,23018,206276,ORIG,1,http://www.accessdata.fda.gov/drugsatfda_docs/nda/2015/206276Orig1s000TOC.html
f5d07e9ba2892229e71c6279,23019,206352,ORIG,1,http://www.accessdata.fda.gov/drugsatfda_docs/nda/2014/206352Orig1s000_021567Orig1s035TOC.html
ea4dcc85fb96adcb62a1f2ca,23020,206353,ORIG,1,http://www.accessdata.fda.gov/drugsatfda_docs/nda/2015/206353Orig1s000TOC.html
148e504f902417ed59645deb,23021,206473,ORIG,1,http://www.accessdata.fda.gov/drugsatfda_docs/nda/2015/206473Orig1s000TOC.html
b92999e0c16dd14bf584c70e,23022,206500,ORIG,1,http://www.accessdata.fda.gov/drugsatfda_docs/nda/2015/206500Orig1s000TOC.html
857385cc382112ef3752a90f,23023,206510,ORIG,1,http://www.accessdata.fda.gov/drugsatfda_docs/nda/2015/206510Orig1s000TOC.html
644de428a5fc7a95e40d47fd,23024,206619,ORIG,1,http://www.accessdata.fda.gov/drugsatfda_docs/nda/2014/206619Orig1s000TOC.html
5d95446752ee031bdddd3b81,23025,206769,ORIG,1,http://www.accessdata.fda.gov/drugsatfda_docs/nda/2014/206769Orig1s000TOC.html
275c021113eff5a44ed4d76a,23026,206829,ORIG,1,http://www.accessdata.fda.gov/drugsatfda_docs/nda/2014/206829Orig1s000TOC.html
bfd1ed2e52529562a368a9dc,23027,206843,ORIG,1,http://www.accessdata.fda.gov/drugsatfda_docs/nda/2015/206843Orig1s000TOC.html
8010c34df50dfe772fff1e2a,23028,206940,ORIG,1,http://www.accessdata.fda.gov/drugsatfda_docs/nda/2015/206940Orig1s000TOC.html
1fdf905e777a21db2dae1ce7,23029,206995,ORIG,1,http://www.accessdata.fda.gov/drugsatfda_docs/nda/2015/206995Orig1s000TOC.html
c024fef6c15b0ac907ca9601,23030,207070,ORIG,1,http://www.accessdata.fda.gov/drugsatfda_docs/nda/2015/207070Orig1s000TOC.html
34327bdc4990d0177dfb4032,23031,207103,ORIG,1,http://www.accessdata.fda.gov/drugsatfda_docs/nda/2015/207103Orig1s000TOC.html
2e1108d7c0c99f4c6a781e62,23032,207131,ORIG,1,http://www.accessdata.fda.gov/drugsatfda_docs/nda/2015/207131Orig1s000TOC.html
ea5b13fdd4f9633f7e1944a6,23033,207233,ORIG,1,http://www.accessdata.fda.gov/drugsatfda_docs/nda/2015/207233Orig1s000TOC.html
a7b10d3a415c81c360c11a70,23034,207318,ORIG,1,http://www.accessdata.fda.gov/drugsatfda_docs/nda/2016/207318Orig1s000TOC.html
e563f193e0fc450b0e1ba646,23035,207501,ORIG,1,http://www.accessdata.fda.gov/drugsatfda_docs/nda/2015/207500Orig1207501Orig1s000TOC.html
0242c4fc8c00722cf599d33d,23036,207533,ORIG,1,http://www.accessdata.fda.gov/drugsatfda_docs/nda/2015/207533Orig1s000TOC.html
de6bc99f3d843851317638f2,23037,207561,ORIG,1,http://www.accessdata.fda.gov/drugsatfda_docs/nda/2015/207561Orig1s000TOC.html
6a84881b01dde78151094430,23038,207620,ORIG,1,http://www.accessdata.fda.gov/drugsatfda_docs/nda/2015/207620Orig1s000TOC.html
265580b29153cb9670b1cc59,23039,207768,ORIG,1,http://www.accessdata.fda.gov/drugsatfda_docs/nda/2015/207768Orig1s000TOC.html
e440ec9b5682cde5b3f81e2f,23041,207925,ORIG,1,http://www.accessdata.fda.gov/drugsatfda_docs/nda/2015/207925Orig1s000TOC.html
05cdbaceea5ff45acae40d6a,23042,207946,ORIG,1,http://www.accessdata.fda.gov/drugsatfda_docs/nda/2015/207946Orig1s000TOC.html
6e0dca5610cd13008aa1d697,23043,207947,ORIG,1,http://www.accessdata.fda.gov/drugsatfda_docs/nda/2015/207947Orig1s000TOC.html
0166b009055326aa42281e5d,23044,207953,ORIG,1,http://www.accessdata.fda.gov/drugsatfda_docs/nda/2015/207953Orig1s000TOC.html
d6058d3687685ead8de796bf,23045,207958,ORIG,1,http://www.accessdata.fda.gov/drugsatfda_docs/nda/2015/207958Orig1s000TOC.html
29fa1adcf4551e95add83c3f,23046,207960,ORIG,1,http://www.accessdata.fda.gov/drugsatfda_docs/nda/2015/207960Orig1s000TOC.html
aa58a07a18005919faea39b5,23047,208019,ORIG,1,http://www.accessdata.fda.gov/drugsatfda_docs/nda/2015/208019Orig1s000TOC.html
268980a44b4cd55721f7b627,23048,208030,ORIG,1,http://www.accessdata.fda.gov/drugsatfda_docs/nda/2015/208030Orig1s000TOC.html
8dda9928895242dc09298b21,23049,208065,ORIG,1,http://www.accessdata.fda.gov/drugsatfda_docs/nda/2015/208065Orig1s000TOC.html
b646043c5b46039c1c32287e,23050,208147,ORIG,1,http://www.accessdata.fda.gov/drugsatfda_docs/nda/2015/208147Orig1DyanavelTOC.html
da3b9f81d65bf66d236f39b5,23051,208169,ORIG,1,http://www.accessdata.fda.gov/drugsatfda_docs/nda/2015/208169Orig1s000TOC.html
dd71fe8fa375c23dbfc35a84,23052,208183,ORIG,1,http://www.accessdata.fda.gov/drugsatfda_docs/nda/2015/208183Orig1s000TOC.html
c438e0b3f979402d755d8683,23053,208194,ORIG,1,http://www.accessdata.fda.gov/drugsatfda_docs/nda/2015/208194Orig1s000TOC.html
7d79efaf61b39966c81babef,23054,208289,ORIG,1,http://www.accessdata.fda.gov/drugsatfda_docs/nda/2016/208289Orig1s000TOC.html
10e2e6d1d1054436fa136fa6,23055,761029,ORIG,1,http://www.accessdata.fda.gov/drugsatfda_docs/nda/2016/761029Orig1s000TOC.html
eb614942557cd4ccc4b90c5f,23056,761033,ORIG,1,http://www.accessdata.fda.gov/drugsatfda_docs/nda/2016/761033Orig1s000TOC.html
2a12e22c14275658d76d3fd8,24519,206538,ORIG,1,http://www.accessdata.fda.gov/drugsatfda_docs/nda/2015/206538Orig1s000TOC.html
5905cd07b0cd1e5fbff52b20,24716,020280,SUPPL,31,http://www.accessdata.fda.gov/drugsatfda_docs/nda/2001/20-280S031_Genotropin.html
208b7bab8c337c9b2b40d777,24756,020304,SUPPL,4,http://www.accessdata.fda.gov/drugsatfda_docs/nda/98/020304s004.html
2ed6285a79dbd21d194382df,25227,020582,SUPPL,1,http://www.accessdata.fda.gov/drugsatfda_docs/nda/98/020582s001_follistim_toc.html
eaa66a00b9a47836a27cc7e0,26509,021018,SUPPL,34,http://www.accessdata.fda.gov/drugsatfda_docs/nda/2007/021018Orig1s034.pdf
5528c67a7f257d257445ee8b,26592,021047,ORIG,1,http://www.accessdata.fda.gov/drugsatfda_docs/nda/99/21-047_Repronex.html
5117bb28981c23e1825dbf2f,26675,021081,SUPPL,34,http://www.accessdata.fda.gov/drugsatfda_docs/nda/2009/021081Orig1s034.pdf
654423f83882698e406b89d0,28785,021884,SUPPL,1,http://www.accessdata.fda.gov/drugsatfda_docs/nda/2007/021884Orig1s001.pdf
4041431296bef8a95d9731be,29793,022505,ORIG,1,http://www.accessdata.fda.gov/drugsatfda_docs/nda/2010/022505Orig1s000TOC.html
8af6ea6d3caafce69d8b19d6,29876,022575,ORIG,1,http://www.accessdata.fda.gov/drugsatfda_docs/nda/2010/022575s000TOC.html
b0ff117803486ff8f558ea48,32408,203313,ORIG,1,http://www.accessdata.fda.gov/drugsatfda_docs/nda/2015/203313and203314Orig1s000TOC.html
3a76c6c337c44d8224b17ccc,32702,205692,ORIG,1,http://www.accessdata.fda.gov/drugsatfda_docs/nda/2015/205692Orig1s000TOC.html
0bfea75162742d816c82e48a,33819,019640,SUPPL,33,http://www.accessdata.fda.gov/drugsatfda_docs/nda/2003/019640_S033_HUMATROPE_AP.pdf
4fd1ef9b56c1665782b2ba97,34463,020280,SUPPL,49,http://www.accessdata.fda.gov/drugsatfda_docs/nda/2006/020280_s049_genotropin_medr.pdf
abfe60d01d6eca3cf0fa671c,34760,020521,ORIG,1,http://www.accessdata.fda.gov/drugsatfda_docs/nda/98/20521_Infasurf.html
a21bd4e1e947a2c1b84fec1e,35258,020744,ORIG,1,http://www.accessdata.fda.gov/drugsatfda_docs/nda/99/20744_Curosurf.html
7aeb3ffc8703e6ea82d1004b,35789,020986,SUPPL,3,http://www.accessdata.fda.gov/drugsatfda_docs/nda/2001/20-986SE3003_NovoLog_Approv.pdf
681aafc030e66c872de6b4e0,35800,020986,SUPPL,61,http://www.accessdata.fda.gov/drugsatfda_docs/nda/2013/020986Orig1s061.pdf
af74ddc99fb9f01b0795f92f,36040,021081,SUPPL,62,http://www.accessdata.fda.gov/drugsatfda_docs/nda/2015/021081Orig1s062.pdf
4d0235e5bf2f325baf264b2e,36115,021106,ORIG,1,http://www.accessdata.fda.gov/drugsatfda_docs/nda/2003/021106_somavert.html
77dfffc59c7c6d825fbf050a,36272,021172,ORIG,1,http://www.accessdata.fda.gov/drugsatfda_docs/nda/2001/21172_Novolog.html
245efd24249e9fde2ba2802e,36532,021273,ORIG,1,http://www.accessdata.fda.gov/drugsatfda_docs/nda/2005/021273s000TOC.html
8e9808a0155003419a5e78e1,36877,021426,SUPPL,4,http://www.accessdata.fda.gov/drugsatfda_docs/nda/2008/021426Orig1s004.pdf
cab6622e6671d717c3e0d14e,36878,021426,SUPPL,7,http://www.accessdata.fda.gov/drugsatfda_docs/nda/2010/021426Orig1s007.pdf
c07ebc0d6a17f0ab65ca479c,37176,021536,SUPPL,31,http://www.accessdata.fda.gov/drugsatfda_docs/nda/2015/021536Orig1s031.pdf
54aac3c691fd06a78a862149,37828,021884,ORIG,1,http://www.accessdata.fda.gov/drugsatfda_docs/nda/2005/021884_s000_IplexTOC.html
92a9ced04b681a3c207f2d72,38726,022458,ORIG,1,http://www.accessdata.fda.gov/drugsatfda_docs/nda/2012/022458Orig1s000TOC.html
c108b159889ba855a361527a,40641,004782,SUPPL,93,http://www.accessdata.fda.gov/drugsatfda_docs/nda/98/04782s093.html
7fb3f8fc43a29b7e554661fd,40642,004782,SUPPL,115,http://www.accessdata.fda.gov/drugsatfda_docs/nda/2003/004782_S115&S130_PREMARIN_TABLETS.pdf
b04fc43079454a1f1be2f8b8,40643,005213,SUPPL,23,http://www.accessdata.fda.gov/drugsatfda_docs/nda/pre96/005213Orig1s023.pdf
7479aa6752eb32f799cdf697,40644,005970,SUPPL,18,http://www.accessdata.fda.gov/drugsatfda_docs/nda/pre96/005970-S18_Sotradecol_toc.html
82c4d6b6ec91422c17040004,40645,005970,SUPPL,27,http://www.accessdata.fda.gov/drugsatfda_docs/nda/pre96/005970-S27_Sotradecol_toc.html
fc54ced9b88c1a0550500e7e,40646,005970,SUPPL,28,http://www.accessdata.fda.gov/drugsatfda_docs/nda/pre96/005970-S28_Sotradecol_toc.html
338cc9cf316a45ce70d943e8,40647,006035,SUPPL,78,http://www.accessdata.fda.gov/drugsatfda_docs/nda/2012/006035Orig1S078.pdf
39f7ce11087f101b31276b44,40648,006773,SUPPL,36,http://www.accessdata.fda.gov/drugsatfda_docs/nda/2003/006773_S036_ARTANE.pdf
e69674eb3984908ba8c44f2a,40649,007337,SUPPL,24,http://www.accessdata.fda.gov/drugsatfda_docs/nda/pre96/007337-S24_Percodan_toc.html
8c1dec9e1f64d4fba36ab86a,40650,008107,SUPPL,54,http://www.accessdata.fda.gov/drugsatfda_docs/nda/2024/08107s054_LeucovorinTOC.html
47e03c41da358e0ce073860a,40651,008306,SUPPL,29,http://www.accessdata.fda.gov/drugsatfda_docs/nda/2001/008306_S029_PHENERGA-CODEINE_AP.pdf
f8aa28e4bd2be862d1c1bacf,40652,008604,SUPPL,26,http://www.accessdata.fda.gov/drugsatfda_docs/nda/2001/008604_S026_PHENERGRAN_VC_AP.pdf
33fb9019e2f9a21edfb2e9e8,40653,008708,SUPPL,23,http://www.accessdata.fda.gov/drugsatfda_docs/nda/2003/008708Orig1s023.pdf
9a3229fc7e87d86b0dfc3464,40654,008762,SUPPL,39,http://www.accessdata.fda.gov/drugsatfda_docs/nda/2011/008762Orig1s039.pdf
f5a863bce3f2d3de8c00029e,40655,009000,SUPPL,23,http://www.accessdata.fda.gov/drugsatfda_docs/nda/2002/09000_S022&S023_Cafergot_APPROVAL PACKAGE.pdf
7a5c317f31e1741e7394b2e7,40656,009218,SUPPL,90,http://www.accessdata.fda.gov/drugsatfda_docs/nda/98/009218a.pdf
7a5c317f31e1741e7394b2e7,40657,009218,SUPPL,91,http://www.accessdata.fda.gov/drugsatfda_docs/nda/98/009218a.pdf
321eeb98dbea2ebee10e78ca,40658,009218,SUPPL,101,http://www.accessdata.fda.gov/drugsatfda_docs/nda/2005/009218_s101_coumadin.pdf
ab26c7a169ad1766aeb67f27,40659,009386,SUPPL,19,http://www.accessdata.fda.gov/drugsatfda_docs/nda/2003/9-386s019_Myleran.html
0b88403f4fd200167b70d00d,40660,010151,SUPPL,32,http://www.accessdata.fda.gov/drugsatfda_docs/nda/2001/010151_S032_DILANTIN_AP.pdf
2f34ed803d62a764268e4549,40661,010151,SUPPL,34,http://www.accessdata.fda.gov/drugsatfda_docs/nda/2001/010151_S034_DILANTIN_AP.pdf
6572744d63817f1a62967897,40662,010515,SUPPL,22,http://www.accessdata.fda.gov/drugsatfda_docs/nda/99/10515s022_Isuprel.pdf
fae274dc1d6d1300e71fd256,40663,010515,SUPPL,23,http://www.accessdata.fda.gov/drugsatfda_docs/nda/2000/010515Orig1s023.pdf
62ab759983350f52017e0ea0,40664,010515,SUPPL,24,http://www.accessdata.fda.gov/drugsatfda_docs/nda/2001/010515Orig1s024.pdf
b013916eff8dd2c3dc21445a,40665,010515,SUPPL,31,http://www.accessdata.fda.gov/drugsatfda_docs/nda/2013/010515Orig1s031.pdf
b9e9c0e198969b0335094c3e,40666,010775,SUPPL,31,http://www.accessdata.fda.gov/drugsatfda_docs/nda/2002/010775_S031_TRILAFON_AP.pdf
3335c927e1fbbd8884142217,40667,011213,SUPPL,21,http://www.accessdata.fda.gov/drugsatfda_docs/nda/2001/10-775SLR029.pdf
25e43816c9dec0cddd5356ca,40668,011213,SUPPL,24,http://www.accessdata.fda.gov/drugsatfda_docs/nda/2002/011213_S024_TRILAFON_AP.pdf
9c968a381313fa9b08b8b64a,40669,011265,SUPPL,27,http://www.accessdata.fda.gov/drugsatfda_docs/nda/2001/011265_S027_PHERGAN_AP.pdf
88908dd99f5d0b8ce96e93b5,40670,011522,SUPPL,10,http://www.accessdata.fda.gov/drugsatfda_docs/nda/96/11522S010_Adderall.pdf
80c9fac09097375119fa2379,40671,011522,SUPPL,30,http://www.accessdata.fda.gov/drugsatfda_docs/nda/2002/11-522S030_Adderall.html
979dad6e241907935223f1e8,40672,011552,SUPPL,112,http://www.accessdata.fda.gov/drugsatfda_docs/nda/2001/11-552SLR112.pdf
b002a76f2d02f39caac2985a,40673,011641,SUPPL,58,http://www.accessdata.fda.gov/drugsatfda_docs/nda/2002/011641_058&060_Diabinese_APPROVAL_PACKAGE.pdf
b002a76f2d02f39caac2985a,40674,011641,SUPPL,60,http://www.accessdata.fda.gov/drugsatfda_docs/nda/2002/011641_058&060_Diabinese_APPROVAL_PACKAGE.pdf
5e3fe0103987bdb298b85207,40675,011664,SUPPL,62,http://www.accessdata.fda.gov/drugsatfda_docs/nda/2004/011664_S062_DECADRON.pdf
e13b0bd4ffa87bfe8655740a,40676,011839,SUPPL,68,http://www.accessdata.fda.gov/drugsatfda_docs/nda/98/11839-S068_Provera.pdf
38f95f3e74f7ee83ae1d5346,40677,012041,SUPPL,38,http://www.accessdata.fda.gov/drugsatfda_docs/nda/2011/012041Orig1s038.pdf
c10262bf115ffeb28c358ca5,40678,012827,SUPPL,10,http://www.accessdata.fda.gov/drugsatfda_docs/nda/pre96/012827_s009_s010_s011_Robinul%20&%20Robinul%20Forte_Tablets.pdf
c10262bf115ffeb28c358ca5,40679,012827,SUPPL,11,http://www.accessdata.fda.gov/drugsatfda_docs/nda/pre96/012827_s009_s010_s011_Robinul%20&%20Robinul%20Forte_Tablets.pdf
637d1a0daa6ed5e52c945139,40680,012827,SUPPL,15,http://www.accessdata.fda.gov/drugsatfda_docs/nda/pre96/012827_s015_Robinul - Robinul_Forte_Tabs.pdf
349f01581c07ea0df65be882,40681,012827,SUPPL,24,http://www.accessdata.fda.gov/drugsatfda_docs/nda/pre96/012827_s024&s025_Robinul_Robinul_Forte_Tabs.pdf
89aaaeef7ff919a234018542,40682,012827,SUPPL,32,http://www.accessdata.fda.gov/drugsatfda_docs/nda/pre96/012827_s032&s033_Robinul & Robinul Forte Tablets.pdf
176a11586719c6802f01203c,40683,012827,SUPPL,35,http://www.accessdata.fda.gov/drugsatfda_docs/nda/pre96/012827_s035_Robinul Forte Tablets.pdf
75afe58e0abfaef3ed760224,40684,013217,SUPPL,37,http://www.accessdata.fda.gov/drugsatfda_docs/nda/2000/013217_S037_SKELAXIN.pdf
04273fe18f117b539a6ddeac,40685,013217,SUPPL,40,http://www.accessdata.fda.gov/drugsatfda_docs/nda/2001/013217_S040_SKELAXIN.pdf
1277fb61208a4a12a5fe2003,40686,013217,SUPPL,41,http://www.accessdata.fda.gov/drugsatfda_docs/nda/2001/013217_S041_SKELAXIN.pdf
559b22408763500448760d10,40687,013263,SUPPL,72,http://www.accessdata.fda.gov/drugsatfda_docs/nda/2002/013263_S072_VALIUM_AP.pdf
d7a0c6052202b6a2a3c6a792,40688,013263,SUPPL,75,http://www.accessdata.fda.gov/drugsatfda_docs/nda/2002/013263_S075_VALIUM_AP.pdf
aed056c3f2d8651595482594,40689,013263,SUPPL,82,http://www.accessdata.fda.gov/drugsatfda_docs/nda/2001/013263_S082_Valium_APPROVAL PACKAGE.pdf
df4cc374c5b043b30e246982,40690,013263,SUPPL,86,http://www.accessdata.fda.gov/drugsatfda_docs/nda/2002/013263_S086_VALIUM_AP.pdf
4c4db684182b4ed775223ad8,40691,013601,SUPPL,29,http://www.accessdata.fda.gov/drugsatfda_docs/nda/pre96/013601Orig1s029.pdf
a0eeca222fea827625ce0962,40693,014214,SUPPL,51,http://www.accessdata.fda.gov/drugsatfda_docs/nda/99/17-430s026s027_14-214s050s051_Negram.html
7e3fc82e3dfc6fc994c13164,40694,014602,SUPPL,56,http://www.accessdata.fda.gov/drugsatfda_docs/nda/2013/014602Orig1s056.pdf
074abbd7a585dbad40e4e4a5,40695,014691,SUPPL,20,http://www.accessdata.fda.gov/drugsatfda_docs/NDA/2001/14-691S20_Alkeran.html
545acd895e84b02339342e66,40696,014879,SUPPL,44,http://www.accessdata.fda.gov/drugsatfda_docs/nda/2005/014879_S044_Dopram Injection_APPROVAL_ PACKAGE.pdf
f008bf78712e0c19fb211343,40697,014901,SUPPL,9,http://www.accessdata.fda.gov/drugsatfda_docs/nda/pre96/014901_S009_Kenalog_40.pdf
3f174773ae27164a87aad91b,40698,014901,SUPPL,10,http://www.accessdata.fda.gov/drugsatfda_docs/nda/pre96/014901_S010_Kenalog_40.pdf
27ec702fc319d09bdd047df3,40699,014901,SUPPL,28,http://www.accessdata.fda.gov/drugsatfda_docs/nda/pre96/014901_S028_Kenalog.pdf
13a1f100fe992919a6a7c099,40700,015034,SUPPL,32,http://www.accessdata.fda.gov/drugsatfda_docs/nda/98/015034_S032_PONSTEL.pdf
4844bc53a00bfde0535cdb8e,40701,015923,SUPPL,72,http://www.accessdata.fda.gov/drugsatfda_docs/nda/2002/015923_S072_HALDOL_TABLETS_AP.pdf
93407a36c73841656894d553,40702,016023,SUPPL,37,http://www.accessdata.fda.gov/drugsatfda_docs/nda/2003/016023s037_018101s009_SymmetrelTOC.html
548261f4d4d6a42ffa8ae659,40703,016092,SUPPL,37,http://www.accessdata.fda.gov/drugsatfda_docs/nda/99/16092s037_Edecrin.pdf
548261f4d4d6a42ffa8ae659,40704,016093,SUPPL,38,http://www.accessdata.fda.gov/drugsatfda_docs/nda/99/16092s037_Edecrin.pdf
7ac175721951a2b61be65d46,40705,016126,SUPPL,17,http://www.accessdata.fda.gov/drugsatfda_docs/nda/99/016126_S017_PRIMATENE MIST.pdf
0450c9e5a7543ff1cf8667d3,40706,016126,SUPPL,20,http://www.accessdata.fda.gov/drugsatfda_docs/nda/99/016126_S020_PRIMATENE MIST.pdf
7f9db9b0c39b1895af2917f0,40707,016126,SUPPL,24,http://www.accessdata.fda.gov/drugsatfda_docs/nda/99/016126_S024_PRIMATENE MIST.pdf
25ee8caab1d3a48289c67b44,40708,016126,SUPPL,25,http://www.accessdata.fda.gov/drugsatfda_docs/nda/2001/016126_S025_PRIMATENE MIST.pdf
197f5a3f09472bb5c514f32b,40709,016126,SUPPL,27,http://www.accessdata.fda.gov/drugsatfda_docs/nda/2002/016126_S027_PRIMATENE MIST.pdf
93b00d9d763ffb0448ecf8a0,40710,016126,SUPPL,29,http://www.accessdata.fda.gov/drugsatfda_docs/nda/2004/016126_S029_PRIMATENE MIST.pdf
92033d7ebe9929058780a008,40711,016131,SUPPL,26,http://www.accessdata.fda.gov/drugsatfda_docs/nda/2012/016131Orig1s026.pdf
7a4d689957457cc3398e91a2,40712,016295,SUPPL,36,http://www.accessdata.fda.gov/drugsatfda_docs/nda/2003/16-295S036_Droxia.html
2cf0ba0f8a37a5b9e1c27c20,40713,016620,SUPPL,18,http://www.accessdata.fda.gov/drugsatfda_docs/nda/pre96/016620_S018_Macodantin.pdf
374cf8fbe6a00cc113fa48aa,40714,016620,SUPPL,19,http://www.accessdata.fda.gov/drugsatfda_docs/nda/pre96/016620_S019_Macrodantin Capsules.pdf
9671ad6f6a0895a700e01782,40715,016620,SUPPL,45,http://www.accessdata.fda.gov/drugsatfda_docs/nda/pre96/008693s025_009175s019_016620s045_MacrodantinTOC.html
71866a5fb726dca1a641fd9b,40716,016620,SUPPL,54,http://www.accessdata.fda.gov/drugsatfda_docs/nda/pre96/016620_S054_MACRODANTIN.pdf
7790632e17693fa4a257b1dc,40717,016620,SUPPL,55,http://www.accessdata.fda.gov/drugsatfda_docs/nda/pre96/016620_S055_MACRODANTIN.pdf
6363e9ca1eba9e567a7d77e0,40718,016620,SUPPL,57,http://www.accessdata.fda.gov/drugsatfda_docs/nda/pre96/016620_S057_MACRODANTIN.pdf
8c7809fd054084291d1a10f2,40719,016620,SUPPL,63,http://www.accessdata.fda.gov/drugsatfda_docs/nda/98/016620_S063_MACRODANTIN.pdf
e267e650aa889d22fb524e04,40720,016620,SUPPL,64,http://www.accessdata.fda.gov/drugsatfda_docs/nda/2003/016620_S064_MACRODANTIN.pdf
627c89f8ee38793e96b81875,40721,016672,SUPPL,46,http://www.accessdata.fda.gov/drugsatfda_docs/nda/2001/16-672S046_16806s028.pdf
8f5351aa58a289ec9b72644a,40722,016672,SUPPL,47,http://www.accessdata.fda.gov/drugsatfda_docs/nda/97/16672-s047_ovral_ovral-28.pdf
c291d0b77cf8a1eb5e821c28,40723,016774,SUPPL,73,http://www.accessdata.fda.gov/drugsatfda_docs/nda/2001/16-774S073.pdf
c291d0b77cf8a1eb5e821c28,40724,016775,SUPPL,41,http://www.accessdata.fda.gov/drugsatfda_docs/nda/2001/16-774S073.pdf
7e01186bc8d14868d9c7168d,40725,016792,SUPPL,19,http://www.accessdata.fda.gov/drugsatfda_docs/nda/2000/16792S015.pdf
d672e5671d8a05f1f7325d9d,40726,016792,SUPPL,20,http://www.accessdata.fda.gov/drugsatfda_docs/nda/2000/16792S020.pdf
627c89f8ee38793e96b81875,40727,016806,SUPPL,28,http://www.accessdata.fda.gov/drugsatfda_docs/nda/2001/16-672S046_16806s028.pdf
63b666c261e1981c60776249,40728,016831,SUPPL,8,http://www.accessdata.fda.gov/drugsatfda_docs/nda/pre96/16831_s008_efudex.pdf
2a9451fbe7fd80e5e2737ae6,40729,016831,SUPPL,28,http://www.accessdata.fda.gov/drugsatfda_docs/nda/pre96/16831_s028_efudex.pdf
96c8e9a16411eead0dbef100,40730,016831,SUPPL,31,http://www.accessdata.fda.gov/drugsatfda_docs/nda/pre96/16831_s031_efudex.pdf
40c756d9ae39d63ae84b0f59,40731,016831,SUPPL,35,http://www.accessdata.fda.gov/drugsatfda_docs/nda/2000/16831_s035_efudex.pdf
96e8313351577d98813665cb,40732,016832,SUPPL,13,http://www.accessdata.fda.gov/drugsatfda_docs/nda/96/1996-016832a_s013.pdf
6738040705fada3856fe801d,40733,016832,SUPPL,14,http://www.accessdata.fda.gov/drugsatfda_docs/nda/96/1996-016832a_s014.pdf
886ee549247955a0ed590f2b,40734,016832,SUPPL,15,http://www.accessdata.fda.gov/drugsatfda_docs/nda/97/016832a_s015.pdf
0ee9af686f8c9d622301121e,40735,016832,SUPPL,16,http://www.accessdata.fda.gov/drugsatfda_docs/nda/98/016832a_s016.pdf
3413cc39648913168c865caf,40736,016862,ORIG,1,http://www.accessdata.fda.gov/drugsatfda_docs/nda/pre96/016862_DARVON_N_ORIGINAL_AP.pdf
1e88e0ce270c51af0623b3c7,40737,017105,SUPPL,59,http://www.accessdata.fda.gov/drugsatfda_docs/nda/2002/017105_S059_TRANXENE_AP.pdf
e2fb26967f14bb0b064c9420,40738,017105,SUPPL,70,http://www.accessdata.fda.gov/drugsatfda_docs/nda/2003/017105_S070_Tranxene_APPROVAL_PACKAGE.pdf
44701d9a25d0362c043774fd,40739,017118,SUPPL,17,http://www.accessdata.fda.gov/drugsatfda_docs/nda/2003/017118_s017_Symmetrel_syrup.pdf
ea06561d9fd674f12870a682,40740,017422,SUPPL,37,http://www.accessdata.fda.gov/drugsatfda_docs/nda/2007/017422Orig1s037.pdf
ea28e47a5f33497557e20a61,40741,017422,SUPPL,45,http://www.accessdata.fda.gov/drugsatfda_docs/nda/2013/017422Orig1s045.pdf
e6e472a84eb802937a564218,40742,017422,SUPPL,47,http://www.accessdata.fda.gov/drugsatfda_docs/nda/2014/017422Orig1s047.pdf
a0eeca222fea827625ce0962,40743,017430,SUPPL,26,http://www.accessdata.fda.gov/drugsatfda_docs/nda/99/17-430s026s027_14-214s050s051_Negram.html
028ce2b7cae64e0131bdd904,40744,017473,SUPPL,46,http://www.accessdata.fda.gov/drugsatfda_docs/nda/2011/017473Orig1s046.pdf
d25f3dbdfef1a2b99474cbd7,40745,017521,SUPPL,62,http://www.accessdata.fda.gov/drugsatfda_docs/nda/2002/017521_s062_s063_DEXTROSE_INJ.pdf
9ab9f5192bf7442d22f7496e,40746,017530,SUPPL,18,http://www.accessdata.fda.gov/drugsatfda_docs/nda/2002/017530_S018_TIGAN_AP.pdf
7b7c4a894954db21b7f70a93,40747,017533,SUPPL,37,http://www.accessdata.fda.gov/drugsatfda_docs/nda/2002/017533_S037_KLONOPIN_TABS_AP.pdf
b003c1a0fe907c55c89f3843,40748,017536,SUPPL,18,http://www.accessdata.fda.gov/drugsatfda_docs/nda/2001/17-536S018_Diprosone.html
b003c1a0fe907c55c89f3843,40749,017536,SUPPL,24,http://www.accessdata.fda.gov/drugsatfda_docs/nda/2001/17-536S018_Diprosone.html
a5e0ad96730cbc97d1ef4b39,40750,017555,SUPPL,69,http://www.accessdata.fda.gov/drugsatfda_docs/nda/2008/017555Orig1s069.pdf
15cd321829f39ce24688a748,40751,017559,SUPPL,23,http://www.accessdata.fda.gov/drugsatfda_docs/nda/98/17559-S023_Proventil.pdf
5c347cbfc935bce3879417f5,40752,017577,SUPPL,32,http://www.accessdata.fda.gov/drugsatfda_docs/nda/2003/017577_s032&s033_DITROPAN TABS.pdf
48cbee2e9f86cfab5b557105,40753,017581,SUPPL,4,http://www.accessdata.fda.gov/drugsatfda_docs/nda/pre96/017581_S004_NAPROSYN_AP.pdf
b760188c3b2b850033c7cd1a,40754,017612,SUPPL,31,http://www.accessdata.fda.gov/drugsatfda_docs/nda/2000/18-782S023.pdf
49c8d5dd7041cd04e957e472,40755,017697,SUPPL,15,http://www.accessdata.fda.gov/drugsatfda_docs/nda/2002/017697Orig1s015.pdf
b3c3d90557ab228429611f5b,40756,017703,SUPPL,11,http://www.accessdata.fda.gov/drugsatfda_docs/nda/96/1996-017703a_s011.pdf
0c3a719556bd33b59967ef5f,40757,017703,SUPPL,14,http://www.accessdata.fda.gov/drugsatfda_docs/nda/98/017703a_s014.pdf
0c00be0af38873ad7d21e49c,40758,017781,SUPPL,15,http://www.accessdata.fda.gov/drugsatfda_docs/nda/2001/17-781S015_Diprosone.html
b760188c3b2b850033c7cd1a,40759,017802,SUPPL,18,http://www.accessdata.fda.gov/drugsatfda_docs/nda/2000/18-782S023.pdf
921dab5a4369905dcbe3a5f0,40760,017808,SUPPL,14,http://www.accessdata.fda.gov/drugsatfda_docs/nda/97/017808a_s014.pdf
caa535b7a497baa440a96652,40761,017821,SUPPL,45,http://www.accessdata.fda.gov/drugsatfda_docs/nda/2003/017821_S045_FLEXERIL.pdf
694c62205a64d7270b2c3870,40762,017854,SUPPL,51,http://www.accessdata.fda.gov/drugsatfda_docs/nda/2009/017854_s051_reglan_tablets.pdf
eb63b769c55df1e03038a0ec,40763,017862,SUPPL,42,http://www.accessdata.fda.gov/drugsatfda_docs/nda/99/18821-S018_Reglan.pdf
ed98b7158e6e23ef1f30786c,40764,017874,SUPPL,18,http://www.accessdata.fda.gov/drugsatfda_docs/nda/2001/017874_S018 & S027_SCOPOLAMINE_AP.pdf
eccf6ce36cb2590e68e6ed7b,40765,017962,SUPPL,64,http://www.accessdata.fda.gov/drugsatfda_docs/nda/2005/017962_s063_s064_ParlodelTOC.html
72cb1275d1deb4785c2b4fce,40766,017970,SUPPL,18,http://www.accessdata.fda.gov/drugsatfda_docs/nda/pre96/017970_S018_Nolvadex.pdf
b9a94387dccc994fcf01e3f9,40767,017970,SUPPL,39,http://www.accessdata.fda.gov/drugsatfda_docs/nda/98/17970S39S40.html
5eeea017810441a44805a46c,40768,017970,SUPPL,46,http://www.accessdata.fda.gov/drugsatfda_docs/nda/2000/17-970S046_Nolvadex.html
ae1341e4120a457ae0891217,40769,017970,SUPPL,50,http://www.accessdata.fda.gov/drugsatfda_docs/nda/2002/21109_Nolvadex.html
8190c3f4d40d592943c5cd0f,40770,018012,SUPPL,24,http://www.accessdata.fda.gov/drugsatfda_docs/nda/2001/018012_s024_PAMELOR CAPSULES.pdf
658b92c57609bae8fdfb2b14,40771,018017,SUPPL,37,http://www.accessdata.fda.gov/drugsatfda_docs/nda/2002/18-017S037.pdf
9c39c6ed0f135b18f90a3061,40772,018024,SUPPL,36,http://www.accessdata.fda.gov/drugsatfda_docs/nda/2003/018024_S036_NUBAIN_INJECTION.pdf
80f815ed686bec12b415068e,40773,018027,SUPPL,55,http://www.accessdata.fda.gov/drugsatfda_docs/nda/2006/018027_s055_lithobid_LBL.pdf
ef9c220f1c422aba8779705d,40774,018044,SUPPL,19,http://www.accessdata.fda.gov/drugsatfda_docs/nda/pre96/018044a_s018_s019_s024.pdf
ef9c220f1c422aba8779705d,40775,018044,SUPPL,24,http://www.accessdata.fda.gov/drugsatfda_docs/nda/pre96/018044a_s018_s019_s024.pdf
56d4432c0fd84838bca656b5,40776,018086,SUPPL,47,http://www.accessdata.fda.gov/drugsatfda_docs/nda/97/18-086S047.pdf
191bbf9fb090010f4730bf22,40777,018086,SUPPL,52,http://www.accessdata.fda.gov/drugsatfda_docs/nda/98/18-086S052.pdf
93407a36c73841656894d553,40778,018101,SUPPL,9,http://www.accessdata.fda.gov/drugsatfda_docs/nda/2003/016023s037_018101s009_SymmetrelTOC.html
774695bdf370416115ef3b16,40779,018118,SUPPL,16,http://www.accessdata.fda.gov/drugsatfda_docs/nda/98/9330-s020_lanoxin.pdf
9078a99bddc194f36fe55a90,40780,018140,SUPPL,27,http://www.accessdata.fda.gov/drugsatfda_docs/nda/2001/018140_S027_ATIVAN_INJECTION_AP.pdf
e3ae9f001d55c20b8d9f81a9,40781,018150,SUPPL,19,http://www.accessdata.fda.gov/drugsatfda_docs/nda/2004/018150_S019_Thallous Chloride T1-201_APPROVAL_PACKAGE.pdf
d70ba2720edf8d58bfc8142c,40782,018200,SUPPL,24,http://www.accessdata.fda.gov/drugsatfda_docs/nda/2002/18-200s024_Midamor.html
277f685eb7e7931f99bf7442,40783,018211,SUPPL,16,http://www.accessdata.fda.gov/drugsatfda_docs/nda/2003/018211_s014&s016_DITROPAN TABLETS.pdf
5762767ea58538ff1017b63e,40784,018225,SUPPL,18,http://www.accessdata.fda.gov/drugsatfda_docs/nda/2002/18-225s018s19_18-226s24s25_Bumex.html
5762767ea58538ff1017b63e,40785,018226,SUPPL,24,http://www.accessdata.fda.gov/drugsatfda_docs/nda/2002/18-225s018s19_18-226s24s25_Bumex.html
d521a2e756020bd0875a2287,40786,018238,SUPPL,11,http://www.accessdata.fda.gov/drugsatfda_docs/nda/pre96/018238_s011_MICRO-K.pdf
042c9b0117c069ecf8f0f29e,40787,018238,SUPPL,13,http://www.accessdata.fda.gov/drugsatfda_docs/nda/pre96/018238_s013_MICROK.pdf
313aeb8dbf5b13130b82033a,40788,018240,SUPPL,25,http://www.accessdata.fda.gov/drugsatfda_docs/nda/2000/18240-s025_Tenormin.pdf
2719219ec26bc59ffba1d6f6,40789,018261,SUPPL,11,http://www.accessdata.fda.gov/drugsatfda_docs/nda/97/18261-s011_pitocin.pdf
bb019a2b984e9a4d9b4f4ee2,40790,018261,SUPPL,23,http://www.accessdata.fda.gov/drugsatfda_docs/nda/2003/018261_s023_PITOCIN_LBL.pdf
65709b304331be9c1f401537,40791,018276,SUPPL,35,http://www.accessdata.fda.gov/drugsatfda_docs/nda/2000/018276_S035_Xanax Tablets_APPROVAL PACKAGE.pdf
bcf134163c71f9823485b7a8,40792,018276,SUPPL,38,http://www.accessdata.fda.gov/drugsatfda_docs/nda/2004/018276_S038_Xanax Tablets_APPROVAL PACKAGE.pdf
7c382461b0c8aa5bcde6c6fa,40793,018276,SUPPL,39,http://www.accessdata.fda.gov/drugsatfda_docs/nda/2004/018276_S039_Xanax Tablets_APPROVAL PACKAGES.pdf
32deca094838dfae2730a919,40794,018281,SUPPL,39,http://www.accessdata.fda.gov/drugsatfda_docs/nda/2001/018281_S039_TEGRETOL_AP.PDF
c8f56c8d97636e927544cdf4,40795,018337,SUPPL,13,http://www.accessdata.fda.gov/drugsatfda_docs/nda/pre96/018337Orig1s013.pdf
c1656b3b3231bafa1046c4ae,40797,018401,SUPPL,15,http://www.accessdata.fda.gov/drugsatfda_docs/nda/2003/018401_S015_Buprenex Injectable_APPROVAL PACKAGE.pdf
aec381b617c03a74d9187f44,40799,018439,ORIG,1,http://www.accessdata.fda.gov/drugsatfda_docs/nda/pre96/018439_01.pdf
fe8366706f2fedc46a85af3c,40800,018461,SUPPL,50,http://www.accessdata.fda.gov/drugsatfda_docs/nda/2002/18-461S050_Lidocaine.pdf
2e2b2d62dc0eb391aab41cd7,40801,018467,SUPPL,14,http://www.accessdata.fda.gov/drugsatfda_docs/nda/pre96/018467-S13&S14_Hepatolite_toc.html
fca3a2901525a97a3e698980,40802,018506,SUPPL,22,"http://www.accessdata.fda.gov/drugsatfda_docs/nda/2000/019670_s015,018506s022_Claritin-DTOC.cfml"
0d4c06ea0768b0f60517eb92,40803,018553,SUPPL,5,http://www.accessdata.fda.gov/drugsatfda_docs/nda/pre96/018553_s005_INDERAL LA.pdf
50f82adc81c0d4525b69bd52,40804,018553,SUPPL,6,http://www.accessdata.fda.gov/drugsatfda_docs/nda/pre96/018553_s006_INDERAL LA.pdf
ae53f10910c4f6ac36bea1c6,40805,018553,SUPPL,13,http://www.accessdata.fda.gov/drugsatfda_docs/nda/pre96/018553_s013_INDERAL LA.pdf
5accf4432d52b3dccf648459,40806,018554,SUPPL,21,http://www.accessdata.fda.gov/drugsatfda_docs/nda/2001/18554_S021.pdf
9ca31af5b68f0ed5485a652a,40807,018554,SUPPL,22,http://www.accessdata.fda.gov/drugsatfda_docs/nda/2001/18554_S022.pdf
812bba66471c8eed710ee1c0,40808,018557,SUPPL,15,http://www.accessdata.fda.gov/drugsatfda_docs/nda/2004/018557_S015_Fandsidar_APPROVAL PACKAGE.pdf
d19e6739afdc4a8aa7f46d58,40809,018609,SUPPL,33,http://www.accessdata.fda.gov/drugsatfda_docs/nda/2001/018609_s033_Haparin_Sodium.pdf
1c7b6a5e20cffa6efeec28eb,40810,018609,SUPPL,35,http://www.accessdata.fda.gov/drugsatfda_docs/nda/2001/018609_s035_Heparin_Sodium.pdf
301e6fc3dc13fe27c334becd,40811,018644,SUPPL,10,http://www.accessdata.fda.gov/drugsatfda_docs/nda/96/018644a_s010_s012_s013.pdf
301e6fc3dc13fe27c334becd,40812,018644,SUPPL,13,http://www.accessdata.fda.gov/drugsatfda_docs/nda/96/018644a_s010_s012_s013.pdf
390fa89cc377051dfe53606d,40813,018644,SUPPL,28,"http://www.accessdata.fda.gov/drugsatfda_docs/nda/2004/018644s027s028,020358s031s032,021515s006s007_WellbutrinTOC.html"
fcb6bb5c85920d70f16d5dd7,40814,018644,SUPPL,34,http://www.accessdata.fda.gov/drugsatfda_docs/nda/2006/018644Orig1s034.pdf
b5042d8411d56abf5123af24,40815,018654,SUPPL,30,http://www.accessdata.fda.gov/drugsatfda_docs/nda/97/018654ap.pdf
71c327e8aa84cafc450ed824,40816,018658,SUPPL,17,http://www.accessdata.fda.gov/drugsatfda_docs/nda/2004/018658_S017_DELSYM_AP.pdf
8e6979e6c745bd7d77f8786e,40817,018662,SUPPL,38,http://www.accessdata.fda.gov/drugsatfda_docs/nda/2000/018662_S038_ACCUTANE_AP.pdf
1d63419e9a8a0dfae7d8af05,40818,018662,SUPPL,42,http://www.accessdata.fda.gov/drugsatfda_docs/nda/2001/018662_S042_ACCUTANE_AP.pdf
bbc77e8640b04dc400acb55f,40819,018662,SUPPL,48,http://www.accessdata.fda.gov/drugsatfda_docs/nda/2003/018662_S048_ACCUTANE_AP.pdf
5188bc62176ddaf09c39fc12,40820,018662,SUPPL,52,http://www.accessdata.fda.gov/drugsatfda_docs/nda/2003/018662_S052_ACCUTANE_AP.pdf
a3c12162143ed4273411ad85,40821,018662,SUPPL,53,http://www.accessdata.fda.gov/drugsatfda_docs/nda/2004/018662_S053_ACCUTANE_AP.pdf
adebb508b69bd172970ca136,40822,018662,SUPPL,54,http://www.accessdata.fda.gov/drugsatfda_docs/nda/2004/018662_S054_ACCUTANE_AP.pdf
ee7b1984198bb878b34656a8,40823,018662,SUPPL,56,http://www.accessdata.fda.gov/drugsatfda_docs/nda/2005/018662_S056_ACCUTANE_AP.pdf
1c77fdfa57f723eee0696b27,40824,018713,SUPPL,14,http://www.accessdata.fda.gov/drugsatfda_docs/nda/99/018713_S014_MYCELEX TROCHE_AP.pdf
f30df87424282ed67a70ea60,40825,018760,SUPPL,23,http://www.accessdata.fda.gov/drugsatfda_docs/nda/99/18240-s026_tenormin.pdf
eb63b769c55df1e03038a0ec,40826,018821,SUPPL,18,http://www.accessdata.fda.gov/drugsatfda_docs/nda/99/18821-S018_Reglan.pdf
faf557fb3e6bfe4ac423d4e9,40827,018826,SUPPL,27,http://www.accessdata.fda.gov/drugsatfda_docs/nda/2001/18-826S027.pdf
b349fd3104f06887a9c2535a,40828,018936,SUPPL,33,http://www.accessdata.fda.gov/drugsatfda_docs/nda/pre96/018936_S033_PROZAC.pdf
24a6ef27d46e9d6db0dbebf1,40829,018936,SUPPL,36,http://www.accessdata.fda.gov/drugsatfda_docs/nda/97/18936S036_ProzacPulvules.pdf
f719132f4a93c30ad754e5d3,40830,018936,SUPPL,52,http://www.accessdata.fda.gov/drugsatfda_docs/nda/99/18-936S052_20-101S024_Prozac.html
385ee21974e2897c83838cde,40831,018936,SUPPL,78,http://www.accessdata.fda.gov/drugsatfda_docs/nda/2007/018936Orig1s078.pdf
f7429602299c19c8af25e183,40833,018956,SUPPL,43,http://www.accessdata.fda.gov/drugsatfda_docs/nda/pre96/18956a_s043_061595.pdf
1734c6bd145054d0e76410f9,40834,018972,ORIG,1,http://www.accessdata.fda.gov/drugsatfda_docs/nda/pre96/18-972_Cardarone.html
67721802d8a6da55d247a7c0,40835,018972,SUPPL,14,http://www.accessdata.fda.gov/drugsatfda_docs/nda/98/18972-S014_Cordarone.pdf
8e0051eb4ae60e262205ad06,40836,018972,SUPPL,15,http://www.accessdata.fda.gov/drugsatfda_docs/nda/99/18972S015S017.html
67721802d8a6da55d247a7c0,40837,018972,SUPPL,16,http://www.accessdata.fda.gov/drugsatfda_docs/nda/98/18972-S014_Cordarone.pdf
ae97e62bca1265c41b718b6b,40838,018972,SUPPL,20,http://www.accessdata.fda.gov/drugsatfda_docs/nda/99/18972-s019_cordarone.pdf
d896ad21d28f5b4962fe852b,40839,018972,SUPPL,30,http://www.accessdata.fda.gov/drugsatfda_docs/nda/2004/018972s030_Cordarone.html
74e080cb72c05c95ecd0990b,40840,018986,ORIG,1,http://www.accessdata.fda.gov/drugsatfda_docs/nda/pre96/1983-018986ap.pdf
8e6553878e09e43966f9737c,40841,018998,SUPPL,5,http://www.accessdata.fda.gov/drugsatfda_docs/nda/pre96/018998_S005_Vasotec_APPROVAL PACKAGE.pdf
e8f167c0737889a28f8799b2,40842,018998,SUPPL,6,http://www.accessdata.fda.gov/drugsatfda_docs/nda/pre96/018998_S006_Vasotec_APPROVAL PACKAGE.pdf
4af6a926c47498ca8978d86b,40843,018998,SUPPL,9,http://www.accessdata.fda.gov/drugsatfda_docs/nda/pre96/018998_S009_Vasotec_APPROVAL PACKAGE.pdf
fdad68db1e351258988629cf,40844,018998,SUPPL,15,http://www.accessdata.fda.gov/drugsatfda_docs/nda/pre96/018998_S015_ VASOTEC_AP.pdf
96e89f22307cab13f2fe680e,40845,018998,SUPPL,22,http://www.accessdata.fda.gov/drugsatfda_docs/nda/pre96/018998_S022_VASOTEC.pdf
f0e740c889505021a6f01ed8,40846,018998,SUPPL,23,http://www.accessdata.fda.gov/drugsatfda_docs/nda/pre96/018998_S023_VASOTEC.pdf
1906cb5714fa0835c3ebc9ad,40847,018998,SUPPL,25,http://www.accessdata.fda.gov/drugsatfda_docs/nda/pre96/018998_S025_VASOTEC.pdf
2e6ef5a8b6d0173de97555d0,40848,018998,SUPPL,34,http://www.accessdata.fda.gov/drugsatfda_docs/nda/96/018998_S034_VASOTEC_AP.pdf
c5b339df3140e701605f953c,40849,018998,SUPPL,39,http://www.accessdata.fda.gov/drugsatfda_docs/nda/pre96/018998_s039_vasotec.pdf
ffc979a056e6c813c8c81e99,40850,018998,SUPPL,41,http://www.accessdata.fda.gov/drugsatfda_docs/nda/pre96/018998_S041_VASOTEC_AP.pdf
662eef7096c2dc5f0b79f515,40851,018998,SUPPL,42,http://www.accessdata.fda.gov/drugsatfda_docs/nda/pre96/018998_S042_VASOTEC_AP.pdf
7f2f5a9b672515d0a5e8377b,40852,018998,SUPPL,43,http://www.accessdata.fda.gov/drugsatfda_docs/nda/pre96/018998_s043_vasotec.pdf
419831d28032ebc61c3c66dd,40853,018998,SUPPL,51,http://www.accessdata.fda.gov/drugsatfda_docs/nda/97/018998_S051_VASOTEC_AP.pdf
8a2f0de4b86e381d8c6a0fc3,40854,018998,SUPPL,53,http://www.accessdata.fda.gov/drugsatfda_docs/nda/97/019309_s021ap.pdf
4a19288729dca5161eff1cf6,40855,018998,SUPPL,59,http://www.accessdata.fda.gov/drugsatfda_docs/nda/2001/18-998S059_Vasotec.html
9304d9f8b6f4d2c98086201f,40856,018998,SUPPL,64,http://www.accessdata.fda.gov/drugsatfda_docs/nda/2002/018998_S064_Vasotec_APPROVAL PACKAGE.pdf
4fe69b71c9077eb01af91f89,40857,019002,SUPPL,2,http://www.accessdata.fda.gov/drugsatfda_docs/nda/pre96/019002-S2_VASCOR TABLETS_toc.html
581967144a56e536d2a71ba7,40858,019010,SUPPL,23,http://www.accessdata.fda.gov/drugsatfda_docs/nda/2002/019010_S023_Lupron Injection_APPROVAL_PACKAGE.pdf
0d690336263ea728a5f703d7,40859,019010,SUPPL,24,http://www.accessdata.fda.gov/drugsatfda_docs/nda/2002/019010_S024_Lupron Injection_APPROVAL_PACKAGE.pdf
669842afe5479f5d13899ac8,40860,019012,SUPPL,16,http://www.accessdata.fda.gov/drugsatfda_docs/nda/2000/19-012S016.html
1fe8c13d72643dcfc6f9053a,40861,019012,SUPPL,53,http://www.accessdata.fda.gov/drugsatfda_docs/nda/2015/019012Orig1s053.pdf
c69ef88584fb27d26372d1c8,40862,019032,SUPPL,16,http://www.accessdata.fda.gov/drugsatfda_docs/nda/2002/19-032s16s17_Tenex.html
6209b4e31e961ce99e170ac6,40863,019044,SUPPL,3,http://www.accessdata.fda.gov/drugsatfda_docs/nda/pre96/019044_s003_indium in 111 oxyquinoline.pdf
ae62c7dcf118098d94bc8b48,40864,019044,SUPPL,5,http://www.accessdata.fda.gov/drugsatfda_docs/nda/pre96/019044_s005_indium-in-111 oxyquinoline.pdf
047362f5d7229883b7bd72bc,40865,019044,SUPPL,6,http://www.accessdata.fda.gov/drugsatfda_docs/nda/pre96/019044_s006-_indium-in-111-oxyquinoline.pdf
ad53743ef07f4b0b74dfd506,40866,019044,SUPPL,9,http://www.accessdata.fda.gov/drugsatfda_docs/nda/pre96/019044_s009_indium in-111 oxyquinoline.pdf
ac37b32ee0b0349dd0747891,40867,019044,SUPPL,10,http://www.accessdata.fda.gov/drugsatfda_docs/nda/pre96/019044_s010_s011_s013_indium in-111 oxyquinoline.pdf
fc2be2af1ad044255aac9168,40868,019044,SUPPL,15,http://www.accessdata.fda.gov/drugsatfda_docs/nda/1997/019044Orig1s015.pdf
594104533a30ec65ffaaa734,40869,019044,SUPPL,17,http://www.accessdata.fda.gov/drugsatfda_docs/nda/1999/019044Orig1s017.pdf
3e45f2eb7cacc0d963ecca0f,40870,019044,SUPPL,18,http://www.accessdata.fda.gov/drugsatfda_docs/nda/2002/019044_s018_indium in-111 oxyquinoline.pdf
313aeb8dbf5b13130b82033a,40871,019058,SUPPL,12,http://www.accessdata.fda.gov/drugsatfda_docs/nda/2000/18240-s025_Tenormin.pdf
f30df87424282ed67a70ea60,40872,019058,SUPPL,13,http://www.accessdata.fda.gov/drugsatfda_docs/nda/99/18240-s026_tenormin.pdf
f262af04909db81479a4b8d2,40873,019081,SUPPL,36,http://www.accessdata.fda.gov/drugsatfda_docs/nda/2004/019081_s036&s039_ESTRADERM.pdf
f262af04909db81479a4b8d2,40874,019081,SUPPL,39,http://www.accessdata.fda.gov/drugsatfda_docs/nda/2004/019081_s036&s039_ESTRADERM.pdf
1b09bb1f8a97292a42dd150d,40875,019123,ORIG,1,http://www.accessdata.fda.gov/drugsatfda_docs/NDA/pre96/019123_s000.pdf
7a200358f7002267f051dfa1,40876,019157,ORIG,1,http://www.accessdata.fda.gov/drugsatfda_docs/nda/pre96/019157_PEDIAPRED_ORIGINAL_AP.pdf
81237dd0ca5059da92119167,40877,019157,SUPPL,16,http://www.accessdata.fda.gov/drugsatfda_docs/nda/98/19-157S016.pdf
f8ef9b4761a2086a2e4e5081,40878,019183,ORIG,1,http://www.accessdata.fda.gov/drugsatfda_docs/nda/pre96/019183_biopharm.pdf
df3eaf34a19dd8f5344d2cbf,40879,019221,SUPPL,23,http://www.accessdata.fda.gov/drugsatfda_docs/nda/97/019221_s023ap.pdf
c7e8f5f55a2906d23f5be353,40880,019221,SUPPL,25,http://www.accessdata.fda.gov/drugsatfda_docs/nda/99/20507-s001_Teczem.pdf
92445d35149054d08c2c32ca,40881,019221,SUPPL,26,http://www.accessdata.fda.gov/drugsatfda_docs/nda/2001/18-998s058_Vasotec.html
54b90dffd1485bd88e9d0173,40882,019268,ORIG,1,http://www.accessdata.fda.gov/drugsatfda_docs/nda/2001/019268Orig1s000.pdf
8fbe3b84a895d2b32d3df7a8,40883,019281,SUPPL,9,http://www.accessdata.fda.gov/drugsatfda_docs/nda/99/19281-S008_Cyklokapron.pdf
bf275e3c49b415f658581820,40884,019297,ORIG,1,http://www.accessdata.fda.gov/drugsatfda_docs/nda/pre96/019297_S000_ORIGINAL_APPROVAL_PKG.pdf
b97ae4814c74334bb308fc10,40885,019297,SUPPL,14,http://www.accessdata.fda.gov/drugsatfda_docs/nda/96/019297_s014ap.pdf
893caa54a0ae121e4d91924c,40886,019297,SUPPL,21,http://www.accessdata.fda.gov/drugsatfda_docs/nda/2000/19297-S021_Novantrone.pdf
e5ea996865c21b4c3cd1ee4a,40887,019304,ORIG,1,http://www.accessdata.fda.gov/drugsatfda_docs/nda/pre96/019304_s000.pdf
bd8b8678d0da7da448c4171f,40888,019304,SUPPL,5,http://www.accessdata.fda.gov/drugsatfda_docs/nda/2000/19304-S005_Tricor.html
59ffad318e875bdcca3cb0d4,40889,019309,SUPPL,5,http://www.accessdata.fda.gov/drugsatfda_docs/nda/pre96/019309_s005_vasotec IV injection.pdf
fba77e4f6dc18722fade8303,40890,019309,SUPPL,13,http://www.accessdata.fda.gov/drugsatfda_docs/nda/pre96/019309_S013_VASOTEC I.V. INJECTION.pdf
bed9811d61da8dea5ca2d070,40891,019309,SUPPL,14,http://www.accessdata.fda.gov/drugsatfda_docs/nda/pre96/019309_S014_Vasotec I.V. Injection_Approval Package.pdf
790a30fee8f4d02f41bb3f75,40892,019309,SUPPL,16,http://www.accessdata.fda.gov/drugsatfda_docs/nda/pre96/019309_S016_VASOTEC I.V. INJECTION.pdf
c7c72a31f65fde0b2bac6148,40893,019309,SUPPL,19,http://www.accessdata.fda.gov/drugsatfda_docs/nda/pre96/019309_S019_Vasotec I.V. Injection_APPROVAL PACKAGE.pdf
8a2f0de4b86e381d8c6a0fc3,40894,019309,SUPPL,21,http://www.accessdata.fda.gov/drugsatfda_docs/nda/97/019309_s021ap.pdf
92445d35149054d08c2c32ca,40895,019309,SUPPL,23,http://www.accessdata.fda.gov/drugsatfda_docs/nda/2001/18-998s058_Vasotec.html
dd814410a22281745c28c2a9,40896,019322,SUPPL,15,http://www.accessdata.fda.gov/drugsatfda_docs/nda/96/019322-S15_TemovateCream_toc.html
2279fde26435d7ac6b447b41,40897,019384,SUPPL,27,http://www.accessdata.fda.gov/drugsatfda_docs/nda/pre96/019384_S027_NOROXIN.pdf
0de33e7552e888d9cf62ae26,40898,019384,SUPPL,29,http://www.accessdata.fda.gov/drugsatfda_docs/nda/96/019384_S029_NOROXIN.pdf
52f45343d45b67224bafb02a,40899,019384,SUPPL,31,http://www.accessdata.fda.gov/drugsatfda_docs/nda/97/019384_S031_NOROXIN.pdf
e7280f3159600c572a63e561,40900,019384,SUPPL,34,http://www.accessdata.fda.gov/drugsatfda_docs/nda/96/019384_S034_NOROXIN.pdf
8790f9999aebbda8df068a64,40901,019384,SUPPL,36,http://www.accessdata.fda.gov/drugsatfda_docs/nda/97/019384_S036_NOROXIN.pdf
38abcf641ccd6be41482d86e,40902,019386,ORIG,1,http://www.accessdata.fda.gov/drugsatfda_docs/nda/pre96/19-386_ Brevibloc.html
14311d36227150a2e59b15d6,40903,019386,SUPPL,1,http://www.accessdata.fda.gov/drugsatfda_docs/nda/pre96/019386_S001&S002_BREVIBLOC_INJ.pdf
14311d36227150a2e59b15d6,40904,019386,SUPPL,2,http://www.accessdata.fda.gov/drugsatfda_docs/nda/pre96/019386_S001&S002_BREVIBLOC_INJ.pdf
07fafcaa1af70d55102a3942,40905,019386,SUPPL,4,http://www.accessdata.fda.gov/drugsatfda_docs/nda/pre96/019386_S004&S006_BREVIBLOC.pdf
7b54bfc5210a11641a64df3e,40906,019386,SUPPL,7,http://www.accessdata.fda.gov/drugsatfda_docs/nda/pre96/019386_S007_BREVIBLOC.pdf
ac14121fe1ba4f39297e415d,40907,019386,SUPPL,18,http://www.accessdata.fda.gov/drugsatfda_docs/nda/2001/019386_S018_BREVIBLOC_INJECTION.pdf
a2d87db820f540056e6b488b,40908,019386,SUPPL,21,http://www.accessdata.fda.gov/drugsatfda_docs/nda/2003/19-386s021.html
ce932b5a87ac070b339bc71d,40909,019386,SUPPL,22,http://www.accessdata.fda.gov/drugsatfda_docs/nda/2003/019386_S022_Brevibloc.pdf
e49fadddccfa7367248ca5a1,40910,019422,SUPPL,32,http://www.accessdata.fda.gov/drugsatfda_docs/nda/2003/019422_S032_ChlorhexidineTOC.html
b1974e689027197ca188e71f,40911,019430,SUPPL,54,http://www.accessdata.fda.gov/drugsatfda_docs/nda/2013/019430Orig1s054.pdf
f96cb53570f63af9ffc30dfe,40912,019430,SUPPL,55,http://www.accessdata.fda.gov/drugsatfda_docs/nda/2013/019430Orig1s055.pdf
fab5b4db951c3c9b813d99fd,40913,019487,SUPPL,23,http://www.accessdata.fda.gov/drugsatfda_docs/nda/2005/019487_s023_IMODIUM A-D LIQUID.pdf
6a0357dbe03f8b2fca8543ee,40914,019501,SUPPL,25,http://www.accessdata.fda.gov/drugsatfda_docs/nda/2005/019501s025.pdf
876ec57fab31b84b6933cf7c,40915,019510,SUPPL,26,http://www.accessdata.fda.gov/drugsatfda_docs/nda/99/019510S026_pepcid.pdf
d7870391bcbbfbbb89219e25,40916,019527,SUPPL,20,http://www.accessdata.fda.gov/drugsatfda_docs/nda/99/19462s27.pdf
3cb08dce7280e3ec5fc5e360,40935,019546,ORIG,1,http://www.accessdata.fda.gov/drugsatfda_docs/nda/pre96/19-546_Isradipine.html
9c1ae3ac82cdc857c50ebc94,40936,019557,SUPPL,28,http://www.accessdata.fda.gov/drugsatfda_docs/nda/2002/019557_S028_VEPESIDE.pdf
75cc81677dc93d14faebc2a2,40937,019561,ORIG,1,http://www.accessdata.fda.gov/drugsatfda_docs/nda/pre96/19-561_MicroKLS.pdf
470e0550ddabe376ce5e80fc,40938,019596,SUPPL,9,http://www.accessdata.fda.gov/drugsatfda_docs/nda/pre96/019596a_s08_s09_022896_Magnevist.pdf
04ddb77553ea3cb2a4b98aff,40939,019599,SUPPL,7,http://www.accessdata.fda.gov/drugsatfda_docs/nda/2002/019599Orig1s007.pdf
2f58a72b45fa7755610e6160,40940,019627,SUPPL,2,http://www.accessdata.fda.gov/drugsatfda_docs/nda/pre96/019627_S002_Diprivan.pdf
7cd41beedff07bf532037840,40941,019627,SUPPL,60,http://www.accessdata.fda.gov/drugsatfda_docs/nda/2013/019627Orig1s060.pdf
b4bbe024a1e5f273073fabf7,40942,019640,SUPPL,18,http://www.accessdata.fda.gov/drugsatfda_docs/nda/97/019640ap.pdf
89192dbaf6bffa9c42b95768,40943,019640,SUPPL,22,http://www.accessdata.fda.gov/drugsatfda_docs/nda/99/019640_s022_HUMATROPE.pdf
36ac4f648bab3a445afe1830,40944,019640,SUPPL,32,http://www.accessdata.fda.gov/drugsatfda_docs/nda/2003/019640_S032_HUMATROPE_AP.pdf
f78b7d59b8cd58d6b91de761,40945,019643,SUPPL,50,http://www.accessdata.fda.gov/drugsatfda_docs/nda/97/019643a_s050.pdf
a85915cfb3888f1a0fab7809,40946,019643,SUPPL,53,http://www.accessdata.fda.gov/drugsatfda_docs/nda/97/019643a_s051_s053.pdf
9f864b1ec86fd692e0a5c2d9,40947,019643,SUPPL,55,http://www.accessdata.fda.gov/drugsatfda_docs/nda/99/19643S55_Mevacor.html
de596afed6123d2dcf6412df,40948,019643,SUPPL,62,http://www.accessdata.fda.gov/drugsatfda_docs/nda/2001/19643S062_Mevacor.pdf
bb30be0641566abd42d90752,40949,019643,SUPPL,85,http://www.accessdata.fda.gov/drugsatfda_docs/nda/2012/019643s085.pdf
d598b901c020617da81dfc23,40950,019653,SUPPL,16,http://www.accessdata.fda.gov/drugsatfda_docs/nda/96/019653_s016_ORTHO CYCLEN.pdf
b99cff138ec36ac44b2951f9,40951,019653,SUPPL,17,http://www.accessdata.fda.gov/drugsatfda_docs/nda/98/019653_s017_ORTHOCYCLEN.pdf
7da2130ca0eaffc1b83e553f,40952,019653,SUPPL,18,http://www.accessdata.fda.gov/drugsatfda_docs/nda/96/019653_s018_ORTHO CYCLEN.pdf
90ce4513672cf687db54983d,40953,019653,SUPPL,21,http://www.accessdata.fda.gov/drugsatfda_docs/nda/99/019653_s021_ORTHOCYCLEN.pdf
849feea09b4a9a70066f6f86,40954,019653,SUPPL,22,http://www.accessdata.fda.gov/drugsatfda_docs/nda/99/019653_s022_ORTHO CYCLEN.pdf
8e6cf005285c4dfcd323807a,40955,019653,SUPPL,24,http://www.accessdata.fda.gov/drugsatfda_docs/nda/2000/019653_s024_ORTHO CYCLEN.pdf
5aa29566a843a29aa67931d3,40956,019653,SUPPL,27,http://www.accessdata.fda.gov/drugsatfda_docs/nda/2001/019653_s027_ORTHO CYCLEN.pdf
86e73b0e2cb3c9d54375fc72,40957,019653,SUPPL,31,http://www.accessdata.fda.gov/drugsatfda_docs/nda/2002/019653_s031_ORTHO CYCLEN.pdf
6f8b3fc9318cf4749298c6f4,40958,019653,SUPPL,35,http://www.accessdata.fda.gov/drugsatfda_docs/nda/2003/019653_s035_ORTHOCYCLEN.pdf
3bf37170878041d1d22a30b4,40959,019655,SUPPL,32,http://www.accessdata.fda.gov/drugsatfda_docs/nda/2001/019655s032_019910s021_020518s004_Retrovir.html
392663db72e79627700c57d4,40960,019658,SUPPL,10,"http://www.accessdata.fda.gov/drugsatfda_docs/nda/1998/019670_s008,19658s10,20470s3,20641s120704s3_Claritin-DTOC.cfml"
494c401af90072922644b0f5,40961,019658,SUPPL,14,"http://www.accessdata.fda.gov/drugsatfda_docs/nda/1998/019670_s012,19658s14,20470s7,20641s3,20704s4_ClaritinDTOC.cfml"
c09d658307ed5ae7897e438e,40962,019667,SUPPL,4,http://www.accessdata.fda.gov/drugsatfda_docs/nda/pre96/019667-s04.pdf
392663db72e79627700c57d4,40963,019670,SUPPL,8,"http://www.accessdata.fda.gov/drugsatfda_docs/nda/1998/019670_s008,19658s10,20470s3,20641s120704s3_Claritin-DTOC.cfml"
494c401af90072922644b0f5,40964,019670,SUPPL,12,"http://www.accessdata.fda.gov/drugsatfda_docs/nda/1998/019670_s012,19658s14,20470s7,20641s3,20704s4_ClaritinDTOC.cfml"
5620ac6bedf8073e50719744,40965,019670,SUPPL,13,"http://www.accessdata.fda.gov/drugsatfda_docs/nda/2000/019670_s013,20470s10,18506s018_Claritin-DTOC.cfml"
5e9b05e8000b8a62b00d4f95,40966,019670,SUPPL,14,http://www.accessdata.fda.gov/drugsatfda_docs/nda/2000/019670_s014_Claritin-DTOC.cfml
fca3a2901525a97a3e698980,40967,019670,SUPPL,15,"http://www.accessdata.fda.gov/drugsatfda_docs/nda/2000/019670_s015,018506s022_Claritin-DTOC.cfml"
72422918e824d2ed1dfc38dd,40968,019670,SUPPL,18,"http://www.accessdata.fda.gov/drugsatfda_docs/nda/2002/19670s18,20470s16,19658s18,20704s8,20641s9_Claritin.html"
67c1845382be5a25defc9eb8,40969,019670,SUPPL,20,http://www.accessdata.fda.gov/drugsatfda_docs/nda/2009/019670Orig1s020.pdf
2edb4b8a18d0a9cc17fcccf7,40970,019675,ORIG,1,http://www.accessdata.fda.gov/drugsatfda_docs/nda/pre96/019675a_clinpharm_rev.pdf
b42847c3b62e53c522bb77ec,40971,019676,SUPPL,13,http://www.accessdata.fda.gov/drugsatfda_docs/nda/99/19676S13_nutropin.html
7063b20fba8a392371baa0ff,40972,019676,SUPPL,16,http://www.accessdata.fda.gov/drugsatfda_docs/nda/2000/19-676s016_Nutropin.html
3eef0511caf7516e42a55a12,40973,019697,SUPPL,2,http://www.accessdata.fda.gov/drugsatfda_docs/nda/pre96/01969_s002_Orthotricyclen.pdf
d88cc2286bd959c2d9cc4c08,40974,019697,SUPPL,4,http://www.accessdata.fda.gov/drugsatfda_docs/nda/pre96/019697_s004_ORTHOTRICYCLEN.pdf
4de88c95b2b65f12298c88b2,40975,019697,SUPPL,9,http://www.accessdata.fda.gov/drugsatfda_docs/nda/96/019697_s009_ORTHOTRICYCLEN.pdf
01e5712a2e31d0be57035299,40976,019697,SUPPL,10,http://www.accessdata.fda.gov/drugsatfda_docs/nda/96/019697_s010_ORTHOTRICYCLEN.pdf
ef4a8ba9e2934e465658b821,40977,019697,SUPPL,11,http://www.accessdata.fda.gov/drugsatfda_docs/nda/96/019697_s011_ORTHO CYCLEN.pdf
79834e3db48136adc13ec688,40978,019697,SUPPL,16,http://www.accessdata.fda.gov/drugsatfda_docs/nda/99/019697_s016_ORTHOCYCLEN.pdf
1ca14c63e21839109f745fdc,40979,019697,SUPPL,18,http://www.accessdata.fda.gov/drugsatfda_docs/nda/99/019697_s018_ORTHO CYCLEN.pdf
79512f1cd3f4d65f929b7b7a,40980,019697,SUPPL,24,http://www.accessdata.fda.gov/drugsatfda_docs/nda/2001/019697_s024_ORTHO CYCLEN.pdf
05130828562f7fd1da650256,40981,019697,SUPPL,29,http://www.accessdata.fda.gov/drugsatfda_docs/nda/2002/019697_s029_ORTHOCYCLEN.pdf
99becc36fefad932ad42296d,40982,019722,SUPPL,4,http://www.accessdata.fda.gov/drugsatfda_docs/nda/2002/019722_S004_NASCOBAL GEL.pdf
712feda2a83e22403521f636,40983,019726,SUPPL,24,http://www.accessdata.fda.gov/drugsatfda_docs/nda/98/19726-s024_Zoladax.html
c308204f05d15edc1dd4c001,40984,019726,SUPPL,34,http://www.accessdata.fda.gov/drugsatfda_docs/nda/98/19726-s022_zoladax.pdf
c6d61c1736222b2a17a9a0f4,40985,019729,ORIG,1,http://www.accessdata.fda.gov/drugsatfda_docs/nda/pre96/19729_Cyclocort.pdf
ce72efbfd2905e3daae7a212,40986,019732,SUPPL,27,http://www.accessdata.fda.gov/drugsatfda_docs/nda/2005/019732_S027_Lupron Depot_APPROVAL PACKAGE.pdf
702336aeb66b8fd34b048747,40987,019732,SUPPL,29,http://www.accessdata.fda.gov/drugsatfda_docs/nda/2005/019732_S029_Lupron Depot_APPROVAL PACKAGE.pdf
a1630dba6c62fbbb4cc61608,40988,019735,SUPPL,1,http://www.accessdata.fda.gov/drugsatfda_docs/nda/pre96/019735_s001_FloxinTOC.html
3778cf5d24ecafa015b8df4f,40989,019735,SUPPL,16,http://www.accessdata.fda.gov/drugsatfda_docs/nda/pre96/019735_s016_FloxinTOC.html
54bfb2513eb2d326a1ea262b,40990,019735,SUPPL,19,http://www.accessdata.fda.gov/drugsatfda_docs/nda/pre96/019735_S019_Floxin.pdf
8d517391b86bed94b5769fef,40991,019735,SUPPL,23,http://www.accessdata.fda.gov/drugsatfda_docs/nda/pre96/019735_S023_FLOXIN.pdf
bc898ca610776544120429c6,40992,019735,SUPPL,53,http://www.accessdata.fda.gov/drugsatfda_docs/nda/2004/019735_S053_floxin.pdf
510ad4d2b6f04a724b433f48,40993,019766,SUPPL,14,http://www.accessdata.fda.gov/drugsatfda_docs/nda/pre96/019766_s014_ZOCOR_TABLETS.pdf
7d57fd31c5810ebce3e09298,40994,019766,SUPPL,18,http://www.accessdata.fda.gov/drugsatfda_docs/nda/97/019766a_s018.pdf
ab033e66b95dadba00c8b602,40995,019766,SUPPL,26,http://www.accessdata.fda.gov/drugsatfda_docs/nda/98/119766-s28.html
a0156f9accc154e9c61cb462,40996,019766,SUPPL,30,http://www.accessdata.fda.gov/drugsatfda_docs/nda/98/019766_S030_ZOCOR_TABLETS.pdf
610a8b2a6dd523b1d882a8d3,40997,019766,SUPPL,34,http://www.accessdata.fda.gov/drugsatfda_docs/nda/99/19766s34_Zocor.pdf
8651c9dfb63a831400bb51eb,40998,019766,SUPPL,41,http://www.accessdata.fda.gov/drugsatfda_docs/nda/2000/019766_s041_ZOCOR_TABLETS.pdf
34cb685854b09ae7da31bf61,40999,019766,SUPPL,45,http://www.accessdata.fda.gov/drugsatfda_docs/nda/2001/019766_S045_ZOCOR.pdf
6fe44a25c98a6f470c945dcc,41000,019766,SUPPL,47,http://www.accessdata.fda.gov/drugsatfda_docs/nda/2001/019766_S047_ZOCOR.pdf
b2069a96b3255deb170599e4,41001,019766,SUPPL,48,http://www.accessdata.fda.gov/drugsatfda_docs/nda/2001/019766_S048_ZOCOR.pdf
9be0ca067a682e3c762f8a51,41002,019766,SUPPL,49,http://www.accessdata.fda.gov/drugsatfda_docs/nda/2001/019766_S049_ZOCOR.pdf
8128cd63b80979c1de193798,41003,019766,SUPPL,50,http://www.accessdata.fda.gov/drugsatfda_docs/nda/2001/019766_S050_ZOCOR.pdf
fe4e17edc97c2e69d642da33,41004,019766,SUPPL,53,http://www.accessdata.fda.gov/drugsatfda_docs/nda/2001/019766_S053_ZOCOR.pdf
b3290531b8a68a3f8d61ba98,41005,019766,SUPPL,58,http://www.accessdata.fda.gov/drugsatfda_docs/nda/2003/019766_S058_ZOCOR_TABS_AP.pdf
a65e269a471b9304a96fbbc8,41006,019766,SUPPL,67,http://www.accessdata.fda.gov/drugsatfda_docs/nda/2004/019766_S067&S068_ZOCAR TABS_AP.pdf
484dbe6383244d123310804f,41007,019766,SUPPL,77,http://www.accessdata.fda.gov/drugsatfda_docs/nda/2011/019766s077.pdf
e1ab269ed153ede65cf63f01,41008,019766,SUPPL,83,http://www.accessdata.fda.gov/drugsatfda_docs/nda/2011/019766Orig1s083.pdf
07bc8c092e2d17a299378d2e,41009,019774,SUPPL,9,http://www.accessdata.fda.gov/drugsatfda_docs/nda/2005/019774_s009_TEV TROPIN.pdf
68711bec1c22713cb0eb2bda,41010,019777,SUPPL,1,http://www.accessdata.fda.gov/drugsatfda_docs/nda/pre96/19777-S1_Zestril.pdf
2edb211bb32c7726f5d9c162,41011,019777,SUPPL,3,http://www.accessdata.fda.gov/drugsatfda_docs/nda/pre96/19777-S3_Zestril.pdf
4e90578c787cab01ab9d9efb,41012,019777,SUPPL,9,http://www.accessdata.fda.gov/drugsatfda_docs/nda/pre96/19777-S9_Zestril.pdf
29d591140c0d6339b4e8f8f8,41013,019777,SUPPL,11,http://www.accessdata.fda.gov/drugsatfda_docs/nda/pre96/019777-S11_ZestrilTablets_toc.html
0d6757417a8814b07c619044,41014,019777,SUPPL,12,http://www.accessdata.fda.gov/drugsatfda_docs/nda/pre96/019777-S12_Zestril_toc.html
38c2d7ec12a3bb3a9f8196cd,41015,019777,SUPPL,15,http://www.accessdata.fda.gov/drugsatfda_docs/nda/pre96/019777-S15_ZestrilTablets_toc.html
8608615c60d37b386e6dec0c,41016,019777,SUPPL,17,http://www.accessdata.fda.gov/drugsatfda_docs/nda/pre96/019777-S17_ZestrilTablets_toc.html
aad147f7ab8df9b02d8089a9,41017,019777,SUPPL,26,http://www.accessdata.fda.gov/drugsatfda_docs/nda/pre96/019777-S26_ZestrilTablets_toc.html
e6ee5ca706644cf1b652341a,41018,019777,SUPPL,30,http://www.accessdata.fda.gov/drugsatfda_docs/nda/pre96/019777-S30_ZestrilTablets_toc.html
85a7a36a7550543608d67f6a,41019,019777,SUPPL,31,http://www.accessdata.fda.gov/drugsatfda_docs/nda/pre96/019777-S31_ZestrilTablets_toc.html
63eac014a42a3885e6ae5a66,41020,019777,SUPPL,33,http://www.accessdata.fda.gov/drugsatfda_docs/nda/98/19777-s033_zestril.pdf
f94b8a815b240d957557901a,41021,019777,SUPPL,35,http://www.accessdata.fda.gov/drugsatfda_docs/nda/99/19777-s035_Zestril.pdf
c7e8f5f55a2906d23f5be353,41022,019778,SUPPL,29,http://www.accessdata.fda.gov/drugsatfda_docs/nda/99/20507-s001_Teczem.pdf
42378ecf0fbda8e36cf8acc9,41023,019778,SUPPL,34,http://www.accessdata.fda.gov/drugsatfda_docs/nda/2002/19778-S-034_Prinzide_review.pdf
6d4f4660e27ce5a47a0866a8,41024,019787,SUPPL,3,http://www.accessdata.fda.gov/drugsatfda_docs/nda/pre96/019787-S3_Norvasc_toc.html
ac893dd353c543c0e7a028b9,41025,019787,SUPPL,5,"http://www.accessdata.fda.gov/drugsatfda_docs/nda/pre96/019787-S5_Norvasc 2.5 mg, 5.0 mg, & 10.0 mg Tablets_toc.html"
3b751c6cfc383252a91957e8,41026,019787,SUPPL,6,"http://www.accessdata.fda.gov/drugsatfda_docs/nda/pre96/019787-S6_Norvasc 2.5 mg, 5.0 mg, & 10.0 mg Tablets_toc.html"
6093cbf20a2fae0139d874b8,41027,019787,SUPPL,7,http://www.accessdata.fda.gov/drugsatfda_docs/nda/96/19-787s007_Amlodipine.html
75e2c0e8b8199cf492807f6c,41028,019787,SUPPL,8,"http://www.accessdata.fda.gov/drugsatfda_docs/nda/pre96/019787-S8_Norvasc 2.5 mg, 5.0 mg, & 10.0 mg Tablets_toc.html"
a400109562582199437f1e60,41029,019787,SUPPL,10,"http://www.accessdata.fda.gov/drugsatfda_docs/nda/96/019787-S10_Norvasc 2.5 mg, 5.0 mg, & 10.0 mg Tablets_toc.html"
bb54bd1526a55b6494831db2,41030,019787,SUPPL,12,"http://www.accessdata.fda.gov/drugsatfda_docs/nda/96/019787-S12_Norvasc 2.5 mg, 5.0 mg, & 10.0 mg Tablets_toc.html"
7f676d963d55db7c192322f8,41031,019787,SUPPL,14,"http://www.accessdata.fda.gov/drugsatfda_docs/nda/97/019787-S14_Norvasc 2.5 mg, 5.0 mg, & 10.0 mg Tablets_toc.html"
7dad824f7f028aa905843e64,41032,019787,SUPPL,16,"http://www.accessdata.fda.gov/drugsatfda_docs/nda/98/019787-S16_Norvasc 2.5 mg, 5.0 mg, & 10.0 mg Tablets_toc.html"
31aa787a29c0f51727207ad5,41033,019787,SUPPL,18,http://www.accessdata.fda.gov/drugsatfda_docs/nda/99/19787-s018_Norvasc.pdf
8b5272f46531e9ef8a5b0a6d,41034,019787,SUPPL,20,http://www.accessdata.fda.gov/drugsatfda_docs/nda/2000/19787-s017_norvase.pdf
6715521126cc769dade7ee97,41035,019787,SUPPL,30,http://www.accessdata.fda.gov/drugsatfda_docs/nda/2004/019787_S30_NorvascTOC.html
622362e98006e4ab01e21984,41036,019810,SUPPL,8,http://www.accessdata.fda.gov/drugsatfda_docs/nda/pre96/019810_S008_OMEPRAZOLE_AP.pdf
074e0f9a9c2eaf653a655f23,41037,019810,SUPPL,62,http://www.accessdata.fda.gov/drugsatfda_docs/nda/2000/19810-S062_Prilosec.pdf
a679c4cd2cd2c9e6245de4e8,41038,019813,SUPPL,20,http://www.accessdata.fda.gov/drugsatfda_docs/nda/97/019813_S020_Duragesic.pdf
b4e377e0ad17774545d7b3e6,41039,019813,SUPPL,21,http://www.accessdata.fda.gov/drugsatfda_docs/nda/97/019813_S021_Duragesic.pdf
1ab6d99cbfa1bf579cfe6808,41040,019813,SUPPL,25,http://www.accessdata.fda.gov/drugsatfda_docs/nda/2001/019813_S025_DURAGESIC.pdf
9a804eb4d194c318614bca98,41041,019813,SUPPL,36,http://www.accessdata.fda.gov/drugsatfda_docs/nda/2003/019813_S036_DURAGESIC.pdf
11be41f328f14fc063a75d1b,41042,019813,SUPPL,39,http://www.accessdata.fda.gov/drugsatfda_docs/nda/2005/019813_S039_DURAGESIC.pdf
088bc594308f65d529e2cbc7,41043,019815,SUPPL,5,http://www.accessdata.fda.gov/drugsatfda_docs/nda/2002/19-815s005_Midodrine.html
799ce035827f1e5631d24c91,41044,019821,SUPPL,2,http://www.accessdata.fda.gov/drugsatfda_docs/nda/2003/019821_S002&S006_SORIATANE_AP.pdf
860697f330a539e27fbff34c,41045,019832,ORIG,1,http://www.accessdata.fda.gov/drugsatfda_docs/nda/98/19832.html
723611b853a38c4030450a49,41046,019833,SUPPL,11,http://www.accessdata.fda.gov/drugsatfda_docs/nda/98/19-833S011.pdf
a63c172d32cd00a1ec257ce5,41047,019834,SUPPL,2,http://www.accessdata.fda.gov/drugsatfda_docs/nda/pre96/019834S002_plendil_toc.html
c104ef695da8d4fab069ea39,41048,019834,SUPPL,4,http://www.accessdata.fda.gov/drugsatfda_docs/nda/pre96/019834_S004_PLENDIL.pdf
8b292402982b5bb7fafd478f,41049,019834,SUPPL,5,http://www.accessdata.fda.gov/drugsatfda_docs/nda/96/019834_s005_PLENDIL.pdf
73f558989cd08062f8103ae4,41050,019834,SUPPL,7,http://www.accessdata.fda.gov/drugsatfda_docs/nda/99/019834_s007_PLENDIL.pdf
fe194851954ddacc423c1b50,41051,019834,SUPPL,13,http://www.accessdata.fda.gov/drugsatfda_docs/nda/98/019834_s013.pdf
9237e6bd5f61c16218946fa7,41052,019834,SUPPL,20,http://www.accessdata.fda.gov/drugsatfda_docs/nda/2002/019834_S020_PLENDIL.pdf
19c19f13aa4f5330888705cf,41053,019834,SUPPL,22,http://www.accessdata.fda.gov/drugsatfda_docs/nda/2004/019834_S022_PLENDIL.pdf
9affe1043e0ee1aa4a9706e6,41054,019835,SUPPL,5,http://www.accessdata.fda.gov/drugsatfda_docs/nda/98/19835-S005_Zyrtec.pdf
8e79d959ee56ecec8036cc2e,41055,019835,SUPPL,16,http://www.accessdata.fda.gov/drugsatfda_docs/nda/2002/019835_S016_ZYRTEC SYRUP_.pdf
3b0d82ef27245cf0a7436764,41056,019835,SUPPL,22,http://www.accessdata.fda.gov/drugsatfda_docs/nda/2007/019835s022_021621s005TOC.html
f69b12ce36c6a01c26b78324,41057,019839,SUPPL,11,http://www.accessdata.fda.gov/drugsatfda_docs/nda/97/019839_s011ap.pdf
88f7efeb1b981089361e3614,41058,019839,SUPPL,17,http://www.accessdata.fda.gov/drugsatfda_docs/nda/97/019839ap.pdf
f4e0e0ecc853678a197d11f1,41059,019847,SUPPL,12,http://www.accessdata.fda.gov/drugsatfda_docs/nda/97/019847_S012_CIPRO.pdf
bd5cbd176e8961cee9f6b437,41060,019847,SUPPL,27,http://www.accessdata.fda.gov/drugsatfda_docs/nda/2004/019537s49_19847s27_19857s31_20780s13TOC.html
c6176b566dbe97423dbf4a2f,41061,019847,SUPPL,31,http://www.accessdata.fda.gov/drugsatfda_docs/nda/2004/019847_S031_CIPRO.pdf
91e74aa43376b5110fc716e9,41062,019849,SUPPL,12,http://www.accessdata.fda.gov/drugsatfda_docs/nda/2002/019849_S012_REV-EYES.pdf
e5932b50514a1d883f359fdb,41063,019857,SUPPL,13,http://www.accessdata.fda.gov/drugsatfda_docs/nda/97/019857_S013_CIPRO.pdf
db020619dfbdc9340228203f,41064,019857,SUPPL,27,http://www.accessdata.fda.gov/drugsatfda_docs/nda/2000/19-537S038_Cipro.html
bd5cbd176e8961cee9f6b437,41065,019857,SUPPL,31,http://www.accessdata.fda.gov/drugsatfda_docs/nda/2004/019537s49_19847s27_19857s31_20780s13TOC.html
bea248958aedc0309e6b493d,41066,019857,SUPPL,33,http://www.accessdata.fda.gov/drugsatfda_docs/nda/2004/019857_S033_CIPRO.pdf
0b5c35ca86bde5d74218ca98,41067,019857,SUPPL,34,http://www.accessdata.fda.gov/drugsatfda_docs/nda/2004/019857_S034_CIPRO.pdf
12e5af5f2345b9a4f8b56018,41068,019857,SUPPL,36,http://www.accessdata.fda.gov/drugsatfda_docs/nda/2004/019857_S036_CIPRO.pdf
668acc67ce5ef5c9a67f5588,41069,019857,SUPPL,41,http://www.accessdata.fda.gov/drugsatfda_docs/nda/2005/019857_S041_Cipro.pdf
d4f5cd7143c43403f93320a5,41070,019860,SUPPL,20,http://www.accessdata.fda.gov/drugsatfda_docs/nda/2004/019860_S020_IMODIUM_CHEWABLE_TABLETS.pdf
04fafa5f7fe1fe3678c9446c,41071,019863,SUPPL,1,http://www.accessdata.fda.gov/drugsatfda_docs/nda/pre96/019863_S001_GEREF.pdf
099ce5d305687a80e608f8c2,41072,019865,SUPPL,10,http://www.accessdata.fda.gov/drugsatfda_docs/nda/2001/19-865s10_Betapace.html
50876027e737253cebc13335,41073,019872,SUPPL,6,http://www.accessdata.fda.gov/drugsatfda_docs/nda/2001/019872Orig1s006.pdf
46efd22fc68ed8bc1854a6e0,41074,019880,SUPPL,9,http://www.accessdata.fda.gov/drugsatfda_docs/nda/98/19880S009_Paraplatin.pdf
4313f389d1fcdbe408ad4528,41075,019888,SUPPL,12,http://www.accessdata.fda.gov/drugsatfda_docs/nda/pre96/19888-S12_Zestril.pdf
fad048ebe115ddbbd86ad9e9,41076,019888,SUPPL,20,http://www.accessdata.fda.gov/drugsatfda_docs/nda/pre96/019888s020_zestoretic_toc.html
0786164c059927dc5c88f0ea,41077,019898,SUPPL,16,http://www.accessdata.fda.gov/drugsatfda_docs/nda/96/019898_S016_PRAVACOL_TABLETS.pdf
c5f411c3fa9c31762b1cc1c1,41078,019898,SUPPL,17,http://www.accessdata.fda.gov/drugsatfda_docs/nda/97/019898a_s017_041597.pdf
22096dd04c33e7b2ec9cc534,41079,019898,SUPPL,18,http://www.accessdata.fda.gov/drugsatfda_docs/nda/98/19898-S018_Pravachol.pdf
a7d291aad214c6af8a195cb2,41080,019898,SUPPL,24,http://www.accessdata.fda.gov/drugsatfda_docs/nda/99/019898_S024_PRAVACHOL_TABLETS.pdf
f9c9ade10c983fe4115e974c,41081,019898,SUPPL,31,http://www.accessdata.fda.gov/drugsatfda_docs/nda/2000/019898_S031_PRAVACHOL_TABLETS_AP.pdf
9521a78fb592c9ff350e0d4d,41082,019898,SUPPL,32,http://www.accessdata.fda.gov/drugsatfda_docs/nda/2000/019898s032_Pravastatin.html
ba9cd68d62bb30c17f132191,41083,019898,SUPPL,34,http://www.accessdata.fda.gov/drugsatfda_docs/nda/99/19898s34_Pravachol.pdf
41dc58be93dfab8d00b39998,41084,019898,SUPPL,35,http://www.accessdata.fda.gov/drugsatfda_docs/nda/99/19898S34.PDF
99dbd9b9491a89405c1111d9,41085,019898,SUPPL,36,http://www.accessdata.fda.gov/drugsatfda_docs/nda/99/019898_s036_PRAVACHOL_TABLETS.pdf
4226adb11b7f5cae983ac66b,41086,019898,SUPPL,41,http://www.accessdata.fda.gov/drugsatfda_docs/nda/2000/019898_s041_PRAVACHOL_TABLETS.pdf
5938153e33b7629d6aa18241,41087,019898,SUPPL,43,http://www.accessdata.fda.gov/drugsatfda_docs/nda/2001/019898_s043_PRAVACHOL TABS.pdf
7a791831286b34776a1e364f,41088,019898,SUPPL,49,http://www.accessdata.fda.gov/drugsatfda_docs/nda/2002/019898_S049_PRAVACOL_TABLETS.pdf
35156cf1926ac2293bb90400,41089,019898,SUPPL,51,http://www.accessdata.fda.gov/drugsatfda_docs/nda/2002/019898_S051_PRAVACOL_TABLETS.pdf
36af1452f7a317f844f20875,41090,019898,SUPPL,54,http://www.accessdata.fda.gov/drugsatfda_docs/nda/2003/019898_s054_PRAVACHOL TABS.pdf
88ae15e7e90cacb46fa63c0d,41091,019906,SUPPL,22,http://www.accessdata.fda.gov/drugsatfda_docs/nda/99/019906_S022_ANAFRANIL_AP.pdf
521355a2a03a185f197d2128,41092,019908,SUPPL,2,http://www.accessdata.fda.gov/drugsatfda_docs/nda/pre96/019908_S002_AMBIEN_AP.pdf
90f4dfa861cbd74214919aad,41093,019909,SUPPL,3,http://www.accessdata.fda.gov/drugsatfda_docs/nda/pre96/19909S003_Zovirax.pdf
4a5f46864557fb14509ea8da,41094,019915,SUPPL,32,http://www.accessdata.fda.gov/drugsatfda_docs/nda/2002/19-915S032.pdf
cdc4238441fac1530aa68920,41095,019919,SUPPL,2,http://www.accessdata.fda.gov/drugsatfda_docs/nda/97/019919a_s002.pdf
7ba06ccb6c2a8a503071c696,41096,019922,ORIG,1,http://www.accessdata.fda.gov/drugsatfda_docs/nda/97/019922_toc.html
284431f8edba33a6ae17b409,41097,019931,ORIG,1,http://www.accessdata.fda.gov/drugsatfda_docs/nda/96/019931ap.pdf
da5cb6ca473949d10d2b7e80,41098,019938,SUPPL,20,http://www.accessdata.fda.gov/drugsatfda_docs/nda/97/019938ap.pdf
a829058803117b9fdd7286da,41099,019941,SUPPL,9,http://www.accessdata.fda.gov/drugsatfda_docs/nda/98/019941s008_emla.pdf
2a5e9a47653b8230ade7702d,41100,019941,SUPPL,11,http://www.accessdata.fda.gov/drugsatfda_docs/nda/2000/19-941S011.pdf
d6ce9cd665f266ca2ee64ee4,41101,019941,SUPPL,12,http://www.accessdata.fda.gov/drugsatfda_docs/nda/2000/019941_S012_EMLA_CREAM.pdf
0b4be05db02fa21a97a3f1fe,41102,019941,SUPPL,17,http://www.accessdata.fda.gov/drugsatfda_docs/nda/2005/019941_S017_EMLA_CREAM.pdf
2b9c90a5c8e7f748be725093,41103,019942,ORIG,1,http://www.accessdata.fda.gov/drugsatfda_docs/nda/pre96/019942_ORIGINAL_APPROVAL_PACKAGE.pdf
6896684f745bdaef054cac17,41104,019943,SUPPL,3,http://www.accessdata.fda.gov/drugsatfda_docs/nda/pre96/019943_S003_Lupron Depot_APPROVAL PACKAGE.pdf
c0f925b7d26e4ce8d118ad92,41105,019943,SUPPL,10,http://www.accessdata.fda.gov/drugsatfda_docs/nda/1999/019943_S010_Lupron Depot_APPROVAL PACKAGE.pdf
e2870ec48e60eca253ec6972,41106,019943,SUPPL,24,http://www.accessdata.fda.gov/drugsatfda_docs/nda/2005/019943_S024_Lupron Depot_APPROVAL PACKAGE.pdf
1723c930210447952f56f2bb,41107,019958,SUPPL,8,http://www.accessdata.fda.gov/drugsatfda_docs/nda/99/19958S8_Cutivate.html
5f4e21bf4089d0b2fa25067e,41108,019962,SUPPL,3,http://www.accessdata.fda.gov/drugsatfda_docs/nda/pre96/19-962-S-003_Toprol_XL.pdf
842c39d15ccfce31f0c7e1c3,41109,019962,SUPPL,4,http://www.accessdata.fda.gov/drugsatfda_docs/nda/pre96/19-962-S-004_Toprol_XL.pdf
00ca83445f6f9f18f71e05e0,41110,019962,SUPPL,13,http://www.accessdata.fda.gov/drugsatfda_docs/nda/2000/N-19-962S013_Toprol.html
6da4e6079c3122ed2cc10e14,41111,019962,SUPPL,22,http://www.accessdata.fda.gov/drugsatfda_docs/nda/2002/19-962S022.pdf
36623df299c48583ba5b5d0e,41113,019967,SUPPL,4,http://www.accessdata.fda.gov/drugsatfda_docs/nda/2003/019967_S004_ULTRAVATE CREAM.pdf
13832d6d6c458b63ea4718fe,41114,019982,SUPPL,3,http://www.accessdata.fda.gov/drugsatfda_docs/nda/pre96/19982-S3_Zebeta.pdf
d266eda0c39b261ba91b95f3,41115,019983,SUPPL,11,http://www.accessdata.fda.gov/drugsatfda_docs/nda/98/19983s012_Prostep.html
79d1ccb4c3d6218b6db8c3c4,41116,019991,SUPPL,21,http://www.accessdata.fda.gov/drugsatfda_docs/nda/97/019991ap.pdf
d42dd0daf6ac11bddce3aaf4,41117,020007,SUPPL,30,http://www.accessdata.fda.gov/drugsatfda_docs/nda/2000/020007_s030_Zofran_Injection.pdf
b75f0ee63c3d2ba9a1e53105,41118,020010,ORIG,1,http://www.accessdata.fda.gov/drugsatfda_docs/nda/2000/20010_Lotrisone.html
2d0d69971fa3e261e14c754f,41119,020011,SUPPL,21,http://www.accessdata.fda.gov/drugsatfda_docs/nda/2001/20-011S021_Lupron.html
55b8401c2e55f4bda75bc0e0,41120,020021,SUPPL,3,http://www.accessdata.fda.gov/drugsatfda_docs/nda/pre96/20021_S003_EFIDAC 24_AP.pdf
2a5cf6d398a49a75d05fc441,41121,020021,SUPPL,5,http://www.accessdata.fda.gov/drugsatfda_docs/nda/2001/020021_S005_SUDAFED_AP.pdf
0d72c3ef2c25fbce7d37b4b5,41122,020031,SUPPL,25,http://www.accessdata.fda.gov/drugsatfda_docs/nda/2000/020031_S025_PAXIL_AP.pdf
18c8a4b078c9340ad26fdb52,41123,020031,SUPPL,30,http://www.accessdata.fda.gov/drugsatfda_docs/nda/2000/020031_S030_PAXIL_AP.pdf
415a69c146070e0145555277,41124,020031,SUPPL,31,http://www.accessdata.fda.gov/drugsatfda_docs/nda/2001/020031_S031_PAXIL_AP.pdf
310f624032ca128589ea2369,41125,020031,SUPPL,52,http://www.accessdata.fda.gov/drugsatfda_docs/nda/2006/020031Orig1s052.pdf
825795eb37d48f8815a2a5bc,41126,020036,SUPPL,2,"http://www.accessdata.fda.gov/drugsatfda_docs/nda/pre96/20-036s001,002,005_ltr_lbl.pdf"
4472e5e0058cc4495e5a21c1,41127,020036,SUPPL,3,http://www.accessdata.fda.gov/drugsatfda_docs/nda/pre96/20-036s003_ltr_lbl.pdf
825795eb37d48f8815a2a5bc,41128,020036,SUPPL,5,"http://www.accessdata.fda.gov/drugsatfda_docs/nda/pre96/20-036s001,002,005_ltr_lbl.pdf"
e8196beaefab52c0b98be7ba,41129,020036,SUPPL,15,http://www.accessdata.fda.gov/drugsatfda_docs/nda/98/20036s015_Aredia.html
5c1c4abc195429140dcb7442,41130,020036,SUPPL,16,http://www.accessdata.fda.gov/drugsatfda_docs/nda/98/20036s016.html
87eedf97368fcdca631df47a,41131,020036,SUPPL,30,http://www.accessdata.fda.gov/drugsatfda_docs/nda/2005/020036_s030_Aredia.pdf
4b986636528f2c2d85953476,41132,020049,ORIG,1,http://www.accessdata.fda.gov/drugsatfda_docs/nda/96/020049a_052292_biopharmrev.pdf
676cf61f7eb5435db786a996,41133,020049,SUPPL,6,http://www.accessdata.fda.gov/drugsatfda_docs/nda/99/20046S006_Pentasa.html
405707361d3093202b80b433,41134,020049,SUPPL,15,http://www.accessdata.fda.gov/drugsatfda_docs/nda/2004/020049_S015_PENTASA.pdf
be7b53da2175abafd6db0296,41135,020049,SUPPL,27,http://www.accessdata.fda.gov/drugsatfda_docs/nda/2015/020049Orig1s027.pdf
40a3a27ef186e7b7a6bf7d6c,41136,020058,SUPPL,9,http://www.accessdata.fda.gov/drugsatfda_docs/nda/2000/020058Orig1s009.pdf
0ec38aeb7f10e13e6dbdc985,41137,020059,SUPPL,7,http://www.accessdata.fda.gov/drugsatfda_docs/nda/2001/20-059S007_Adenoscan.pdf
9cdad6a91351cd863c18afdb,41138,020062,SUPPL,27,http://www.accessdata.fda.gov/drugsatfda_docs/nda/99/20062-s027_cardizem.pdf
5d025190036f720b30d0d178,41139,020070,SUPPL,4,http://www.accessdata.fda.gov/drugsatfda_docs/nda/97/020070ap.pdf
5d025190036f720b30d0d178,41140,020070,SUPPL,6,http://www.accessdata.fda.gov/drugsatfda_docs/nda/97/020070ap.pdf
230d281f6878ccfecfd22945,41141,020080,SUPPL,5,http://www.accessdata.fda.gov/drugsatfda_docs/nda/96/020080ap.pdf
8d6bb0dbe14f77286a09900c,41142,020095,SUPPL,7,http://www.accessdata.fda.gov/drugsatfda_docs/nda/99/20095S7_zantacgelcapsules.html
d1779b09ad44713052bc72dc,41143,020098,SUPPL,9,http://www.accessdata.fda.gov/drugsatfda_docs/nda/98/20098S009_Mivacron.html
e7660a0fb5f5ee1b4937a990,41144,020103,SUPPL,16,http://www.accessdata.fda.gov/drugsatfda_docs/nda/99/20103S15_Zofran.html
c2e1d5f5c273955c211e3413,41145,020103,SUPPL,24,http://www.accessdata.fda.gov/drugsatfda_docs/nda/2005/020103_s024_Zofran Tabs.pdf
019f3c3b1d5d89165c34b4a6,41146,020121,SUPPL,5,http://www.accessdata.fda.gov/drugsatfda_docs/nda/97/20121.pdf
b59373f7dd394922c47e707d,41147,020121,SUPPL,9,http://www.accessdata.fda.gov/drugsatfda_docs/nda/98/20121S009_Flonase.html
74fb3b90bf73dcf98caf523f,41148,020125,ORIG,1,http://www.accessdata.fda.gov/drugsatfda_docs/nda/99/20125_Accuretic.html
f2deec702e3ed75bb0c4b9bf,41149,020130,SUPPL,3,http://www.accessdata.fda.gov/drugsatfda_docs/nda/99/20130-s003_Estrostep.pdf
20ff269fa2b7145393ff53b8,41150,020135,SUPPL,5,"http://www.accessdata.fda.gov/drugsatfda_docs/nda/2002/019842s13,20135s5,20418s3,20476s2_MotrinTOC.html"
0ba48963dfd283d783862f9a,41151,020136,SUPPL,9,http://www.accessdata.fda.gov/drugsatfda_docs/nda/97/020136ap_s08_s09.pdf
0ba48963dfd283d783862f9a,41152,020137,SUPPL,8,http://www.accessdata.fda.gov/drugsatfda_docs/nda/97/020136ap_s08_s09.pdf
59b319c1539eac8564efc4ca,41153,020140,ORIG,1,http://www.accessdata.fda.gov/drugsatfda_docs/nda/2008/020140_levoleucovorin_toc.html
2d6a2078fbba023c65ad5fed,41154,020145,SUPPL,6,http://www.accessdata.fda.gov/drugsatfda_docs/nda/pre96/020145s006_nitro-dur_toc.html
b06e79e6b820b829bae3b132,41155,020145,SUPPL,7,http://www.accessdata.fda.gov/drugsatfda_docs/nda/pre96/020145s007_nitro-dur_toc.html
d7a523f95facbe6f85badf6e,41156,020148,ORIG,1,http://www.accessdata.fda.gov/drugsatfda_docs/NDA/97/020148_migranal_toc.html
5fcb86db94abb4dc5aa97bf4,41157,020151,SUPPL,16,"http://www.accessdata.fda.gov/drugsatfda_docs/nda/2003/020151s16s19s20s21s22s23s25,020699s14s18s21s23s26s27s34TOC.html"
4443a0b8078c639f6ef6b056,41158,020151,SUPPL,18,"http://www.accessdata.fda.gov/drugsatfda_docs/nda/2001/020151s017s018,020699s015s016EffexorTOC.html"
5fcb86db94abb4dc5aa97bf4,41159,020151,SUPPL,19,"http://www.accessdata.fda.gov/drugsatfda_docs/nda/2003/020151s16s19s20s21s22s23s25,020699s14s18s21s23s26s27s34TOC.html"
5fcb86db94abb4dc5aa97bf4,41160,020151,SUPPL,21,"http://www.accessdata.fda.gov/drugsatfda_docs/nda/2003/020151s16s19s20s21s22s23s25,020699s14s18s21s23s26s27s34TOC.html"
5fcb86db94abb4dc5aa97bf4,41161,020151,SUPPL,22,"http://www.accessdata.fda.gov/drugsatfda_docs/nda/2003/020151s16s19s20s21s22s23s25,020699s14s18s21s23s26s27s34TOC.html"
3a92e5bcb4aa53c270853227,41162,020152,SUPPL,6,http://www.accessdata.fda.gov/drugsatfda_docs/nda/2000/020152_S006_SERZONE_AP.pdf
03ff2d0095af4f98f25c951b,41163,020152,SUPPL,10,http://www.accessdata.fda.gov/drugsatfda_docs/nda/97/020152_s009s010_SERZONETOC.html
b487e40b691732bfaf7abab0,41164,020152,SUPPL,26,http://www.accessdata.fda.gov/drugsatfda_docs/nda/2001/20-152s026_Nefazodone.html
789ac685487066312f097dbf,41165,020152,SUPPL,28,http://www.accessdata.fda.gov/drugsatfda_docs/nda/2001/020152_S028_SERZONE_AP.pdf
f5a7256b7819dade80eeb3e2,41166,020154,SUPPL,4,http://www.accessdata.fda.gov/drugsatfda_docs/nda/pre96/020154_S004_VIDEX.pdf
9dbe9d2e75dccc91fd4b9ee3,41167,020154,SUPPL,20,http://www.accessdata.fda.gov/drugsatfda_docs/nda/96/020154_S020_VIDEX.pdf
b368398120c3c566f7bede7a,41168,020154,SUPPL,28,http://www.accessdata.fda.gov/drugsatfda_docs/nda/99/20-154s028_20-155s020_20156s021_Videx.html
f23bf7d2b1327b6e22abe9ed,41169,020154,SUPPL,30,http://www.accessdata.fda.gov/drugsatfda_docs/nda/99/20-154s029s030_20-155s021_20-156s022_Videx.html
b753000c6b0c7041fd6fc86b,41170,020154,SUPPL,33,http://www.accessdata.fda.gov/drugsatfda_docs/nda/2000/020154s032s033_020155s023s024_020156s024s025_Videx.html
26e42c02e23c36ad6c24a92a,41171,020154,SUPPL,40,http://www.accessdata.fda.gov/drugsatfda_docs/nda/2002/020154s040s041_020155s030s031_020156s031s032_Videx.html
b63bb983a2a4b9a830a3f4c1,41172,020155,SUPPL,16,http://www.accessdata.fda.gov/drugsatfda_docs/nda/96/020155_S007_VIDEX.pdf
f23bf7d2b1327b6e22abe9ed,41173,020155,SUPPL,21,http://www.accessdata.fda.gov/drugsatfda_docs/nda/99/20-154s029s030_20-155s021_20-156s022_Videx.html
b753000c6b0c7041fd6fc86b,41174,020155,SUPPL,24,http://www.accessdata.fda.gov/drugsatfda_docs/nda/2000/020154s032s033_020155s023s024_020156s024s025_Videx.html
26e42c02e23c36ad6c24a92a,41175,020155,SUPPL,30,http://www.accessdata.fda.gov/drugsatfda_docs/nda/2002/020154s040s041_020155s030s031_020156s031s032_Videx.html
26e42c02e23c36ad6c24a92a,41176,020155,SUPPL,31,http://www.accessdata.fda.gov/drugsatfda_docs/nda/2002/020154s040s041_020155s030s031_020156s031s032_Videx.html
b06d5c26fe934edfa51e7f44,41177,020155,SUPPL,38,http://www.accessdata.fda.gov/drugsatfda_docs/nda/2006/020155_S038_VIDEX.pdf
b368398120c3c566f7bede7a,41178,020156,SUPPL,21,http://www.accessdata.fda.gov/drugsatfda_docs/nda/99/20-154s028_20-155s020_20156s021_Videx.html
b753000c6b0c7041fd6fc86b,41179,020156,SUPPL,24,http://www.accessdata.fda.gov/drugsatfda_docs/nda/2000/020154s032s033_020155s023s024_020156s024s025_Videx.html
26e42c02e23c36ad6c24a92a,41180,020156,SUPPL,32,http://www.accessdata.fda.gov/drugsatfda_docs/nda/2002/020154s040s041_020155s030s031_020156s031s032_Videx.html
3f26017fc16ff637d8381a86,41181,020156,SUPPL,39,http://www.accessdata.fda.gov/drugsatfda_docs/nda/2006/020156_S039_VIDEX.pdf
6b61c2557ba3495071140429,41182,020164,SUPPL,9,http://www.accessdata.fda.gov/drugsatfda_docs/nda/96/020164_S009_LOVENOX INJ.pdf
87c8ccebc1fc7dcbe88e4b0f,41183,020164,SUPPL,10,http://www.accessdata.fda.gov/drugsatfda_docs/nda/98/20164S10_lovenox.html
88fa422a28b26242aba41ab1,41184,020164,SUPPL,11,http://www.accessdata.fda.gov/drugsatfda_docs/nda/98/020164_S011_LOVENOX.pdf
38c8219e6e7085dc5de3bff3,41185,020164,SUPPL,15,http://www.accessdata.fda.gov/drugsatfda_docs/nda/98/20164S15_Lovenox.html
56906293d574ffb81c7da1f7,41186,020164,SUPPL,19,http://www.accessdata.fda.gov/drugsatfda_docs/nda/99/020164_S019_LOVENOX.pdf
ec2cd9c74f45f1148b4b00c2,41187,020164,SUPPL,24,http://www.accessdata.fda.gov/drugsatfda_docs/nda/99/020164_S024_LOVENOX.pdf
6473939e10b256cf7e7cb5c6,41188,020164,SUPPL,26,http://www.accessdata.fda.gov/drugsatfda_docs/nda/99/020164_S026_LOVENOX.pdf
63f9fb53864cdfb08f59446e,41189,020164,SUPPL,30,http://www.accessdata.fda.gov/drugsatfda_docs/nda/2000/020164_S030_LOVENOX_INJECTION.pdf
b864c9bef877fd4511fbe66e,41190,020164,SUPPL,32,http://www.accessdata.fda.gov/drugsatfda_docs/nda/2000/020164_S032_LOVENOX_INJECTION.pdf
5ef3b0d2d820edfe7bee230f,41191,020164,SUPPL,38,http://www.accessdata.fda.gov/drugsatfda_docs/nda/2000/020164_S038_LOVENOX_INJECTION.pdf
33604708b55d0f954c4cff87,41192,020164,SUPPL,39,http://www.accessdata.fda.gov/drugsatfda_docs/nda/2000/020164_S039_LOVENOX_INJECTION.pdf
21f4eda3d1a0216aa1658f67,41193,020164,SUPPL,40,http://www.accessdata.fda.gov/drugsatfda_docs/nda/2002/020164_S040&045&046_LOVENOX INJ.pdf
e5ab5ace9aa16aff7ec08283,41194,020164,SUPPL,41,http://www.accessdata.fda.gov/drugsatfda_docs/nda/2000/020164_S041_LOVENOX_INJECTION.pdf
346c79858b16df34695f6862,41195,020164,SUPPL,42,http://www.accessdata.fda.gov/drugsatfda_docs/nda/2001/020164_S042_LOVENOX_INJECTION.pdf
27f17a9b391a52415fcbdeaa,41196,020164,SUPPL,44,http://www.accessdata.fda.gov/drugsatfda_docs/nda/2001/020164_S044_LOVENOX INJ.pdf
21f4eda3d1a0216aa1658f67,41197,020164,SUPPL,45,http://www.accessdata.fda.gov/drugsatfda_docs/nda/2002/020164_S040&045&046_LOVENOX INJ.pdf
eb72354de1a2db2d900b0ccc,41198,020164,SUPPL,50,http://www.accessdata.fda.gov/drugsatfda_docs/nda/2003/020164_S050_LOVENOX INJ.pdf
acc1823515b2408dea19f3b4,41199,020164,SUPPL,57,http://www.accessdata.fda.gov/drugsatfda_docs/nda/2004/020164_S057_LOVENOX INJECION_AP.pdf
c70a58dccd344c33e07c013a,41200,020164,SUPPL,58,http://www.accessdata.fda.gov/drugsatfda_docs/nda/2004/020164_S058_LOVENOX INJECTION_AP.pdf
80721c1f327b58bc613d773a,41201,020168,SUPPL,16,http://www.accessdata.fda.gov/drugsatfda_docs/nda/2000/020168_S016&020656_S005_NUTROPIN FOR INJ.pdf
bd6764971da36c42b09a6af7,41202,020180,SUPPL,10,http://www.accessdata.fda.gov/drugsatfda_docs/nda/pre96/020180_s010_ProscarTOC.html
5068e449580b224ddbbbf505,41203,020180,SUPPL,16,http://www.accessdata.fda.gov/drugsatfda_docs/nda/98/20180-S015&16_PROSCAR.PDF
f15fdc2a5d1605630e5b6919,41204,020180,SUPPL,18,http://www.accessdata.fda.gov/drugsatfda_docs/nda/99/020180_s018_PROSCAR 5MG.pdf
6c6f04f4eb702020e785d177,41205,020180,SUPPL,19,http://www.accessdata.fda.gov/drugsatfda_docs/nda/2001/020180_s019_PROSCAR 5MG.pdf
81756375ed7692e8d332b31a,41206,020180,SUPPL,23,http://www.accessdata.fda.gov/drugsatfda_docs/nda/2002/020180_S023_PROSCAR TABLETS.pdf
15dccf859bfdfb8b3f9b96b7,41207,020180,SUPPL,25,http://www.accessdata.fda.gov/drugsatfda_docs/nda/2003/020180_S025_PROSCAR_TABS_AP.pdf
3f91b73f18b7e62e7b8c6cdb,41208,020180,SUPPL,26,http://www.accessdata.fda.gov/drugsatfda_docs/nda/2004/020180_S026_PROSCAR TABLETS.pdf
8acb7e7f0e271f45c60c8040,41209,020180,SUPPL,29,http://www.accessdata.fda.gov/drugsatfda_docs/nda/2004/020180_S029_PROSCAR TABLETS.pdf
13832d6d6c458b63ea4718fe,41210,020186,SUPPL,4,http://www.accessdata.fda.gov/drugsatfda_docs/nda/pre96/19982-S3_Zebeta.pdf
691dc84750d38f8df8181c89,41211,020192,SUPPL,14,http://www.accessdata.fda.gov/drugsatfda_docs/nda/98/020192_S014_LAMISIL_CREAM.pdf
7adc55f7fb60fead7eb6d064,41212,020193,SUPPL,2,http://www.accessdata.fda.gov/drugsatfda_docs/nda/2001/020193Orig1s002.pdf
440950bcdb8cec4ea18673f6,41213,020195,SUPPL,2,http://www.accessdata.fda.gov/drugsatfda_docs/nda/96/020195s002_fentanyl.pdf
81559485ff54d55d8b64e67c,41214,020210,ORIG,1,http://www.accessdata.fda.gov/drugsatfda_docs/nda/pre96/020210_S000_CisaprideTOC.html
e0cf4f7aefff02ccbd878beb,41215,020210,SUPPL,30,http://www.accessdata.fda.gov/drugsatfda_docs/nda/2000/20210-S030_Propulsid.pdf
389fd96ebe381420f755c4a1,41216,020210,SUPPL,32,http://www.accessdata.fda.gov/drugsatfda_docs/nda/2000/20767-S011_Propulsid.pdf
4c56c2c90038a77bdebc9bfd,41217,020216,ORIG,1,http://www.accessdata.fda.gov/drugsatfda_docs/nda/pre96/020216_original_approval.pdf
e10e19b5220da6382931eed2,41218,020234,ORIG,1,http://www.accessdata.fda.gov/drugsatfda_docs/nda/96/020234_complete_Approval_pkg.pdf
c0df6ebd5e3f2f7c29973b0d,41219,020234,SUPPL,17,http://www.accessdata.fda.gov/drugsatfda_docs/nda/2001/020234_S017_TEGRETOL_AP.pdf
f457732e17e480b863209b06,41220,020235,SUPPL,11,http://www.accessdata.fda.gov/drugsatfda_docs/nda/98/020235S011.pdf
d13edebcabd9597d0f3cb9cf,41221,020235,SUPPL,15,http://www.accessdata.fda.gov/drugsatfda_docs/nda/2000/21-216_20-235S15_20-882S2_21-129S5_Neurontin.html
5793031688c215dc93a46b4e,41222,020236,SUPPL,10,http://www.accessdata.fda.gov/drugsatfda_docs/nda/pre96/020236_S010_SERVENT_INHALATION_AEROSOL.pdf
f128c4b2f573c069528aa478,41223,020239,SUPPL,15,http://www.accessdata.fda.gov/drugsatfda_docs/nda/2004/020239_s015_KYTRIL INJECTION.pdf
411f2d3f26b9fb151265243a,41224,020239,SUPPL,17,http://www.accessdata.fda.gov/drugsatfda_docs/nda/2004/020239_s017_KYTRIL.pdf
9d1b467e5bc7147327fa0702,41225,020241,SUPPL,2,http://www.accessdata.fda.gov/drugsatfda_docs/nda/98/020764a.html
064f65d2e27c6c6ec3469011,41226,020241,SUPPL,11,http://www.accessdata.fda.gov/drugsatfda_docs/nda/2001/020241_S011.pdf
b06fd3614bbcfbbd5da19a7c,41227,020241,SUPPL,17,http://www.accessdata.fda.gov/drugsatfda_docs/nda/2003/020241_S017_020764_S011TOC.html
cf9d79c1a3106824948732ca,41228,020241,SUPPL,27,http://www.accessdata.fda.gov/drugsatfda_docs/nda/2006/020764_s020_Lamictal-optimized.pdf
a1417d5ac2af3f78b55fe0fc,41229,020243,SUPPL,21,http://www.accessdata.fda.gov/drugsatfda_docs/nda/2000/20-243S021.pdf
1d9ca6d438e427d6284c0776,41230,020246,SUPPL,48,http://www.accessdata.fda.gov/drugsatfda_docs/nda/2013/20246Orig1s048.pdf
0b03594be846af5c0cf076bf,41231,020249,SUPPL,11,http://www.accessdata.fda.gov/drugsatfda_docs/nda/2001/020249_s011_PEPCID INJECTION.pdf
afb2ce7f52c74d9d1de9910a,41232,020254,SUPPL,16,http://www.accessdata.fda.gov/drugsatfda_docs/nda/2006/020254Orig1s016.pdf
897280128892a2a2890ed8ed,41233,020261,SUPPL,2,http://www.accessdata.fda.gov/drugsatfda_docs/nda/pre96/020261_s002_Lescol Capsules.pdf
3942294844dc69e7ef50caa6,41234,020261,SUPPL,4,http://www.accessdata.fda.gov/drugsatfda_docs/nda/pre96/020261_S004_LESCOL_AP.pdf
122813a29cdcddd68125086e,41235,020261,SUPPL,7,http://www.accessdata.fda.gov/drugsatfda_docs/nda/pre96/020261_S007_LESCOL_CAPSULES.pdf
880827c812f305051456f7bb,41236,020261,SUPPL,11,http://www.accessdata.fda.gov/drugsatfda_docs/nda/98/020261_S011_LESCOL_CAPSULES.pdf
70c3208fa0548400bf700697,41237,020261,SUPPL,18,http://www.accessdata.fda.gov/drugsatfda_docs/nda/99/020261s018s022.html
45f4638aa0e3316676608443,41238,020261,SUPPL,19,http://www.accessdata.fda.gov/drugsatfda_docs/nda/99/020261_S019_LESCOL_CAPSULES.pdf
70c3208fa0548400bf700697,41239,020261,SUPPL,22,http://www.accessdata.fda.gov/drugsatfda_docs/nda/99/020261s018s022.html
f52dd7f20d23fc2b8003223e,41240,020261,SUPPL,31,http://www.accessdata.fda.gov/drugsatfda_docs/nda/2002/020261_s031_LESCOL_CAPSULES.pdf
0a25c1369210de5dd24b324b,41241,020261,SUPPL,34,http://www.accessdata.fda.gov/drugsatfda_docs/nda/2005/020261_s034_Lescol Capsules.pdf
ca98fa734491b288eb9506fe,41242,020261,SUPPL,46,http://www.accessdata.fda.gov/drugsatfda_docs/nda/2012/020261s046.pdf
c61559282ed3be38ad2ac4af,41243,020262,SUPPL,16,http://www.accessdata.fda.gov/drugsatfda_docs/nda/99/20262S031_Taxol.pdf
c61559282ed3be38ad2ac4af,41244,020262,SUPPL,21,http://www.accessdata.fda.gov/drugsatfda_docs/nda/99/20262S031_Taxol.pdf
c0f0beb139b96c46f8bf04d4,41245,020262,SUPPL,24,http://www.accessdata.fda.gov/drugsatfda_docs/nda/98/20262s024.html
18d03205bb1722c8636b4d66,41246,020262,SUPPL,26,http://www.accessdata.fda.gov/drugsatfda_docs/nda/98/020262s026s027s028.html
18d03205bb1722c8636b4d66,41247,020262,SUPPL,28,http://www.accessdata.fda.gov/drugsatfda_docs/nda/98/020262s026s027s028.html
c61559282ed3be38ad2ac4af,41248,020262,SUPPL,31,http://www.accessdata.fda.gov/drugsatfda_docs/nda/99/20262S031_Taxol.pdf
24c6ca5a1b2ef52f82830fbb,41249,020262,SUPPL,36,"http://www.accessdata.fda.gov/drugsatfda_docs/nda/2000/020262s036,037,038_Taxol.pdf"
881a0b796f7c7d894b493d98,41250,020262,SUPPL,37,"http://www.accessdata.fda.gov/drugsatfda_docs/nda/2002/020262s036,037,038_Taxol.pdf"
c91fea3a7ae0d394eae2ed24,41251,020263,SUPPL,3,http://www.accessdata.fda.gov/drugsatfda_docs/nda/pre96/020263_S003_Lupron Depot_APPROVAL PACKAGE.pdf
b16ddf633252c1bf761ec8df,41252,020263,SUPPL,6,http://www.accessdata.fda.gov/drugsatfda_docs/nda/pre96/020263_S006_Lupron Depot_APPROVAL PACKAGE.pdf
622d261c9b4325f73d8a2223,41253,020263,SUPPL,28,http://www.accessdata.fda.gov/drugsatfda_docs/nda/2006/020263_S028_Lupron Depot Ped_APPROVAL PACKAGE.pdf
f911daa741dbb193de3dc4d1,41254,020264,ORIG,1,http://www.accessdata.fda.gov/drugsatfda_docs/nda/pre96/020264Orig1s000.pdf
f4609942f32cbd4d3f26626e,41255,020272,ORIG,1,http://www.accessdata.fda.gov/drugsatfda_docs/nda/pre96/020272_safety_review.pdf
ef681552bdfaf1bb8d0b9a73,41256,020272,SUPPL,5,http://www.accessdata.fda.gov/drugsatfda_docs/nda/96/020272_S004_RISPERDAL TABLETS.pdf
2a980fb8757f7b735efd1d95,41257,020272,SUPPL,7,http://www.accessdata.fda.gov/drugsatfda_docs/nda/97/20588.pdf
d260f32d370005c4a910bde3,41258,020272,SUPPL,8,http://www.accessdata.fda.gov/drugsatfda_docs/nda/2002/020272_s008_RISPERDALE TABLETS.pdf
28b5b19045b990ddf76f2296,41259,020272,SUPPL,27,http://www.accessdata.fda.gov/drugsatfda_docs/nda/2003/020272_s026&s027_Risperdal_MEDR_.pdf
5e1968cde6c262f59cfe9349,41260,020272,SUPPL,36,"http://www.accessdata.fda.gov/drugsatfda_docs/nda/2006/020272Orig1s036,s041,020588Orig1s024,s028,s029,21444Orig1s008,s015.pdf"
5e1968cde6c262f59cfe9349,41261,020272,SUPPL,41,"http://www.accessdata.fda.gov/drugsatfda_docs/nda/2006/020272Orig1s036,s041,020588Orig1s024,s028,s029,21444Orig1s008,s015.pdf"
739957d6c289d9cb9b51524d,41262,020272,SUPPL,46,http://www.accessdata.fda.gov/drugsatfda_docs/nda/2007/020272_s046_risperdal_toc.html
696fa2204845e8469ddb64a0,41263,020273,SUPPL,8,http://www.accessdata.fda.gov/drugsatfda_docs/nda/2005/020273_s008_DOVONEX.pdf
b8b6b77fe795d815e4382af6,41264,020280,SUPPL,8,http://www.accessdata.fda.gov/drugsatfda_docs/nda/97/020280s008.pdf
8d18b5d2e08de079c5df1e3b,41266,020287,SUPPL,10,http://www.accessdata.fda.gov/drugsatfda_docs/nda/99/020287S10_Fragmin.html
a8aa1827a708591bf3f7c1b0,41267,020287,SUPPL,31,http://www.accessdata.fda.gov/drugsatfda_docs/nda/2003/020287_s031_FRAGMIN INJECTION.pdf
c419bbc233977acbbab70802,41268,020287,SUPPL,32,http://www.accessdata.fda.gov/drugsatfda_docs/nda/2003/020287_s032_FRAGMIN INJECTION.pdf
5b9d804fa5495bdcbe337ee0,41269,020287,SUPPL,34,http://www.accessdata.fda.gov/drugsatfda_docs/nda/2004/020287_s034_FRAGMIN INJECTION.pdf
3f376ea63ac206f22a75e110,41270,020287,SUPPL,35,http://www.accessdata.fda.gov/drugsatfda_docs/nda/2007/020287Orig1s035.pdf
639c0855a880399b71f732e1,41271,020292,ORIG,1,http://www.accessdata.fda.gov/drugsatfda_docs/nda/97/020292.pdf
f7fd42902fd0a2c61f992816,41272,020297,SUPPL,4,http://www.accessdata.fda.gov/drugsatfda_docs/nda/99/20297s4_Coreg.pdf
875de14d9800359a3029e00e,41273,020297,SUPPL,7,http://www.accessdata.fda.gov/drugsatfda_docs/nda/2001/20-297S007_Coreg.html
272b922a12c0fcc8c79cbcc4,41274,020297,SUPPL,9,http://www.accessdata.fda.gov/drugsatfda_docs/nda/2003/20-297s009_Coreg.html
5ca063f25f007bf8343f22df,41275,020305,SUPPL,1,http://www.accessdata.fda.gov/drugsatfda_docs/nda/97/020305a_s001.pdf
b93eb82c17367401a77bf087,41276,020305,SUPPL,4,http://www.accessdata.fda.gov/drugsatfda_docs/nda/99/020305S004_Kytril.html
43a8fa952e2d3c1541aba1de,41277,020309,ORIG,1,http://www.accessdata.fda.gov/drugsatfda_docs/nda/pre96/020309_original_approval.pdf
08327a96e9cd86690fb5ff6f,41278,020312,ORIG,1,http://www.accessdata.fda.gov/drugsatfda_docs/nda/pre96/20-312_Moexipril_Univasc.pdf
41bf92e9b20f1143a347b07d,41279,020325,SUPPL,15,http://www.accessdata.fda.gov/drugsatfda_docs/nda/2003/020325s015TOC.html
18485e83083ca5487a1c7410,41280,020329,SUPPL,3,http://www.accessdata.fda.gov/drugsatfda_docs/nda/99/020329_S003_Glucotrol XL_APPROVAL PACKAGES.pdf
6b6a8a4251986615e3ea9e6a,41281,020329,SUPPL,15,http://www.accessdata.fda.gov/drugsatfda_docs/nda/2003/020329_S015_GLUCOTROL XP_AP.pdf
9cfa41373e18d96dcd0228de,41282,020330,SUPPL,11,http://www.accessdata.fda.gov/drugsatfda_docs/nda/98/20-330S011.pdf
ac318219c75c0fa949098d91,41283,020330,SUPPL,17,http://www.accessdata.fda.gov/drugsatfda_docs/nda/2003/020330_s017_TimopticTOC.html
31ae8b3c97e906868f0f1269,41284,020333,SUPPL,13,http://www.accessdata.fda.gov/drugsatfda_docs/nda/2008/020333Orig1s013.pdf
890bde6ca2ef88a0a6c0a589,41285,020340,SUPPL,3,http://www.accessdata.fda.gov/drugsatfda_docs/nda/96/020340s003_temovate_toc.html
9affe1043e0ee1aa4a9706e6,41286,020346,SUPPL,2,http://www.accessdata.fda.gov/drugsatfda_docs/nda/98/19835-S005_Zyrtec.pdf
a539f34771a08240335ecbe6,41287,020346,SUPPL,11,http://www.accessdata.fda.gov/drugsatfda_docs/nda/2002/020346_S011_ZYRTEC SYRUP.pdf
6bb2af45f3573d4ba8a3e55e,41288,020347,SUPPL,6,http://www.accessdata.fda.gov/drugsatfda_docs/nda/2002/20-347-S006.pdf
96a35d45119574e044d7408f,41289,020356,SUPPL,7,http://www.accessdata.fda.gov/drugsatfda_docs/nda/2000/20356-s007_sular.pdf
d2b50b19d8a86147ca3f1f10,41290,020357,SUPPL,6,http://www.accessdata.fda.gov/drugsatfda_docs/nda/97/020357a_s006.pdf
61fe0b7848251d18101ade49,41291,020357,SUPPL,10,http://www.accessdata.fda.gov/drugsatfda_docs/nda/98/020357s010.html
e83b4fd396ed53bc40053a3e,41292,020357,SUPPL,19,http://www.accessdata.fda.gov/drugsatfda_docs/nda/2000/20357s19_glucophage.html
1e42dc79adefe67c776cb2ee,41293,020357,SUPPL,20,http://www.accessdata.fda.gov/drugsatfda_docs/nda/2001/020357_S020_GLUCOPHAGE_AP.pdf
1375b641744f0f43c7e230bf,41294,020358,SUPPL,3,http://www.accessdata.fda.gov/drugsatfda_docs/nda/97/020358a_s001_s003.pdf
2637d416165b124d76126d46,41295,020358,SUPPL,21,http://www.accessdata.fda.gov/drugsatfda_docs/nda/2000/020358Orig1s020_s021_s022.pdf
2637d416165b124d76126d46,41296,020358,SUPPL,22,http://www.accessdata.fda.gov/drugsatfda_docs/nda/2000/020358Orig1s020_s021_s022.pdf
11a16215dfb8417caa69a49a,41297,020358,SUPPL,25,http://www.accessdata.fda.gov/drugsatfda_docs/nda/2002/020358Orig1s025.pdf
6f2df73a5273da1be6d0caf2,41298,020358,SUPPL,40,http://www.accessdata.fda.gov/drugsatfda_docs/nda/2006/020358Orig1s040.pdf
f3dc266c481e40923746748f,41299,020358,SUPPL,53,http://www.accessdata.fda.gov/drugsatfda_docs/nda/2013/020358Orig1s053.pdf
dda8e9a6b97d666d69f49ea0,41300,020363,SUPPL,19,http://www.accessdata.fda.gov/drugsatfda_docs/nda/2001/20-363S-019_review.pdf
27b3b3b59d58a4eaa57a21dd,41301,020364,SUPPL,7,http://www.accessdata.fda.gov/drugsatfda_docs/nda/97/20364S007_Latrel.pdf
4343488d508a2d67987435d7,41302,020364,SUPPL,8,http://www.accessdata.fda.gov/drugsatfda_docs/nda/99/20-364S008_Lotrel.html
6431e247339693c0483872bc,41303,020369,ORIG,1,http://www.accessdata.fda.gov/drugsatfda_docs/nda/98/020369_ciloxan.html
9a418d69ed88a06cdef4c4db,41304,020375,SUPPL,1,http://www.accessdata.fda.gov/drugsatfda_docs/nda/pre96/020375-S1_Climara_toc.html
3b1802cbada769d44b394386,41305,020375,SUPPL,2,http://www.accessdata.fda.gov/drugsatfda_docs/nda/pre96/020375-S2_Climara_toc.html
c5d2717a72c959ee245aa92b,41306,020375,SUPPL,4,http://www.accessdata.fda.gov/drugsatfda_docs/nda/pre96/020375-S4_Climara_toc.html
1a81f1b51bd85e027e0bb749,41307,020375,SUPPL,5,http://www.accessdata.fda.gov/drugsatfda_docs/nda/96/020375-S5_Climara_toc.html
8fc3974e96cb4fb8a19b7da4,41308,020375,SUPPL,8,http://www.accessdata.fda.gov/drugsatfda_docs/nda/98/020375s8_climara.html
417d215296d96d66ae95ac67,41309,020375,SUPPL,10,http://www.accessdata.fda.gov/drugsatfda_docs/nda/98/020375s10_climara.html
836e053a1ccb9eddfc7cd81b,41310,020375,SUPPL,12,http://www.accessdata.fda.gov/drugsatfda_docs/nda/98/020375s12_climara.html
ac25ce5d3ce843eebe33b3aa,41311,020375,SUPPL,13,http://www.accessdata.fda.gov/drugsatfda_docs/nda/99/20375-s013_climara.pdf
51e4cceeedade9f2788e63f9,41312,020375,SUPPL,16,http://www.accessdata.fda.gov/drugsatfda_docs/nda/2001/20-375s016_Berlex.html
dc9d993e243adaf7f7b4842f,41313,020377,SUPPL,2,http://www.accessdata.fda.gov/drugsatfda_docs/nda/97/020377-S2_Cordarone_toc.html
29f13c69f93dbcdb0fd5a6c4,41315,020386,SUPPL,8,http://www.accessdata.fda.gov/drugsatfda_docs/nda/98/20386-s008_cozaar.pdf
291a98379e586580b35d5c55,41316,020386,SUPPL,17,http://www.accessdata.fda.gov/drugsatfda_docs/nda/99/20386S017_Cozaar.pdf
541b9e1b9e2889ea6dc16add,41317,020386,SUPPL,18,http://www.accessdata.fda.gov/drugsatfda_docs/nda/2000/20386-s018_cozaar.pdf
4aa175d1d4e717670ed6e23d,41318,020386,SUPPL,19,http://www.accessdata.fda.gov/drugsatfda_docs/nda/2004/20-386S019S029_Cozaar.html
a7403d882cdd1e54c75a3b52,41319,020386,SUPPL,20,http://www.accessdata.fda.gov/drugsatfda_docs/nda/2000/20386-s020_cozaar.pdf
087f33c070475f6af65b22b7,41320,020386,SUPPL,28,http://www.accessdata.fda.gov/drugsatfda_docs/nda/2002/20-386s028_Cozaar.html
62711c118a7741e58648282a,41321,020386,SUPPL,32,http://www.accessdata.fda.gov/drugsatfda_docs/nda/2003/20-386s032_Cozaar.html
a2e4fb7cf90e3759b32319b8,41322,020387,SUPPL,3,http://www.accessdata.fda.gov/drugsatfda_docs/nda/pre96/20-387S003_Hyzaar.pdf
e8a2c108eef478d61ed81b9e,41323,020387,SUPPL,12,http://www.accessdata.fda.gov/drugsatfda_docs/nda/99/20387S012_Hyzaar.pdf
728318818a48c216d6ddac84,41324,020387,SUPPL,13,http://www.accessdata.fda.gov/drugsatfda_docs/nda/2003/20-387S013S015S027Hyzaar.html
541b9e1b9e2889ea6dc16add,41325,020387,SUPPL,14,http://www.accessdata.fda.gov/drugsatfda_docs/nda/2000/20386-s018_cozaar.pdf
728318818a48c216d6ddac84,41326,020387,SUPPL,15,http://www.accessdata.fda.gov/drugsatfda_docs/nda/2003/20-387S013S015S027Hyzaar.html
a7403d882cdd1e54c75a3b52,41327,020387,SUPPL,17,http://www.accessdata.fda.gov/drugsatfda_docs/nda/2000/20386-s020_cozaar.pdf
e5418b263d29569bb293668b,41328,020387,SUPPL,37,http://www.accessdata.fda.gov/drugsatfda_docs/nda/2005/020387_s037_hyzaar.pdf
1e33a76ed5cd359bb0e14bf2,41329,020394,SUPPL,1,http://www.accessdata.fda.gov/drugsatfda_docs/nda/98/20394-S001_Atrovent.pdf
e738bfb51a1d9e87e3fca254,41330,020394,SUPPL,4,http://www.accessdata.fda.gov/drugsatfda_docs/nda/2000/020394 Orig1s004.pdf
b50e882092fab07e83379418,41331,020397,SUPPL,4,http://www.accessdata.fda.gov/drugsatfda_docs/nda/2000/020397_S004_ZANAFLEX TABLETS_AP.pdf
e0cf4f7aefff02ccbd878beb,41332,020398,SUPPL,20,http://www.accessdata.fda.gov/drugsatfda_docs/nda/2000/20210-S030_Propulsid.pdf
389fd96ebe381420f755c4a1,41333,020398,SUPPL,22,http://www.accessdata.fda.gov/drugsatfda_docs/nda/2000/20767-S011_Propulsid.pdf
845bfb363d96c09001334774,41334,020400,ORIG,1,http://www.accessdata.fda.gov/drugsatfda_docs/nda/98/20400.html
3280444840625016af71591f,41335,020401,SUPPL,7,http://www.accessdata.fda.gov/drugsatfda_docs/nda/98/020401ap.pdf
9499e43ee84c5e6658ea6629,41336,020401,SUPPL,13,http://www.accessdata.fda.gov/drugsatfda_docs/nda/98/20-401S013_Tiazac.pdf
3ef28d4ef43bcbb5ccca5de3,41337,020403,SUPPL,5,http://www.accessdata.fda.gov/drugsatfda_docs/nda/97/20-007s022_Zofran.html
0abb6232a8176868983fa582,41338,020403,SUPPL,14,http://www.accessdata.fda.gov/drugsatfda_docs/nda/2005/020403_s014_Zofran Inj.pdf
bf6539bdb8da9668f261bee2,41339,020406,ORIG,1,http://www.accessdata.fda.gov/drugsatfda_docs/nda/pre96/020406_prevacid_toc.html
051cf055ed4757bd2b30f6c2,41340,020406,SUPPL,5,http://www.accessdata.fda.gov/drugsatfda_docs/nda/pre96/020406_s005_Prevacid_Delayed_Release_Capsules.pdf
fc6ef124101a42522cc33f1b,41341,020406,SUPPL,7,http://www.accessdata.fda.gov/drugsatfda_docs/nda/pre96/020406_s007_Prevacid_Delayed_Release_Capsules.pdf
91e4ac822b6f82e705e9c401,41342,020406,SUPPL,9,http://www.accessdata.fda.gov/drugsatfda_docs/nda/97/020406_s009_PrevacidDelayedReleaseCaps.pdf
ac1743102c3166229bf7cc91,41343,020406,SUPPL,16,http://www.accessdata.fda.gov/drugsatfda_docs/nda/98/20406S016.html
2938f508729ad519189675f8,41344,020406,SUPPL,17,http://www.accessdata.fda.gov/drugsatfda_docs/nda/97/020406Orig1s017.pdf
3dbfb583540130c44d6c1b82,41345,020406,SUPPL,19,http://www.accessdata.fda.gov/drugsatfda_docs/nda/97/020406_s019_Prevacid_Delayed_Release_Capsules.pdf
62f17f57f6ce7d000dc01549,41346,020406,SUPPL,25,http://www.accessdata.fda.gov/drugsatfda_docs/nda/98/020406_s025_Prevacid_Delayed_Release_Capsules.pdf
6752847a537f06a5648103a0,41347,020406,SUPPL,27,http://www.accessdata.fda.gov/drugsatfda_docs/nda/99/20406-S030_Prevacid.pdf
ac1743102c3166229bf7cc91,41348,020406,SUPPL,28,http://www.accessdata.fda.gov/drugsatfda_docs/nda/98/20406S016.html
6752847a537f06a5648103a0,41349,020406,SUPPL,30,http://www.accessdata.fda.gov/drugsatfda_docs/nda/99/20406-S030_Prevacid.pdf
20db935706ac95b1a6ef1210,41350,020406,SUPPL,35,http://www.accessdata.fda.gov/drugsatfda_docs/nda/2000/020406_s035_Prevacid Caps.pdf
bd9e0b11f4af6795f7d3a1dc,41351,020406,SUPPL,43,http://www.accessdata.fda.gov/drugsatfda_docs/nda/2001/020406_s043_Prevacid_Delayed_Release_Capsules.pdf
f338b2e5ebbf453955a97c28,41352,020406,SUPPL,52,http://www.accessdata.fda.gov/drugsatfda_docs/nda/2002/21428_20406s052_21281s007_PrevacidTOC.html
cf566efa8eecc6967bb6b0a1,41353,020414,ORIG,1,http://www.accessdata.fda.gov/drugsatfda_docs/nda/2003/20414_pyridostigmine.html
91acc2b0d202bf09bbef4ea8,41354,020415,SUPPL,3,http://www.accessdata.fda.gov/drugsatfda_docs/nda/97/20-415s003_Remeron.html
214e0829827010ca28cc7ddd,41355,020427,ORIG,1,http://www.accessdata.fda.gov/drugsatfda_docs/nda/2009/020427s000TOC.html
45e7ccf129eb55c07093c139,41356,020428,SUPPL,7,http://www.accessdata.fda.gov/drugsatfda_docs/nda/96/20428S1S7_Azelex.pdf
27da4e1b7b91b44009786d9c,41357,020430,SUPPL,3,http://www.accessdata.fda.gov/drugsatfda_docs/nda/2001/20-430S003_Orgaran.html
f07476bfd34487d1704330a2,41358,020438,SUPPL,1,http://www.accessdata.fda.gov/drugsatfda_docs/nda/2000/20438-S001_VESANOID_review.pdf
664522deb460dae8115fbd10,41359,020441,SUPPL,2,http://www.accessdata.fda.gov/drugsatfda_docs/nda/98/20441-S002_Pulmicort.html
2fc28d9bd927c4422a841680,41360,020441,SUPPL,3,http://www.accessdata.fda.gov/drugsatfda_docs/nda/99/020441_S003_PULMICORT_TURBUHALER.pdf
6e7ff9c3099561cc70de0e85,41361,020441,SUPPL,7,http://www.accessdata.fda.gov/drugsatfda_docs/nda/2000/020441_S007_PULMICORT_TURBUHALER.pdf
9ca490525630de1e344dff1d,41362,020441,SUPPL,10,http://www.accessdata.fda.gov/drugsatfda_docs/nda/2001/020441_S010_PULMICORT_TURBUHALER.pdf
c461e98e299350f8b6d5d820,41363,020441,SUPPL,11,http://www.accessdata.fda.gov/drugsatfda_docs/nda/2001/020441_S011_PULMICORT_TURBUHALER.pdf
e605aba787c2d265fe3e40a1,41364,020441,SUPPL,12,http://www.accessdata.fda.gov/drugsatfda_docs/nda/2001/020441_S012_Pulmicort Turbuhaler_APPROVAL PACKAGE.pdf
e5f4fa8ace172690a9eff615,41365,020441,SUPPL,16,http://www.accessdata.fda.gov/drugsatfda_docs/nda/2003/020441_S016_PULMICORT_TURBUHALER_AP.pdf
51cef2dd3d7af2a9b992bc40,41366,020441,SUPPL,17,http://www.accessdata.fda.gov/drugsatfda_docs/nda/2003/020441_S017_PULMICORT_TURBUHALER_AP.pdf
0063fc25ece1b83925c4439d,41367,020444,SUPPL,3,http://www.accessdata.fda.gov/drugsatfda_docs/nda/2000/20-444S003_Flolan.html
5718a7369207540ed87d067f,41368,020448,ORIG,1,http://www.accessdata.fda.gov/drugsatfda_docs/nda/97/020448_imodium-ad_toc.html
a559d5584211c53ef6b8715e,41369,020449,SUPPL,4,http://www.accessdata.fda.gov/drugsatfda_docs/nda/98/20449S004_Taxotere.pdf
1a579c91994403079c74324b,41370,020449,SUPPL,18,http://www.accessdata.fda.gov/drugsatfda_docs/nda/2002/20-449s018_Taxotere.html
af4d64d9345e11a672bd6118,41371,020449,SUPPL,29,http://www.accessdata.fda.gov/drugsatfda_docs/nda/2004/20-449s029_Taxotere.html
ad97a4dd02e71ea3c674676d,41372,020449,SUPPL,39,http://www.accessdata.fda.gov/drugsatfda_docs/nda/2006/020449s039.pdf
a2850e1752a2ee15cf8a5ca3,41373,020449,SUPPL,43,http://www.accessdata.fda.gov/drugsatfda_docs/nda/2010/020449Orig1s043.pdf
80e39c25ea5285a4c2c01346,41374,020449,SUPPL,54,http://www.accessdata.fda.gov/drugsatfda_docs/nda/2010/020449Orig1s054.pdf
222ad14284d163bd0f04a163,41375,020450,SUPPL,1,http://www.accessdata.fda.gov/drugsatfda_docs/nda/96/020450a_s001.pdf
6294cb3cfa8674037a2f1ffa,41376,020450,SUPPL,4,http://www.accessdata.fda.gov/drugsatfda_docs/nda/2001/020450_s004TOC.html
3ee7594283d6281dfe2c4d22,41377,020451,SUPPL,12,http://www.accessdata.fda.gov/drugsatfda_docs/nda/2003/020415s012_021525_PhotofrinTOC.html
dde63b7e0b222f5baefb857c,41378,020460,SUPPL,8,http://www.accessdata.fda.gov/drugsatfda_docs/nda/97/20460.pdf
74ef05482aa23f0b3e664f81,41379,020468,SUPPL,1,http://www.accessdata.fda.gov/drugsatfda_docs/nda/96/020468_s001_NASACORT AQ.pdf
a52c897f7487504282de237b,41380,020470,SUPPL,5,http://www.accessdata.fda.gov/drugsatfda_docs/nda/98/20470-S005_Claritin.pdf
494c401af90072922644b0f5,41381,020470,SUPPL,7,"http://www.accessdata.fda.gov/drugsatfda_docs/nda/1998/019670_s012,19658s14,20470s7,20641s3,20704s4_ClaritinDTOC.cfml"
5620ac6bedf8073e50719744,41382,020470,SUPPL,10,"http://www.accessdata.fda.gov/drugsatfda_docs/nda/2000/019670_s013,20470s10,18506s018_Claritin-DTOC.cfml"
72422918e824d2ed1dfc38dd,41383,020470,SUPPL,16,"http://www.accessdata.fda.gov/drugsatfda_docs/nda/2002/19670s18,20470s16,19658s18,20704s8,20641s9_Claritin.html"
3d147d9fb559873cefdeefdc,41384,020471,SUPPL,7,http://www.accessdata.fda.gov/drugsatfda_docs/nda/98/020471_s007_Zyflo Filmtabs.pdf
c769cbf2e8930535843783b4,41385,020472,SUPPL,3,http://www.accessdata.fda.gov/drugsatfda_docs/nda/2000/020472_s003_ESTRING 2 MG.pdf
472cd8f62bc634aad2d1ec15,41386,020475,ORIG,1,http://www.accessdata.fda.gov/drugsatfda_docs/nda/97/020475ap.pdf
6f771f6bf6c2397684354653,41387,020475,SUPPL,21,http://www.accessdata.fda.gov/drugsatfda_docs/nda/2014/020475Org1s021.pdf
66d8dbf4e6fe11cadbe9e413,41388,020478,SUPPL,7,http://www.accessdata.fda.gov/drugsatfda_docs/nda/2002/020478s007TOC.html
9746fb2ca72affeccf88c516,41389,020482,SUPPL,8,http://www.accessdata.fda.gov/drugsatfda_docs/nda/98/020482a_s007_s008.pdf
906b260040482ee770d8d5c0,41390,020487,SUPPL,2,http://www.accessdata.fda.gov/drugsatfda_docs/nda/pre96/20-487s002_ValtrexTOC.html
81d395ae11e1806aff09c433,41391,020487,SUPPL,3,http://www.accessdata.fda.gov/drugsatfda_docs/nda/96/20-487s003_ValtrexTOC.html
9e667ed9feaa880b9c58952c,41392,020487,SUPPL,5,http://www.accessdata.fda.gov/drugsatfda_docs/nda/2004/20-487s005_ValtrexTOC.html
4181537477acdba08eb5e5d9,41393,020488,ORIG,1,http://www.accessdata.fda.gov/drugsatfda_docs/nda/pre96/020488_original_approval.pdf
3f3f01736997daa2c2c240cf,41394,020489,SUPPL,3,http://www.accessdata.fda.gov/drugsatfda_docs/nda/97/20489-S003_ANDRODERM.PDF
79ee8bb7707e4950b21c016d,41395,020490,SUPPL,7,http://www.accessdata.fda.gov/drugsatfda_docs/nda/2001/20-490s007_Alphagan.html
e3af8293ecc646a2535e3592,41396,020499,ORIG,1,http://www.accessdata.fda.gov/drugsatfda_docs/nda/pre96/020499_actron_toc.html
79777703609f1af2d01d4682,41397,020500,SUPPL,5,http://www.accessdata.fda.gov/drugsatfda_docs/nda/99/020500S005.html
39b217755edf0560427fc97b,41398,020503,SUPPL,11,http://www.accessdata.fda.gov/drugsatfda_docs/nda/99/20503-S011_Proventil.pdf
add868a27d3fd0bede4ab459,41399,020503,SUPPL,47,http://www.accessdata.fda.gov/drugsatfda_docs/nda/2013/020503Orig1s047.pdf
4d4e958adfa5206b62162240,41400,020505,SUPPL,1,http://www.accessdata.fda.gov/drugsatfda_docs/nda/99/20505S1_Topamax.html
17d0c4df203b16333463dcb5,41401,020505,SUPPL,2,http://www.accessdata.fda.gov/drugsatfda_docs/nda/2001/20-505s002_20-844s010_Topamax.html
11516cd529fab823c74a3215,41402,020505,SUPPL,3,http://www.accessdata.fda.gov/drugsatfda_docs/nda/99/20505S3_Topamax.html
c7e8f5f55a2906d23f5be353,41403,020507,SUPPL,1,http://www.accessdata.fda.gov/drugsatfda_docs/nda/99/20507-s001_Teczem.pdf
dd29d46bae10224f02e822e3,41404,020509,SUPPL,29,http://www.accessdata.fda.gov/drugsatfda_docs/nda/2004/020509_S029_GEMZAR_AP.pdf
d691ec082497cc58a3c1fb0f,41405,020517,SUPPL,1,http://www.accessdata.fda.gov/drugsatfda_docs/nda/96/20517S001_Lupron.pdf
8b51ed4f5e39bf4114081aa3,41406,020517,SUPPL,18,http://www.accessdata.fda.gov/drugsatfda_docs/nda/2005/020517_S018_Lupron Depot_APPROVAL PACKAGE.pdf
2bebda81d3ba53000bd3ed58,41407,020517,SUPPL,19,http://www.accessdata.fda.gov/drugsatfda_docs/nda/2005/020517_S019_Lupron Depot_APPROVAL PACKAGE.pdf
5b3a561a00606d530cc46154,41408,020517,SUPPL,25,http://www.accessdata.fda.gov/drugsatfda_docs/nda/2011/020517orig1s025s030s032Review.pdf
5b3a561a00606d530cc46154,41409,020517,SUPPL,30,http://www.accessdata.fda.gov/drugsatfda_docs/nda/2011/020517orig1s025s030s032Review.pdf
0f22a212599c258b985e3599,41410,020522,SUPPL,2,http://www.accessdata.fda.gov/drugsatfda_docs/nda/97/020522_s002ap.pdf
0bf5f335bd7732a02ea20fa2,41411,020522,SUPPL,4,http://www.accessdata.fda.gov/drugsatfda_docs/nda/97/020522a_s004.pdf
4694d68808c6e74c46afb006,41412,020522,SUPPL,13,http://www.accessdata.fda.gov/drugsatfda_docs/nda/2000/20-522s013_Somatropin.html
68531b105dcadffc025887d7,41413,020527,SUPPL,6,http://www.accessdata.fda.gov/drugsatfda_docs/nda/98/20527se2006_prempro.html
029432ecdf15893b8ff322b7,41414,020527,SUPPL,24,http://www.accessdata.fda.gov/drugsatfda_docs/nda/2003/020527_s024_prempro.pdf
16e5b9168ad6557fbd766758,41415,020527,SUPPL,31,http://www.accessdata.fda.gov/drugsatfda_docs/nda/2003/020527_s031_prempro.pdf
c08d2744b0a220d39d2bbaff,41416,020528,SUPPL,1,http://www.accessdata.fda.gov/drugsatfda_docs/nda/97/020528_s001ap.pdf
4b8c18a32e45f50bb60bbd0c,41417,020533,SUPPL,2,http://www.accessdata.fda.gov/drugsatfda_docs/nda/2000/20-533s002_Naropin.html
b4f1e9189ba07270980b5d8e,41418,020538,SUPPL,15,http://www.accessdata.fda.gov/drugsatfda_docs/nda/2002/020538_s015_VivelleTOC.html
03ab48bb8c1d6a26c0ec73aa,41419,020541,SUPPL,6,http://www.accessdata.fda.gov/drugsatfda_docs/nda/2000/20-541S006_Arimidex.html
7d7a34d17fb760d235d2c001,41420,020541,SUPPL,10,http://www.accessdata.fda.gov/drugsatfda_docs/nda/2002/20-541s010_Arimidex.html
f48d0113b51934ee6fb24d36,41421,020547,SUPPL,11,http://www.accessdata.fda.gov/drugsatfda_docs/nda/2000/20547-S011_Accolate.pdf
02aa719d481d9e6cbea9a651,41422,020549,ORIG,1,http://www.accessdata.fda.gov/drugsatfda_docs/nda/97/020549ap.pdf
7a5f1d427acbedfff84408aa,41423,020549,SUPPL,2,http://www.accessdata.fda.gov/drugsatfda_docs/nda/98/20548-S008_Flovent.pdf
51ef031fff99ae829c563246,41424,020549,SUPPL,6,http://www.accessdata.fda.gov/drugsatfda_docs/nda/99/20549-S006_Flovent.pdf
f3592cd9e270aa21c852de2e,41425,020555,SUPPL,4,http://www.accessdata.fda.gov/drugsatfda_docs/nda/98/20555S003_AxidAr.html
6922b428da1894c7aa17a7cd,41426,020560,SUPPL,6,http://www.accessdata.fda.gov/drugsatfda_docs/nda/97/20560ap_s03_s06.pdf
1a46eab2d6234f44bfafbf66,41427,020560,SUPPL,12,http://www.accessdata.fda.gov/drugsatfda_docs/nda/99/020560S12_Fosamax.html
9194e661190aaad3287af89d,41428,020560,SUPPL,14,http://www.accessdata.fda.gov/drugsatfda_docs/nda/99/020560_S014_FOSAMAX TABLETS.pdf
b18bf88d1f61ac9d9ccd4033,41429,020560,SUPPL,16,http://www.accessdata.fda.gov/drugsatfda_docs/nda/99/020560_S016_FOSAMAX.pdf
ddc9a8ee332f9d7afb345770,41430,020560,SUPPL,19,http://www.accessdata.fda.gov/drugsatfda_docs/nda/99/020560_S019_FOSAMAX_TABLETS.pdf
7f4e2a986b8bbaaafe8ececa,41431,020560,SUPPL,29,http://www.accessdata.fda.gov/drugsatfda_docs/nda/2001/020560_S029_FOSAMAX.pdf
96b98ed88d9382dfe2b95cda,41432,020560,SUPPL,41,http://www.accessdata.fda.gov/drugsatfda_docs/nda/2004/020560_s041_FOSAMAX TABS.pdf
0882ceb00a7f3e2efa7ff5ae,41433,020563,SUPPL,3,http://www.accessdata.fda.gov/drugsatfda_docs/nda/97/020563a_s003_071697.pdf
c13d27af51c48f3b7e53fe41,41434,020563,SUPPL,9,http://www.accessdata.fda.gov/drugsatfda_docs/nda/98/020563_S009_Humalog_APPROVAL PACKAGE.pdf
511ac00f4e697a4642946551,41435,020564,SUPPL,7,http://www.accessdata.fda.gov/drugsatfda_docs/nda/99/020564_S007_Epivir.pdf
5c7e71ce9a3e206282d5079c,41436,020564,SUPPL,12,http://www.accessdata.fda.gov/drugsatfda_docs/nda/2001/20-564s012_20-596s013_Epivir.html
7499037d2425793cfe0cfd25,41437,020564,SUPPL,20,http://www.accessdata.fda.gov/drugsatfda_docs/nda/2004/020564_S020_Epivir.pdf
69fc7eb99bbc8053f9b562fb,41438,020564,SUPPL,24,http://www.accessdata.fda.gov/drugsatfda_docs/nda/2006/020564_S024_Epivir.pdf
b1d9720287cf2acd74552d07,41439,020571,SUPPL,6,http://www.accessdata.fda.gov/drugsatfda_docs/nda/98/020571_S006_CAPTOSAR_AP.pdf
569f804f52f04cfa405e8e98,41440,020571,SUPPL,8,http://www.accessdata.fda.gov/drugsatfda_docs/nda/98/020571s008.html
90db061df917b949a55690b3,41441,020571,SUPPL,9,http://www.accessdata.fda.gov/drugsatfda_docs/nda/2000/20571-S009_Camptosar.html
712feda2a83e22403521f636,41442,020578,SUPPL,3,http://www.accessdata.fda.gov/drugsatfda_docs/nda/98/19726-s024_Zoladax.html
c850de5b4256099a569a9029,41443,020579,ORIG,1,http://www.accessdata.fda.gov/drugsatfda_docs/nda/pre96/020579_s000.pdf
359531a412bb8d2f05e068d6,41444,020582,ORIG,1,http://www.accessdata.fda.gov/drugsatfda_docs/nda/97/020582_follistim_toc.html
2aa92067e48b21b57a3eb621,41445,020582,SUPPL,2,http://www.accessdata.fda.gov/drugsatfda_docs/nda/99/020582s002_follistim_toc.html
29296d1a5d3adf040c66db35,41446,020583,ORIG,1,http://www.accessdata.fda.gov/drugsatfda_docs/nda/98/20583_Lotemax.html
e0f3036a6641da3c3afc38d1,41447,020584,SUPPL,1,http://www.accessdata.fda.gov/drugsatfda_docs/nda/98/20-584S001.pdf
f163e040d0fd38b68c51865a,41448,020586,SUPPL,4,http://www.accessdata.fda.gov/drugsatfda_docs/nda/2001/20-586s004_Pranactin.html
caf8b93bdf28b8be49fcbd7e,41449,020588,SUPPL,21,http://www.accessdata.fda.gov/drugsatfda_docs/nda/2003/020588_S021_RISPERDAL_TABLETS.pdf
5e1968cde6c262f59cfe9349,41450,020588,SUPPL,24,"http://www.accessdata.fda.gov/drugsatfda_docs/nda/2006/020272Orig1s036,s041,020588Orig1s024,s028,s029,21444Orig1s008,s015.pdf"
4eb018199e3af52291280eda,41451,020588,SUPPL,28,"http://www.accessdata.fda.gov/drugsatfda_docs/nda/2006/020588s028.pdf020272Orig1s036,s041,020588Orig1s024,s028,s029,21444Orig1s008,s015.pdf"
739957d6c289d9cb9b51524d,41452,020588,SUPPL,36,http://www.accessdata.fda.gov/drugsatfda_docs/nda/2007/020272_s046_risperdal_toc.html
bfd09997fe4610a214e23150,41453,020592,SUPPL,11,http://www.accessdata.fda.gov/drugsatfda_docs/nda/2000/20-592S011_review.pdf
6f85c0f735c4c0686552d2c8,41454,020592,SUPPL,18,http://www.accessdata.fda.gov/drugsatfda_docs/nda/2003/020592_S018_ZYPREXA_AP.pdf
70d798cac6321290dfd9974b,41455,020592,SUPPL,35,http://www.accessdata.fda.gov/drugsatfda_docs/nda/2006/020592Orig1s035.pdf
2f4809201bf2a37ed634b8f8,41456,020592,SUPPL,40,http://www.accessdata.fda.gov/drugsatfda_docs/nda/2009/020592_s40s41_zyprexa_toc.html
3ac6286be5539ef65dee0371,41457,020592,SUPPL,53,http://www.accessdata.fda.gov/drugsatfda_docs/nda/2010/020592Orig1s053.pdf
aa99d6480f2e6ebb1686be84,41458,020592,SUPPL,55,http://www.accessdata.fda.gov/drugsatfda_docs/nda/2010/020592Orig1s055.pdf
d5cba0f85159d4f3f6701237,41459,020593,SUPPL,6,http://www.accessdata.fda.gov/drugsatfda_docs/nda/2002/020593_S006_DEPACON.pdf
127ec3ee07bccb4c04d0d28c,41460,020596,SUPPL,7,http://www.accessdata.fda.gov/drugsatfda_docs/nda/99/020596_S007_Epivir.pdf
108eb08e9f23ef5aeda7ff62,41461,020596,SUPPL,19,http://www.accessdata.fda.gov/drugsatfda_docs/nda/2002/020596_S019_Epivir.pdf
267e68be8fab6517416566f6,41462,020596,SUPPL,25,http://www.accessdata.fda.gov/drugsatfda_docs/nda/2006/020596_S025_Epivir.pdf
2c2a2bc721cd2a2b976b89df,41463,020597,SUPPL,11,http://www.accessdata.fda.gov/drugsatfda_docs/nda/2000/020597Orig1s011Approv.pdf
8a528704e5233d4610d5f49e,41464,020597,SUPPL,13,http://www.accessdata.fda.gov/drugsatfda_docs/nda/2000/020597Orig1s013Approv.pdf
8b236aaa42bb483b37ab0665,41465,020599,SUPPL,2,http://www.accessdata.fda.gov/drugsatfda_docs/nda/2003/020599Orig1s002.pdf
cb6da83b9d7550267a2fa353,41466,020599,SUPPL,3,http://www.accessdata.fda.gov/drugsatfda_docs/nda/2003/020599Orig1s003.pdf
e7afde0b57c98ddb78415806,41467,020599,SUPPL,12,"http://www.accessdata.fda.gov/drugsatfda_docs/nda/2009/020599Orig1s011,s012.pdf"
7094b1a471e8fb86650e02e0,41468,020599,SUPPL,13,http://www.accessdata.fda.gov/drugsatfda_docs/nda/2009/020599Orig1s013.pdf
4d5cc7975391d376a0361df3,41469,020600,ORIG,1,http://www.accessdata.fda.gov/drugsatfda_docs/nda/97/020600_tazorac_toc.html
7b6c63652ec130e79786d3a4,41470,020601,SUPPL,2,http://www.accessdata.fda.gov/drugsatfda_docs/nda/99/20-603s002_Ibuprofen.html
7b6c63652ec130e79786d3a4,41471,020602,SUPPL,3,http://www.accessdata.fda.gov/drugsatfda_docs/nda/99/20-603s002_Ibuprofen.html
fe82a92f87b90ec3570bd1f9,41472,020603,SUPPL,1,http://www.accessdata.fda.gov/drugsatfda_docs/nda/98/20-603s001_Ibuprofen.html
1d70887659f6b8ea9f30a750,41473,020604,SUPPL,12,http://www.accessdata.fda.gov/drugsatfda_docs/nda/2000/020604_s012_SAIZEN INJECTION.pdf
402815a1b465754a354f1583,41474,020604,SUPPL,27,http://www.accessdata.fda.gov/drugsatfda_docs/nda/2003/020604_s027_SEROSTIM.pdf
58bf7be8010af566defbd9d9,41475,020604,SUPPL,40,http://www.accessdata.fda.gov/drugsatfda_docs/nda/2007/020604_s040_serostim.pdf
3d3b7510539bd342be462a91,41476,020605,ORIG,1,http://www.accessdata.fda.gov/drugsatfda_docs/nda/97/020605ap.pdf
3fd4191bcd1a72855c64cdca,41477,020605,SUPPL,8,http://www.accessdata.fda.gov/drugsatfda_docs/nda/2005/020605_s008_Zofran Tabs.pdf
0fbbebd56dfe55eab8b850a0,41478,020607,ORIG,1,http://www.accessdata.fda.gov/drugsatfda_docs/nda/97/020607_arthrotec_toc.html
11ee2681e5d7dfc6a05ceba5,41479,020607,SUPPL,4,http://www.accessdata.fda.gov/drugsatfda_docs/nda/99/20607s4.pdf
16c8ddbda350009173d01fb2,41480,020612,SUPPL,2,http://www.accessdata.fda.gov/drugsatfda_docs/nda/99/020612_S002_Lidoderm Patch_APPROVAL PACKAGE.pdf
79ee8bb7707e4950b21c016d,41481,020613,SUPPL,18,http://www.accessdata.fda.gov/drugsatfda_docs/nda/2001/20-490s007_Alphagan.html
3ce946886c90ba007c4c066a,41482,020615,ORIG,1,http://www.accessdata.fda.gov/drugsatfda_docs/nda/96/020615ap.pdf
693343aab11427041b90ad1e,41483,020616,SUPPL,17,http://www.accessdata.fda.gov/drugsatfda_docs/nda/2007/020616_S017_KADIAN.pdf
24d6fbc03cc2fcfa831502d5,41484,020616,SUPPL,21,http://www.accessdata.fda.gov/drugsatfda_docs/nda/2007/020616_S021_KADIAN.pdf
1d972d18ede20c71be89be86,41485,020622,SUPPL,15,http://www.accessdata.fda.gov/drugsatfda_docs/nda/2001/020622_S015_COPAXONE_INJECTION_AP.pdf
b660cbea25385bda3d0769d6,41486,020623,ORIG,1,http://www.accessdata.fda.gov/drugsatfda_docs/nda/97/020623_anzemet_toc.html
86351f913fad04bac01193e9,41487,020624,ORIG,1,http://www.accessdata.fda.gov/drugsatfda_docs/nda/97/020624_anzemet_toc.html
755ca526602ba31d61ac595b,41488,020624,SUPPL,9,http://www.accessdata.fda.gov/drugsatfda_docs/nda/2003/020624_S009_ANZEMET.pdf
97136348a83a1e4341a0fe2a,41489,020625,SUPPL,6,http://www.accessdata.fda.gov/drugsatfda_docs/nda/98/020625_s006_ALLEGRA TABLETS.pdf
2f19156e37b5bf9015865228,41490,020625,SUPPL,7,http://www.accessdata.fda.gov/drugsatfda_docs/nda/98/020625_s007_ALLEGRA TABLETS.pdf
6a31dc7c6215ea9cbcb459c6,41491,020625,SUPPL,8,http://www.accessdata.fda.gov/drugsatfda_docs/nda/2000/020625_s008_ALLEGRA_TABLETS.pdf
bd17472aba2032a6906929e8,41492,020626,ORIG,1,http://www.accessdata.fda.gov/drugsatfda_docs/nda/97/020626_imitrex_toc.html
0be257591c92204c1a8ffda8,41493,020628,SUPPL,7,http://www.accessdata.fda.gov/drugsatfda_docs/nda/97/20628ap_s007.pdf
adf87ba5d799d40e523e7993,41494,020628,SUPPL,20,http://www.accessdata.fda.gov/drugsatfda_docs/nda/2003/020628_S020_INVIRASE.pdf
d79556f7db0d1d29f9f13f04,41495,020632,ORIG,1,http://www.accessdata.fda.gov/drugsatfda_docs/nda/97/20632_meridia.html
52286a6130efb66ce2d95b5f,41496,020632,SUPPL,4,http://www.accessdata.fda.gov/drugsatfda_docs/nda/99/020632_S004_MERIDA_CAPSULES.pdf
a095249c6221261f755c8877,41497,020632,SUPPL,14,http://www.accessdata.fda.gov/drugsatfda_docs/nda/2002/020632_S014_MERIDIA.pdf
c7cf92c1c7ad2bd06a614130,41498,020632,SUPPL,17,http://www.accessdata.fda.gov/drugsatfda_docs/nda/2003/020632_S017_MERIDIA_AP.pdf
87d7f736b5fef7b6e650ff41,41499,020634,ORIG,1,http://www.accessdata.fda.gov/drugsatfda_docs/nda/96/020634_levaquin_toc.html
c17c835229e1e7e7c47e72af,41500,020634,SUPPL,9,http://www.accessdata.fda.gov/drugsatfda_docs/nda/2000/20-634s008s009_20-635s007s008_Levaquin.html
88be5c3e0af7b27e7d997343,41501,020634,SUPPL,22,http://www.accessdata.fda.gov/drugsatfda_docs/nda/2001/20-634s015s021s022_020635s012s019s020_LevaquinTOC.html
4ebb33b23542368edbd07380,41502,020634,SUPPL,27,http://www.accessdata.fda.gov/drugsatfda_docs/nda/2003/020634_S027_LEVAQUIN.pdf
19573efff86fa0991f646ed8,41503,020634,SUPPL,33,http://www.accessdata.fda.gov/drugsatfda_docs/nda/2004/020634_S033_Levaquin.pdf
4f86a04e34ba3f7bf464ac88,41504,020634,SUPPL,34,http://www.accessdata.fda.gov/drugsatfda_docs/nda/2004/020634_S034_Levaquin.pdf
4e0c907d9a29959e0312355a,41505,020634,SUPPL,61,"http://www.accessdata.fda.gov/drugsatfda_docs/nda/2012/020634Orig1s061, 020635Orig1s067, 021721Orig1s028TOC.html"
8f189530dd4ed47edae9dd7e,41506,020634,SUPPL,62,http://www.accessdata.fda.gov/drugsatfda_docs/nda/2011/020634Orig1s062s064.pdf
8f189530dd4ed47edae9dd7e,41507,020634,SUPPL,64,http://www.accessdata.fda.gov/drugsatfda_docs/nda/2011/020634Orig1s062s064.pdf
c17c835229e1e7e7c47e72af,41508,020635,SUPPL,8,http://www.accessdata.fda.gov/drugsatfda_docs/nda/2000/20-634s008s009_20-635s007s008_Levaquin.html
a7fd401f326653a7cf59bcca,41509,020635,SUPPL,26,http://www.accessdata.fda.gov/drugsatfda_docs/nda/2003/020635_S026_LEVAQUIN.pdf
10b717103f7ca884898a0fc5,41510,020635,SUPPL,27,http://www.accessdata.fda.gov/drugsatfda_docs/nda/2003/020635_S027_LEVAQUIN.pdf
4e0c907d9a29959e0312355a,41511,020635,SUPPL,67,"http://www.accessdata.fda.gov/drugsatfda_docs/nda/2012/020634Orig1s061, 020635Orig1s067, 021721Orig1s028TOC.html"
fafa3b66c000745e006159f7,41512,020635,SUPPL,68,http://www.accessdata.fda.gov/drugsatfda_docs/nda/2011/020635Orig1s068s070.pdf
ee67e30ca32d75f126e56d3a,41513,020636,SUPPL,7,http://www.accessdata.fda.gov/drugsatfda_docs/nda/98/020636_S007_VIRAMUNE.pdf
11c13af9b76c8db0c08916c0,41514,020639,ORIG,1,http://www.accessdata.fda.gov/drugsatfda_docs/nda/97/20639_seroquel_toc.html
fa378d1c079095a5b8f0a419,41515,020639,SUPPL,16,http://www.accessdata.fda.gov/drugsatfda_docs/nda/2004/020639_S016&S017_SEROQUEL TABLETS.pdf
fed286d31cba5ddd10b5aaca,41516,020639,SUPPL,37,http://www.accessdata.fda.gov/drugsatfda_docs/nda/2008/020639s037.pdf
494c401af90072922644b0f5,41517,020641,SUPPL,3,"http://www.accessdata.fda.gov/drugsatfda_docs/nda/1998/019670_s012,19658s14,20470s7,20641s3,20704s4_ClaritinDTOC.cfml"
72422918e824d2ed1dfc38dd,41518,020641,SUPPL,9,"http://www.accessdata.fda.gov/drugsatfda_docs/nda/2002/19670s18,20470s16,19658s18,20704s8,20641s9_Claritin.html"
0a82ca2f45d750579a3bbc1b,41519,020645,ORIG,1,http://www.accessdata.fda.gov/drugsatfda_docs/nda/2005/020645s000TOC.html
dd85b5dcc11e9d17d23a5ad8,41520,020646,ORIG,1,http://www.accessdata.fda.gov/drugsatfda_docs/nda/97/020646_gabitril_toc.html
418dde8a8f0bde34b0f51503,41521,020647,SUPPL,3,http://www.accessdata.fda.gov/drugsatfda_docs/nda/97/020647a_s01_s02_s03.pdf
109b762fe5ecb289165d7e32,41522,020649,ORIG,1,http://www.accessdata.fda.gov/drugsatfda_docs/nda/97/020649_edex_toc.html
2c08d733cca356293e786f09,41523,020655,SUPPL,8,http://www.accessdata.fda.gov/drugsatfda_docs/nda/2002/20-665s008_Alora.html
9aaf9c0123e77ab7735c932b,41524,020657,SUPPL,4,http://www.accessdata.fda.gov/drugsatfda_docs/nda/2001/20-966S001_Sporanox.html
9aaf9c0123e77ab7735c932b,41525,020657,SUPPL,5,http://www.accessdata.fda.gov/drugsatfda_docs/nda/2001/20-966S001_Sporanox.html
82c3880c9a9c9b0e6d500d7c,41526,020658,ORIG,1,http://www.accessdata.fda.gov/drugsatfda_docs/nda/97/020658_requip_toc.html
b6ddb259c8ed894b30264152,41527,020658,SUPPL,13,http://www.accessdata.fda.gov/drugsatfda_docs/nda/2005/020658Orig1s013.pdf
919c7de985acf96edb8db40c,41528,020659,SUPPL,13,http://www.accessdata.fda.gov/drugsatfda_docs/nda/99/020659s013_020680s011_Norvir.html
b24c222707a98b2712c478ad,41529,020659,SUPPL,33,http://www.accessdata.fda.gov/drugsatfda_docs/nda/2005/020659_S033_NORVIR.pdf
b3f7b1571aa40d0b7d4bf7df,41530,020659,SUPPL,34,http://www.accessdata.fda.gov/drugsatfda_docs/nda/2005/020659_S034_NORVIR.pdf
48c6e2923c8f6493ff04cb07,41531,020665,ORIG,1,http://www.accessdata.fda.gov/drugsatfda_docs/nda/pre96/020665_s000.pdf
d690ba91718c0e2359c13243,41532,020665,SUPPL,4,http://www.accessdata.fda.gov/drugsatfda_docs/nda/98/020665s004_diovan_toc.html
f195785fa3965c64d44b28e8,41533,020665,SUPPL,16,http://www.accessdata.fda.gov/drugsatfda_docs/nda/2002/21-283s001_Diovan.html
b6dffb278322be176c3002f9,41534,020667,ORIG,1,http://www.accessdata.fda.gov/drugsatfda_docs/nda/98/020667.html
694c1a6326b8ee75154bb4aa,41535,020668,SUPPL,2,http://www.accessdata.fda.gov/drugsatfda_docs/nda/1998/020668_S002_Lexxel Tablets.pdf
9baf1765c1da6d6b1fec015e,41536,020670,SUPPL,9,http://www.accessdata.fda.gov/drugsatfda_docs/nda/2002/020670s009Approv.pdf
4e8501175de2b693236ff3f2,41537,020670,SUPPL,14,http://www.accessdata.fda.gov/drugsatfda_docs/nda/2007/020670Orig1s014.pdf
35bea5276001b870b8697b07,41538,020676,ORIG,1,http://www.accessdata.fda.gov/drugsatfda_docs/nda/97/020676_vagistat-1_toc.html
f1205d3ec8cb2b41986a57bc,41539,020677,SUPPL,1,http://www.accessdata.fda.gov/drugsatfda_docs/nda/99/20-677s001s002_Zagam.html
65e41ecf8dd90955f90ab048,41540,020677,SUPPL,3,http://www.accessdata.fda.gov/drugsatfda_docs/nda/99/20-677s003_Zagam.html
6da0c2e3f2c07734c2a3b32c,41541,020678,ORIG,1,http://www.accessdata.fda.gov/drugsatfda_docs/nda/97/020678ap.pdf
c5799c17e5fc7ff0457c1a94,41542,020678,SUPPL,3,http://www.accessdata.fda.gov/drugsatfda_docs/nda/2000/20-678s003_Clinimax%20E.html
919c7de985acf96edb8db40c,41543,020680,SUPPL,11,http://www.accessdata.fda.gov/drugsatfda_docs/nda/99/020659s013_020680s011_Norvir.html
0c4511ca39a660457257b2d3,41544,020682,SUPPL,1,http://www.accessdata.fda.gov/drugsatfda_docs/nda/99/020682S001_Glyset.html
238aedb1bc768f19e6c2aa6b,41545,020685,SUPPL,5,http://www.accessdata.fda.gov/drugsatfda_docs/nda/97/020685_s005ap.pdf
54f0359a223337877367a3b4,41546,020685,SUPPL,22,http://www.accessdata.fda.gov/drugsatfda_docs/nda/98/020685s022.pdf
5e00c213d54a0201415643fc,41547,020685,SUPPL,43,http://www.accessdata.fda.gov/drugsatfda_docs/nda/2000/20-685-S043.pdf
8ae47eb4c6477fe8afb369e4,41548,020685,SUPPL,46,http://www.accessdata.fda.gov/drugsatfda_docs/nda/2004/020685_S046_Crixivan.pdf
9562808e18a4180af7c0009c,41549,020685,SUPPL,47,http://www.accessdata.fda.gov/drugsatfda_docs/nda/2004/020685_S047_Crixivan.pdf
f2a7a950e90d644a02f4b174,41550,020685,SUPPL,52,http://www.accessdata.fda.gov/drugsatfda_docs/nda/2001/020685_S052_Crixivan.pdf
78df1b082e75410d9720b4b9,41551,020685,SUPPL,54,http://www.accessdata.fda.gov/drugsatfda_docs/nda/2001/020685_S054_Crixivan.pdf
2cd71677ebef7bdee99ddea7,41552,020685,SUPPL,60,http://www.accessdata.fda.gov/drugsatfda_docs/nda/2004/020685_S060_Crixivan.pdf
8736cb131c9b391752e29eb8,41553,020687,ORIG,1,http://www.accessdata.fda.gov/drugsatfda_docs/nda/2000/20687_mifepristone.html
b204d9e88bc1543d60128006,41554,020688,SUPPL,2,http://www.accessdata.fda.gov/drugsatfda_docs/nda/98/020688_S002_PATANOL.pdf
885f52c68e0ee7a657602c21,41555,020688,SUPPL,3,http://www.accessdata.fda.gov/drugsatfda_docs/nda/98/020688_S003_PATANOL.pdf
1b2b94d6ac709017d2f74e30,41556,020688,SUPPL,6,http://www.accessdata.fda.gov/drugsatfda_docs/nda/99/020688_S006_PATANOL.pdf
d52b518641d74edf3fd67163,41557,020688,SUPPL,13,http://www.accessdata.fda.gov/drugsatfda_docs/nda/2001/020688_S013_PATANOL.pdf
4db701472d110838ed34b2d2,41558,020692,ORIG,1,http://www.accessdata.fda.gov/drugsatfda_docs/nda/97/020692s000_SereventTOC.html
903e202a1963d4b29190d7ff,41559,020692,SUPPL,2,"http://www.accessdata.fda.gov/drugsatfda_docs/nda/98/20692S1,2_Serevent.html"
39508daa0b4cffa68debe1d3,41560,020695,ORIG,1,http://www.accessdata.fda.gov/drugsatfda_docs/nda/97/20-695_Raxar_Pharma.pdf
37fca7b90eb523f17274411c,41561,020695,SUPPL,3,http://www.accessdata.fda.gov/drugsatfda_docs/nda/98/20-695s003_Raxar.html
471c0fa50b988f26eddf08f4,41562,020699,SUPPL,5,http://www.accessdata.fda.gov/drugsatfda_docs/nda/2001/020699_s005_EFFEXOR XR_EXTENDED_RELEASE_CAPS.pdf
1098535aac741732c4b50378,41563,020699,SUPPL,10,http://www.accessdata.fda.gov/drugsatfda_docs/nda/2000/020699_S010_EFFEXOR.pdf
c602e1f8b936d2e8d2b32ef8,41564,020699,SUPPL,12,http://www.accessdata.fda.gov/drugsatfda_docs/nda/2000/020699_S012_EFFEXOR_XR.pdf
4443a0b8078c639f6ef6b056,41565,020699,SUPPL,16,"http://www.accessdata.fda.gov/drugsatfda_docs/nda/2001/020151s017s018,020699s015s016EffexorTOC.html"
5fcb86db94abb4dc5aa97bf4,41566,020699,SUPPL,18,"http://www.accessdata.fda.gov/drugsatfda_docs/nda/2003/020151s16s19s20s21s22s23s25,020699s14s18s21s23s26s27s34TOC.html"
5fcb86db94abb4dc5aa97bf4,41567,020699,SUPPL,23,"http://www.accessdata.fda.gov/drugsatfda_docs/nda/2003/020151s16s19s20s21s22s23s25,020699s14s18s21s23s26s27s34TOC.html"
6b92618badb1ce923c48710b,41568,020699,SUPPL,24,http://www.accessdata.fda.gov/drugsatfda_docs/nda/2001/020699_s024_EFFEXOR XR_EXTENDED_RELEASE_CAPS.pdf
fba39211aadcd626e3576ade,41569,020699,SUPPL,25,http://www.accessdata.fda.gov/drugsatfda_docs/nda/2002/020699_S025_EFFEXOR_XR.pdf
5fcb86db94abb4dc5aa97bf4,41570,020699,SUPPL,26,"http://www.accessdata.fda.gov/drugsatfda_docs/nda/2003/020151s16s19s20s21s22s23s25,020699s14s18s21s23s26s27s34TOC.html"
f2cfccd159a215c3d54366fe,41571,020699,SUPPL,28,http://www.accessdata.fda.gov/drugsatfda_docs/nda/2002/020699_S028_EFFEXOR.pdf
5fcb86db94abb4dc5aa97bf4,41572,020699,SUPPL,34,"http://www.accessdata.fda.gov/drugsatfda_docs/nda/2003/020151s16s19s20s21s22s23s25,020699s14s18s21s23s26s27s34TOC.html"
79a26f87fd62571687ffeaf4,41573,020699,SUPPL,38,http://www.accessdata.fda.gov/drugsatfda_docs/nda/2003/020699_S038_EFFEXOR_AP.pdf
70fc8320ff2af9f744f289b7,41574,020699,SUPPL,39,http://www.accessdata.fda.gov/drugsatfda_docs/nda/2004/020699_s039_EFFEXOR XR_EXTENDED_RELEASE_CAPS.pdf
0a98c236c98376e410d3423d,41575,020699,SUPPL,43,http://www.accessdata.fda.gov/drugsatfda_docs/nda/2003/020699_S043_EFFEXOR_AP.pdf
8112ed5dccd5c153b650b882,41576,020699,SUPPL,45,http://www.accessdata.fda.gov/drugsatfda_docs/nda/2004/020699_s045_EFFEXOR_XR_EXTENDED_RELEASE_CAPS.pdf
bb69480b2be3daa571b060f5,41577,020699,SUPPL,48,http://www.accessdata.fda.gov/drugsatfda_docs/nda/2004/020699_S048_EFFEXOR_TABLETS.pdf
5f88373d9a9ef4be4608d503,41578,020699,SUPPL,52,http://www.accessdata.fda.gov/drugsatfda_docs/nda/2004/020699_S052_EFFEXOR_TABLETS.pdf
0d40a80c1d2bfe1d888f0e19,41579,020701,ORIG,1,http://www.accessdata.fda.gov/drugsatfda_docs/nda/97/020701_crinone_toc.html
d1be4caaa65e799c92d7f3e3,41580,020701,SUPPL,9,http://www.accessdata.fda.gov/drugsatfda_docs/nda/2001/020701_S009_CRINONE.pdf
56a3150e7faaf84925a7bb95,41581,020702,SUPPL,4,http://www.accessdata.fda.gov/drugsatfda_docs/nda/98/020702a_s004.pdf
7a3a74b63d2dcea5f5772481,41582,020702,SUPPL,8,http://www.accessdata.fda.gov/drugsatfda_docs/nda/97/020702_S008_LIPITOR_TABLETS_AP.pdf
6f744c7123d73331432b64a2,41583,020702,SUPPL,9,http://www.accessdata.fda.gov/drugsatfda_docs/nda/98/020702_S009_LIPITOR.pdf
58b5e327a5a253f2fe635bd8,41584,020702,SUPPL,12,http://www.accessdata.fda.gov/drugsatfda_docs/nda/98/020702_S012_LIPITOR.pdf
de157526ecb84db40dc795fb,41585,020702,SUPPL,18,http://www.accessdata.fda.gov/drugsatfda_docs/nda/99/020702-S018_Lipitor.html
38e59173faa060f1027310d8,41586,020702,SUPPL,21,http://www.accessdata.fda.gov/drugsatfda_docs/nda/99/020702_S021_LIPITOR.pdf
a6cc298c3b82aa6e385b1829,41587,020702,SUPPL,27,http://www.accessdata.fda.gov/drugsatfda_docs/nda/2004/020702_s027_LIPITOR_TABLETS.pdf
a2e7f9068b5a3dcd939ddd1a,41588,020702,SUPPL,35,http://www.accessdata.fda.gov/drugsatfda_docs/nda/2002/020702_S035_LIPITOR.pdf
96636020eb9a456d2a071c7c,41589,020702,SUPPL,36,http://www.accessdata.fda.gov/drugsatfda_docs/nda/2003/020702_S036_LIPITOR.pdf
8d291c95de7d59ba1fe8f955,41590,020702,SUPPL,39,http://www.accessdata.fda.gov/drugsatfda_docs/nda/2003/020702_s039_LIPITOR_TABLETS.pdf
afcf77085ef92958c7ce31f6,41591,020702,SUPPL,60,http://www.accessdata.fda.gov/drugsatfda_docs/nda/2012/020702s060.pdf
7c44836778b03176549b0a80,41592,020705,SUPPL,3,http://www.accessdata.fda.gov/drugsatfda_docs/nda/99/20-705S003.pdf
82045559e5d447aef2f6d5aa,41593,020705,SUPPL,8,http://www.accessdata.fda.gov/drugsatfda_docs/nda/2001/020705_S008_RescriptorTOC.html
b30e77f25a6d77fd26678c40,41594,020707,ORIG,1,http://www.accessdata.fda.gov/drugsatfda_docs/nda/97/020707_toc.html
38dca9867a21328d12bc9cf8,41595,020708,SUPPL,5,http://www.accessdata.fda.gov/drugsatfda_docs/nda/99/20708s5.html
9826e591da57e749cedfa033,41596,020708,SUPPL,6,http://www.accessdata.fda.gov/drugsatfda_docs/nda/99/020708_S006_Lupron Depot_APPROVAL PACKAGE.pdf
b8d875b16ebc837c4a26b501,41597,020708,SUPPL,20,http://www.accessdata.fda.gov/drugsatfda_docs/nda/2005/020708_S020_Lupron Depot_APPROVAL PACKAGE.pdf
27c039f0feefe42e5b05c44e,41598,020708,SUPPL,21,http://www.accessdata.fda.gov/drugsatfda_docs/nda/2005/020708_S021_Lupron Depot_APPROVAL PACKAGE.pdf
0ccb451fef9b78b878ededc8,41599,020710,SUPPL,1,http://www.accessdata.fda.gov/drugsatfda_docs/nda/1997/020710_S001_PAXIL_TABLETS.pdf
fdcf1462235184eeac9fa99f,41600,020710,SUPPL,2,http://www.accessdata.fda.gov/drugsatfda_docs/nda/98/020710_S002_PAXIL_TABLETS.pdf
0a2c69967ae8f6144f2ccb4e,41601,020710,SUPPL,7,http://www.accessdata.fda.gov/drugsatfda_docs/nda/2000/020710Orig1s007.pdf
61aeabc22575bf7acf979d63,41602,020710,SUPPL,10,http://www.accessdata.fda.gov/drugsatfda_docs/nda/2001/020710Orig1s010.pdf
23e0f18b6f4ca019dc76998a,41603,020710,SUPPL,11,http://www.accessdata.fda.gov/drugsatfda_docs/nda/2001/020710Orig1s011.pdf
3bcafbe9a6f8e090cd313ac3,41604,020711,SUPPL,12,http://www.accessdata.fda.gov/drugsatfda_docs/nda/2001/20-711s12_Zyban.html
6928fc476cdd08d44e8f6922,41605,020711,SUPPL,15,http://www.accessdata.fda.gov/drugsatfda_docs/nda/2002/020711_S015_ZYBAN.pdf
86f93513e6e54ea2e4c6c69b,41606,020714,ORIG,1,http://www.accessdata.fda.gov/drugsatfda_docs/nda/97/020714_nicotrol_toc.html
fe4d482e066b06b790d1dba7,41607,020716,ORIG,1,http://www.accessdata.fda.gov/drugsatfda_docs/nda/97/020716_vicoprofen_toc.html
b130d1b0b701aa78cc32e15d,41608,020717,ORIG,1,http://www.accessdata.fda.gov/drugsatfda_docs/nda/98/020717A_Provigil.html
2e18537554803ced7340a635,41609,020717,SUPPL,1,http://www.accessdata.fda.gov/drugsatfda_docs/nda/99/020717_S001_PROVIGIL_TABS_AP.pdf
477ba79c158925eac46731e5,41610,020717,SUPPL,2,http://www.accessdata.fda.gov/drugsatfda_docs/nda/2000/020717_S002_PROVIGIL_TABS_AP.pdf
5cb36df70b8bed4f51bd6573,41611,020717,SUPPL,4,http://www.accessdata.fda.gov/drugsatfda_docs/nda/2001/020717_S004_PROVIGIL_TABS_AP.pdf
71ad1ce7cd8bed419c6a891f,41612,020717,SUPPL,6,http://www.accessdata.fda.gov/drugsatfda_docs/nda/2003/020717_S006_PROVIGIL_TABS.pdf
333e96f0fa82ae715e9e3e6b,41613,020718,SUPPL,2,http://www.accessdata.fda.gov/drugsatfda_docs/nda/99/20718S002_Integrilin.html
61e727a4c0fd1ef82918a4a5,41614,020719,SUPPL,12,http://www.accessdata.fda.gov/drugsatfda_docs/nda/99/20719S12_Prelay.html
78431aaa2ea4c72db82e4708,41615,020720,SUPPL,1,http://www.accessdata.fda.gov/drugsatfda_docs/nda/97/020720a_s001_thru_s007.pdf
ecf8b2154dce7a28942c134d,41616,020720,SUPPL,2,http://www.accessdata.fda.gov/drugsatfda_docs/nda/97/020720_s02_s03_s05ap.pdf
ecf8b2154dce7a28942c134d,41617,020720,SUPPL,3,http://www.accessdata.fda.gov/drugsatfda_docs/nda/97/020720_s02_s03_s05ap.pdf
78431aaa2ea4c72db82e4708,41618,020720,SUPPL,4,http://www.accessdata.fda.gov/drugsatfda_docs/nda/97/020720a_s001_thru_s007.pdf
ecf8b2154dce7a28942c134d,41619,020720,SUPPL,5,http://www.accessdata.fda.gov/drugsatfda_docs/nda/97/020720_s02_s03_s05ap.pdf
78431aaa2ea4c72db82e4708,41620,020720,SUPPL,7,http://www.accessdata.fda.gov/drugsatfda_docs/nda/97/020720a_s001_thru_s007.pdf
d236d8457734d03a21ba8b96,41621,020720,SUPPL,14,http://www.accessdata.fda.gov/drugsatfda_docs/nda/99/20720S12S14_Rezulin.html
e44ffe532e7d6b8b10219a17,41623,020726,ORIG,1,http://www.accessdata.fda.gov/drugsatfda_docs/nda/97/020726_femara_toc.html
a5fd65a6fec0f4af42b8ad21,41624,020732,ORIG,1,http://www.accessdata.fda.gov/drugsatfda_docs/nda/2002/20-732_20-733_Subutex.html
a5fd65a6fec0f4af42b8ad21,41625,020733,ORIG,1,http://www.accessdata.fda.gov/drugsatfda_docs/nda/2002/20-732_20-733_Subutex.html
f647fc0131cd1fd7ff00062a,41626,020738,SUPPL,1,http://www.accessdata.fda.gov/drugsatfda_docs/nda/98/020738s001_teveten_toc.html
bc79b145978257993eeebfee,41627,020738,SUPPL,4,http://www.accessdata.fda.gov/drugsatfda_docs/nda/99/20738-s004_teveten.pdf
7296ca3bcbaffcea49c7a092,41628,020740,SUPPL,6,http://www.accessdata.fda.gov/drugsatfda_docs/nda/2001/20-740S006_Baycol.pdf
5f94a5c47cc12f6b3fc67460,41629,020740,SUPPL,8,http://www.accessdata.fda.gov/drugsatfda_docs/nda/2000/20-740S008_Baycol.html
efe6b3271cd5a632572c4699,41630,020740,SUPPL,10,http://www.accessdata.fda.gov/drugsatfda_docs/nda/99/020740_S010_BAYCOL.pdf
58a45ddf8139d3343fb0c463,41631,020740,SUPPL,12,http://www.accessdata.fda.gov/drugsatfda_docs/nda/2000/020740_S012_BAYCOL.pdf
5f94a5c47cc12f6b3fc67460,41632,020740,SUPPL,13,http://www.accessdata.fda.gov/drugsatfda_docs/nda/2000/20-740S008_Baycol.html
96ab517b047595a3d18b116a,41633,020740,SUPPL,18,http://www.accessdata.fda.gov/drugsatfda_docs/nda/2001/20-740S018_Baycol.pdf
e0ff6efb6adf956c3dce9e1e,41634,020740,SUPPL,19,http://www.accessdata.fda.gov/drugsatfda_docs/nda/2001/20-740S019_Baycol.pdf
134d2dbd55d21b0344d6bbcc,41635,020741,SUPPL,16,http://www.accessdata.fda.gov/drugsatfda_docs/nda/2002/020741_S016_PRANDIN_TABS_AP.pdf
a8a3eabb6e1601df85008c3a,41636,020741,SUPPL,19,http://www.accessdata.fda.gov/drugsatfda_docs/nda/2003/020741_S019_PRANDIN_TABS_AP.pdf
eb4178531f3efa6af259eb8a,41637,020741,SUPPL,30,http://www.accessdata.fda.gov/drugsatfda_docs/nda/2006/020741_S030_PRANDIN_TABS_AP.pdf
10a8ce8bd49c99a5022ba2fa,41638,020743,ORIG,1,http://www.accessdata.fda.gov/drugsatfda_docs/nda/97/020743_noritate_toc.html
898408934a1e43e7fcaf96cc,41639,020745,ORIG,1,http://www.accessdata.fda.gov/drugsatfda_docs/nda/98/020745_s000_Zantac.html
08dd6490220154b8b48e3796,41640,020746,ORIG,1,http://www.accessdata.fda.gov/drugsatfda_docs/nda/99/20746_Rhinocort.html
3099e994fa46a36b8568a523,41641,020747,ORIG,1,http://www.accessdata.fda.gov/drugsatfda_docs/nda/98/20747_Actiq.html
6e2ec4564d41f63d15b5e8cf,41642,020749,ORIG,1,http://www.accessdata.fda.gov/drugsatfda_docs/nda/97/020749_lamisil_toc.html
1f622162588059ce4e90cf1c,41643,020750,ORIG,1,http://www.accessdata.fda.gov/drugsatfda_docs/nda/97/020750_Tilade_toc.html
d7870391bcbbfbbb89219e25,41644,020752,SUPPL,2,http://www.accessdata.fda.gov/drugsatfda_docs/nda/99/19462s27.pdf
59a394b1e3d13a1a7fd0cad6,41645,020756,ORIG,1,http://www.accessdata.fda.gov/drugsatfda_docs/nda/97/020756_crinone_toc.html
2b9d5fe1a677bc78ecc5953e,41646,020757,ORIG,1,http://www.accessdata.fda.gov/drugsatfda_docs/nda/97/020757_020758_toc.html
81ba9463fc553f0d1f47fd29,41647,020757,SUPPL,1,http://www.accessdata.fda.gov/drugsatfda_docs/nda/97/20-757s001_Avapro.PDF
2b118c093dec8b6b30b48f66,41648,020757,SUPPL,2,http://www.accessdata.fda.gov/drugsatfda_docs/nda/98/20-757s002_Avapro.PDF
3de1297588affd59b01ca435,41649,020757,SUPPL,4,http://www.accessdata.fda.gov/drugsatfda_docs/nda/98/20-757s004_Avapro.PDF
0104632078659fad5c61e3d4,41650,020757,SUPPL,5,http://www.accessdata.fda.gov/drugsatfda_docs/nda/98/20-757s005_Avapro.PDF
e67c2c08ddb5df56a437ef3a,41651,020757,SUPPL,7,http://www.accessdata.fda.gov/drugsatfda_docs/nda/99/20-757s007_Avapro.PDF
6a053ee905f68e613a261746,41652,020757,SUPPL,8,http://www.accessdata.fda.gov/drugsatfda_docs/nda/99/20-757s008_Avapro.PDF
8ae62b010ee861ae6fbb5b53,41653,020757,SUPPL,13,http://www.accessdata.fda.gov/drugsatfda_docs/nda/2000/20-757s013_Avapro.pdf
77bf1026de071bb859fdcb30,41654,020757,SUPPL,15,http://www.accessdata.fda.gov/drugsatfda_docs/nda/2000/20757-s015_avapro.pdf
a3cd8abc94a23d6db94f6109,41655,020757,SUPPL,16,http://www.accessdata.fda.gov/drugsatfda_docs/nda/2000/20757-s016_avapro.pdf
338dd693bb83d721086150c5,41656,020757,SUPPL,18,http://www.accessdata.fda.gov/drugsatfda_docs/nda/2001/20-757s018_Avapro_P1.pdf
95d2498d0c846c993a6932cd,41657,020757,SUPPL,21,http://www.accessdata.fda.gov/drugsatfda_docs/nda/2002/20-757s021_Avapro.html
939f7ec8ee59809d2d64afa7,41658,020757,SUPPL,22,http://www.accessdata.fda.gov/drugsatfda_docs/nda/2002/20-757s022_Avapro.PDF
805ebb422f7bef4aa81eedc8,41659,020757,SUPPL,24,http://www.accessdata.fda.gov/drugsatfda_docs/nda/2003/20-757s024_Avapro_P1.PDF
dc1354f3a08c35805bc2483f,41660,020757,SUPPL,27,http://www.accessdata.fda.gov/drugsatfda_docs/nda/2003/20-757s027_Avapro.PDF
969d1d72b7b4b679a1015029,41661,020757,SUPPL,28,http://www.accessdata.fda.gov/drugsatfda_docs/nda/2003/20-757s028_Avapro_P2.PDF
9482143cc7f1cc3745dbff95,41662,020757,SUPPL,31,http://www.accessdata.fda.gov/drugsatfda_docs/nda/2004/20-757s031_Avapro.PDF
c9027abced8e73e0a41167bd,41663,020757,SUPPL,32,http://www.accessdata.fda.gov/drugsatfda_docs/nda/2004/20-757s032_Avapro.PDF
8f61451b849cce7fa79f64b1,41664,020757,SUPPL,39,http://www.accessdata.fda.gov/drugsatfda_docs/nda/2006/020757_s039_avapro.pdf
805ebb422f7bef4aa81eedc8,41665,020758,SUPPL,23,http://www.accessdata.fda.gov/drugsatfda_docs/nda/2003/20-757s024_Avapro_P1.PDF
3e6e5e2a69f4ba1ab22922ea,41666,020758,SUPPL,28,http://www.accessdata.fda.gov/drugsatfda_docs/nda/2003/20-757s029_Avapro_P1.PDF
dbe1a533ab1a746539ae5485,41667,020758,SUPPL,30,http://www.accessdata.fda.gov/drugsatfda_docs/nda/2004/20-758s030_Avalide.pdf
257c42cbc0fcf090f344bb6f,41668,020759,ORIG,1,http://www.accessdata.fda.gov/drugsatfda_docs/nda/97/020760a.html
3ea7ca801634c7469564c9ae,41669,020760,ORIG,1,http://www.accessdata.fda.gov/drugsatfda_docs/nda/97/020760a.pdf
c1b9a59546d332e1c23fd7cf,41670,020762,ORIG,1,http://www.accessdata.fda.gov/drugsatfda_docs/nda/pre96/020762_s000.pdf
82b026935ab58e8ff8550906,41671,020762,SUPPL,1,http://www.accessdata.fda.gov/drugsatfda_docs/nda/98/20762-S001_Nasonex.pdf
80924bf8aff4adbdb980e9ee,41672,020762,SUPPL,7,http://www.accessdata.fda.gov/drugsatfda_docs/nda/2004/020762_S007_NASONEX_AQUEOUS_NASAL_SPRAY.pdf
5b36383e7702b80e19b86051,41673,020762,SUPPL,14,http://www.accessdata.fda.gov/drugsatfda_docs/nda/2003/020762_S014_NASONEX_AP.pdf
a632c326acac3b9c0fd7770e,41674,020762,SUPPL,23,http://www.accessdata.fda.gov/drugsatfda_docs/nda/2004/020762Orig1s023_FINAL_corrected.pdf
2e307c0164f6e2b8b6141279,41675,020762,SUPPL,49,http://www.accessdata.fda.gov/drugsatfda_docs/nda/2014/020762Orig1s049.pdf
58bf2173adaf0ac6963bbc4f,41676,020764,SUPPL,5,http://www.accessdata.fda.gov/drugsatfda_docs/nda/2001/020764_S005.pdf
b06fd3614bbcfbbd5da19a7c,41677,020764,SUPPL,11,http://www.accessdata.fda.gov/drugsatfda_docs/nda/2003/020241_S017_020764_S011TOC.html
cf9d79c1a3106824948732ca,41678,020764,SUPPL,20,http://www.accessdata.fda.gov/drugsatfda_docs/nda/2006/020764_s020_Lamictal-optimized.pdf
d154aaa86136ff2c02b1608b,41679,020766,ORIG,1,http://www.accessdata.fda.gov/drugsatfda_docs/nda/99/020766a.html
b2c8587809b80426f8668954,41680,020766,SUPPL,9,http://www.accessdata.fda.gov/drugsatfda_docs/nda/2001/020766_S009_XENICAL_CAPS_AP.pdf
76017baf46185e7d3a13aedf,41681,020766,SUPPL,19,http://www.accessdata.fda.gov/drugsatfda_docs/nda/2004/020766_S019_XENICAL_CAPS_AP.pdf
e0cf4f7aefff02ccbd878beb,41682,020767,SUPPL,9,http://www.accessdata.fda.gov/drugsatfda_docs/nda/2000/20210-S030_Propulsid.pdf
389fd96ebe381420f755c4a1,41683,020767,SUPPL,11,http://www.accessdata.fda.gov/drugsatfda_docs/nda/2000/20767-S011_Propulsid.pdf
da5d326cc85228a5e8f84923,41684,020769,ORIG,1,http://www.accessdata.fda.gov/drugsatfda_docs/nda/97/020769_locoid_toc.html
5d1b202a04cd8160e90cb532,41685,020771,ORIG,1,http://www.accessdata.fda.gov/drugsatfda_docs/nda/98/20771_Detrol.html
72a7faff1845842a35b099e3,41686,020771,SUPPL,9,http://www.accessdata.fda.gov/drugsatfda_docs/nda/2001/020771_s009_DETROL.pdf
e824e398d3e94de3be3b51ff,41687,020773,ORIG,1,http://www.accessdata.fda.gov/drugsatfda_docs/nda/98/20773_SonoRx.html
3f4f3a79c47c876d9b79ff37,41688,020778,SUPPL,12,http://www.accessdata.fda.gov/drugsatfda_docs/nda/2000/020778_S012_VIRACEPT.pdf
f1e6ebdc50c9220f35ae3704,41689,020778,SUPPL,15,http://www.accessdata.fda.gov/drugsatfda_docs/nda/2001/020778_S015_VIRACEPT.pdf
604c2c44ee11b306b440a303,41690,020779,SUPPL,20,http://www.accessdata.fda.gov/drugsatfda_docs/nda/1999/020779_S020_VIRACEPT.pdf
10c7c35fd28db65c613fa381,41691,020779,SUPPL,22,http://www.accessdata.fda.gov/drugsatfda_docs/nda/99/20779S22_viracept.html
bce54f02fafae0e52ee5c2c4,41692,020779,SUPPL,42,http://www.accessdata.fda.gov/drugsatfda_docs/nda/2004/020779_S042_VIRACEPT.pdf
ee89a31924b4d3c817e6576d,41693,020780,SUPPL,1,http://www.accessdata.fda.gov/drugsatfda_docs/nda/98/020780_S001_Cipro.pdf
f9e1d2d43a0f742e86a48e19,41694,020780,SUPPL,2,http://www.accessdata.fda.gov/drugsatfda_docs/nda/98/020780_S002_CIPRO.pdf
db020619dfbdc9340228203f,41695,020780,SUPPL,8,http://www.accessdata.fda.gov/drugsatfda_docs/nda/2000/19-537S038_Cipro.html
bd5cbd176e8961cee9f6b437,41696,020780,SUPPL,13,http://www.accessdata.fda.gov/drugsatfda_docs/nda/2004/019537s49_19847s27_19857s31_20780s13TOC.html
a7b98d88ded1d5558c054fcd,41697,020780,SUPPL,14,http://www.accessdata.fda.gov/drugsatfda_docs/nda/2004/020780_S014_CIPRO.pdf
5bffe5f55f0289a17eed3ab6,41698,020781,ORIG,1,http://www.accessdata.fda.gov/drugsatfda_docs/nda/99/20781_Zofran.pdf
5eb68c8e8c4cd15e8f455a26,41699,020784,ORIG,1,http://www.accessdata.fda.gov/drugsatfda_docs/nda/2004/020784s000TOC.html
c243a826c0e323abc49f1385,41700,020785,SUPPL,14,http://www.accessdata.fda.gov/drugsatfda_docs/label/2001/20785s12s14lbl.pdf
ca846c01ea0d1d082e803010,41701,020786,ORIG,1,http://www.accessdata.fda.gov/drugsatfda_docs/nda/97/020786_allegra-d_toc.html
2eeed83d15b150ab82a1d1f1,41702,020786,SUPPL,1,http://www.accessdata.fda.gov/drugsatfda_docs/nda/98/020786_s001_ALLEGRA TABS.pdf
a6eb9e9c758d849d72a5f204,41703,020786,SUPPL,3,http://www.accessdata.fda.gov/drugsatfda_docs/nda/98/020786_s003_ALLEGRA TABS.pdf
a249caa71c2ff5b8786ce3a5,41704,020786,SUPPL,4,http://www.accessdata.fda.gov/drugsatfda_docs/nda/2000/020786_s004_ALLEGRA CAPSULES.pdf
6f9cbfb6044fa2bb3d689ded,41705,020786,SUPPL,5,http://www.accessdata.fda.gov/drugsatfda_docs/nda/99/020786_s005_ALLEGRA D.pdf
5c1588513bb2803612762a4e,41706,020786,SUPPL,6,http://www.accessdata.fda.gov/drugsatfda_docs/nda/2000/020786_s006_ALLEGRA CAPSULES.pdf
7c6c14234348d08005d5b23b,41707,020786,SUPPL,9,http://www.accessdata.fda.gov/drugsatfda_docs/nda/2001/020786_s009_ALLEGRA D.pdf
ebf003f9e469970674cad738,41708,020789,ORIG,1,http://www.accessdata.fda.gov/drugsatfda_docs/nda/2000/020789_Zonegran.html
2c1c872b9825948a86e3cbda,41709,020800,ORIG,1,http://www.accessdata.fda.gov/drugsatfda_docs/nda/2003/20-800_Twinject.html
2d4ef06d8a98adf546428ad6,41710,020801,ORIG,1,http://www.accessdata.fda.gov/drugsatfda_docs/nda/98/20801.html
cde28b0a721cdb9da6d18acc,41711,020802,ORIG,1,http://www.accessdata.fda.gov/drugsatfda_docs/nda/98/020802_s000_ExcedrinTOC.html
74f1d81722c7860114f38cc3,41712,020802,SUPPL,2,http://www.accessdata.fda.gov/drugsatfda_docs/nda/99/20-802s002_Excedrin.html
4ddd619639b2694515ac7ca5,41713,020803,ORIG,1,http://www.accessdata.fda.gov/drugsatfda_docs/nda/98/020803_alrex_toc.html
ca818f5779fa25a3d67278a4,41714,020805,ORIG,1,http://www.accessdata.fda.gov/drugsatfda_docs/nda/98/20805.html
557470abbd46af228362a841,41715,020808,SUPPL,1,http://www.accessdata.fda.gov/drugsatfda_docs/nda/99/20808-S1_Visipaque.pdf
e1703ba734fa50a013182a53,41716,020809,ORIG,1,http://www.accessdata.fda.gov/drugsatfda_docs/nda/98/20809A_Diclofenac.html
28eda696e3ce6d42ff41be00,41717,020812,SUPPL,7,http://www.accessdata.fda.gov/drugsatfda_docs/nda/2000/020812Orig1s007.pdf
c57c608ef436465381eb7d53,41718,020815,ORIG,1,http://www.accessdata.fda.gov/drugsatfda_docs/nda/97/020815_evista_toc.html
955b0d150460f4ead56cf971,41719,020815,SUPPL,3,http://www.accessdata.fda.gov/drugsatfda_docs/nda/99/20815S3_Evista.html
eef5ef08bc8d1e5355e9b76e,41720,020818,ORIG,1,http://www.accessdata.fda.gov/drugsatfda_docs/nda/98/020818_diovan_toc.html
27cf82a35998b74cd2582e07,41721,020818,SUPPL,16,http://www.accessdata.fda.gov/drugsatfda_docs/nda/2003/20-818s016_Diovan.html
cf11778a4af6ec6e45e539e7,41722,020822,SUPPL,40,http://www.accessdata.fda.gov/drugsatfda_docs/nda/2011/020822Orig1s038s040_021046Orig1s016s017Rev.pdf
653b875ac7d28601e8f78370,41723,020825,ORIG,1,http://www.accessdata.fda.gov/drugsatfda_docs/nda/2001/20-825_Geodan.html
cb49785e26598c74cb9ecdd3,41724,020827,ORIG,1,http://www.accessdata.fda.gov/drugsatfda_docs/nda/98/20827_Monistat3.html
206f5e7a2b3270b43929123b,41725,020828,ORIG,1,http://www.accessdata.fda.gov/drugsatfda_docs/nda/97/020828_fortovase_toc.html
6e448e724cc391c1f60a94ea,41726,020828,SUPPL,19,http://www.accessdata.fda.gov/drugsatfda_docs/nda/2005/020828_S019_FORTOVASE.pdf
5fa9bcab12c8c7ded82cb0e7,41727,020828,SUPPL,20,http://www.accessdata.fda.gov/drugsatfda_docs/nda/2005/020828_S020_FORTOVASE.pdf
504f867492562fb472cf11eb,41728,020829,ORIG,1,http://www.accessdata.fda.gov/drugsatfda_docs/nda/98/020829s000_SingulairTOC.html
9969847566d4f6b02ddec335,41729,020829,SUPPL,1,http://www.accessdata.fda.gov/drugsatfda_docs/nda/99/20830-s001_singulair.pdf
b86fbcbe115e574c4875821a,41730,020829,SUPPL,23,http://www.accessdata.fda.gov/drugsatfda_docs/nda/2003/020829_S023 & 020830_S026 & 021409_S005_SINGULAR_AP.pdf
38e6de88c0b8ed9d7d481e85,41731,020829,SUPPL,26,http://www.accessdata.fda.gov/drugsatfda_docs/nda/2003/020829_S026_SINGULAIR_TABLETS_AP.pdf
3fa4a3819e02d27a4aae0117,41732,020829,SUPPL,33,http://www.accessdata.fda.gov/drugsatfda_docs/nda/2005/020829s033_020830s035_021409s012Approv.pdf
9969847566d4f6b02ddec335,41733,020830,SUPPL,1,http://www.accessdata.fda.gov/drugsatfda_docs/nda/99/20830-s001_singulair.pdf
46d9bc4ae73fa55f51cf8aa9,41734,020830,SUPPL,28,http://www.accessdata.fda.gov/drugsatfda_docs/nda/2003/020830_S028_SINGULAIR_AP.pdf
d8178bf948e33bd1be98de66,41735,020830,SUPPL,29,http://www.accessdata.fda.gov/drugsatfda_docs/nda/2003/020830_S029_SINGULAIR_TABLETS_AP.pdf
164500432e9decea026c27cf,41736,020831,ORIG,1,http://www.accessdata.fda.gov/drugsatfda_docs/nda/2001/20831_Foradil.html
f7b6e107bd3efcc119bedff2,41737,020831,SUPPL,2,http://www.accessdata.fda.gov/drugsatfda_docs/nda/2001/020831_S002_FORADIL_AP.pdf
066cc85b8b0c1152ecc12ce8,41738,020833,ORIG,1,http://www.accessdata.fda.gov/drugsatfda_docs/nda/2000/20-833_Flovent.html
ab73b127957420331ab520de,41739,020835,ORIG,1,http://www.accessdata.fda.gov/drugsatfda_docs/nda/98/20835_Actonel.html
321084cc0549989be690c84c,41740,020835,SUPPL,2,http://www.accessdata.fda.gov/drugsatfda_docs/nda/2000/20835S001_Actonel.html
321084cc0549989be690c84c,41741,020835,SUPPL,3,http://www.accessdata.fda.gov/drugsatfda_docs/nda/2000/20835S001_Actonel.html
665467bdeca3bc5aab5ca258,41742,020835,SUPPL,14,http://www.accessdata.fda.gov/drugsatfda_docs/nda/2004/020835_S014_ACTONEL TABLETS.pdf
93dea0af181cb14925620bf3,41743,020837,SUPPL,10,http://www.accessdata.fda.gov/drugsatfda_docs/nda/2003/020837_S010_Xopenex_APPROVAL PACKAGE.pdf
cc60a659ec79f7ab388f5f4a,41744,020838,SUPPL,15,http://www.accessdata.fda.gov/drugsatfda_docs/nda/2002/20838s015_Atacand.html
0dac447e027eb49fb38788d2,41745,020839,SUPPL,1,http://www.accessdata.fda.gov/drugsatfda_docs/nda/98/020-839_S-001.PDF
a666645af332531ab1e78163,41746,020839,SUPPL,3,http://www.accessdata.fda.gov/drugsatfda_docs/nda/99/020-839_S-003.PDF
836c9a347a10ca1c59143e59,41747,020839,SUPPL,6,http://www.accessdata.fda.gov/drugsatfda_docs/nda/2000/020-839_S-006.PDF
c26eff4860ee4a72fecc2b99,41748,020839,SUPPL,7,http://www.accessdata.fda.gov/drugsatfda_docs/nda/2000/020-839_S-007.PDF
0435159175e3cd81947d947a,41749,020839,SUPPL,9,http://www.accessdata.fda.gov/drugsatfda_docs/nda/2000/020-839_S-009.PDF
592865025e0edbf2d41ac78d,41750,020839,SUPPL,10,http://www.accessdata.fda.gov/drugsatfda_docs/nda/2000/020-839_S-010.PDF
ab709d4ac913244ab7424c83,41751,020839,SUPPL,11,http://www.accessdata.fda.gov/drugsatfda_docs/nda/2000/020-839_S-011.PDF
2cf3a0fc009e913c22686b06,41752,020839,SUPPL,18,http://www.accessdata.fda.gov/drugsatfda_docs/nda/2002/020-839_S-018.PDF
b934d11ef718a4120b241204,41753,020839,SUPPL,19,http://www.accessdata.fda.gov/drugsatfda_docs/nda/2002/20-839s019_ClopidogrelPlavix.html
422f5e2e58450a3f85623fcc,41754,020839,SUPPL,20,http://www.accessdata.fda.gov/drugsatfda_docs/nda/2002/020-839_S-020.PDF
7de9ab5da91a315f762d0fb8,41755,020839,SUPPL,38,http://www.accessdata.fda.gov/drugsatfda_docs/nda/2007/020839Orig1s038.pdf
f2fa58df1cd020ff5441663d,41756,020839,SUPPL,51,http://www.accessdata.fda.gov/drugsatfda_docs/nda/2011/020839Orig1s051TOC.html
c928487b8ada1f0fc7767f17,41757,020843,ORIG,1,http://www.accessdata.fda.gov/drugsatfda_docs/nda/98/020843_s000_PrometriumTOC.html
86b3a65a1813c2ab9443340b,41758,020844,SUPPL,4,http://www.accessdata.fda.gov/drugsatfda_docs/nda/99/20844S4_Topamax.html
a513c462086dfbd2074a9c58,41759,020847,ORIG,1,http://www.accessdata.fda.gov/drugsatfda_docs/nda/98/20847.html
c33f4f68511dbb9ff9d51d66,41760,020850,ORIG,1,http://www.accessdata.fda.gov/drugsatfda_docs/nda/98/20850_Micardis.html
77c049561c9e3eadef10b6f6,41761,020857,SUPPL,11,http://www.accessdata.fda.gov/drugsatfda_docs/nda/2002/020857_S011_Epivir.pdf
121dab70056de7cb00da0491,41762,020860,ORIG,1,http://www.accessdata.fda.gov/drugsatfda_docs/nda/98/20860.html
670f4e141046a0194372d78c,41763,020864,ORIG,1,http://www.accessdata.fda.gov/drugsatfda_docs/nda/98/20864-20865.html
5e5137d57261614409d5dcca,41764,020864,SUPPL,2,http://www.accessdata.fda.gov/drugsatfda_docs/nda/2000/20-864S004_review.pdf
188b3b3eadfbff66e648cad1,41765,020864,SUPPL,5,http://www.accessdata.fda.gov/drugsatfda_docs/nda/2000/20864S-005.pdf
e15b4def4e5e4590fcb9ba51,41766,020864,SUPPL,7,http://www.accessdata.fda.gov/drugsatfda_docs/nda/2000/20864S-007.pdf
670f4e141046a0194372d78c,41767,020865,ORIG,1,http://www.accessdata.fda.gov/drugsatfda_docs/nda/98/20864-20865.html
641f56c94fec0b9d3c12f0ef,41768,020865,SUPPL,2,http://www.accessdata.fda.gov/drugsatfda_docs/nda/2000/20-865S002_review.pdf
5e5137d57261614409d5dcca,41769,020865,SUPPL,4,http://www.accessdata.fda.gov/drugsatfda_docs/nda/2000/20-864S004_review.pdf
8c0376a4150e32821798f899,41770,020865,SUPPL,5,http://www.accessdata.fda.gov/drugsatfda_docs/nda/2000/20865S-005.pdf
c0feaf6a3bf8ed285e6aacd9,41771,020865,SUPPL,9,http://www.accessdata.fda.gov/drugsatfda_docs/nda/2002/020865_s009_MAXALT_TABLETS.pdf
bef85f263aaa009a8420e540,41772,020869,ORIG,1,http://www.accessdata.fda.gov/drugsatfda_docs/nda/98/020869_cosopt_toc.html
cf55a8070dd9a84df51a2682,41773,020869,SUPPL,1,http://www.accessdata.fda.gov/drugsatfda_docs/nda/99/20-869-s-001_cosopt.pdf
c26af7ecb7f7e1d0c4cf00c9,41774,020870,ORIG,1,http://www.accessdata.fda.gov/drugsatfda_docs/nda/98/20870_CombiPatch.html
011678cfe7f8b71744781e8f,41775,020872,ORIG,1,http://www.accessdata.fda.gov/drugsatfda_docs/nda/2000/20-872_Allegra.html
c95d849e21ea1893e660d196,41776,020872,SUPPL,2,http://www.accessdata.fda.gov/drugsatfda_docs/nda/2001/20-872S004_Allegra.pdf
f02f89c0673e44d1626d921f,41777,020872,SUPPL,5,http://www.accessdata.fda.gov/drugsatfda_docs/nda/2001/020872_s005_ALLEGRA_TABLETS.pdf
d7ffd339e39849ee6a02c260,41778,020872,SUPPL,10,http://www.accessdata.fda.gov/drugsatfda_docs/nda/2002/020872_s010_ALLEGRA_TABLETS.pdf
994eba7f76c4c311c04e6479,41779,020874,ORIG,1,http://www.accessdata.fda.gov/drugsatfda_docs/nda/2000/20-874_Lunelle.html
d13edebcabd9597d0f3cb9cf,41780,020882,SUPPL,2,http://www.accessdata.fda.gov/drugsatfda_docs/nda/2000/21-216_20-235S15_20-882S2_21-129S5_Neurontin.html
a796d3074158a929e67a6153,41781,020884,ORIG,1,http://www.accessdata.fda.gov/drugsatfda_docs/nda/99/20884_Aggrenox.html
3167583493dcfa1d7c744b7e,41782,020885,SUPPL,2,http://www.accessdata.fda.gov/drugsatfda_docs/nda/2000/020885Orig1s002.pdf
cb2d6f8637965114b4dcbcfc,41783,020885,SUPPL,3,http://www.accessdata.fda.gov/drugsatfda_docs/nda/2001/020885Orig1s003.pdf
d2c33184deb23cec8d58735e,41784,020895,SUPPL,1,http://www.accessdata.fda.gov/drugsatfda_docs/nda/98/020895_S001_VIAGRA.pdf
98a5880939b571ffe74b3f38,41785,020895,SUPPL,3,http://www.accessdata.fda.gov/drugsatfda_docs/nda/98/020895_S003_VIAGRA.pdf
54070d67b500f9e1f7e519f4,41786,020896,ORIG,1,http://www.accessdata.fda.gov/drugsatfda_docs/nda/98/20896.html
59d3fef402479b54fdf7f661,41787,020896,SUPPL,6,http://www.accessdata.fda.gov/drugsatfda_docs/nda/2001/20896s6_Xeloda.html
59d3fef402479b54fdf7f661,41788,020896,SUPPL,9,http://www.accessdata.fda.gov/drugsatfda_docs/nda/2001/20896s6_Xeloda.html
452daddbd63fac185787312d,41789,020896,SUPPL,11,http://www.accessdata.fda.gov/drugsatfda_docs/nda/2001/20-896S10S11_Xeloda.html
e2938f9ee3265e92bc6fd9e6,41790,020897,SUPPL,2,http://www.accessdata.fda.gov/drugsatfda_docs/nda/99/020897_S002_DITROPAN_AP.pdf
e02db790a46e08a2ce4b2317,41792,020902,ORIG,1,http://www.accessdata.fda.gov/drugsatfda_docs/nda/99/020902_Pepcid.html
531d25dce596bf2eb0587d9f,41793,020903,ORIG,1,http://www.accessdata.fda.gov/drugsatfda_docs/nda/98/020903_rebetol_toc.html
a336bb976f33a888c7bc2540,41794,020903,SUPPL,7,http://www.accessdata.fda.gov/drugsatfda_docs/nda/2001/20-903S006S007_Rebetol.pdf
2fee05d28fc41ee87c29b290,41795,020903,SUPPL,11,http://www.accessdata.fda.gov/drugsatfda_docs/nda/2001/20-903s008s011s012s016_Rebetol.html
2fee05d28fc41ee87c29b290,41796,020903,SUPPL,12,http://www.accessdata.fda.gov/drugsatfda_docs/nda/2001/20-903s008s011s012s016_Rebetol.html
02410397f3483a8b8eed5a5a,41797,020903,SUPPL,20,http://www.accessdata.fda.gov/drugsatfda_docs/nda/2002/20-903s020_Rebetol.html
6e9713b7b67c3583c3f5f372,41799,020905,SUPPL,12,http://www.accessdata.fda.gov/drugsatfda_docs/nda/2004/020905_S012_ARAVA.pdf
d15c109f31c980c221af08b2,41800,020906,ORIG,1,http://www.accessdata.fda.gov/drugsatfda_docs/nda/98/20906.html
8d1333e1ea25c65a28c93d94,41801,020907,ORIG,1,http://www.accessdata.fda.gov/drugsatfda_docs/nda/98/20907.html
de5bd9439b575fa50da7df7d,41802,020907,SUPPL,1,http://www.accessdata.fda.gov/drugsatfda_docs/nda/99/020907_S001.pdf
a1a411713b269934cf040937,41803,020907,SUPPL,3,http://www.accessdata.fda.gov/drugsatfda_docs/nda/2000/020907_S003.pdf
96a936ee0c36ea900f946a4c,41804,020907,SUPPL,4,http://www.accessdata.fda.gov/drugsatfda_docs/nda/2000/020907_S004.pdf
b5eb67faf4b9b65e122e2e61,41805,020907,SUPPL,6,http://www.accessdata.fda.gov/drugsatfda_docs/nda/2002/020907_S006.pdf
aa158cc88afebeb9fd694a20,41806,020911,ORIG,1,http://www.accessdata.fda.gov/drugsatfda_docs/nda/2000/20-911_Qvar.html
dd4cfadae094882a34c6003a,41807,020913,ORIG,1,http://www.accessdata.fda.gov/drugsatfda_docs/nda/98/20913.pdf
ab38e17ee771fdc4cbc55286,41808,020913,SUPPL,4,http://www.accessdata.fda.gov/drugsatfda_docs/nda/2000/20912-s004_aggrasat.pdf
5c0bc449993ddc7de5b6687a,41809,020918,ORIG,1,http://www.accessdata.fda.gov/drugsatfda_docs/nda/98/020918s000_GlucagenTOC.html
9a133616db0843bf66a029f8,41810,020918,SUPPL,3,http://www.accessdata.fda.gov/drugsatfda_docs/nda/2002/020918_S003_GLUCAGEN.pdf
0c5237d087d12c6ef71c9338,41811,020918,SUPPL,8,http://www.accessdata.fda.gov/drugsatfda_docs/nda/2004/020918_S008_GLUCAGEN.pdf
b0626016f7bf77f5ec1c50c7,41812,020919,ORIG,1,http://www.accessdata.fda.gov/drugsatfda_docs/nda/2002/20-919_Geodon.html
fd3efeea491fd2ac922230df,41813,020920,ORIG,1,http://www.accessdata.fda.gov/drugsatfda_docs/nda/2001/20-920_Natrecor.html
8538829be25ac6c8b76ec871,41814,020923,ORIG,1,http://www.accessdata.fda.gov/drugsatfda_docs/nda/98/20923_Optiray.html
df3d649ab6c8de5181ae4ec6,41815,020927,ORIG,1,http://www.accessdata.fda.gov/drugsatfda_docs/nda/98/020927.html
75d45c7ae8026bed829d7648,41816,020928,ORIG,1,http://www.accessdata.fda.gov/drugsatfda_docs/nda/98/20928.pdf
7dabff9dad331c3acf4528f8,41817,020929,SUPPL,15,http://www.accessdata.fda.gov/drugsatfda_docs/nda/2003/020929_S015_PULMICORT_TURBOHALER_AP.pdf
77b09c1328baab78f307c96e,41818,020931,ORIG,1,http://www.accessdata.fda.gov/drugsatfda_docs/nda/99/20-931_Tikosyn.html
45080d979a12d5681611e26e,41819,020933,ORIG,1,http://www.accessdata.fda.gov/drugsatfda_docs/nda/98/20-933_20-636S009_Viramune.html
6f382b173931e87fc04287e9,41820,020933,SUPPL,7,http://www.accessdata.fda.gov/drugsatfda_docs/nda/2002/020636s017_020933s007_Viramune.html
47d877bfdff877e1e686a74e,41821,020936,ORIG,1,http://www.accessdata.fda.gov/drugsatfda_docs/nda/99/20-936_Paxil.html
411191dbd2fb5937bc40cd67,41822,020936,SUPPL,2,http://www.accessdata.fda.gov/drugsatfda_docs/nda/2000/020936Orig1s002.pdf
fd41a052155e033bbd66f185,41823,020936,SUPPL,3,http://www.accessdata.fda.gov/drugsatfda_docs/nda/2000/020936Orig1s003.pdf
8b59ad808f07af67dd8fe8f2,41824,020936,SUPPL,11,http://www.accessdata.fda.gov/drugsatfda_docs/nda/2003/020936_S011_PAXIL CR.pdf
c555bd9cf8d44afa6d3b8792,41825,020937,SUPPL,3,"http://www.accessdata.fda.gov/drugsatfda_docs/nda/2003/20-937s3,20-975s3,20-976s3_OptiMark.html"
2d35d485850eb0efa8abbf1b,41826,020942,ORIG,1,http://www.accessdata.fda.gov/drugsatfda_docs/nda/98/020942_versed_toc.html
bb4023797b91d2ad1b2aedcc,41827,020944,SUPPL,2,http://www.accessdata.fda.gov/drugsatfda_docs/nda/2004/020944Orig1s002_s003.pdf
40829356bdb54ed180891331,41828,020945,ORIG,1,http://www.accessdata.fda.gov/drugsatfda_docs/nda/99/20-945_Ritonovir.html
c4cbdc94e7750c2350a0fdb9,41829,020945,SUPPL,16,http://www.accessdata.fda.gov/drugsatfda_docs/nda/2005/020945_S016_NORVIR.pdf
5b548fbbd72ded668f07d179,41830,020945,SUPPL,17,http://www.accessdata.fda.gov/drugsatfda_docs/nda/2005/020945_S017_NORVIR.pdf
19b9278170aabf4d29c5b7d5,41831,020946,ORIG,1,http://www.accessdata.fda.gov/drugsatfda_docs/nda/98/20946.pdf
def42e09d602f3238cfcfe37,41832,020946,SUPPL,1,http://www.accessdata.fda.gov/drugsatfda_docs/nda/99/20946S001_Preven.pdf
781966f4245551cbcc3869ee,41833,020949,ORIG,1,http://www.accessdata.fda.gov/drugsatfda_docs/nda/2001/20-949_AccuNeb.html
a5108569c3aaf4774e84da14,41834,020954,SUPPL,1,http://www.accessdata.fda.gov/drugsatfda_docs/nda/2002/20954-S001_BUSULFEX.pdf
4a91bca2659e1aa2a05bf7e4,41835,020954,SUPPL,3,http://www.accessdata.fda.gov/drugsatfda_docs/nda/2002/20954-S003_BUSULFEX.pdf
0c52dcb75a5440a1943ff627,41836,020954,SUPPL,4,http://www.accessdata.fda.gov/drugsatfda_docs/nda/2002/20-954S004_Busulfex.html
81eb1fc342ddc6183b1613cf,41837,020955,ORIG,1,http://www.accessdata.fda.gov/drugsatfda_docs/nda/99/20955_Ferrlecit.html
2fc0ba493b35a407995edfbc,41838,020955,SUPPL,3,http://www.accessdata.fda.gov/drugsatfda_docs/nda/2001/020955_S003_FERRLECIT_AP.pdf
6e892d8a1e5aaff986ada093,41839,020958,ORIG,1,http://www.accessdata.fda.gov/drugsatfda_docs/nda/2000/20-958_Pepcid.html
78051b68d81195ca93bc31e4,41840,020958,SUPPL,2,http://www.accessdata.fda.gov/drugsatfda_docs/nda/2001/020958_S002_PEPCIDTOC.html
5aa8f5cd77721a10ba282772,41841,020958,SUPPL,15,http://www.accessdata.fda.gov/drugsatfda_docs/nda/2008/020958Orig1s015.pdf
49337c0784c853d7efbf780b,41842,020962,ORIG,1,http://www.accessdata.fda.gov/drugsatfda_docs/nda/98/20962.pdf
1082681fc5cff3b1da1c9479,41843,020963,ORIG,1,http://www.accessdata.fda.gov/drugsatfda_docs/nda/98/020963_timolol.html
a06d04261f12bcd729d2dd86,41844,020966,ORIG,1,http://www.accessdata.fda.gov/drugsatfda_docs/nda/99/020996_sporanox_toc.html
9aaf9c0123e77ab7735c932b,41845,020966,SUPPL,3,http://www.accessdata.fda.gov/drugsatfda_docs/nda/2001/20-966S001_Sporanox.html
adba73f380b4bd629af5675c,41846,020968,ORIG,1,http://www.accessdata.fda.gov/drugsatfda_docs/nda/99/20968_Monistat.html
5a3fb5d17465c0c0c94dc9cf,41847,020971,SUPPL,9,http://www.accessdata.fda.gov/drugsatfda_docs/nda/2005/020971Orig1s009.pdf
0e6883545c375000795fbb7f,41848,020972,SUPPL,14,http://www.accessdata.fda.gov/drugsatfda_docs/nda/2002/020972_S014_SUSTIVA.pdf
05f794d8613f950714141fdd,41849,020972,SUPPL,22,http://www.accessdata.fda.gov/drugsatfda_docs/nda/2004/020972_S022_SUSTIVA.pdf
6c3f003a985363e8b63ad70a,41850,020973,SUPPL,8,http://www.accessdata.fda.gov/drugsatfda_docs/nda/2001/020973_S008_ACIPHEX_DELAYED_RELEASE_TABS.pdf
4f696c767ba7622dbcae4c71,41851,020974,SUPPL,1,http://www.accessdata.fda.gov/drugsatfda_docs/nda/2002/020974Orig1s001.pdf
c555bd9cf8d44afa6d3b8792,41852,020975,SUPPL,3,"http://www.accessdata.fda.gov/drugsatfda_docs/nda/2003/20-937s3,20-975s3,20-976s3_OptiMark.html"
9c845a70c3a3dcdab676c949,41853,020976,ORIG,1,http://www.accessdata.fda.gov/drugsatfda_docs/nda/99/20937_OptiMark.html
907d6a8a7d5a10a1444cda3b,41854,020977,ORIG,1,http://www.accessdata.fda.gov/drugsatfda_docs/nda/98/20-977_Ziagen.html
9c9fb3d948fc7a4882ef976f,41855,020977,SUPPL,2,http://www.accessdata.fda.gov/drugsatfda_docs/nda/2000/20-977S-002_review.pdf
59619da9b3d113a1b87cf7c7,41856,020977,SUPPL,14,http://www.accessdata.fda.gov/drugsatfda_docs/nda/2006/020977_S014_ZIAGEN.pdf
e38ce17c5dd4a1f244f7c680,41857,020978,SUPPL,2,http://www.accessdata.fda.gov/drugsatfda_docs/nda/2000/20-978S-002_review.pdf
d51a729c48bf16fef366240b,41858,020978,SUPPL,14,http://www.accessdata.fda.gov/drugsatfda_docs/nda/2004/020978_S014_ZIAGEN.pdf
4f4b5139bddc72ed92caf93d,41859,020980,ORIG,1,http://www.accessdata.fda.gov/drugsatfda_docs/nda/99/20980.html
a94d3d38f3d088994c92a825,41860,020983,SUPPL,9,http://www.accessdata.fda.gov/drugsatfda_docs/nda/2005/020983Orig1s009Approv.pdf
de5593208d999c94cda72674,41861,020985,ORIG,1,http://www.accessdata.fda.gov/drugsatfda_docs/nda/2000/carac_20985.html
b3334f0f3ce05e6f4b5560ed,41862,020987,ORIG,1,http://www.accessdata.fda.gov/drugsatfda_docs/nda/2000/20987_Protonix.html
6a9e69e05568d06cd14428cb,41863,020988,ORIG,1,http://www.accessdata.fda.gov/drugsatfda_docs/nda/2001/20988_Protonix.html
00dde7fe01cba324e4a98ed0,41864,020989,ORIG,1,http://www.accessdata.fda.gov/drugsatfda_docs/nda/2000/20-989_Evoxac.html
b45b9ca1d6014cdde732c385,41866,020998,ORIG,1,http://www.accessdata.fda.gov/drugsatfda_docs/nda/98/20998.html
6f60bc229e193d28e12358c7,41867,020998,SUPPL,6,http://www.accessdata.fda.gov/drugsatfda_docs/nda/2000/020998_S006_CELEBREX.pdf
d2072371c9f752d4bb452642,41868,020998,SUPPL,9,http://www.accessdata.fda.gov/drugsatfda_docs/nda/2002/20-998s009_Celebrex.html
075f9c20372ef1939a535f8a,41869,021001,ORIG,1,http://www.accessdata.fda.gov/drugsatfda_docs/nda/2001/21001_Axert.html
677acaf60abd1f9d193ff199,41870,021004,ORIG,1,http://www.accessdata.fda.gov/drugsatfda_docs/nda/98/21003_Epivir.html
8e147e7cd48042986f3fc3ae,41871,021007,ORIG,1,http://www.accessdata.fda.gov/drugsatfda_docs/nda/99/21007&21039_Agenerase.html
ef573cae33b6a82b4f891050,41872,021008,SUPPL,28,http://www.accessdata.fda.gov/drugsatfda_docs/nda/2014/021008Orig1s028.pdf
2de255ae0d163bedade1f236,41873,021009,ORIG,1,http://www.accessdata.fda.gov/drugsatfda_docs/nda/99/021009_Alocril.html
2b7c456acdc2df0ac26ffef3,41874,021011,ORIG,1,http://www.accessdata.fda.gov/drugsatfda_docs/nda/2000/21-011_Roxicodone.html
eca4aa75c02db928b256639f,41875,021012,ORIG,1,http://www.accessdata.fda.gov/drugsatfda_docs/nda/99/21012_Neotect.html
a3e189c54fc81bd1460089bb,41876,021014,ORIG,1,http://www.accessdata.fda.gov/drugsatfda_docs/nda/99/21-014_Trileptal.html
52b35771ca740dd9be641193,41877,021014,SUPPL,3,http://www.accessdata.fda.gov/drugsatfda_docs/nda/2003/021014_s003_TrileptalTOC.html
248a57db0d2f7728da38c122,41878,021016,ORIG,1,http://www.accessdata.fda.gov/drugsatfda_docs/nda/2002/21016_Relpax.html
2ff968927e29f183fde8a123,41879,021017,ORIG,1,http://www.accessdata.fda.gov/drugsatfda_docs/nda/99/21017_Humalog.html
e90cc9dc03797bb16f0d0c0c,41880,021017,SUPPL,2,http://www.accessdata.fda.gov/drugsatfda_docs/nda/2002/021017_S002_Humalog Mix_APPROVAL PACKAGE.pdf
47c68aecd5c5c64657d0af18,41882,021022,ORIG,1,http://www.accessdata.fda.gov/drugsatfda_docs/nda/99/21-022_Penlac.html
1492fd6c33fbb467a0d7d917,41883,021023,ORIG,1,http://www.accessdata.fda.gov/drugsatfda_docs/nda/2003/21-023_Restasis.html
a66c6013e7d33b8c24f4262c,41884,021024,ORIG,1,http://www.accessdata.fda.gov/drugsatfda_docs/nda/98/21024.html
4fb052b937ea398c02b56618,41885,021024,SUPPL,5,http://www.accessdata.fda.gov/drugsatfda_docs/nda/2000/21024S5_Priftin.html
89a99363978278d893557153,41886,021025,ORIG,1,http://www.accessdata.fda.gov/drugsatfda_docs/nda/2000/21-025_Exelon.html
042583e4b02bb338a92ac444,41887,021026,ORIG,1,http://www.accessdata.fda.gov/drugsatfda_docs/nda/2006/021026_vusion_toc.html
9db4fb23e4167da81fc4db7b,41889,021029,ORIG,1,http://www.accessdata.fda.gov/drugsatfda_docs/nda/99/21029_Temodar.html
6ea95c3f62580850933dae04,41890,021029,SUPPL,4,http://www.accessdata.fda.gov/drugsatfda_docs/nda/2002/21029-S004_TEMODAR_review.pdf
7c43304078d696c0840e965b,41891,021035,ORIG,1,http://www.accessdata.fda.gov/drugsatfda_docs/nda/99/21035_Keppra.html
2fcd71af18215d0fee2e97e1,41892,021042,ORIG,1,http://www.accessdata.fda.gov/drugsatfda_docs/nda/99/021042_52_Vioxx.html
a24f3c209f60e8017f20cc11,41893,021042,SUPPL,1,http://www.accessdata.fda.gov/drugsatfda_docs/nda/2000/021042_S001_VIOXX.pdf
63dcf15127828609674ac0eb,41894,021042,SUPPL,2,http://www.accessdata.fda.gov/drugsatfda_docs/nda/99/021042_S002_VIOXX.pdf
8b6a92d16fc37949cf9253df,41895,021042,SUPPL,9,http://www.accessdata.fda.gov/drugsatfda_docs/nda/2002/21-042s007_Vioxx.html
8b6a92d16fc37949cf9253df,41896,021042,SUPPL,12,http://www.accessdata.fda.gov/drugsatfda_docs/nda/2002/21-042s007_Vioxx.html
8b6a92d16fc37949cf9253df,41897,021042,SUPPL,14,http://www.accessdata.fda.gov/drugsatfda_docs/nda/2002/21-042s007_Vioxx.html
71a73178dda215c9af211bae,41898,021042,SUPPL,20,http://www.accessdata.fda.gov/drugsatfda_docs/nda/2003/021042_s020s021s022_021052_s014s015s016_VioxxTOC.html
71a73178dda215c9af211bae,41899,021042,SUPPL,22,http://www.accessdata.fda.gov/drugsatfda_docs/nda/2003/021042_s020s021s022_021052_s014s015s016_VioxxTOC.html
35df6fb5f0bb1f95187760d7,41900,021043,ORIG,1,http://www.accessdata.fda.gov/drugsatfda_docs/nda/2000/21-043_RID.html
14ec7b2a85a81d3e99099741,41901,021044,ORIG,1,http://www.accessdata.fda.gov/drugsatfda_docs/nda/2004/021044s000_PalladoneTOC.html
c4c3b087753e1dbec06974b7,41902,021045,ORIG,1,http://www.accessdata.fda.gov/drugsatfda_docs/nda/99/21-045_PlanB.html
cf11778a4af6ec6e45e539e7,41903,021046,SUPPL,17,http://www.accessdata.fda.gov/drugsatfda_docs/nda/2011/020822Orig1s038s040_021046Orig1s016s017Rev.pdf
a2fb6bea039514e338f36035,41904,021046,SUPPL,19,http://www.accessdata.fda.gov/drugsatfda_docs/nda/2012/021046Orig1s019.pdf
60a7b9390e015fce79d2defa,41906,021048,ORIG,1,http://www.accessdata.fda.gov/drugsatfda_docs/nda/99/021048s000_EstradiolTOC.html
2fcd71af18215d0fee2e97e1,41907,021052,ORIG,1,http://www.accessdata.fda.gov/drugsatfda_docs/nda/99/021042_52_Vioxx.html
8b6a92d16fc37949cf9253df,41908,021052,SUPPL,6,http://www.accessdata.fda.gov/drugsatfda_docs/nda/2002/21-042s007_Vioxx.html
8b6a92d16fc37949cf9253df,41909,021052,SUPPL,8,http://www.accessdata.fda.gov/drugsatfda_docs/nda/2002/21-042s007_Vioxx.html
86bc03dee9c8b9e6a7ecfcda,41910,021052,SUPPL,11,http://www.accessdata.fda.gov/drugsatfda_docs/nda/2003/021042_s017_021052_s011_VioxxTOC.html
71a73178dda215c9af211bae,41911,021052,SUPPL,15,http://www.accessdata.fda.gov/drugsatfda_docs/nda/2003/021042_s020s021s022_021052_s014s015s016_VioxxTOC.html
71a73178dda215c9af211bae,41912,021052,SUPPL,16,http://www.accessdata.fda.gov/drugsatfda_docs/nda/2003/021042_s020s021s022_021052_s014s015s016_VioxxTOC.html
6d23182c01e694913aec3327,41913,021052,SUPPL,17,http://www.accessdata.fda.gov/drugsatfda_docs/nda/2003/021042_s024_021052_s017_VioxxtmTOC.html
c3372b60aac3e02fac4aefd1,41914,021052,SUPPL,19,http://www.accessdata.fda.gov/drugsatfda_docs/nda/2004/021052_S019_VIOXX.pdf
4b754a61b4ab933d0605c11a,41915,021055,ORIG,1,http://www.accessdata.fda.gov/drugsatfda_docs/nda/99/21055_Targretin.html
e8ca7206b12a5bdfe3234620,41916,021060,SUPPL,1,http://www.accessdata.fda.gov/drugsatfda_docs/nda/2005/021060_S001_PRIALT.pdf
50359e5d541a091819ee949b,41917,021064,ORIG,1,http://www.accessdata.fda.gov/drugsatfda_docs/nda/2001/21-064_Definity.html
9ba120af7457238b4aef8a87,41918,021065,ORIG,1,http://www.accessdata.fda.gov/drugsatfda_docs/nda/99/21065_Femhrt.html
b26a48e92f768990b1dae6a1,41919,021067,ORIG,1,http://www.accessdata.fda.gov/drugsatfda_docs/nda/2005/021067s000_AsmanexTOC.html
2f998f7e63b0201ec412b6ba,41920,021068,ORIG,1,http://www.accessdata.fda.gov/drugsatfda_docs/nda/98/021068.html
99f8941441d4b3f75d205f30,41921,021071,SUPPL,14,http://www.accessdata.fda.gov/drugsatfda_docs/nda/2005/021071_s014_Avandia Tabs.pdf
5b7f59e197baa8d5135772ea,41922,021073,ORIG,1,http://www.accessdata.fda.gov/drugsatfda_docs/nda/99/021073A_Actos.html
bd07b354fd6bd176ebac6fca,41923,021073,SUPPL,1,http://www.accessdata.fda.gov/drugsatfda_docs/nda/2000/021073_S001_ACTOS.pdf
fb581b50a5a2a6a1556c00a3,41924,021073,SUPPL,3,http://www.accessdata.fda.gov/drugsatfda_docs/nda/2000/021073_S003_ACTOS.pdf
59f8a519b395ab56e008a57f,41925,021073,SUPPL,12,http://www.accessdata.fda.gov/drugsatfda_docs/nda/2001/021073_S012_ACTOS TABLETS.pdf
3dbffb9c88fc4055219cd9c2,41926,021073,SUPPL,15,http://www.accessdata.fda.gov/drugsatfda_docs/nda/2002/021073_S015_ACTOS_TABLETS.pdf
1c11c755b0944e31ad8d8d17,41927,021073,SUPPL,20,http://www.accessdata.fda.gov/drugsatfda_docs/nda/2003/021073_S020_ACTOS TABLETS_AP.pdf
127012cbad0ec3b021d9e0c6,41928,021073,SUPPL,23,http://www.accessdata.fda.gov/drugsatfda_docs/nda/2004/021073_s023_ACTOS TABS.pdf
5d0ea0ec5cef139f414e2661,41929,021073,SUPPL,24,http://www.accessdata.fda.gov/drugsatfda_docs/nda/2004/021073_s024_ACTOS TABS.pdf
e5a5eb3067df477129e870c0,41930,021076,ORIG,1,http://www.accessdata.fda.gov/drugsatfda_docs/nda/99/21-076_Aleve.html
3232f3e7ec4e1d3e76060af0,41931,021077,SUPPL,3,http://www.accessdata.fda.gov/drugsatfda_docs/nda/2003/021077Orig1S003.pdf
920ff5373df2d77427e0fe07,41932,021077,SUPPL,17,http://www.accessdata.fda.gov/drugsatfda_docs/nda/2004/021077Orig1s017.pdf
b6c34545437f23e85d9912fa,41933,021077,SUPPL,51,http://www.accessdata.fda.gov/drugsatfda_docs/nda/2014/021077Orig1s051.pdf
560701e201c8a2788762484c,41934,021078,SUPPL,3,http://www.accessdata.fda.gov/drugsatfda_docs/nda/2002/021078_s003_MalaroneTOC.html
8a66ae5cef4deba0a428f743,41935,021078,SUPPL,5,http://www.accessdata.fda.gov/drugsatfda_docs/nda/2003/021078_s005_MalaroneTOC.html
e19d27e3e078da69a710baff,41936,021081,ORIG,1,http://www.accessdata.fda.gov/drugsatfda_docs/nda/2000/21081_Lantus.html
556d4a2d6b8889fe8665ebcd,41939,021085,ORIG,1,http://www.accessdata.fda.gov/drugsatfda_docs/nda/99/21-085_Avelox.html
688e6d4cb3a08a2ab3bcedc9,41940,021087,ORIG,1,http://www.accessdata.fda.gov/drugsatfda_docs/nda/99/21087_Tamiflu.html
17f6cd895f26a9efd4897372,41941,021087,SUPPL,5,http://www.accessdata.fda.gov/drugsatfda_docs/nda/2001/021087_s005s006_021246s001_TamifluTOC.html
a2289e3565bdf88a4a476972,41942,021087,SUPPL,7,http://www.accessdata.fda.gov/drugsatfda_docs/nda/2001/021087_S007_TamifluTOC.html
bb32b2a4eb28cf88ba6778f8,41943,021087,SUPPL,8,http://www.accessdata.fda.gov/drugsatfda_docs/nda/2001/021087_S008_021246s003_TamifluTOC.html
ca15a557b48bcd83ebdcdad6,41944,021087,SUPPL,12,http://www.accessdata.fda.gov/drugsatfda_docs/nda/2002/021087_S012_TamifluTOC.html
fe6aff4f20972fb1b995fd24,41945,021087,SUPPL,16,http://www.accessdata.fda.gov/drugsatfda_docs/nda/2004/021087_S016_021246s010TamifluTOC.html
361f80e80a7e79421c6ac855,41946,021087,SUPPL,30,http://www.accessdata.fda.gov/drugsatfda_docs/nda/2005/021087Orig1s030.pdf
880591227e3013541a4d39dc,41947,021087,SUPPL,48,http://www.accessdata.fda.gov/drugsatfda_docs/nda/2010/021087Orig1s048.pdf
66a61e799e89faf308a0c7db,41948,021087,SUPPL,49,http://www.accessdata.fda.gov/drugsatfda_docs/nda/2010/021087Orig1s049.pdf
ed4debfe44952472054c2e7e,41949,021090,ORIG,1,http://www.accessdata.fda.gov/drugsatfda_docs/nda/2000/21-090_Cyclessa.html
4d4db4c8f01fa1dc6f59601c,41950,021092,ORIG,1,http://www.accessdata.fda.gov/drugsatfda_docs/nda/99/21092_Helicosol.html
75d8be38c22af59ccf28cb7e,41951,021097,ORIG,1,http://www.accessdata.fda.gov/drugsatfda_docs/nda/2000/21097_Visicol.html
25dd1318a35ee9d64fdb0627,41952,021105,ORIG,1,http://www.accessdata.fda.gov/drugsatfda_docs/nda/2001/21-105_Zotrim.html
966502d1f27f96908ec37b22,41953,021107,SUPPL,1,http://www.accessdata.fda.gov/drugsatfda_docs/nda/2000/021107_S001_LOTRONEX_TABLET.pdf
5748066b82c850ceef9e57c3,41954,021108,ORIG,1,http://www.accessdata.fda.gov/drugsatfda_docs/nda/2000/21-108_Renova.html
8a2727fdd68f34e1864a6c84,41955,021110,SUPPL,4,http://www.accessdata.fda.gov/drugsatfda_docs/nda/2003/021083_S006_RAPAMUNE.pdf
607ab422fbd5e94e4072f5de,41956,021112,ORIG,1,http://www.accessdata.fda.gov/drugsatfda_docs/nda/2002/21-112_Tri-Luma.html
a3c12c8f83bc045e6de444f8,41957,021113,ORIG,1,http://www.accessdata.fda.gov/drugsatfda_docs/nda/2002/21-113_Pamidronate.html
0f045c0020d9a41af9a83b08,41958,021114,ORIG,1,http://www.accessdata.fda.gov/drugsatfda_docs/nda/2000/021114_s000_Betaxon.html
5d0210935075563b18762724,41959,021117,ORIG,1,http://www.accessdata.fda.gov/drugsatfda_docs/nda/2000/021117_CalciumChloride.html
d8fb940e7d451912b6833d78,41960,021119,ORIG,1,http://www.accessdata.fda.gov/drugsatfda_docs/nda/2000/21-119_Visudyne.html
f3d29e1bb2132269c4df6daf,41961,021119,SUPPL,3,http://www.accessdata.fda.gov/drugsatfda_docs/nda/2002/21-119s003_Visudyne.html
45bf590f7b55fbf0fe776bf5,41962,021119,SUPPL,4,http://www.accessdata.fda.gov/drugsatfda_docs/nda/2002/21-119s004_Visudyne.html
28bd50bc885d830693f8238f,41963,021121,SUPPL,4,http://www.accessdata.fda.gov/drugsatfda_docs/nda/2002/021121_S004_CONCERTA_AP.pdf
74cd60edd946da4ce953ac2f,41964,021123,ORIG,1,http://www.accessdata.fda.gov/drugsatfda_docs/nda/2001/21123_Ultracet.html
fd115716e12f4c038e56f196,41965,021124,ORIG,1,http://www.accessdata.fda.gov/drugsatfda_docs/nda/2000/21-124_TerbinafineLamisil.html
cd25cabb47d33889e0abeb6b,41966,021127,ORIG,1,http://www.accessdata.fda.gov/drugsatfda_docs/nda/2000/21127_Optivar.html
d13edebcabd9597d0f3cb9cf,41967,021129,SUPPL,5,http://www.accessdata.fda.gov/drugsatfda_docs/nda/2000/21-216_20-235S15_20-882S2_21-129S5_Neurontin.html
3e1df1357e9a0682573a7783,41968,021130,ORIG,1,http://www.accessdata.fda.gov/drugsatfda_docs/nda/2000/21130_Zyvox.html
70a5a315215130286e5c3a1e,41969,021130,SUPPL,3,http://www.accessdata.fda.gov/drugsatfda_docs/nda/2002/21-130s003_21131s003_21132s003_ZyvoxTOC.html
f4b99c60118a2b9018e164ac,41970,021130,SUPPL,12,http://www.accessdata.fda.gov/drugsatfda_docs/nda/2007/021130Orig1s012.pdf
70a5a315215130286e5c3a1e,41971,021131,SUPPL,3,http://www.accessdata.fda.gov/drugsatfda_docs/nda/2002/21-130s003_21131s003_21132s003_ZyvoxTOC.html
3e1df1357e9a0682573a7783,41972,021132,ORIG,1,http://www.accessdata.fda.gov/drugsatfda_docs/nda/2000/21130_Zyvox.html
0ab1d477e1a52a63abc66c69,41973,021132,SUPPL,12,http://www.accessdata.fda.gov/drugsatfda_docs/nda/2007/021132Orig1s012.pdf
884101254e7ff5ee8e6472ef,41974,021135,SUPPL,8,http://www.accessdata.fda.gov/drugsatfda_docs/nda/2005/021135_S008_VENOFER.pdf
a9e02b4cab693bbe76611cbe,41975,021136,ORIG,1,http://www.accessdata.fda.gov/drugsatfda_docs/nda/2002/21-136_21-209_SecreFlo.html
49e3279a40289b44130e34a7,41976,021136,SUPPL,1,http://www.accessdata.fda.gov/drugsatfda_docs/nda/2002/021136_S001_SECRETFLO_INJ.pdf
5096d2e1afc0175271798c30,41977,021136,SUPPL,6,http://www.accessdata.fda.gov/drugsatfda_docs/nda/2004/021136_S006_SECRETFLO_INJ.pdf
791e8b58d1e7f73bd3838e77,41978,021137,ORIG,1,http://www.accessdata.fda.gov/drugsatfda_docs/nda/2003/21-137_Levolet.html
cd4d26b71cdb47b4c2cb93eb,41979,021141,ORIG,1,http://www.accessdata.fda.gov/drugsatfda_docs/nda/2000/21-141_Welchol.html
a4aba339d363b9d1f1780d5a,41980,021143,ORIG,1,http://www.accessdata.fda.gov/drugsatfda_docs/nda/2000/21143_Trivagizole3.html
f43101ddf43f06a112aa0f2b,41981,021144,ORIG,1,http://www.accessdata.fda.gov/drugsatfda_docs/nda/2004/21-144_Ketek.html
a04f193e45dc0d7b230b0017,41982,021145,SUPPL,1,http://www.accessdata.fda.gov/drugsatfda_docs/nda/2000/021145_S001_VANIQA CREAM.pdf
8f0b7d5bfefcdc482f164302,41983,021145,SUPPL,2,http://www.accessdata.fda.gov/drugsatfda_docs/nda/2001/021145_S002_VANIQA CREAM.pdf
be51f1448240f1c2bcf662e7,41984,021145,SUPPL,5,http://www.accessdata.fda.gov/drugsatfda_docs/nda/2001/021145_S005_VANIQA CREAM.pdf
4695764e6021c408260e00af,41985,021149,ORIG,1,http://www.accessdata.fda.gov/drugsatfda_docs/nda/2000/21-149_Ovidrel.html
173bb5c1c19de5c3917cf983,41986,021150,ORIG,1,http://www.accessdata.fda.gov/drugsatfda_docs/nda/2001/21-150_Zyrtec-D.html
25c1cbf1dfb9bebd3156915f,41987,021151,ORIG,1,http://www.accessdata.fda.gov/drugsatfda_docs/nda/2000/021151_s000_BetapaceAFTOC.html
43e8d62517890926d6a27074,41988,021153,ORIG,1,http://www.accessdata.fda.gov/drugsatfda_docs/nda/2001/21154_Nexium.html
2c5db9151693b0ace76be1e5,41989,021153,SUPPL,5,http://www.accessdata.fda.gov/drugsatfda_docs/nda/2002/21-153S005_review.pdf
d4f7e0534e85346fa87f74ce,41990,021153,SUPPL,8,http://www.accessdata.fda.gov/drugsatfda_docs/nda/2004/021153Orig1s008.pdf
49d43e2814d7a78168e73448,41991,021153,SUPPL,15,http://www.accessdata.fda.gov/drugsatfda_docs/nda/2004/021153_S015_NEXIUM_DELAYED_RELEASE.pdf
35ccb99b61bafee1eee4bcaa,41992,021153,SUPPL,48,http://www.accessdata.fda.gov/drugsatfda_docs/nda/2014/021153Orig1s048.pdf
3d4396fe8909fb8de7801e03,41993,021158,ORIG,1,http://www.accessdata.fda.gov/drugsatfda_docs/nda/2003/21158_Factive.html
c8d374dd54c752564d7a2a91,41994,021159,ORIG,1,http://www.accessdata.fda.gov/drugsatfda_docs/nda/2003/21159_Loprox.html
f6119dfe51d470db68fc5bd3,41995,021160,ORIG,1,http://www.accessdata.fda.gov/drugsatfda_docs/nda/2001/021160_Phoslo.html
27133713a3f9a5abeda9e7cb,41996,021162,ORIG,1,http://www.accessdata.fda.gov/drugsatfda_docs/nda/2000/21-162_Micards.html
21f39f1eca42936da642c7f6,41997,021165,ORIG,1,http://www.accessdata.fda.gov/drugsatfda_docs/nda/2001/21-165_Clarinex.html
4b325e7d9deefc19e552d56d,41998,021165,SUPPL,1,http://www.accessdata.fda.gov/drugsatfda_docs/nda/2002/21165s001_Clarinex.html
116253e9ab273c9503dc4e6b,41999,021166,ORIG,1,http://www.accessdata.fda.gov/drugsatfda_docs/nda/2004/21166_EstrogelTOC.html
a7418a9c04263a88e17de6e2,42000,021169,ORIG,1,http://www.accessdata.fda.gov/drugsatfda_docs/nda/2001/21-169_Reminyl.html
7cbc4316c5ffdd7f1fa72758,42001,021175,ORIG,1,http://www.accessdata.fda.gov/drugsatfda_docs/nda/2002/21175_Atnaa.html
cd4d26b71cdb47b4c2cb93eb,42002,021176,ORIG,1,http://www.accessdata.fda.gov/drugsatfda_docs/nda/2000/21-141_Welchol.html
0e474b64b3445da8a0fedfc3,42003,021179,ORIG,1,http://www.accessdata.fda.gov/drugsatfda_docs/nda/2000/21-179_Renagel.html
35015dfb6786c13e357fb14d,42004,021180,SUPPL,2,http://www.accessdata.fda.gov/drugsatfda_docs/nda/2002/021180_s002_ORTHO EVRA.pdf
a519b65711297998d6455e8c,42005,021180,SUPPL,4,http://www.accessdata.fda.gov/drugsatfda_docs/nda/2002/021180_s004_OrthoTOC.html
f7ce2a7cdf18d9dcce0b69b7,42006,021180,SUPPL,5,http://www.accessdata.fda.gov/drugsatfda_docs/nda/2002/21180_S005_OrthoEvraTOC.html
a08b881ee674e27deca8eeb6,42007,021180,SUPPL,8,http://www.accessdata.fda.gov/drugsatfda_docs/nda/2004/021180_s008_ORTHO EVRA.pdf
8ac8f42cb47c36b9fe528b53,42008,021183,SUPPL,2,http://www.accessdata.fda.gov/drugsatfda_docs/nda/2002/21-183s002_Videx.html
5b1e42545108ba89c6e834e3,42009,021184,ORIG,1,http://www.accessdata.fda.gov/drugsatfda_docs/nda/2000/21-184_Tazorac.html
0d3f31f1874d675709a3b212,42010,021184,SUPPL,1,http://www.accessdata.fda.gov/drugsatfda_docs/nda/2001/21-184S001_Tazorac.html
1043927250c0043bc5f5d081,42011,021187,ORIG,1,http://www.accessdata.fda.gov/drugsatfda_docs/nda/2001/21-187_NuvaRing.html
494c9bf0463cf41b7e04f78d,42012,021187,SUPPL,21,http://www.accessdata.fda.gov/drugsatfda_docs/nda/2013/021187Orig1s021s022TOC.html
e7df727c0859010207e5d278,42013,021192,ORIG,1,http://www.accessdata.fda.gov/drugsatfda_docs/nda/2000/21-192_Lescol.html
7fdceebdf8db9749fd1631d8,42014,021192,SUPPL,3,http://www.accessdata.fda.gov/drugsatfda_docs/nda/2002/021192_s003_LESCOL_CAPSULES.pdf
2c2d360363aee9fb8a15900b,42015,021199,ORIG,1,http://www.accessdata.fda.gov/drugsatfda_docs/nda/2000/21-199_Quixin.html
ac200b68de0ae97e39e2dd92,42016,021200,ORIG,1,http://www.accessdata.fda.gov/drugsatfda_docs/nda/2002/21-200_Zelnorm.html
7f91844681dff128ee1dd10f,42017,021201,ORIG,1,http://www.accessdata.fda.gov/drugsatfda_docs/nda/2010/021201s000TOC.html
095d94abfd1e7653e885912b,42018,021202,ORIG,1,http://www.accessdata.fda.gov/drugsatfda_docs/nda/2000/21-202_Glucophage.html
faedcf74e2bbb99053ba5521,42019,021203,ORIG,1,http://www.accessdata.fda.gov/drugsatfda_docs/nda/2001/21-203_Tricor.html
4872f34877926b4c70cf6b2f,42020,021204,SUPPL,6,http://www.accessdata.fda.gov/drugsatfda_docs/nda/2003/021204_S006_STARLIX_TABS_AP.pdf
fd66101cca313c7035903448,42021,021205,ORIG,1,http://www.accessdata.fda.gov/drugsatfda_docs/nda/2000/21-205_Trizinir.html
be407ca1ecb64aa9e76d5357,42022,021205,SUPPL,2,http://www.accessdata.fda.gov/drugsatfda_docs/nda/2002/21-205s002_Trizivir.html
25e68f8b771c19de3d13b3cf,42023,021205,SUPPL,3,http://www.accessdata.fda.gov/drugsatfda_docs/nda/2002/21-205s003_Trizivir.html
29d1a16386144890ff0b37e9,42024,021205,SUPPL,5,http://www.accessdata.fda.gov/drugsatfda_docs/nda/2002/021205_S005_TRIZIVIR_AP.pdf
87b9d535f939413b34af88c1,42025,021205,SUPPL,9,http://www.accessdata.fda.gov/drugsatfda_docs/nda/2003/021205_S009_TRIZIVIR_AP.pdf
2620f117dbadfeec985fdf68,42026,021205,SUPPL,10,http://www.accessdata.fda.gov/drugsatfda_docs/nda/2003/021205_S010_TRIZIVIR_AP.pdf
e0f17cd742a65d67a1e954cd,42027,021205,SUPPL,11,http://www.accessdata.fda.gov/drugsatfda_docs/nda/2005/021205_S011_TRIZIVIR_AP.pdf
fe4ef96f790ebbb123638517,42028,021205,SUPPL,12,http://www.accessdata.fda.gov/drugsatfda_docs/nda/2006/021205_S012_TRIZIVIR_AP.pdf
0e276412d5e38ee8e8ed673a,42029,021205,SUPPL,14,http://www.accessdata.fda.gov/drugsatfda_docs/nda/2006/021205_S014_TRIZIVIR_AP.pdf
743f1308c060dd58e6661411,42031,021210,ORIG,1,http://www.accessdata.fda.gov/drugsatfda_docs/nda/2000/21210_Unithroid.html
e6e016545698252fad9619ab,42032,021211,ORIG,1,http://www.accessdata.fda.gov/drugsatfda_docs/nda/2004/021211s000_FollistimTOC.html
7c5f11935bb942b41ef5fd78,42033,021217,ORIG,1,http://www.accessdata.fda.gov/drugsatfda_docs/nda/2010/021217s000TOC.html
d70618d240624ecc3118cdc1,42034,021223,SUPPL,3,http://www.accessdata.fda.gov/drugsatfda_docs/nda/2002/21-386_Zometa.html
74d6d3a457c3e38b06d02c0d,42035,021223,SUPPL,4,http://www.accessdata.fda.gov/drugsatfda_docs/nda/2003/021223_s004_ZOMETA.pdf
f3c4f2c9da2994cca99b3fdd,42036,021225,SUPPL,33,http://www.accessdata.fda.gov/drugsatfda_docs/nda/2014/021225Orig1s033.pdf
b77b281a755b0b5ebaa0378c,42037,021226,SUPPL,3,http://www.accessdata.fda.gov/drugsatfda_docs/nda/2002/21-251S003_Kaletra.html
245cfa9058cfd78127a64aca,42038,021226,SUPPL,14,http://www.accessdata.fda.gov/drugsatfda_docs/nda/2004/021226_S014_KALETRA.pdf
65f500f5ad2ce37a5a96e4ac,42039,021227,ORIG,1,http://www.accessdata.fda.gov/drugsatfda_docs/nda/2001/21227_Cancidas.html
59bc619a8f41ae6b2cbae48c,42040,021228,SUPPL,1,http://www.accessdata.fda.gov/drugsatfda_docs/nda/2001/021228_S001_DetrolTOC.html
92c342283bd6ea016e455c54,42041,021228,SUPPL,3,http://www.accessdata.fda.gov/drugsatfda_docs/nda/2001/021228_S003_DetrolTOC.html
be212562dbd77f12855d9605,42042,021228,SUPPL,6,http://www.accessdata.fda.gov/drugsatfda_docs/nda/2004/021228_S006_DetrolTOC.html
1682221e161c467a54c4e2fa,42043,021229,ORIG,1,http://www.accessdata.fda.gov/drugsatfda_docs/nda/2003/21-229_Prilosec.html
ccef63a4ec34a708c3fcec25,42044,021234,ORIG,1,http://www.accessdata.fda.gov/drugsatfda_docs/nda/2007/021234s000TOC.html
261e27742e0a29c3c11f2df3,42045,021241,ORIG,1,http://www.accessdata.fda.gov/drugsatfda_docs/nda/2002/021241_sooo_Orthotricyclene.html
6a6d3fa4e14b149e2c1ebc3e,42046,021241,SUPPL,3,http://www.accessdata.fda.gov/drugsatfda_docs/nda/2003/021241_s003_OrthoTOC.html
bb32b2a4eb28cf88ba6778f8,42047,021246,SUPPL,3,http://www.accessdata.fda.gov/drugsatfda_docs/nda/2001/021087_S008_021246s003_TamifluTOC.html
9e5a8ced7859c7a38f9a2244,42048,021246,SUPPL,4,http://www.accessdata.fda.gov/drugsatfda_docs/nda/2001/021087_S009_021246s004TamifluTOC.html
d44bb93eba028548c26324e6,42049,021246,SUPPL,7,http://www.accessdata.fda.gov/drugsatfda_docs/nda/2002/021087_S010_021246s007_TamifluTOC.html
659c17b64cc1c50328dda8eb,42050,021246,SUPPL,34,http://www.accessdata.fda.gov/drugsatfda_docs/nda/2010/021246Orig1s034.pdf
6c8f3dcc5ea36b8cabfe5f79,42051,021247,ORIG,1,http://www.accessdata.fda.gov/drugsatfda_docs/nda/2006/021247_aerospan_toc.html
c20dfb20153e79d57068b57c,42052,021248,ORIG,1,http://www.accessdata.fda.gov/drugsatfda_docs/nda/2000/21-248_Trisenox.html
e97315807d011213a081eae8,42053,021251,SUPPL,2,http://www.accessdata.fda.gov/drugsatfda_docs/nda/2001/21-251S002_Kaletra.html
b77b281a755b0b5ebaa0378c,42054,021251,SUPPL,4,http://www.accessdata.fda.gov/drugsatfda_docs/nda/2002/21-251S003_Kaletra.html
06984387124913ac4fbdc2b1,42055,021251,SUPPL,5,http://www.accessdata.fda.gov/drugsatfda_docs/nda/2002/021251_S005_KALETRA.pdf
5bf8b9eaee91d2d7c736148e,42056,021253,ORIG,1,http://www.accessdata.fda.gov/drugsatfda_docs/nda/2004/21253_Zyprexa.TOC.html
d4eaa5c9007dff5454c873af,42057,021257,ORIG,1,http://www.accessdata.fda.gov/drugsatfda_docs/nda/2001/21257_Travatan.html
94bb2dceda21e31179e09b4e,42058,021259,ORIG,1,http://www.accessdata.fda.gov/drugsatfda_docs/nda/2001/21-259_Metadate.html
e34f6c1cc5be30862020e6d2,42059,021260,ORIG,1,http://www.accessdata.fda.gov/drugsatfda_docs/nda/2002/21-260_Avinza.html
eaecc760cda7185c8ddcf13f,42060,021261,ORIG,1,http://www.accessdata.fda.gov/drugsatfda_docs/nda/2001/21-261_Monistat3.html
28667ef74f26c48cb7c02c1d,42061,021262,ORIG,1,http://www.accessdata.fda.gov/drugsatfda_docs/nda/2001/21-262_AlphaganP.html
79ee8bb7707e4950b21c016d,42062,021262,SUPPL,6,http://www.accessdata.fda.gov/drugsatfda_docs/nda/2001/20-490s007_Alphagan.html
fbabf1bdeaeaa66581550968,42063,021266,SUPPL,6,"http://www.accessdata.fda.gov/drugsatfda_docs/nda/2004/021266s005s006,021267s005s006,021630s001_VfendTOC.html"
fbabf1bdeaeaa66581550968,42064,021267,SUPPL,6,"http://www.accessdata.fda.gov/drugsatfda_docs/nda/2004/021266s005s006,021267s005s006,021630s001_VfendTOC.html"
8b2dff31f1f49e7d63dd604d,42065,021267,SUPPL,9,http://www.accessdata.fda.gov/drugsatfda_docs/nda/2004/021267Orig1s009.pdf
823affcd3c20fe26d446a9e8,42066,021268,ORIG,1,http://www.accessdata.fda.gov/drugsatfda_docs/nda/2001/21-268_Teveten.html
5046ac03f2144a6b5c11643b,42067,021271,ORIG,1,http://www.accessdata.fda.gov/drugsatfda_docs/nda/2003/21-271_Iprivask.html
e48efbd05750dfe15031490e,42068,021272,SUPPL,20,http://www.accessdata.fda.gov/drugsatfda_docs/nda/2013/021272Orig1s020.pdf
d222edfd026cf9c572199cab,42069,021275,ORIG,1,http://www.accessdata.fda.gov/drugsatfda_docs/nda/2001/21275_Lumigan.html
c05af5a6b63a1c1e7dbb6981,42070,021275,SUPPL,13,http://www.accessdata.fda.gov/drugsatfda_docs/nda/2006/021275_S013_LUMIGAN.pdf
61881f64220a2deea69cec9f,42071,021277,SUPPL,7,http://www.accessdata.fda.gov/drugsatfda_docs/nda/2003/021277_S007_AVELOX.pdf
c09deb0f33ef0dc8dc377b27,42072,021279,ORIG,1,http://www.accessdata.fda.gov/drugsatfda_docs/nda/2001/021279s000_ForadilTOC.html
685d755fdec31887ed97cd56,42073,021281,ORIG,1,http://www.accessdata.fda.gov/drugsatfda_docs/nda/2001/21281_Prevacid.html
f338b2e5ebbf453955a97c28,42074,021281,SUPPL,7,http://www.accessdata.fda.gov/drugsatfda_docs/nda/2002/21428_20406s052_21281s007_PrevacidTOC.html
f195785fa3965c64d44b28e8,42075,021283,SUPPL,1,http://www.accessdata.fda.gov/drugsatfda_docs/nda/2002/21-283s001_Diovan.html
d690ba91718c0e2359c13243,42076,021283,SUPPL,4,http://www.accessdata.fda.gov/drugsatfda_docs/nda/98/020665s004_diovan_toc.html
38b8e277312fc90b36d23918,42077,021283,SUPPL,11,http://www.accessdata.fda.gov/drugsatfda_docs/nda/2005/021283_S011_DIOVANTOC.html
f7549922df15127cceafae0b,42078,021283,SUPPL,21,http://www.accessdata.fda.gov/drugsatfda_docs/nda/2007/021283Orig1s021.pdf
9c0cf57cf4292f368ca2ca65,42079,021283,SUPPL,24,http://www.accessdata.fda.gov/drugsatfda_docs/nda/2007/021283Orig1s024.pdf
f275cdf336042755443b05b7,42080,021284,ORIG,1,http://www.accessdata.fda.gov/drugsatfda_docs/nda/2002/21-284_Ritalin.html
22a9b6d968344139e984df0a,42081,021285,ORIG,1,http://www.accessdata.fda.gov/drugsatfda_docs/nda/2001/21-285_Trileptal.html
fee534dc65c4896402d98ea1,42082,021287,ORIG,1,http://www.accessdata.fda.gov/drugsatfda_docs/nda/2003/021287_uroxatral_toc.html
333a65e706ef88804862b426,42083,021287,SUPPL,1,http://www.accessdata.fda.gov/drugsatfda_docs/nda/2003/021287_S001_UROXATRALTOC.cfml
c7252ca1157731e1f20a1fa4,42085,021290,SUPPL,1,http://www.accessdata.fda.gov/drugsatfda_docs/nda/2003/21-290S001_Tracleer.html
1e2143a590b767689186979e,42086,021297,ORIG,1,http://www.accessdata.fda.gov/drugsatfda_docs/nda/2002/21-297_Clarinex.html
89c9f5464a92f2231addbd2e,42087,021299,ORIG,1,http://www.accessdata.fda.gov/drugsatfda_docs/nda/2001/21-299_Paroxetine.html
fd061e812e2e0a348cd746d6,42088,021299,SUPPL,1,http://www.accessdata.fda.gov/drugsatfda_docs/nda/2003/021299_S001_PEXEVA_TABLETS.pdf
f14ae5d94dcc512d3bee141e,42089,021300,ORIG,1,http://www.accessdata.fda.gov/drugsatfda_docs/nda/2004/021300s000_ClarinexTOC.html
05d5bde77bc2bf8090211d49,42090,021302,ORIG,1,http://www.accessdata.fda.gov/drugsatfda_docs/nda/2001/21-302_Elidel.html
b17faeaccec4df42793bdc6e,42091,021306,ORIG,1,http://www.accessdata.fda.gov/drugsatfda_docs/nda/2010/021306_butrans_toc.html
124c1bc1b08699af5e0c6f21,42092,021312,ORIG,1,http://www.accessdata.fda.gov/drugsatfda_docs/nda/2002/21-312_Clarinex.html
c93124f504c7f33e0cac936d,42093,021313,ORIG,1,http://www.accessdata.fda.gov/drugsatfda_docs/nda/2006/021313s000TOC.html
812fa1c011ccd1423d03e8aa,42094,021316,SUPPL,1,http://www.accessdata.fda.gov/drugsatfda_docs/nda/2002/021316_S001_ALTOCOR_AP.pdf
673db62caeae019875b5c4e9,42095,021316,SUPPL,6,http://www.accessdata.fda.gov/drugsatfda_docs/nda/2003/021316_S006_ALTOCAR_TABLETS_AP.pdf
14eaeed6251a6313595316db,42096,021317,ORIG,1,http://www.accessdata.fda.gov/drugsatfda_docs/nda/2001/21317_Bayer.html
9d2c0204024a0a97bbb5008a,42097,021318,SUPPL,16,http://www.accessdata.fda.gov/drugsatfda_docs/nda/2008/021318Orig1s016.pdf
53ee7f41c098e39281163337,42098,021320,ORIG,1,http://www.accessdata.fda.gov/drugsatfda_docs/nda/2003/21-320_Plenaxis.html
5632f14f6f190f16b2140eb9,42099,021321,ORIG,1,http://www.accessdata.fda.gov/drugsatfda_docs/nda/2002/21321_Extraneal.html
2a4cedc76edc49fe14233275,42100,021323,ORIG,1,http://www.accessdata.fda.gov/drugsatfda_docs/nda/2002/21-323_Lexapro.html
38309c750e2b5e00a01aad67,42101,021323,SUPPL,1,http://www.accessdata.fda.gov/drugsatfda_docs/nda/2002/21-440_21323s1_Lexapro.html
e8c1bf53e76025eb0116d1ca,42102,021323,SUPPL,30,http://www.accessdata.fda.gov/drugsatfda_docs/nda/2009/021323Orig1S030_s031.pdf
6d312e0f460d59974cbf420f,42103,021332,ORIG,1,http://www.accessdata.fda.gov/drugsatfda_docs/nda/2005/21-332_Symlin.html
5a0dba9f06f16cd628c3a6a9,42104,021333,ORIG,1,http://www.accessdata.fda.gov/drugsatfda_docs/nda/2002/021333s000_MinirinTOC.html
edd4d0cf924260c9ffc18652,42105,021335,SUPPL,4,http://www.accessdata.fda.gov/drugsatfda_docs/nda/2002/21-335s004_Gleevec.html
f3bc363740013c7e69635499,42106,021335,SUPPL,6,http://www.accessdata.fda.gov/drugsatfda_docs/nda/2003/21-335S006_Gleevec_Approv.pdf
df0c4ed1126a9901f748e9e0,42107,021337,SUPPL,21,http://www.accessdata.fda.gov/drugsatfda_docs/nda/2006/021337Orig1s021.pdf
8b4869e1dcf417800fb2d056,42108,021338,ORIG,1,http://www.accessdata.fda.gov/drugsatfda_docs/nda/2006/021338_toc.html
9c7b25aaa5353ba82e6607f2,42109,021341,ORIG,1,http://www.accessdata.fda.gov/drugsatfda_docs/nda/2001/21-341_Bextra.html
ac0df90f07fe0c45ab4010b2,42110,021341,SUPPL,2,http://www.accessdata.fda.gov/drugsatfda_docs/nda/2002/021341_S002_BEXTRATOC.cfml
9f4f84dd6253aed26c479153,42111,021342,SUPPL,3,http://www.accessdata.fda.gov/drugsatfda_docs/nda/2004/021342_s003_Levo.pdf
4defe51f3fe3041952399299,42112,021342,SUPPL,4,http://www.accessdata.fda.gov/drugsatfda_docs/nda/2004/021342_s004_Levo.pdf
08eb63d108f9fa9cc08334d4,42113,021344,ORIG,1,http://www.accessdata.fda.gov/drugsatfda_docs/nda/2002/21-344_FulvestrantFaslodex.html
6080ffade753d60f46e81fe4,42114,021345,ORIG,1,http://www.accessdata.fda.gov/drugsatfda_docs/nda/2001/21-345_Arixtra.html
874a97e36a44f59ec6dfa0a0,42115,021350,ORIG,1,http://www.accessdata.fda.gov/drugsatfda_docs/nda/2005/021350s000TOC.html
5df5f287f2e6df1fb86c19e9,42116,021351,ORIG,1,http://www.accessdata.fda.gov/drugsatfda_docs/nda/2003/21-351_Oxytrol.html
51b3a4b22abed17942856538,42117,021355,ORIG,1,http://www.accessdata.fda.gov/drugsatfda_docs/nda/2005/021355s000TOC.html
9d21a564a66f9ae615636f23,42118,021360,SUPPL,6,http://www.accessdata.fda.gov/drugsatfda_docs/nda/2004/021360_S006_SUSTIVA.pdf
cc05f1dc085f1542add6e382,42119,021361,ORIG,1,http://www.accessdata.fda.gov/drugsatfda_docs/nda/2004/21-361_Xifaxan.html
637e314d479bc1f62bad761e,42120,021363,ORIG,1,http://www.accessdata.fda.gov/drugsatfda_docs/nda/2002/21-363_Clarinex.html
7537671aa1b1a2f97f5c6262,42121,021365,ORIG,1,http://www.accessdata.fda.gov/drugsatfda_docs/nda/2002/21-365_Lexapro.html
97d726df48f6259409a1b375,42122,021366,SUPPL,10,http://www.accessdata.fda.gov/drugsatfda_docs/nda/2007/021366s010.pdf
b43f41f9b7127f93707435f7,42123,021366,SUPPL,16,http://www.accessdata.fda.gov/drugsatfda_docs/nda/2010/021366s016_crestor_toc.html
e263e55b07d0c49f45cf3757,42124,021368,ORIG,1,http://www.accessdata.fda.gov/drugsatfda_docs/nda/2003/21-368_Cialis.html
809272674875ba55ff091281,42125,021369,ORIG,1,http://www.accessdata.fda.gov/drugsatfda_docs/nda/2004/21-369_Codeprex.html
4bcb906680570489ea55bc73,42126,021372,SUPPL,10,http://www.accessdata.fda.gov/drugsatfda_docs/nda/2008/021372s008s010TOC.html
fafe8dcfe9cbc864c9d1ec4f,42127,021373,ORIG,1,http://www.accessdata.fda.gov/drugsatfda_docs/nda/2002/21-373_Ibuprofen%20Childrens%20Advil.html
70dc2c786c85b3d1c21f30f6,42128,021374,ORIG,1,http://www.accessdata.fda.gov/drugsatfda_docs/nda/2002/21-374_Ibuprofen.html
d1b6c89d39d8b04bcc119f6f,42129,021375,ORIG,1,http://www.accessdata.fda.gov/drugsatfda_docs/nda/2002/21-375_Alvert.html
6caf9d35da4f63df21fb0f9d,42130,021379,ORIG,1,http://www.accessdata.fda.gov/drugsatfda_docs/nda/2002/21-379_Eligard.html
78e0ae76f13719b446ecdf36,42131,021379,SUPPL,2,http://www.accessdata.fda.gov/drugsatfda_docs/nda/2004/021379_s002_ELIGARD.pdf
772401a389fa91aed94f175f,42132,021385,ORIG,1,http://www.accessdata.fda.gov/drugsatfda_docs/nda/2003/21-385_Ertaczo.html
d70618d240624ecc3118cdc1,42133,021386,ORIG,1,http://www.accessdata.fda.gov/drugsatfda_docs/nda/2002/21-386_Zometa.html
5e69397651b6f3f5716804cf,42134,021388,ORIG,1,http://www.accessdata.fda.gov/drugsatfda_docs/nda/2003/21-388_SterileTalc.html
514ae3c9908b4f8ab92c1235,42135,021393,ORIG,1,"http://www.accessdata.fda.gov/drugsatfda_docs/nda/2005/021393,021394_AdvilTOC.html"
2c906ef291c29d01561c9047,42136,021395,SUPPL,29,http://www.accessdata.fda.gov/drugsatfda_docs/nda/2009/021395Orig1s029.pdf
1545e2bf1e976180a247871c,42137,021398,ORIG,1,http://www.accessdata.fda.gov/drugsatfda_docs/nda/2007/021398s000TOC.html
876f245ba1a69d2691e7938a,42138,021402,ORIG,1,http://www.accessdata.fda.gov/drugsatfda_docs/nda/2002/21-402_Synthroid.html
90bf0a76890a4ca6def073ff,42139,021408,ORIG,1,http://www.accessdata.fda.gov/drugsatfda_docs/nda/2002/021408_s00MentextcTOC.html
9cfca0e6d73fef8c309ee6b3,42140,021410,ORIG,1,http://www.accessdata.fda.gov/drugsatfda_docs/nda/2002/021410_avandamet.html
d0fc85da3110cbd680413e76,42141,021410,SUPPL,9,http://www.accessdata.fda.gov/drugsatfda_docs/nda/2005/021071_s014_Avandia%20Tabs.pdf
97990e315a70cd7c3a325efc,42142,021411,ORIG,1,http://www.accessdata.fda.gov/drugsatfda_docs/nda/2002/21-411_Strattera.html
b61926c01624e842049a8235,42143,021412,ORIG,1,http://www.accessdata.fda.gov/drugsatfda_docs/nda/2007/021412_tovalt_odt_toc.html
b669bdd27271074755edb177,42144,021416,ORIG,1,http://www.accessdata.fda.gov/drugsatfda_docs/nda/2003/21-416_Rythmol.html
4ae9a8273d5e0b77238c60db,42145,021419,ORIG,1,http://www.accessdata.fda.gov/drugsatfda_docs/nda/2002/21-419_Methylin.html
a173945ef17540c482a4bad7,42146,021423,ORIG,1,http://www.accessdata.fda.gov/drugsatfda_docs/nda/2002/21-397_21-423_21-424_Neurontin.html
a173945ef17540c482a4bad7,42147,021424,ORIG,1,http://www.accessdata.fda.gov/drugsatfda_docs/nda/2002/21-397_21-423_21-424_Neurontin.html
06e2d96626fb0c7dbc7e3782,42148,021426,SUPPL,2,http://www.accessdata.fda.gov/drugsatfda_docs/nda/2008/021426Orig1s002.pdf
c48794faf30546484fe42063,42149,021426,SUPPL,8,http://www.accessdata.fda.gov/drugsatfda_docs/nda/2010/021426Orig1s008.pdf
b7ed2482ea890e6315e1abd2,42150,021427,ORIG,1,http://www.accessdata.fda.gov/drugsatfda_docs/nda/2004/021427_s000_Cymbalta.html
2413b13f329c1b57b7027935,42151,021427,SUPPL,15,http://www.accessdata.fda.gov/drugsatfda_docs/nda/2007/021427Orig1s015_s017.pdf
2413b13f329c1b57b7027935,42152,021427,SUPPL,17,http://www.accessdata.fda.gov/drugsatfda_docs/nda/2007/021427Orig1s015_s017.pdf
f338b2e5ebbf453955a97c28,42153,021428,ORIG,1,http://www.accessdata.fda.gov/drugsatfda_docs/nda/2002/21428_20406s052_21281s007_PrevacidTOC.html
5ae618193dbcee9bf368d6b6,42154,021430,ORIG,1,http://www.accessdata.fda.gov/drugsatfda_docs/nda/2006/021430s000TOC.html
59b702497ee69b3bae7d52f7,42155,021431,ORIG,1,http://www.accessdata.fda.gov/drugsatfda_docs/nda/2004/21-431_Campral.html
36265f86c0fae1ee2b037ed0,42156,021434,ORIG,1,http://www.accessdata.fda.gov/drugsatfda_docs/nda/2003/21-434_Xanax.html
1e3bc1bd7cf17e84f246ef9a,42157,021434,SUPPL,1,http://www.accessdata.fda.gov/drugsatfda_docs/nda/2004/021434_S001_Xanax_APPROVAL PACKAGE.pdf
73ef4f874ac1481a62d59470,42158,021436,ORIG,1,http://www.accessdata.fda.gov/drugsatfda_docs/nda/2002/21-436_Abilify.html
a638e26f8fce0401caa9b909,42159,021436,SUPPL,4,http://www.accessdata.fda.gov/drugsatfda_docs/nda/2003/021436_S004_ABILIFY_TABLETS.pdf
9c632dd3fe2d31d8a61c681a,42160,021436,SUPPL,17,http://www.accessdata.fda.gov/drugsatfda_docs/nda/2007/021436Orig1s017.pdf
7711e188172b554d5fbc8ef2,42161,021436,SUPPL,19,http://www.accessdata.fda.gov/drugsatfda_docs/nda/2008/021436Orig1s019_s020_s022.pdf
491fbbb94b34ae80e40000ac,42162,021436,SUPPL,20,http://www.accessdata.fda.gov/drugsatfda_docs/NDA/2008/021436Orig1s019_s020_s022.pdf
491fbbb94b34ae80e40000ac,42163,021436,SUPPL,22,http://www.accessdata.fda.gov/drugsatfda_docs/NDA/2008/021436Orig1s019_s020_s022.pdf
a0225d95891b600cbedfd745,42164,021436,SUPPL,27,http://www.accessdata.fda.gov/drugsatfda_docs/nda/2009/021436Orig1s027.pdf
4b92713854c5ff6a1016e4af,42165,021437,ORIG,1,http://www.accessdata.fda.gov/drugsatfda_docs/nda/2002/21-437_Inspra.html
feb111d51665b5c36d6164f8,42166,021438,ORIG,1,http://www.accessdata.fda.gov/drugsatfda_docs/nda/2003/21-438_Innopran.html
1c2454c684c6b7e123619de1,42167,021441,ORIG,1,http://www.accessdata.fda.gov/drugsatfda_docs/nda/2002/21-441_Advil.html
6a7d664a653c9a87faa17e15,42168,021443,ORIG,1,http://www.accessdata.fda.gov/drugsatfda_docs/nda/2004/021443s000_EnjuviaTOC.html
8673c47826542e07dfadb3e0,42169,021444,ORIG,1,http://www.accessdata.fda.gov/drugsatfda_docs/nda/2003/021444_risperdal.html
c0efc1e2ab51a1f168602ff5,42170,021444,SUPPL,4,http://www.accessdata.fda.gov/drugsatfda_docs/nda/2003/021444_S004_RISPERDAL_TABLETS.pdf
5e1968cde6c262f59cfe9349,42171,021444,SUPPL,8,"http://www.accessdata.fda.gov/drugsatfda_docs/nda/2006/020272Orig1s036,s041,020588Orig1s024,s028,s029,21444Orig1s008,s015.pdf"
739957d6c289d9cb9b51524d,42172,021444,SUPPL,21,http://www.accessdata.fda.gov/drugsatfda_docs/nda/2007/020272_s046_risperdal_toc.html
6e26e9da569920c993565eda,42173,021445,SUPPL,3,http://www.accessdata.fda.gov/drugsatfda_docs/nda/2004/021445_S001_S003_S004_ZETIA_TABLETS.pdf
526dee74317ee9e66e23bcdb,42174,021451,ORIG,1,http://www.accessdata.fda.gov/drugsatfda_docs/nda/2003/021451s000_OraqixTOC.html
961c5abc3fde7ad52d99eaa3,42175,021454,ORIG,1,http://www.accessdata.fda.gov/drugsatfda_docs/nda/2002/21-454_Testim.html
b3b269b2f84def37c32bdc48,42176,021455,ORIG,1,http://www.accessdata.fda.gov/drugsatfda_docs/nda/2003/21-455_Boniva.html
854949d61d417afa204b0317,42177,021455,SUPPL,7,http://www.accessdata.fda.gov/drugsatfda_docs/nda/2008/021455Orig1s007.pdf
8ccb7a71d1828b3c500a6725,42178,021460,ORIG,1,http://www.accessdata.fda.gov/drugsatfda_docs/nda/2002/021460_metaglip.html
f02c1c5a73bb5fed6a34574d,42179,021462,ORIG,1,http://www.accessdata.fda.gov/drugsatfda_docs/nda/2004/21-462_Alimta.html
58c636def8310f502f0d6a29,42180,021462,SUPPL,15,http://www.accessdata.fda.gov/drugsatfda_docs/nda/2008/021462s015.pdf
03dc01a331292dfc7e681a28,42181,021464,ORIG,1,http://www.accessdata.fda.gov/drugsatfda_docs/nda/2003/021464s000_021466s000_VfendTOC.html
03dc01a331292dfc7e681a28,42182,021466,ORIG,1,http://www.accessdata.fda.gov/drugsatfda_docs/nda/2003/021464s000_021466s000_VfendTOC.html
37b950707ed194d2b69334c5,42183,021468,SUPPL,5,http://www.accessdata.fda.gov/drugsatfda_docs/nda/2006/021468_s005_fosrenol.pdf
efc66212eeda506abb13419f,42184,021472,ORIG,1,http://www.accessdata.fda.gov/drugsatfda_docs/nda/2002/21-472_Ibuprofen.html
46f2c6fc55f82f334da7856e,42185,021473,ORIG,1,http://www.accessdata.fda.gov/drugsatfda_docs/nda/2002/21-473_Cipro.html
9f23014aecbbb36cc65726fd,42186,021473,SUPPL,13,http://www.accessdata.fda.gov/drugsatfda_docs/nda/2005/021473_S013_CIPRO.pdf
a740c44ff37e66424cb992cb,42187,021476,ORIG,1,http://www.accessdata.fda.gov/drugsatfda_docs/nda/2004/021476_Lunesta.html
6b794fc4ee2a43d2acda273f,42188,021478,ORIG,1,http://www.accessdata.fda.gov/drugsatfda_docs/nda/2002/21-478_Zovirax.html
61a9407701815c6676650984,42189,021481,ORIG,1,http://www.accessdata.fda.gov/drugsatfda_docs/nda/2003/021481_fuzeon_review.html
628fdee768749596067af0fa,42190,021483,ORIG,1,http://www.accessdata.fda.gov/drugsatfda_docs/nda/2006/021483s000TOC.html
eed132cef42d77a75b7a4f27,42191,021487,ORIG,1,http://www.accessdata.fda.gov/drugsatfda_docs/nda/2003/21-487_Namenda.html
ec91a4e2a5a8bac1e4dd39d6,42192,021493,ORIG,1,http://www.accessdata.fda.gov/drugsatfda_docs/nda/2003/021493_Zymar.html
6020976536666b759b0e1aad,42193,021497,ORIG,1,http://www.accessdata.fda.gov/drugsatfda_docs/nda/2004/21-497_21-498s001_Alinia.html
27a67d7f03a5bc21a574c158,42194,021500,ORIG,1,http://www.accessdata.fda.gov/drugsatfda_docs/nda/2003/021500_emtriva_toc.html
63a5bbcda6bdd9373a04dc2e,42195,021502,ORIG,1,http://www.accessdata.fda.gov/drugsatfda_docs/nda/2006/021502s000_AntheliosTOC.html
89dbb2ec0b479cdc30eed547,42196,021507,ORIG,1,http://www.accessdata.fda.gov/drugsatfda_docs/nda/2003/21507_PrevacidTOC.html
825560bc5da8d40de80dd2d8,42197,021512,ORIG,1,http://www.accessdata.fda.gov/drugsatfda_docs/nda/2004/021512s000TOC.html
1ec7e08e20a10eda5f9b831e,42198,021515,ORIG,1,http://www.accessdata.fda.gov/drugsatfda_docs/nda/2003/021515_Wellbutrin.html
1483694c6d9448a0647d263f,42199,021518,ORIG,1,http://www.accessdata.fda.gov/drugsatfda_docs/nda/2004/21-518_VesiCare.html
73abb58c186045f7d3d11483,42200,021520,ORIG,1,http://www.accessdata.fda.gov/drugsatfda_docs/nda/2003/21520_SymbyaxTOC.html
1c33f00a0dd768fbe8a0b8eb,42201,021528,ORIG,1,http://www.accessdata.fda.gov/drugsatfda_docs/nda/2003/21528_Acular.html
f026e8765844d065423f2fe5,42202,021529,ORIG,1,http://www.accessdata.fda.gov/drugsatfda_docs/nda/2006/021529_implanon_toc.html
78ea2c863611778b5ef3ca25,42203,021537,ORIG,1,https://www.accessdata.fda.gov/drugsatfda_docs/nda/2026/21537Orig1s000.pdf
7977d66a7093a421e5bfd81c,42205,021539,ORIG,1,http://www.accessdata.fda.gov/drugsatfda_docs/nda/2004/21-539_Acetadote.html
8cb45b0f2488808741037305,42206,021543,ORIG,1,http://www.accessdata.fda.gov/drugsatfda_docs/nda/2003/21-543_Striant.html
d8750095e313aa63d6d5f236,42207,021546,ORIG,1,http://www.accessdata.fda.gov/drugsatfda_docs/nda/2003/21-546_Rebetol.html
524ce8bb20104f9ff89b2c5a,42208,021549,ORIG,1,http://www.accessdata.fda.gov/drugsatfda_docs/nda/2003/21-549_Emend.html
17e3475b0632134b2f0ffa58,42209,021551,ORIG,1,http://www.accessdata.fda.gov/drugsatfda_docs/nda/2004/021551s000_HalfLytelyTOC.html
77bfbc608f3692e81121ae80,42210,021555,ORIG,1,http://www.accessdata.fda.gov/drugsatfda_docs/nda/2002/21-555_Chloraprep.html
2f4228b38c355791119632b3,42211,021565,ORIG,1,http://www.accessdata.fda.gov/drugsatfda_docs/nda/2003/21-565_Elestat.html
8b7b4faae0ec96b21f2ca071,42212,021566,ORIG,1,http://www.accessdata.fda.gov/drugsatfda_docs/nda/2004/021566s000_PrevacidTOC.html
c0e5def19b4471b05767f306,42213,021567,ORIG,1,http://www.accessdata.fda.gov/drugsatfda_docs/nda/2003/021567_reyataz_toc.html
bf23cfbbf97f14a2c0bff195,42214,021567,SUPPL,25,http://www.accessdata.fda.gov/drugsatfda_docs/nda/2011/021567Orig1s025.pdf
8635b58af36eabe812453a6b,42215,021574,ORIG,1,http://www.accessdata.fda.gov/drugsatfda_docs/nda/2004/021574s000_ForametTOC.html
044941c94b0f084ab8013d0d,42216,021575,SUPPL,4,http://www.accessdata.fda.gov/drugsatfda_docs/nda/2004/021575_s004_FOSAMAX TABS.pdf
3247dd659fb68046c097bd4b,42217,021575,SUPPL,7,http://www.accessdata.fda.gov/drugsatfda_docs/nda/2005/020560s038_021575s007lbl.pdf
fe75ce7f323fb82be72641dc,42218,021583,ORIG,1,http://www.accessdata.fda.gov/drugsatfda_docs/nda/2004/021583s000TOC.html
d6f6dbca925eb63dce35863d,42219,021588,ORIG,1,http://www.accessdata.fda.gov/drugsatfda_docs/nda/2003/021588s000_GleevecTOC.html
97d285715b3038cf2f907338,42220,021588,SUPPL,1,http://www.accessdata.fda.gov/drugsatfda_docs/nda/2003/21-335s003_21-588s001_Gleevec.html
1a8b752a389bb12dfe1573c3,42221,021588,SUPPL,2,http://www.accessdata.fda.gov/drugsatfda_docs/nda/2003/21-588s002_Gleevec.html
0981f318d38d80547e66bc9b,42222,021588,SUPPL,12,http://www.accessdata.fda.gov/drugsatfda_docs/nda/2006/021588_s012_gleevic.pdf
47a4f39b8199804c87e97e1a,42223,021588,SUPPL,13,http://www.accessdata.fda.gov/drugsatfda_docs/nda/2006/021588_s013_gleevic.pdf
a345cb294e99a5b94a6147d2,42224,021588,SUPPL,14,http://www.accessdata.fda.gov/drugsatfda_docs/nda/2006/021588_s014_gleevec.pdf
bfd90c4bb21ef691961b298b,42225,021591,ORIG,1,http://www.accessdata.fda.gov/drugsatfda_docs/nda/2003/21-591_Riomet.html
daa7e3e489c4bfb25fabec15,42226,021595,ORIG,1,http://www.accessdata.fda.gov/drugsatfda_docs/nda/2004/21-595_Sanctura.html
35088fe199e6112f9d90e85b,42228,021598,ORIG,1,http://www.accessdata.fda.gov/drugsatfda_docs/nda/2003/21-598_Vigamox.html
0fde4d706f90ed92537ba92e,42229,021602,ORIG,1,http://www.accessdata.fda.gov/drugsatfda_docs/nda/2003/21602_Velcade.html
f932e60f79c4a858c0cdf00f,42230,021605,ORIG,1,http://www.accessdata.fda.gov/drugsatfda_docs/nda/2005/021605s000TOC.html
9c3cf5e1263cfdef6ded6706,42231,021609,ORIG,1,http://www.accessdata.fda.gov/drugsatfda_docs/nda/2004/021609s000_EnjuviaTOC.html
aab584c964f427355d4afb30,42232,021611,ORIG,1,http://www.accessdata.fda.gov/drugsatfda_docs/nda/2006/021610s000_021611s000TOC.html
f4f9f4dcdd293bf9f4a83a7a,42233,021612,ORIG,1,http://www.accessdata.fda.gov/drugsatfda_docs/nda/2006/021612_lipofen_toc.html
0ac9f8c9019bb51f04c50aef,42234,021615,ORIG,1,http://www.accessdata.fda.gov/drugsatfda_docs/nda/2004/021615s000_RazadyneTOC.html
62eefbc197e6383cad2a62a8,42235,021618,ORIG,1,http://www.accessdata.fda.gov/drugsatfda_docs/nda/2004/21-618_21-681_21-682_Tindamax.html
f59bb5f67b5066aabff1abb0,42236,021620,ORIG,1,http://www.accessdata.fda.gov/drugsatfda_docs/nda/2004/021620s000_MucinexTOC.html
e62f9770cb1aef21cc7df8fe,42237,021623,ORIG,1,http://www.accessdata.fda.gov/drugsatfda_docs/nda/2005/021623TOC.html
c21384acdbd88925a04fc2ab,42238,021627,ORIG,1,http://www.accessdata.fda.gov/drugsatfda_docs/nda/2005/021627s000_NamendaTOC.html
5c45284d5595884b90a92025,42239,021629,ORIG,1,http://www.accessdata.fda.gov/drugsatfda_docs/nda/2004/21-629_Apidra.html
8d3a6aa6abff1cfdad8e8644,42241,021630,ORIG,1,http://www.accessdata.fda.gov/drugsatfda_docs/nda/2003/021630s000_VfendTOC.html
fbabf1bdeaeaa66581550968,42242,021630,SUPPL,1,"http://www.accessdata.fda.gov/drugsatfda_docs/nda/2004/021266s005s006,021267s005s006,021630s001_VfendTOC.html"
43499437f611c03b739f0895,42243,021630,SUPPL,3,http://www.accessdata.fda.gov/drugsatfda_docs/nda/2004/021630Orig1s003.pdf
72e8a662d5eb5fd2dc4ccb03,42244,021633,ORIG,1,http://www.accessdata.fda.gov/drugsatfda_docs/nda/2004/021633s000_FemtraceTOC.html
413906e3c3315107fdb93fc0,42245,021636,ORIG,1,http://www.accessdata.fda.gov/drugsatfda_docs/nda/2004/021636s000_ZegeridTOC.html
f97905a7eb4f2840b537fd0c,42246,021641,SUPPL,8,http://www.accessdata.fda.gov/drugsatfda_docs/nda/2009/021641S008TOC.html
be074696e3d1e63a29493556,42247,021642,ORIG,1,http://www.accessdata.fda.gov/drugsatfda_docs/nda/2005/021642s000_NascobalTOC.html
125e7936d4a3d309ebad2c46,42248,021643,ORIG,1,http://www.accessdata.fda.gov/drugsatfda_docs/nda/2004/021643s000_MVI_AdultTOC.html
fb0619e102dbe5a05376fdd7,42249,021644,ORIG,1,http://www.accessdata.fda.gov/drugsatfda_docs/nda/2004/21-644_Clobex.html
dd92eaeae0f1e43147cc5a4d,42250,021647,ORIG,1,http://www.accessdata.fda.gov/drugsatfda_docs/nda/2004/021647_000_VioxxTOC.html
e2851a85fdb410923096d032,42251,021648,SUPPL,4,http://www.accessdata.fda.gov/drugsatfda_docs/nda/2011/021648Orig1REVs004.pdf
e9f11904cea8ff4761fbe287,42252,021652,ORIG,1,http://www.accessdata.fda.gov/drugsatfda_docs/nda/2004/021652s000_EpzicomTOC.html
d692d7ac439c4cb93b645564,42253,021654,ORIG,1,http://www.accessdata.fda.gov/drugsatfda_docs/nda/2004/21-654_Omacor.html
502c518e732f3aca4f8b937a,42254,021654,SUPPL,18,http://www.accessdata.fda.gov/drugsatfda_docs/nda/2008/021654Orig1s018.pdf
08759496af38423ecbd2dcaa,42255,021656,ORIG,1,http://www.accessdata.fda.gov/drugsatfda_docs/nda/2004/021656s000_TricorTOC.html
f16064cf9ce0f1a405e2de09,42256,021658,ORIG,1,http://www.accessdata.fda.gov/drugsatfda_docs/nda/2008/021658s000TOC.html
079b8afc07d9e35ee9d8878d,42257,021660,SUPPL,10,http://www.accessdata.fda.gov/drugsatfda_docs/nda/2007/021660Orig1s010.pdf
a2fd708477b4062af294a699,42258,021660,SUPPL,13,http://www.accessdata.fda.gov/drugsatfda_docs/nda/2008/021660Orig1s013.pdf
5997391bd99703e4136ba2ab,42259,021660,SUPPL,31,http://www.accessdata.fda.gov/drugsatfda_docs/nda/2012/021660Orig1s031.pdf
c4952952af9c2569e2f30c8c,42260,021664,ORIG,1,http://www.accessdata.fda.gov/drugsatfda_docs/nda/2005/021664s000TOC.html
2a039b7493d4ad4f42eb4a64,42261,021664,SUPPL,13,http://www.accessdata.fda.gov/drugsatfda_docs/nda/2010/021664Orig1s013.pdf
a7bd3cb1187e37daa47f57d0,42262,021665,ORIG,1,http://www.accessdata.fda.gov/drugsatfda_docs/nda/2004/21-665_Amphadase.html
b5c36fb509d48163554798e3,42263,021667,ORIG,1,http://www.accessdata.fda.gov/drugsatfda_docs/nda/2004/21-667_NutreStroe.html
9856cbcb682c43ab50402ded,42264,021671,ORIG,1,http://www.accessdata.fda.gov/drugsatfda_docs/nda/2004/021671_s000_DepoDurTOC.html
be3d45fd0d10fc659dc70f43,42265,021676,ORIG,1,http://www.accessdata.fda.gov/drugsatfda_docs/nda/2006/021676s000TOC.html
5df7bbd241980e9fef8318b2,42266,021676,SUPPL,12,http://www.accessdata.fda.gov/drugsatfda_docs/nda/2012/021676Orig1s012.pdf
a36a9bb86b00afed8597ceb0,42267,021677,ORIG,1,http://www.accessdata.fda.gov/drugsatfda_docs/nda/2004/021677s000_AlimtaTOC.html
62eefbc197e6383cad2a62a8,42268,021682,ORIG,1,http://www.accessdata.fda.gov/drugsatfda_docs/nda/2004/21-618_21-681_21-682_Tindamax.html
df67039cb2c029cdd4b52e3d,42269,021684,ORIG,1,http://www.accessdata.fda.gov/drugsatfda_docs/nda/2004/021684s000_GonalTOC.html
dab90866d5246fce0fe6e41b,42270,021687,SUPPL,41,http://www.accessdata.fda.gov/drugsatfda_docs/nda/2011/021687Orig1s041.pdf
f448e5c00cb59aba66db9741,42271,021689,ORIG,1,http://www.accessdata.fda.gov/drugsatfda_docs/nda/2005/021689s000TOC.html
375683fc56e2ab298690caeb,42272,021690,ORIG,1,http://www.accessdata.fda.gov/drugsatfda_docs/nda/2005/021690s000TOC.html
f59127a9fd303810437a120f,42273,021692,ORIG,1,http://www.accessdata.fda.gov/drugsatfda_docs/nda/2005/021692s000_RalivaTOC.html
b68d6c189325fc6f34cb3040,42274,021697,ORIG,1,http://www.accessdata.fda.gov/drugsatfda_docs/nda/2005/021697s000_VaprisolTOC.html
88544cb3216e0f0408ee3d72,42275,021700,ORIG,1,http://www.accessdata.fda.gov/drugsatfda_docs/nda/2005/021700s000TOC.html
4d9a83de5eacb415974d5347,42276,021703,ORIG,1,http://www.accessdata.fda.gov/drugsatfda_docs/nda/2006/021703s000TOC.html
a3823b98b61a2a5fae354cb6,42277,021704,ORIG,1,http://www.accessdata.fda.gov/drugsatfda_docs/nda/2004/021704s000_AllegraTOC.html
22a22e93c28816466b8246cd,42278,021706,ORIG,1,http://www.accessdata.fda.gov/drugsatfda_docs/nda/2004/021706s000_ZegeridTOC.html
77b1374984db9d75b3c165ba,42279,021708,ORIG,1,http://www.accessdata.fda.gov/drugsatfda_docs/nda/2006/021336s000_021708s000TOC.html
ac3f5229658473cf4b9e1b32,42280,021713,ORIG,1,http://www.accessdata.fda.gov/drugsatfda_docs/nda/2004/021713s000_AbilifyTOC2.html
e94dcbbbe868eb7a8e4ced2c,42281,021713,SUPPL,15,http://www.accessdata.fda.gov/drugsatfda_docs/nda/2008/021713Orig1s014_s015_s017.pdf
2facb9e4ee65465424b5db05,42283,021717,ORIG,1,http://www.accessdata.fda.gov/drugsatfda_docs/nda/2006/021717_tradename_toc.html
17776b0d995e293a2a377171,42284,021721,SUPPL,31,http://www.accessdata.fda.gov/drugsatfda_docs/nda/2011/021721Orig1s029s031.pdf
0e5c99025e67be6a740ca36d,42285,021726,ORIG,1,http://www.accessdata.fda.gov/drugsatfda_docs/nda/2005/021726s000_NiravamTOC.html
ad49101a87b1e1f6845b4133,42286,021727,ORIG,1,http://www.accessdata.fda.gov/drugsatfda_docs/nda/2004/021727s000_OraDiscTOC.html
4125c2cf6caffa6ef3eb4f33,42287,021729,ORIG,1,http://www.accessdata.fda.gov/drugsatfda_docs/nda/2006/021729s000TOC.html
59d50a33195c14d23ea4086c,42288,021729,SUPPL,6,http://www.accessdata.fda.gov/drugsatfda_docs/nda/2008/021729Orig1s006_s007_s009.pdf
59d50a33195c14d23ea4086c,42289,021729,SUPPL,9,http://www.accessdata.fda.gov/drugsatfda_docs/nda/2008/021729Orig1s006_s007_s009.pdf
270e84f0db7f70e7d5ad7746,42290,021734,ORIG,1,http://www.accessdata.fda.gov/drugsatfda_docs/nda/2005/021734s000TOC.html
1d093224c205a06c7382fddd,42291,021737,ORIG,1,http://www.accessdata.fda.gov/drugsatfda_docs/nda/2005/021737s000TOC.html
3bb4d0b775007c79166e7f16,42292,021738,ORIG,1,http://www.accessdata.fda.gov/drugsatfda_docs/nda/2007/021738_extina_toc.html
767f9265aec4c15d49d44377,42293,021742,ORIG,1,http://www.accessdata.fda.gov/drugsatfda_docs/nda/2007/021742s000TOC.html
4202a9113f9b14d98454d096,42294,021743,ORIG,1,http://www.accessdata.fda.gov/drugsatfda_docs/nda/2004/21-743_Tarceva.html
02ce497f037434ad4d546fee,42295,021744,ORIG,1,http://www.accessdata.fda.gov/drugsatfda_docs/nda/2005/021744s000TOC.html
aefae89d5c4d2c7825fdd34f,42296,021747,ORIG,1,http://www.accessdata.fda.gov/drugsatfda_docs/nda/2011/021747_combivent_toc.html
8c817840f033c8500fb09368,42297,021749,ORIG,1,http://www.accessdata.fda.gov/drugsatfda_docs/nda/2004/21-749_21-751_Pentetate.html
20c6cbe15a249aeec4e6c88a,42298,021752,SUPPL,2,http://www.accessdata.fda.gov/drugsatfda_docs/nda/2005/021752_S002_TRUVADA.pdf
9a4d5cfcb2fdafbf8850b2f0,42299,021753,ORIG,1,http://www.accessdata.fda.gov/drugsatfda_docs/nda/2007/021753TOC.html
0e0860c4d2945f43a3bd1c24,42300,021754,ORIG,1,http://www.accessdata.fda.gov/drugsatfda_docs/nda/2005/021754s000_mycamine_TOC.html
abd183bc243d00f956115591,42301,021758,ORIG,1,http://www.accessdata.fda.gov/drugsatfda_docs/nda/2005/021758s000TOC.html
8c5ab7a704a99a2bc657ac64,42302,021759,ORIG,1,http://www.accessdata.fda.gov/drugsatfda_docs/nda/2005/021759s000TOC.html
f8bd1cd6f37d0abdc24011fa,42303,021764,ORIG,1,http://www.accessdata.fda.gov/drugsatfda_docs/nda/2006/021764s000TOC.html
7b5eb2f0402fc39a31ca0117,42304,021770,ORIG,1,http://www.accessdata.fda.gov/drugsatfda_docs/nda/2005/021770s000TOC.html
269bc9cfb3e1305b9c823908,42305,021773,ORIG,1,http://www.accessdata.fda.gov/drugsatfda_docs/nda/2005/021773_ByettaTOC.html
f97fb40a4c4f0fe96b776d72,42306,021779,ORIG,1,http://www.accessdata.fda.gov/drugsatfda_docs/nda/2004/21-779_Ventavis.html
4bae06cfb81c5a9b3de31348,42307,021780,ORIG,1,http://www.accessdata.fda.gov/drugsatfda_docs/nda/2006/021780_nitromist_toc.html
c6b7f69b4e2c46a465ce0104,42308,021782,ORIG,1,http://www.accessdata.fda.gov/drugsatfda_docs/nda/2005/021782s000_RozeremTOC.html
f0523ac3baed8ee2280a305c,42309,021785,SUPPL,2,http://www.accessdata.fda.gov/drugsatfda_docs/nda/2005/021785_S002_FORTOVASE.pdf
15b11772c818cf9dd2e573a3,42310,021788,ORIG,1,http://www.accessdata.fda.gov/drugsatfda_docs/nda/2008/021788_synthetic_conjugated_estrogens_toc.html
71efad0077e53c527ed30a4d,42311,021789,ORIG,1,http://www.accessdata.fda.gov/drugsatfda_docs/nda/2005/021789s000_MetrogelTOC.html
d5d9ff3435ffbc767297ed16,42312,021789,SUPPL,4,http://www.accessdata.fda.gov/drugsatfda_docs/nda/2011/021789Orig1s004.pdf
417aac83e9bc480dca218cbd,42313,021790,ORIG,1,http://www.accessdata.fda.gov/drugsatfda_docs/nda/2006/021790s000_DacogenTOC.html
56a3f6b9492ad24f93429a38,42314,021793,SUPPL,4,http://www.accessdata.fda.gov/drugsatfda_docs/nda/2009/021793_s004a_reglan tablets.pdf
6a24762932477a83cb9f2077,42315,021795,ORIG,1,http://www.accessdata.fda.gov/drugsatfda_docs/nda/2008/021795_desmopressin_acetate.html
8355b070f6e5647660302d16,42316,021798,ORIG,1,http://www.accessdata.fda.gov/drugsatfda_docs/nda/2005/21797_21798_BaracludeTOC.html
e927e3343467a7e7b75427ed,42317,021799,ORIG,1,http://www.accessdata.fda.gov/drugsatfda_docs/nda/2005/021799s000TOC.html
e924fee994f178bb202bab5c,42318,021810,ORIG,1,http://www.accessdata.fda.gov/drugsatfda_docs/nda/2008/021810_novolog_mix_toc.html
44c1cea606ed0ef74039943b,42319,021813,ORIG,1,http://www.accessdata.fda.gov/drugsatfda_docs/nda/2006/021813_elestrin_toc.html
af05338801455316f563f395,42320,021822,ORIG,1,http://www.accessdata.fda.gov/drugsatfda_docs/nda/2008/021822_aptivus_toc.html
5ba4c443f10b37a508093dd3,42321,021839,ORIG,1,http://www.accessdata.fda.gov/drugsatfda_docs/nda/2005/021839_IncrelexTOC.html
b2f57880b267d485ff8712f5,42322,021840,ORIG,1,http://www.accessdata.fda.gov/drugsatfda_docs/nda/2006/021840s000TOC.html
2ff9d456e6c9beb69332e564,42323,021842,ORIG,1,http://www.accessdata.fda.gov/drugsatfda_docs/nda/2005/021842s000TOC.html
d2a1fb0f548b0e9e1a15038f,42324,021844,ORIG,1,http://www.accessdata.fda.gov/drugsatfda_docs/nda/2006/021844_desonate_toc.html
54211fc3a2b09c48e3c8dac7,42325,021852,ORIG,1,http://www.accessdata.fda.gov/drugsatfda_docs/nda/2006/021852TOC.html
04a34ec8bd9e6d196baefbd6,42326,021853,ORIG,1,http://www.accessdata.fda.gov/drugsatfda_docs/nda/2007/021853_021654s016_omacor_toc.html
02c9fdb26cd17bc41e9bbb46,42327,021856,ORIG,1,http://www.accessdata.fda.gov/drugsatfda_docs/nda/2009/021856s000TOC.html
349e9e151ea19992a67cfd1c,42328,021859,ORIG,1,http://www.accessdata.fda.gov/drugsatfda_docs/nda/2005/021859_s000_HylenexTOC.html
ae3bb87f0f7d270172a33de0,42329,021860,ORIG,1,http://www.accessdata.fda.gov/drugsatfda_docs/nda/2006/021860_sarafem_toc.html
da4b446c18377653a565de38,42330,021861,ORIG,1,http://www.accessdata.fda.gov/drugsatfda_docs/nda/2008/021861s000TOC.html
522444042165f190e13f9b13,42331,021862,ORIG,1,http://www.accessdata.fda.gov/drugsatfda_docs/nda/2005/021862s000_NevanacTOC.html
56a3ddc42dfd8d9c1062613b,42332,021866,SUPPL,6,http://www.accessdata.fda.gov/drugsatfda_docs/nda/2008/021866Orig1s006_s007_s009.pdf
56a3ddc42dfd8d9c1062613b,42333,021866,SUPPL,9,http://www.accessdata.fda.gov/drugsatfda_docs/nda/2008/021866Orig1s006_s007_s009.pdf
a9a6123f829e976107388930,42334,021871,ORIG,1,http://www.accessdata.fda.gov/drugsatfda_docs/nda/2006/021871TOC.html
6ebcfd9ab95de2aa10ddf438,42335,021877,ORIG,1,http://www.accessdata.fda.gov/drugsatfda_docs/nda/2005/021877_s000_ArranonTOC.html
8c17b75771aa75258c4402df,42336,021878,ORIG,1,http://www.accessdata.fda.gov/drugsatfda_docs/nda/2005/021878s000_LevemirTOC.html
870c998e9154f76ae8b48fe1,42338,021885,ORIG,1,http://www.accessdata.fda.gov/drugsatfda_docs/nda/2005/021885s000TOC.html
3b262ff13af2ea3d8c8fd100,42339,021887,ORIG,1,http://www.accessdata.fda.gov/drugsatfda_docs/nda/2007/021887s000TOC.html
72b05818390deb6af4534517,42340,021891,ORIG,1,http://www.accessdata.fda.gov/drugsatfda_docs/nda/2006/021891s000TOC.html
57c579f1ac888fadc4cbc687,42341,021892,ORIG,1,http://www.accessdata.fda.gov/drugsatfda_docs/nda/2006/021892_osmoprep_toc.html
e53c0ff75acb4fb562bfbfe5,42342,021902,ORIG,1,http://www.accessdata.fda.gov/drugsatfda_docs/nda/2006/021902s000TOC.html
4ec62f2122b4ff484310dfa5,42343,021906,ORIG,1,http://www.accessdata.fda.gov/drugsatfda_docs/nda/2005/021906s000TOC.html
459146ca08e5a945991207ae,42344,021908,SUPPL,5,http://www.accessdata.fda.gov/drugsatfda_docs/nda/2008/021908s005TOC.html
54c005f87bce410adcb090a6,42345,021908,SUPPL,10,http://www.accessdata.fda.gov/drugsatfda_docs/nda/2012/021908Orig1s010.pdf
8f6fe874edeea6e5ad7766ff,42346,021908,SUPPL,11,http://www.accessdata.fda.gov/drugsatfda_docs/nda/2013/021908Orig1s011.pdf
bc78b6ec0eef98a6ef502d32,42347,021909,ORIG,1,http://www.accessdata.fda.gov/drugsatfda_docs/nda/2007/021909_allegra_toc.html
c08d81b5d6c56f43dc17de47,42348,021911,ORIG,1,http://www.accessdata.fda.gov/drugsatfda_docs/nda/2008/021911s000_TOC.html
a6484900ba443b392a64bfcc,42349,021919,ORIG,1,http://www.accessdata.fda.gov/drugsatfda_docs/nda/2009/021919_byetta_toc.html
e829aa483863a97975fce179,42350,021920,ORIG,1,http://www.accessdata.fda.gov/drugsatfda_docs/nda/2006/021920s000TOC.html
15ca43e40d510f7df9590ca0,42351,021924,ORIG,1,http://www.accessdata.fda.gov/drugsatfda_docs/nda/2006/021924s000TOC.html
983dc790dd1a1aa8f2423d0a,42352,021929,ORIG,1,http://www.accessdata.fda.gov/drugsatfda_docs/nda/2006/021929_symbicort_toc.html
d0f252cc9a8a82ab09b4a35c,42353,021929,SUPPL,12,http://www.accessdata.fda.gov/drugsatfda_docs/nda/2009/021929Orig1s012.pdf
9fb6c08a06ffee3c43c50ee6,42354,021936,ORIG,1,http://www.accessdata.fda.gov/drugsatfda_docs/nda/2014/021936Orig1s000TOC.html
eb0cf0a2514654dfeebf99d0,42355,021947,ORIG,1,http://www.accessdata.fda.gov/drugsatfda_docs/nda/2006/021947s000FentoraTOC.html
b40d39443a44c4c5c1db2eed,42356,021949,ORIG,1,http://www.accessdata.fda.gov/drugsatfda_docs/nda/2006/021949_budesonide_toc.html
730b0c42b5087b0307400a2d,42357,021951,ORIG,1,http://www.accessdata.fda.gov/drugsatfda_docs/nda/2012/021951_absorica_toc.html
3037ef308ed6949815d3ca34,42358,021952,ORIG,1,http://www.accessdata.fda.gov/drugsatfda_docs/nda/2008/021952_claritin_toc.html
44c8a6743a79a6a3b0a3e556,42359,021959,ORIG,1,http://www.accessdata.fda.gov/drugsatfda_docs/nda/2006/021959TOC.html
5b8b1c3aea771fe40ade8e61,42360,021961,ORIG,1,http://www.accessdata.fda.gov/drugsatfda_docs/nda/2007/021961_simvastatin_toc.html
a30c36c5124019d205bce34a,42361,021963,ORIG,1,http://www.accessdata.fda.gov/drugsatfda_docs/nda/2006/021963TOC.html
dae4dd85672fa426b0012b87,42362,021964,ORIG,1,http://www.accessdata.fda.gov/drugsatfda_docs/nda/2008/021964s000TOC.html
68a194da6aa3ea222c427b97,42363,021968,ORIG,1,http://www.accessdata.fda.gov/drugsatfda_docs/nda/2006/021938s000_021968s000_Stutent.html
45dd4bf8801b93a1a5f109f4,42364,021968,SUPPL,3,http://www.accessdata.fda.gov/drugsatfda_docs/nda/2007/021968_s003_sutent.pdf
80daf8dc23918661556e2d00,42365,021968,SUPPL,6,http://www.accessdata.fda.gov/drugsatfda_docs/nda/2007/021968_s006_sutent.pdf
e3c8429f6f2a68a7b73e0146,42366,021977,ORIG,1,http://www.accessdata.fda.gov/drugsatfda_docs/nda/2007/021977s000TOC.html
20f69f767b7f50b1d5abbaa5,42367,021980,ORIG,1,http://www.accessdata.fda.gov/drugsatfda_docs/nda/2006/021980s000TOC.html
22aeca4e0a40e115e168935e,42368,021985,ORIG,1,http://www.accessdata.fda.gov/drugsatfda_docs/nda/2007/021985s000TOC.html
2f67b116dc59f9a54961a18f,42369,021986,SUPPL,2,http://www.accessdata.fda.gov/drugsatfda_docs/nda/2007/021986_s001_s002.pdf
7d070898675e8547329b7e51,42370,021990,ORIG,1,http://www.accessdata.fda.gov/drugsatfda_docs/nda/2007/021990_exforge_toc.html
e779b8346c24861fd2bf54f8,42371,021992,ORIG,1,http://www.accessdata.fda.gov/drugsatfda_docs/nda/2008/021992s000TOC.html
cad87137c7e7994e19f6f82d,42372,021993,ORIG,1,http://www.accessdata.fda.gov/drugsatfda_docs/nda/2006/021993_claritin_toc.html
88f7f9ad72e09c2950ad2309,42373,021994,ORIG,1,http://www.accessdata.fda.gov/drugsatfda_docs/nda/2006/021994s000TOC.html
46945a9e9daee193febf7655,42374,021995,ORIG,1,http://www.accessdata.fda.gov/drugsatfda_docs/nda/2006/021995s000TOC.html
730b15742d76073f7571a08a,42375,021995,SUPPL,14,http://www.accessdata.fda.gov/drugsatfda_docs/nda/2010/021995Orig1s014.pdf
0a27a833b0c1f0f64c85297d,42376,021996,ORIG,1,http://www.accessdata.fda.gov/drugsatfda_docs/nda/2006/021996_alaway_toc.html
d26744ad53b78b7796dbc93f,42377,021998,ORIG,1,http://www.accessdata.fda.gov/drugsatfda_docs/nda/2009/021998_planb_onestep_toc.html
57bcf8bcf228f4d5b327406c,42378,021998,SUPPL,2,http://www.accessdata.fda.gov/drugsatfda_docs/nda/2013/021998Orig1s002.pdf
e76f07ea985c3eedb07d2f65,42379,021999,ORIG,1,http://www.accessdata.fda.gov/drugsatfda_docs/nda/2006/021999s000_TOC.html
99cf3197be27bdd3bd95123b,42380,021999,SUPPL,4,http://www.accessdata.fda.gov/drugsatfda_docs/nda/2009/021999Orig1s004.pdf
cbec29807df9f9f85fd7d7d2,42381,022000,ORIG,1,http://www.accessdata.fda.gov/drugsatfda_docs/nda/2007/022000s000TOC.html
bd5aedce33423eb2d5875b96,42382,022000,SUPPL,5,http://www.accessdata.fda.gov/drugsatfda_docs/nda/2011/022000Orig1s005.pdf
20d35fffd4359e4adf0a9ef2,42383,022001,ORIG,1,http://www.accessdata.fda.gov/drugsatfda_docs/nda/2006/022001s000TOC.html
56e4fa77f0b4bb87fa0d995c,42384,022003,ORIG,1,http://www.accessdata.fda.gov/drugsatfda_docs/nda/2006/022003s000_NoxafilTOC.html
2988768a2c34edd4bcd33ae2,42385,022010,ORIG,1,http://www.accessdata.fda.gov/drugsatfda_docs/nda/2006/022010_septocaine_toc.html
a5fa7e368c8e7ca7a58050bf,42386,022014,ORIG,1,http://www.accessdata.fda.gov/drugsatfda_docs/nda/2007/022014_evamist_toc.html
d2b1cf8a8e97a2fd89fb778a,42387,022020,ORIG,1,http://www.accessdata.fda.gov/drugsatfda_docs/nda/2007/022020_protonix_toc.html
57235f9301fa0175ce325fe8,42388,022021,ORIG,1,http://www.accessdata.fda.gov/drugsatfda_docs/nda/2007/022021TOC.html
9c37f713db6b11fa7a92058f,42389,022023,SUPPL,4,http://www.accessdata.fda.gov/drugsatfda_docs/nda/2010/022023Orig1s004.pdf
b11d7df19ff00115df65293d,42390,022025,ORIG,1,http://www.accessdata.fda.gov/drugsatfda_docs/nda/2007/022025_totect_toc.html
e00ece62c7ab55c79307df1d,42391,022026,ORIG,1,http://www.accessdata.fda.gov/drugsatfda_docs/nda/2007/022026_amlodipine_toc.html
8a6c4b1d256335d7a558cb61,42392,022027,ORIG,1,http://www.accessdata.fda.gov/drugsatfda_docs/nda/2006/022027_noxafil_toc.html
5706ebc3b07845d153ed5150,42393,022028,ORIG,1,http://www.accessdata.fda.gov/drugsatfda_docs/nda/2008/022028_cosyntropin_toc.html
b81e8ee79925df08e77a6a85,42394,022029,ORIG,1,http://www.accessdata.fda.gov/drugsatfda_docs/nda/2008/022029TOC.html
2e7479a6959ac0f9211b9e34,42395,022030,ORIG,1,http://www.accessdata.fda.gov/drugsatfda_docs/nda/2008/022030s000TOC.html
fc46aa3626f67ae7ead5e4d4,42396,022037,ORIG,1,http://www.accessdata.fda.gov/drugsatfda_docs/nda/2009/022037_intuniv_toc.html
63044a3b08dbcaf16add4726,42397,022038,ORIG,1,http://www.accessdata.fda.gov/drugsatfda_docs/nda/2007/022038s000_divigel_toc.html
88b392eff30c265cfe751502,42398,022042,ORIG,1,http://www.accessdata.fda.gov/drugsatfda_docs/nda/2007/022042_evista_toc.html
7fb2981fb7fc90a827aacd28,42399,022043,ORIG,1,http://www.accessdata.fda.gov/drugsatfda_docs/nda/2007/022043_invega_toc.html
641a7d94ab402fc4e7da171c,42400,022045,ORIG,1,http://www.accessdata.fda.gov/drugsatfda_docs/nda/2007/022045s000TOC.html
3ac65f8b3e725e907a500258,42401,022048,ORIG,1,http://www.accessdata.fda.gov/drugsatfda_docs/nda/2007/022048s000_022223s000_TOC.html
e5aa7bbf8087494e7fd63183,42402,022052,ORIG,1,http://www.accessdata.fda.gov/drugsatfda_docs/nda/2007/022052_zyflo_toc.html
dcb8bbeafcef82f7cda5bdfe,42403,022056,ORIG,1,http://www.accessdata.fda.gov/drugsatfda_docs/nda/2008/022056_prilosec_toc.html
e244265f3b0fb0cbbd3958d3,42404,022059,ORIG,1,http://www.accessdata.fda.gov/drugsatfda_docs/nda/2007/022059s000TOC.html
1aade5cdfb0b84c6b90676eb,42405,022064,ORIG,1,http://www.accessdata.fda.gov/drugsatfda_docs/nda/2007/022064_xyzal_toc.html
74acf218d2fc70812da16323,42406,022065,ORIG,1,http://www.accessdata.fda.gov/drugsatfda_docs/nda/2007/022065TOC.html
8a40b897eb4687bf351838b3,42407,022067,ORIG,1,http://www.accessdata.fda.gov/drugsatfda_docs/nda/2008/022067_flo-pred_toc.html
73d34140613bfd22a77810a2,42408,022072,ORIG,1,http://www.accessdata.fda.gov/drugsatfda_docs/nda/2006/021986_022072_SprycelTOC.html
81aa4d15f58eb87b665bad69,42409,022074,ORIG,1,http://www.accessdata.fda.gov/drugsatfda_docs/nda/2007/022074s000TOC.html
126ea5b951f8314dccc47612,42410,022083,ORIG,1,http://www.accessdata.fda.gov/drugsatfda_docs/nda/2007/022083_exelon_toc.html
ab52627f1f11b065bcde4fc9,42411,022088,ORIG,1,http://www.accessdata.fda.gov/drugsatfda_docs/nda/2007/022088s000TOC.html
b9ea8d68a3336fa00624aac8,42412,022090,ORIG,1,http://www.accessdata.fda.gov/drugsatfda_docs/nda/2008/022090s000TOC.html
955fe47d8ef08fb96a5ef90c,42413,022101,ORIG,1,http://www.accessdata.fda.gov/drugsatfda_docs/nda/2008/022101_nexium_toc.html
8a3e57e5cd5902869b33ca66,42414,022102,ORIG,1,http://www.accessdata.fda.gov/drugsatfda_docs/nda/2007/022102_calomist_toc.html
aae3f99a226da1f2ed7fdf2d,42415,022106,ORIG,1,http://www.accessdata.fda.gov/drugsatfda_docs/nda/2007/022106TOC.html
8cd6fb9aeb6c20556a9a8522,42416,022107,ORIG,1,http://www.accessdata.fda.gov/drugsatfda_docs/nda/2008/022107_tekturna_toc.html
072881c232ecac5c34bbe0ab,42417,022108,ORIG,1,http://www.accessdata.fda.gov/drugsatfda_docs/nda/2008/022108s000TOC.html
1fec55e22ef6c87275f26de6,42418,022110,ORIG,1,http://www.accessdata.fda.gov/drugsatfda_docs/nda/2009/022110s000TOC.html
0bd3923a7bec387faa6b3efb,42419,022113,ORIG,1,http://www.accessdata.fda.gov/drugsatfda_docs/nda/2011/022113_advil_toc.html
0def8e4a4164627c0ded7c52,42420,022115,ORIG,1,http://www.accessdata.fda.gov/drugsatfda_docs/nda/2009/022115s000TOC.html
e833683a910b10db895bb432,42421,022116,ORIG,1,http://www.accessdata.fda.gov/drugsatfda_docs/nda/2007/022116_lexiva_toc.html
455256be8a9a1d67d3d2db54,42422,022118,ORIG,1,http://www.accessdata.fda.gov/drugsatfda_docs/nda/2007/022118_fenofibrate_toc.html
d0ab61382608b608425ae24f,42423,022119,SUPPL,1,http://www.accessdata.fda.gov/drugsatfda_docs/nda/2011/022119Orig1s001.pdf
df5eedf43de0e65cc205a1ad,42424,022122,ORIG,1,http://www.accessdata.fda.gov/drugsatfda_docs/nda/2007/Voltaren_022122.html
390ce111faa542f98a5b85f4,42425,022128,ORIG,1,http://www.accessdata.fda.gov/drugsatfda_docs/nda/2007/022128_selzentry_toc.html
ba12d61080af18be52eb5451,42426,022137,ORIG,1,http://www.accessdata.fda.gov/drugsatfda_docs/nda/2007/022137_fludarabine_toc.html
9a032538275cef750a191ce7,42427,022138,ORIG,1,http://www.accessdata.fda.gov/drugsatfda_docs/nda/2007/022138_020164_lovenox_enoxaparin_sodium_toc.html
6da5720b0fd211a8bd408198,42428,022145,ORIG,1,http://www.accessdata.fda.gov/drugsatfda_docs/nda/2007/022145_Isentress.html
fe38905b4460919ac19da2e8,42429,022145,SUPPL,4,http://www.accessdata.fda.gov/drugsatfda_docs/nda/2009/022145Orig1s004.pdf
eec1e1e164288f8194bbf472,42430,022148,ORIG,1,http://www.accessdata.fda.gov/drugsatfda_docs/nda/2008/022148_cymbalta_toc.html
c4e867a20c24554a402355c5,42431,022150,ORIG,1,http://www.accessdata.fda.gov/drugsatfda_docs/nda/2011/022150_firazyr_toc.html
545332bcd4badbe80d3d0fbd,42432,022155,ORIG,1,http://www.accessdata.fda.gov/drugsatfda_docs/nda/2007/022155s000TOC.html
89384c19f5116ed68e787df6,42433,022157,ORIG,1,http://www.accessdata.fda.gov/drugsatfda_docs/nda/2008/022157_xyzal_toc.html
cdfbbb0d1f2421836294bc40,42434,022160,ORIG,1,http://www.accessdata.fda.gov/drugsatfda_docs/nda/2009/022160_oxaliplatin_toc.html
d052949d6d54a59120242da2,42435,022165,SUPPL,1,http://www.accessdata.fda.gov/drugsatfda_docs/nda/2009/022165s000TOC.html
b909f6780c998b1a61aa34cc,42436,022172,ORIG,1,http://www.accessdata.fda.gov/drugsatfda_docs/nda/2007/022172s000_seroquel_xr_toc.html
360597bf99b877ccc6b614fa,42438,022180,ORIG,1,http://www.accessdata.fda.gov/drugsatfda_docs/nda/2009/022180s000TOC.html
779e31b208165a01f7c3b7ad,42439,022181,ORIG,1,http://www.accessdata.fda.gov/drugsatfda_docs/nda/2007/022181TOC.html
b2ce5e33b5724f533cb67862,42440,022186,ORIG,1,http://www.accessdata.fda.gov/drugsatfda_docs/nda/2008/022186_akfluor_toc.html
5014c8972ff5be2166c11255,42441,022187,ORIG,1,http://www.accessdata.fda.gov/drugsatfda_docs/nda/2008/022187TOC.html
f3cfc466897f1fed1025ebfd,42442,022193,ORIG,1,http://www.accessdata.fda.gov/drugsatfda_docs/nda/2008/022193_navstel_toc.html
c30d94b2998b80a8f54326b4,42443,022196,ORIG,1,http://www.accessdata.fda.gov/drugsatfda_docs/nda/2008/022196s000TOC.html
4d81d7f9f25ab3450f512473,42444,022198,ORIG,1,http://www.accessdata.fda.gov/drugsatfda_docs/nda/2008/022198_sancuso_toc.html
c3ae9afff3bf31a4fcbd7de2,42445,022200,ORIG,1,http://www.accessdata.fda.gov/drugsatfda_docs/nda/2012/022200Orig1s000TOC.html
3bbb02d5813c8a00c220b826,42446,022200,SUPPL,8,http://www.accessdata.fda.gov/drugsatfda_docs/nda/2014/022200Orig1s008.pdf
abf2650b6c8e08f00978a4fb,42447,022201,ORIG,1,http://www.accessdata.fda.gov/drugsatfda_docs/nda/2008/022201s000_TOC.html
25fdbf279a751d390d18d40a,42448,022202,ORIG,1,http://www.accessdata.fda.gov/drugsatfda_docs/nda/2009/022202_zipsor_toc.html
900036c98f090ad36c73e697,42449,022204,ORIG,1,http://www.accessdata.fda.gov/drugsatfda_docs/nda/2009/022204s000_gelnique_toc.html
f2030f0d3c0ed83bc26c2045,42450,022205,ORIG,1,http://www.accessdata.fda.gov/drugsatfda_docs/nda/2012/022205_giazo_toc.html
6bd5f8b66a23ce522031694e,42451,022206,ORIG,1,http://www.accessdata.fda.gov/drugsatfda_docs/nda/2008/022206s000TOC.html
703eb1e2e51a2a04748d9fb0,42452,022207,ORIG,1,http://www.accessdata.fda.gov/drugsatfda_docs/nda/2008/022195_022207_morphine_toc.html
765be32486bb3151518bba99,42453,022217,ORIG,1,http://www.accessdata.fda.gov/drugsatfda_docs/nda/2009/022217_valturna_toc.html
8c9f5bd6807a6edb90753664,42454,022219,ORIG,1,http://www.accessdata.fda.gov/drugsatfda_docs/nda/2014/022219Orig1AveedTOC.html
4507bc048c66b12aba9b24d0,42455,022221,ORIG,1,http://www.accessdata.fda.gov/drugsatfda_docs/nda/2008/022221_akten_toc.html
3ac65f8b3e725e907a500258,42457,022223,ORIG,1,http://www.accessdata.fda.gov/drugsatfda_docs/nda/2007/022048s000_022223s000_TOC.html
2ee27607adeeac69afbdbc58,42458,022233,ORIG,1,http://www.accessdata.fda.gov/drugsatfda_docs/nda/2008/022233_aloxi_toc.html
a1d0311e52d5cd25d9a27080,42459,022234,ORIG,1,http://www.accessdata.fda.gov/drugsatfda_docs/nda/2011/022234_docetaxel_toc.html
fd2ad4f48ca751f07858ec9d,42460,022246,ORIG,1,http://www.accessdata.fda.gov/drugsatfda_docs/nda/2009/022246_metozolv_odt_toc.html
2c7e5abc9e24ab8c485a9a0e,42461,022247,ORIG,1,http://www.accessdata.fda.gov/drugsatfda_docs/nda/2013/022247_duavee_toc.html
2b6c92a20e74c0635403cecd,42462,022249,SUPPL,15,http://www.accessdata.fda.gov/drugsatfda_docs/nda/2013/022249Orig1s015.pdf
e63fd172d2670e2771162d25,42463,022249,SUPPL,19,http://www.accessdata.fda.gov/drugsatfda_docs/nda/2015/022249Orig1s019.pdf
7bf643e8e086b47133c1ac01,42464,022249,SUPPL,21,http://www.accessdata.fda.gov/drugsatfda_docs/nda/2015/022249Orig1s021.pdf
6f5422477e8bf41ecaab09e9,42465,022250,ORIG,1,http://www.accessdata.fda.gov/drugsatfda_docs/nda/2010/022250s000TOC.html
7c74cc3ab051094524c787cf,42466,022251,ORIG,1,http://www.accessdata.fda.gov/drugsatfda_docs/nda/2009/022251_lamictal_odt_lamotrigine.html
6e13e3172e118ede34beb5b5,42467,022254,ORIG,1,http://www.accessdata.fda.gov/drugsatfda_docs/nda/2008/022253s000_022254s000TOC.html
f6474d296622716c54a7364f,42468,022255,ORIG,1,http://www.accessdata.fda.gov/drugsatfda_docs/nda/2010/022255_vimpat_toc.html
1740346cc3710a942a9021e4,42469,022256,ORIG,1,http://www.accessdata.fda.gov/drugsatfda_docs/nda/2009/022256s000TOC.html
3330edc24590a6bbd44319a6,42470,022256,SUPPL,10,http://www.accessdata.fda.gov/drugsatfda_docs/nda/2011/022256Orig1s010.pdf
b9b7fd84fbe95cc0fd6de0f8,42471,022257,ORIG,1,http://www.accessdata.fda.gov/drugsatfda_docs/nda/2009/022257_021304s007_valcyte_valganciclovir hydrochloride_toc.html
9aa437ac12528a6411c381e8,42472,022262,ORIG,1,http://www.accessdata.fda.gov/drugsatfda_docs/nda/2008/022262_loseasonique_toc.html
433e1640eac92fcd9390b406,42473,022264,ORIG,1,http://www.accessdata.fda.gov/drugsatfda_docs/nda/2009/022264_invega_sustenna_toc.html
d970cd41002ba1f8dc6e644f,42474,022266,ORIG,1,http://www.accessdata.fda.gov/drugsatfda_docs/nda/2009/022266_onsolis_toc.html
c389ed0e3d00bd7450d8f912,42475,022267,ORIG,1,http://www.accessdata.fda.gov/drugsatfda_docs/nda/2008/022267_depakote_er_toc.html
7c08e65f2215471ca4df73d2,42476,022272,SUPPL,14,http://www.accessdata.fda.gov/drugsatfda_docs/nda/2013/022272Orig1s014TOC.html
c6a7b73d910d6cdcdd8673e7,42477,022272,SUPPL,27,http://www.accessdata.fda.gov/drugsatfda_docs/nda/2015/022272Orig1s027TOC.html
7e595122b52630e4a97b0e09,42478,022285,ORIG,1,http://www.accessdata.fda.gov/drugsatfda_docs/nda/2008/022285s000_TOC.html
7edf45f19e33a8c4a44e9e21,42479,022287,ORIG,1,http://www.accessdata.fda.gov/drugsatfda_docs/nda/2009/022287s000TOC.html
e47a2f8d56b7f3a795576e1d,42480,022288,ORIG,1,http://www.accessdata.fda.gov/drugsatfda_docs/nda/2009/022288s000TOC.html
d240cc8402e0115f09bdd2cd,42481,022292,ORIG,1,"http://www.accessdata.fda.gov/drugsatfda_docs/nda/2008/021814s005, 022292_aptivus_toc.html"
ffdcc4cf202d8282abbb0eb1,42482,022305,ORIG,1,http://www.accessdata.fda.gov/drugsatfda_docs/nda/2011/022305_purwash_toc.html
1ae6109519d926f6c8f47cfe,42483,022306,ORIG,1,http://www.accessdata.fda.gov/drugsatfda_docs/nda/2009/022306_sotalol_hydrochloride_toc.html
e46bf78572c0142991954a0d,42484,022307,ORIG,1,http://www.accessdata.fda.gov/drugsatfda_docs/nda/2009/022307s000TOC.html
815819455818e078693a93bb,42485,022307,SUPPL,8,http://www.accessdata.fda.gov/drugsatfda_docs/nda/2013/022307Orig1s008TOC.html
05da555daed1b215d74806c4,42486,022308,ORIG,1,http://www.accessdata.fda.gov/drugsatfda_docs/nda/2009/022308s000TOC.html
8729bd02701f5833ad968db4,42487,022310,ORIG,1,http://www.accessdata.fda.gov/drugsatfda_docs/nda/2008/022310_casodex_toc.html
a02c0eda8043dfe99a732b96,42488,022311,ORIG,1,http://www.accessdata.fda.gov/drugsatfda_docs/nda/2008/022311s000TOC.html
db58132f48e3640d59b6c707,42489,022314,ORIG,1,http://www.accessdata.fda.gov/drugsatfda_docs/nda/2009/022314s000TOC.html
3effc39a7d2b793fd3d60068,42490,022315,ORIG,1,http://www.accessdata.fda.gov/drugsatfda_docs/nda/2009/022315_ozurdex_toc.html
ff58f2fe5f6c1efc75f52bc5,42491,022320,ORIG,1,http://www.accessdata.fda.gov/drugsatfda_docs/nda/2008/022320_epiduo_toc.html
ec73a713f667030e55a6cd9e,42492,022321,ORIG,1,http://www.accessdata.fda.gov/drugsatfda_docs/nda/2009/022321s000TOC.html
5c367c5a931fe5b38ac532b6,42493,022327,ORIG,1,http://www.accessdata.fda.gov/drugsatfda_docs/nda/2009/022327_prevacid_24hr_toc.html
6191372afcbb6227eee8ef49,42494,022334,SUPPL,16,http://www.accessdata.fda.gov/drugsatfda_docs/nda/2012/022334Orig1s016.pdf
ec28073b620b641777ddc0ac,42495,022341,ORIG,1,http://www.accessdata.fda.gov/drugsatfda_docs/nda/2010/022341s000TOC.html
a236d5ea31c8d6f2896ac750,42496,022348,ORIG,1,http://www.accessdata.fda.gov/drugsatfda_docs/nda/2009/022348_caldolor_toc.html
11ae3c32ddc9b4b3def00787,42497,022351,ORIG,1,http://www.accessdata.fda.gov/drugsatfda_docs/nda/2009/022351_colcrys_toc.html
9df503cfe7d900e11fe92139,42498,022352,ORIG,1,http://www.accessdata.fda.gov/drugsatfda_docs/nda/2009/022352_colcrys_toc.html
55bab3cf87420d66a3c12de4,42499,022362,ORIG,1,http://www.accessdata.fda.gov/drugsatfda_docs/nda/2009/022362_welchol_toc.html
43457ca637125af8aa1a4c41,42500,022363,ORIG,1,http://www.accessdata.fda.gov/drugsatfda_docs/nda/2009/022363s000TOC.html
de23f8c89e0366745b1532c3,42501,022372,ORIG,1,http://www.accessdata.fda.gov/drugsatfda_docs/nda/2010/022372_suprep_toc.html
7ecb9f2ef605ca9fe982d5ce,42502,022382,ORIG,1,http://www.accessdata.fda.gov/drugsatfda_docs/nda/2010/022382_sprix_toc.html
85b436f70acbee6fd35b4af0,42503,022383,ORIG,1,http://www.accessdata.fda.gov/drugsatfda_docs/nda/2011/022383Orig1s000TOC.html
484f573b013964af690a0cb5,42504,022386,ORIG,1,http://www.accessdata.fda.gov/drugsatfda_docs/nda/2008/022386_prandimet_toc.html
2501d26649e5d907c3b5392d,42505,022393,ORIG,1,http://www.accessdata.fda.gov/drugsatfda_docs/nda/2009/022393s000TOC.html
1f909a61ae27a0ecc5224b90,42506,022396,ORIG,1,http://www.accessdata.fda.gov/drugsatfda_docs/nda/2014/022396Orig1s000TOC.html
9b27db2ebd1fe69ccde6c8ab,42507,022401,ORIG,1,http://www.accessdata.fda.gov/drugsatfda_docs/nda/2009/022401_twynsta_toc.html
f791c0853a54101233af0ebd,42508,022402,ORIG,1,http://www.accessdata.fda.gov/drugsatfda_docs/nda/2009/022402_codeine_sulfate_toc.html
7ee499f7f46984cbb7050d69,42509,022405,ORIG,1,http://www.accessdata.fda.gov/drugsatfda_docs/nda/2011/022405Orig1s000TOC.html
de174ba303dfa14c7e8a0644,42510,022407,ORIG,1,http://www.accessdata.fda.gov/drugsatfda_docs/nda/2013/022407_vibativ_toc.html
efa092f39fb7538cf7245b89,42511,022408,ORIG,1,http://www.accessdata.fda.gov/drugsatfda_docs/nda/2011/022408sOrig1s000TOC.html
e8a80a3e5dcc643ded787504,42512,022410,ORIG,1,http://www.accessdata.fda.gov/drugsatfda_docs/nda/2010/022410Orig1s000TOC.html
7509560c3c5293fc04b724b8,42513,022410,SUPPL,6,http://www.accessdata.fda.gov/drugsatfda_docs/nda/2012/022410Orig1s006.pdf
c6cddf7763ff4306fab555c5,42514,022410,SUPPL,7,http://www.accessdata.fda.gov/drugsatfda_docs/nda/2012/022410Orig1s007.pdf
c6eb6f674f04eab5f22bef25,42515,022410,SUPPL,16,http://www.accessdata.fda.gov/drugsatfda_docs/nda/2014/022410Orig1s016.pdf
71acbd5a29208073aa23f177,42516,022411,ORIG,1,http://www.accessdata.fda.gov/drugsatfda_docs/nda/2010/022411_oleptro_toc.html
684791a13d6620eb38765812,42517,022417,ORIG,1,http://www.accessdata.fda.gov/drugsatfda_docs/nda/2010/022417s000TOC.html
c912c1d662a5674eb368cae5,42518,022418,ORIG,1,http://www.accessdata.fda.gov/drugsatfda_docs/nda/2009/022418_fibricor_toc.html
7bc40f3085698335f1a9c919,42519,022421,ORIG,1,http://www.accessdata.fda.gov/drugsatfda_docs/nda/2010/022421s000TOC.html
319907174a9fad649e46deaa,42520,022424,ORIG,1,http://www.accessdata.fda.gov/drugsatfda_docs/nda/2015/022424Orig1s000TOC.html
534bb2b980b8d8f693ad3747,42521,022429,ORIG,1,http://www.accessdata.fda.gov/drugsatfda_docs/nda/2009/022429_cetirizine_hydrochloride_toc.html
8fc5789d53bdc75bfc101b26,42522,022430,ORIG,1,http://www.accessdata.fda.gov/drugsatfda_docs/nda/2009/022430_lysteda_toc.html
868114a19f94e2ea189424c5,42523,022430,SUPPL,2,http://www.accessdata.fda.gov/drugsatfda_docs/nda/2004/022430Orig1s002.pdf
b781a32d2723027144734fed,42524,022432,ORIG,1,http://www.accessdata.fda.gov/drugsatfda_docs/nda/2010/022432_hp_acthar_gel_toc.html
d7f455a7937cbf31866c0489,42525,022433,ORIG,1,http://www.accessdata.fda.gov/drugsatfda_docs/nda/2011/022433Orig1s000TOC.html
ad171c4033f2f180d07e92dc,42526,022433,SUPPL,15,http://www.accessdata.fda.gov/drugsatfda_docs/nda/2015/022433Orig1s015TOC.html
48a67f382f6f0ffc6f7ce719,42527,022434,ORIG,1,http://www.accessdata.fda.gov/drugsatfda_docs/nda/2011/022434_argatroban_toc.html
28ebf2103ac53e255cc1854a,42528,022437,ORIG,1,http://www.accessdata.fda.gov/drugsatfda_docs/nda/2010/022437_trelstar_toc.html
0a2c4453df84b7583047c8c9,42529,022439,ORIG,1,http://www.accessdata.fda.gov/drugsatfda_docs/nda/2011/022439_zutripro_toc.html
e2d5ce87044a8e00f39c3f21,42530,022450,ORIG,1,http://www.accessdata.fda.gov/drugsatfda_docs/nda/2010/022450_ofirmev_toc.html
a876fa59ec1417bd18d0f3f0,42531,022456,ORIG,1,http://www.accessdata.fda.gov/drugsatfda_docs/nda/2009/022456_magnsium_hydroxide_omeprazole_sodium_bicarbonate_toc.html
827964bc4d9b89ed00acb05c,42532,022466,ORIG,1,http://www.accessdata.fda.gov/drugsatfda_docs/nda/2010/022466_articaine_toc.html
a5df43ec625a546caf29552e,42533,022470,ORIG,1,http://www.accessdata.fda.gov/drugsatfda_docs/nda/2009/022470_nexcede_toc.html
56e6d6025db4146c937bf460,42534,022473,ORIG,1,http://www.accessdata.fda.gov/drugsatfda_docs/nda/2009/022473_revatio_toc.html
6ef2401c674c837209cdb268,42535,022484,ORIG,1,http://www.accessdata.fda.gov/drugsatfda_docs/nda/2010/022484s000_itraconazole__toc.html
614b1f725f6d13f8df45af21,42536,022485,ORIG,1,http://www.accessdata.fda.gov/drugsatfda_docs/nda/2011/022485_argatroban_toc.html
880818cd0454bdfcb8106a67,42537,022497,ORIG,1,http://www.accessdata.fda.gov/drugsatfda_docs/nda/2011/022497_forfivo_xl_toc.html
83b1dae5abbb7a57551b8233,42538,022499,ORIG,1,http://www.accessdata.fda.gov/drugsatfda_docs/nda/2009/022499_clonidine_toc.html
a063e5ce2563ad88db1564e7,42539,022500,ORIG,1,http://www.accessdata.fda.gov/drugsatfda_docs/nda/2009/022500_clonidine_toc.html
316d4e450dd1fcdc6682c478,42540,022501,ORIG,1,http://www.accessdata.fda.gov/drugsatfda_docs/nda/2010/022501_lo_loestrin_fe_toc.html
820d2d06fc1673c62f13aa4b,42541,022503,ORIG,1,http://www.accessdata.fda.gov/drugsatfda_docs/nda/2015/022503Orig1s000TOC.html
2b3d30f07cc2fdfe06171b8f,42542,022504,SUPPL,5,http://www.accessdata.fda.gov/drugsatfda_docs/nda/2011/022504Orig1s005.pdf
aed6f8bc634b5ee5e80663ff,42543,022510,ORIG,1,http://www.accessdata.fda.gov/drugsatfda_docs/nda/2011/022510_abstral_toc.html
f0394b315363296302c58fc9,42544,022512,SUPPL,11,http://www.accessdata.fda.gov/drugsatfda_docs/nda/2012/022512Orig1s011_replace.pdf
f09743b16716d2921598a7f1,42545,022514,ORIG,1,http://www.accessdata.fda.gov/drugsatfda_docs/nda/2010/022514_mirapex_er_toc.html
af3625e9518b2686b9f9ced8,42546,022518,ORIG,1,http://www.accessdata.fda.gov/drugsatfda_docs/nda/2010/022518_dulera_toc.html
582baddba1923e224ae657d5,42547,022519,ORIG,1,http://www.accessdata.fda.gov/drugsatfda_docs/nda/2011/022519_duexis_toc.html
19fe0af3b2d3d069cff9a982,42548,022522,ORIG,1,http://www.accessdata.fda.gov/drugsatfda_docs/nda/2011/022522Orig1s000TOC.html
218e408da36012b8868ba57a,42549,022523,ORIG,1,http://www.accessdata.fda.gov/drugsatfda_docs/nda/2010/022523_pancreaze_toc.html
67e40e24d64ba8d96b7437ed,42550,022524,ORIG,1,http://www.accessdata.fda.gov/drugsatfda_docs/nda/2010/022524_zuplenz_toc.html
02544fd46935ca497df96bfa,42551,022526,ORIG,1,http://www.accessdata.fda.gov/drugsatfda_docs/nda/2015/022526Orig1s000TOC.html
83d3b514ddf62f0da9649413,42553,022532,SUPPL,1,http://www.accessdata.fda.gov/drugsatfda_docs/nda/2012/022532Orig1s001.pdf
f9fb0d6a825cb43a250daaec,42554,022535,ORIG,1,http://www.accessdata.fda.gov/drugsatfda_docs/nda/2014/022535Orig1s000toc.html
319078dc4282714fec97191c,42555,022542,ORIG,1,http://www.accessdata.fda.gov/drugsatfda_docs/nda/2012/022542_viokace_toc.html
52b1913a0bb2a9ef9b700ea4,42556,022548,ORIG,1,http://www.accessdata.fda.gov/drugsatfda_docs/nda/2010/022548s000_zymaxid_toc.html
6ee7da661ab3638e05bf6e65,42558,022563,ORIG,1,http://www.accessdata.fda.gov/drugsatfda_docs/nda/2010/022563_sorilux_toc.html
63aeb9fbea9142fb35a4e815,42559,022568,ORIG,1,http://www.accessdata.fda.gov/drugsatfda_docs/nda/2010/022568_aricept_toc.html
9c54de87b8928f85c46c886d,42560,022569,ORIG,1,http://www.accessdata.fda.gov/drugsatfda_docs/nda/2011/022569Orig1s000TOC.html
7aba9e4f83a97afab9dec150,42561,022573,ORIG,1,http://www.accessdata.fda.gov/drugsatfda_docs/nda/2010/022573_norethindrone_ethinyl_toc.html
3b811569cd6f0c97fc056bbf,42562,022574,ORIG,1,http://www.accessdata.fda.gov/drugsatfda_docs/nda/2010/022574_safyral_toc.html
fec30362f3bfc9ddc8bc9862,42563,022574,SUPPL,4,http://www.accessdata.fda.gov/drugsatfda_docs/nda/2012/022574Orig1s004.pdf
b5952067535d560ec21a2dea,42564,040009,ORIG,1,http://www.accessdata.fda.gov/drugsatfda_docs/anda/98/40-009_Isosorbide.html
f6ab974bb7c4e55b3af7f3ec,42565,040027,ORIG,1,http://www.accessdata.fda.gov/drugsatfda_docs/anda/96/40027.pdf
f9d5dbda78f6cc764ca2ae7d,42566,040084,ORIG,1,http://www.accessdata.fda.gov/drugsatfda_docs/nda/pre96/040084.PDF
7c469ac3e2029682798295e5,42567,040084,SUPPL,1,http://www.accessdata.fda.gov/drugsatfda_docs/nda/96/040084s001_thru_028.pdf
7c469ac3e2029682798295e5,42568,040084,SUPPL,4,http://www.accessdata.fda.gov/drugsatfda_docs/nda/96/040084s001_thru_028.pdf
7c469ac3e2029682798295e5,42569,040084,SUPPL,6,http://www.accessdata.fda.gov/drugsatfda_docs/nda/96/040084s001_thru_028.pdf
7c469ac3e2029682798295e5,42570,040084,SUPPL,7,http://www.accessdata.fda.gov/drugsatfda_docs/nda/96/040084s001_thru_028.pdf
7c469ac3e2029682798295e5,42571,040084,SUPPL,9,http://www.accessdata.fda.gov/drugsatfda_docs/nda/96/040084s001_thru_028.pdf
7c469ac3e2029682798295e5,42572,040084,SUPPL,12,http://www.accessdata.fda.gov/drugsatfda_docs/nda/96/040084s001_thru_028.pdf
7c469ac3e2029682798295e5,42573,040084,SUPPL,14,http://www.accessdata.fda.gov/drugsatfda_docs/nda/96/040084s001_thru_028.pdf
7c469ac3e2029682798295e5,42574,040084,SUPPL,15,http://www.accessdata.fda.gov/drugsatfda_docs/nda/96/040084s001_thru_028.pdf
7c469ac3e2029682798295e5,42575,040084,SUPPL,17,http://www.accessdata.fda.gov/drugsatfda_docs/nda/96/040084s001_thru_028.pdf
7c469ac3e2029682798295e5,42576,040084,SUPPL,20,http://www.accessdata.fda.gov/drugsatfda_docs/nda/96/040084s001_thru_028.pdf
7c469ac3e2029682798295e5,42577,040084,SUPPL,22,http://www.accessdata.fda.gov/drugsatfda_docs/nda/96/040084s001_thru_028.pdf
7c469ac3e2029682798295e5,42578,040084,SUPPL,23,http://www.accessdata.fda.gov/drugsatfda_docs/nda/96/040084s001_thru_028.pdf
7c469ac3e2029682798295e5,42579,040084,SUPPL,25,http://www.accessdata.fda.gov/drugsatfda_docs/nda/96/040084s001_thru_028.pdf
7c469ac3e2029682798295e5,42580,040084,SUPPL,28,http://www.accessdata.fda.gov/drugsatfda_docs/nda/96/040084s001_thru_028.pdf
0766040951faf71eca5b12b8,42581,040098,ORIG,1,http://www.accessdata.fda.gov/drugsatfda_docs/anda/96/040098_acetaminophen_TOC.html
28b77e43954483928022bbaa,42582,040126,ORIG,1,http://www.accessdata.fda.gov/drugsatfda_docs/anda/96/040126ap.pdf
f45f28f01736100c4ea64526,42583,040136,ORIG,1,http://www.accessdata.fda.gov/drugsatfda_docs/anda/97/040136_hydralazine_toc.html
aa02a3eb05fb6014d4d6886f,42584,040138,ORIG,1,http://www.accessdata.fda.gov/drugsatfda_docs/anda/98/040138ap.pdf
329d3d474765f5f8e0af7cd5,42585,040140,ORIG,1,http://www.accessdata.fda.gov/drugsatfda_docs/nda/98/040140.PDF
7590de08b4d7defa1476b513,42586,040148,SUPPL,2,http://www.accessdata.fda.gov/drugsatfda_docs/nda/2000/040148s.pdf
7590de08b4d7defa1476b513,42587,040148,SUPPL,4,http://www.accessdata.fda.gov/drugsatfda_docs/nda/2000/040148s.pdf
7590de08b4d7defa1476b513,42588,040148,SUPPL,5,http://www.accessdata.fda.gov/drugsatfda_docs/nda/2000/040148s.pdf
1dd81ce1720834f2675c0357,42589,040162,ORIG,1,http://www.accessdata.fda.gov/drugsatfda_docs/anda/98/40162ap.pdf
4edaceb528ba351c7e5e9b92,42590,040182,ORIG,1,http://www.accessdata.fda.gov/drugsatfda_docs/anda/98/40182ap.pdf
1cf14625b860472e95f724a6,42591,040187,ORIG,1,http://www.accessdata.fda.gov/drugsatfda_docs/anda/97/040187ap.pdf
33f9e92c7ec34352a7ac3d57,42592,040192,ORIG,1,http://www.accessdata.fda.gov/drugsatfda_docs/anda/98/40192ap.pdf
552f5911fddde817e4ccae99,42593,040197,ORIG,1,http://www.accessdata.fda.gov/drugsatfda_docs/anda/97/40197ap.pdf
ff7a62643c90c95f58eed20e,42594,040203,ORIG,1,http://www.accessdata.fda.gov/drugsatfda_docs/anda/99/40203_Oxycodone%20and%20Acetaminophen.pdf
81babf76b2eba9017c4521d5,42595,040207,ORIG,1,http://www.accessdata.fda.gov/drugsatfda_docs/anda/97/40207ap.pdf
44ac59027ba5aa79c561e3e0,42596,040215,ORIG,1,http://www.accessdata.fda.gov/drugsatfda_docs/anda/99/40216_Sulfacetamide%20Sodium%20Ophthalmic.pdf
749ca79e231a4b733cdce73c,42597,040226,ORIG,1,http://www.accessdata.fda.gov/drugsatfda_docs/anda/98/040226_perphenazine_toc.html
c32e8a3a76bb2d4c8e9e7c12,42598,040235,ORIG,1,http://www.accessdata.fda.gov/drugsatfda_docs/anda/98/40235ap.pdf
05fe858e3d120143a074467b,42599,040246,ORIG,1,http://www.accessdata.fda.gov/drugsatfda_docs/anda/2000/40246_Compro.pdf
795fc28a667cf9c241854788,42600,040253,ORIG,1,http://www.accessdata.fda.gov/drugsatfda_docs/anda/2000/040253_ethosuximide_toc.html
5f8e48ab535e794f9c9cf499,42601,040254,ORIG,1,http://www.accessdata.fda.gov/drugsatfda_docs/anda/98/040254_trihexyphenidyl_toc.html
9ccae0c7fb074ec9cffff25e,42602,040259,ORIG,1,http://www.accessdata.fda.gov/drugsatfda_docs/anda/99/40259_Hydrocortisone%20Acetate.pdf
7bb1e84a889736293288269d,42603,040261,ORIG,1,"http://www.accessdata.fda.gov/drugsatfda_docs/anda/98/40261_Butalbital,%20Acetaminophen%20and%20Caffeine.pdf"
f10b455f9d137c1c68f7c762,42604,040267,ORIG,1,"http://www.accessdata.fda.gov/drugsatfda_docs/anda/98/40267_Butalbital,%20Acetaminophen%20and%20Caffeine.pdf"
ad5de52c5c8f1187eb36e3f0,42605,040268,ORIG,1,http://www.accessdata.fda.gov/drugsatfda_docs/anda/98/40268ap.pdf
6a93ec0bfff6e25e5797bb38,42606,040272,ORIG,1,http://www.accessdata.fda.gov/drugsatfda_docs/anda/98/40272ap.pdf
a36d2b718afd84ca4765eacd,42607,040274,ORIG,1,http://www.accessdata.fda.gov/drugsatfda_docs/anda/98/040274_hydroxychloroqine_toc.html
797125ed2538d0509c1b7121,42608,040275,ORIG,1,http://www.accessdata.fda.gov/drugsatfda_docs/anda/98/040275_estradiol_toc.html
a6dd81a78c293c01706c1e95,42609,040276,ORIG,1,http://www.accessdata.fda.gov/drugsatfda_docs/anda/98/040276_phentermine_toc.html
7c94792fc262768db92dc821,42610,040286,ORIG,1,http://www.accessdata.fda.gov/drugsatfda_docs/anda/99/40-286_Leucovorin.pdf
10a3aa4109fdeead1d65782f,42611,040303,ORIG,1,http://www.accessdata.fda.gov/drugsatfda_docs/anda/99/040303_oxycodone_toc.html
3a8d2fc8ae3c65f6b5d65daa,42612,040306,ORIG,1,http://www.accessdata.fda.gov/drugsatfda_docs/nda/99/040306_metadate_toc.html
53663620f418ba91a94e6ff2,42613,040307,ORIG,1,http://www.accessdata.fda.gov/drugsatfda_docs/anda/2000/40-307_Hydrocodone%20Bitartrate%20and%20Acetaminophen.pdf
322863e9e945879c69cd6c17,42614,040308,ORIG,1,http://www.accessdata.fda.gov/drugsatfda_docs/anda/2000/040308_hydrocodone-bitartrate_toc.html
45d655952a25fae3cbab84ec,42615,040310,ORIG,1,http://www.accessdata.fda.gov/drugsatfda_docs/anda/2000/040310_hydrocortisone_toc.html
7ccf875d48d461854efbd062,42616,040322,ORIG,1,http://www.accessdata.fda.gov/drugsatfda_docs/anda/2000/40-322_Prednisolone.pdf
d1abdbfd2126989ac9412a20,42617,040347,ORIG,1,http://www.accessdata.fda.gov/drugsatfda_docs/anda/2000/040347_leucovorin-calcium_toc.html
0e4673c8c9472f36ff5c039e,42618,040350,ORIG,1,http://www.accessdata.fda.gov/drugsatfda_docs/nda/2000/040350.pdf
1c2f02b736ed9e90cf946612,42619,040350,SUPPL,2,http://www.accessdata.fda.gov/drugsatfda_docs/nda/2001/040350s001s002s003.pdf
c145ed2f98c4ca72ee940884,42620,040352,ORIG,1,http://www.accessdata.fda.gov/drugsatfda_docs/anda/2000/040352_meperidine_toc.html
383c175d12066bedad04af39,42621,040371,ORIG,1,http://www.accessdata.fda.gov/drugsatfda_docs/anda/2000/40-371_Oxycodone%20And%20Acetaminophe.pdf
28b4add15db322d8dd74ab15,42622,040372,ORIG,1,http://www.accessdata.fda.gov/drugsatfda_docs/anda/2000/040372_promethazine_toc.html
64259e0ae89de7da296362e6,42623,040385,ORIG,1,http://www.accessdata.fda.gov/drugsatfda_docs/nda/2001/040385_S000_TREXALL TABLETS _ORIGINAL.pdf
5218375c026f3be896eceb11,42624,040417,ORIG,1,http://www.accessdata.fda.gov/drugsatfda_docs/nda/2003/040417.pdf
c57bfb4415b690540146f509,42625,040418,ORIG,1,http://www.accessdata.fda.gov/drugsatfda_docs/anda/2001/40-418_Hydrocdone%20.pdf
91cc869eb5ac38fe3dd5ef48,42626,040420,ORIG,1,http://www.accessdata.fda.gov/drugsatfda_docs/nda/2002/040420_PhenytoinTOC.html
cec3d07ac7112fc0adec4277,42627,040421,ORIG,1,http://www.accessdata.fda.gov/drugsatfda_docs/anda/2001/40-421_Carisoprodol.pdf
ead83df3aeea13c9ce6aa332,42628,040422,ORIG,1,http://www.accessdata.fda.gov/drugsatfda_docs/nda/2002/040422.PDF
ad7df82ef6db9b54730eb050,42629,040454,ORIG,1,http://www.accessdata.fda.gov/drugsatfda_docs/nda/2002/040454_S000_APPROVAL_PACKAGE.pdf
6a7f1794bebb906edaaf5f29,42630,040475,ORIG,1,http://www.accessdata.fda.gov/drugsatfda_docs/nda/2003/040475.pdf
9365c4dcff39f68633a556c8,42631,040512,ORIG,1,http://www.accessdata.fda.gov/drugsatfda_docs/nda/2003/040512.pdf
e2a32522fc456fcf48e0be12,42632,040583,ORIG,1,http://www.accessdata.fda.gov/drugsatfda_docs/nda/2004/040583_ORIGINAL APPROVAL_PACKAGE.pdf
ea7f9e894192dd882b358762,42633,040620,ORIG,1,http://www.accessdata.fda.gov/drugsatfda_docs/anda/2006/040620Orig1s000BioeqR.pdf
9c9d4b78ceb2db418fe7fb37,42634,040621,ORIG,1,http://www.accessdata.fda.gov/drugsatfda_docs/nda/2006/040621_original_approval_pkg.pdf
e02bc2067d94c6638d1054e2,42635,040647,ORIG,1,http://www.accessdata.fda.gov/drugsatfda_docs/anda/2009/040647Orig1s000BioeqR.pdf
dadba22c9190d0f2a45b5527,42636,040745,ORIG,1,http://www.accessdata.fda.gov/drugsatfda_docs/nda/2008/040745Orig1s000ChemR.pdf
616e7099f7c67d3ffba709a7,42637,040776,ORIG,1,http://www.accessdata.fda.gov/drugsatfda_docs/anda/2008/040776Orig1s000.pdf
513bae017d13b09e936c2f3d,42638,040837,ORIG,1,http://www.accessdata.fda.gov/drugsatfda_docs/anda/2011/040837Orig1s000.pdf
7572471e38cb95e372f407a0,42639,050207,SUPPL,54,http://www.accessdata.fda.gov/drugsatfda_docs/nda/2000/50-207s054s055_Erythromycin.html
8c98686f7a4149bee2e36535,42640,050297,SUPPL,18,http://www.accessdata.fda.gov/drugsatfda_docs/nda/2000/50-207s054s55_50-297s018_50-611s018_Erthromycin.html
15052da352b2825698b7eb55,42641,050443,SUPPL,26,http://www.accessdata.fda.gov/drugsatfda_docs/nda/96/050443s026_blenoxane.pdf
2fe3ae61749bc98cacf1619e,42643,050445,SUPPL,19,http://www.accessdata.fda.gov/drugsatfda_docs/nda/2002/50-444S036_Minocin.html
5f2663318fa163c6c91f76c6,42644,050517,SUPPL,31,http://www.accessdata.fda.gov/drugsatfda_docs/nda/97/50-517s031_50-581s020_Mefoxin.html
8a2fca1f9c5b7996c47b0e5f,42645,050517,SUPPL,38,http://www.accessdata.fda.gov/drugsatfda_docs/nda/2000/50-517s038_Mefoxin.html
9ccec0d3a3b35902026a09eb,42646,050521,SUPPL,21,http://www.accessdata.fda.gov/drugsatfda_docs/nda/98/050521s021_ceclor.pdf
9ccec0d3a3b35902026a09eb,42647,050522,SUPPL,18,http://www.accessdata.fda.gov/drugsatfda_docs/nda/98/050521s021_ceclor.pdf
29a621ee0c90fede4ef233c2,42648,050542,SUPPL,5,http://www.accessdata.fda.gov/drugsatfda_docs/nda/98/050542s005s010s011.html
29a621ee0c90fede4ef233c2,42649,050542,SUPPL,10,http://www.accessdata.fda.gov/drugsatfda_docs/nda/98/050542s005s010s011.html
5f2663318fa163c6c91f76c6,42650,050581,SUPPL,20,http://www.accessdata.fda.gov/drugsatfda_docs/nda/97/50-517s031_50-581s020_Mefoxin.html
5538a9feaaaf309c8dc144e2,42651,050587,SUPPL,39,http://www.accessdata.fda.gov/drugsatfda_docs/nda/pre96/050587_S039_PRIMAXIN.pdf
f62120efc766c775d08fa8b2,42652,050587,SUPPL,45,http://www.accessdata.fda.gov/drugsatfda_docs/nda/97/050587_S045_PRIMAXIN.pdf
cc88dee30efc83a4501bacfc,42653,050587,SUPPL,46,http://www.accessdata.fda.gov/drugsatfda_docs/nda/pre96/050587_S046_PRIMAXIN.pdf
526174324cb22208b0d34278,42654,050587,SUPPL,52,http://www.accessdata.fda.gov/drugsatfda_docs/nda/2000/050587_S052_PRIMAXIN I.V..pdf
9beae9fc9f6492c95287d9ed,42655,050587,SUPPL,54,http://www.accessdata.fda.gov/drugsatfda_docs/nda/2001/050587_S054_PRIMAXIN I.V..pdf
c83f552119a29dfa1eadf5ec,42656,050587,SUPPL,55,http://www.accessdata.fda.gov/drugsatfda_docs/nda/2001/050587_S055_PRIMAXIN I.V.pdf
90d0e1a5edb6a44c2d3f5b49,42657,050587,SUPPL,58,http://www.accessdata.fda.gov/drugsatfda_docs/nda/2003/050587_S058_PRIMAXIN.pdf
6d3dddc2c09ac47de077e7ac,42658,050587,SUPPL,61,http://www.accessdata.fda.gov/drugsatfda_docs/nda/2004/050587_S061_PRIMAXIN.pdf
8c98686f7a4149bee2e36535,42659,050611,SUPPL,18,http://www.accessdata.fda.gov/drugsatfda_docs/nda/2000/50-207s054s55_50-297s018_50-611s018_Erthromycin.html
0f6b600670e64c987acf0af6,42660,050630,SUPPL,11,http://www.accessdata.fda.gov/drugsatfda_docs/nda/97/050630_S011_PRIMAXIN.pdf
0d19c1cb9dd2ce01a0d7d1e2,42661,050630,SUPPL,15,http://www.accessdata.fda.gov/drugsatfda_docs/nda/99/50638S15_Primaxin.pdf
279b67e2ea05f4c8387fcc1b,42662,050630,SUPPL,19,http://www.accessdata.fda.gov/drugsatfda_docs/nda/2002/050630_S019_PRIMAXIN.pdf
92420e0330ed1a48d666a429,42663,050630,SUPPL,23,http://www.accessdata.fda.gov/drugsatfda_docs/nda/2004/050630_S023_PRIMAXIN.pdf
2fe3ae61749bc98cacf1619e,42664,050649,SUPPL,11,http://www.accessdata.fda.gov/drugsatfda_docs/nda/2002/50-444S036_Minocin.html
86b521c9c98d3aceb3a425fe,42665,050662,SUPPL,13,http://www.accessdata.fda.gov/drugsatfda_docs/nda/96/050662s013_biaxin.pdf
a05df80fbd704a015ffa97f5,42666,050662,SUPPL,28,http://www.accessdata.fda.gov/drugsatfda_docs/nda/2000/50-662S028_Biaxin.html
3c8bee44d10cc8b9e56e5653,42667,050662,SUPPL,29,http://www.accessdata.fda.gov/drugsatfda_docs/nda/2000/50-662S029_Biaxin.html
1d38672be9716e8bd4c9e2e0,42668,050667,SUPPL,11,http://www.accessdata.fda.gov/drugsatfda_docs/nda/96/050667ap.pdf
1d38672be9716e8bd4c9e2e0,42669,050668,SUPPL,13,http://www.accessdata.fda.gov/drugsatfda_docs/nda/96/050667ap.pdf
d36b8a6158c3210946d3c386,42670,050670,SUPPL,15,http://www.accessdata.fda.gov/drugsatfda_docs/nda/2000/50-670S015_Zithromax.html
d34f0e7db8984dd7b5e93f2f,42671,050671,SUPPL,2,http://www.accessdata.fda.gov/drugsatfda_docs/nda/98/050671s002_vancocin.pdf
d34f0e7db8984dd7b5e93f2f,42672,050671,SUPPL,4,http://www.accessdata.fda.gov/drugsatfda_docs/nda/98/050671s002_vancocin.pdf
08105136b4392412366b705a,42673,050679,SUPPL,7,http://www.accessdata.fda.gov/drugsatfda_docs/nda/99/50679S007_Maxipine.html
ca9fb153e68bfea3e8b6738e,42674,050687,SUPPL,8,http://www.accessdata.fda.gov/drugsatfda_docs/nda/2000/50687S4_Banan.html
ca9fb153e68bfea3e8b6738e,42675,050687,SUPPL,9,http://www.accessdata.fda.gov/drugsatfda_docs/nda/2000/50687S4_Banan.html
ca9fb153e68bfea3e8b6738e,42676,050687,SUPPL,11,http://www.accessdata.fda.gov/drugsatfda_docs/nda/2000/50687S4_Banan.html
ca9fb153e68bfea3e8b6738e,42677,050688,SUPPL,8,http://www.accessdata.fda.gov/drugsatfda_docs/nda/2000/50687S4_Banan.html
ca9fb153e68bfea3e8b6738e,42678,050688,SUPPL,10,http://www.accessdata.fda.gov/drugsatfda_docs/nda/2000/50687S4_Banan.html
ca9fb153e68bfea3e8b6738e,42679,050688,SUPPL,12,http://www.accessdata.fda.gov/drugsatfda_docs/nda/2000/50687S4_Banan.html
ca9fb153e68bfea3e8b6738e,42680,050688,SUPPL,13,http://www.accessdata.fda.gov/drugsatfda_docs/nda/2000/50687S4_Banan.html
d36b8a6158c3210946d3c386,42681,050693,SUPPL,3,http://www.accessdata.fda.gov/drugsatfda_docs/nda/2000/50-670S015_Zithromax.html
e129a094ccc140562d071511,42682,050706,SUPPL,18,http://www.accessdata.fda.gov/drugsatfda_docs/nda/2005/050706_S018_MERREM.pdf
5b54d7528f3a6a17f7283e73,42683,050708,ORIG,1,http://www.accessdata.fda.gov/drugsatfda_docs/nda/pre96/050708_prograf_toc.html
c70c7b6650c52a6421001a82,42684,050708,SUPPL,27,http://www.accessdata.fda.gov/drugsatfda_docs/nda/2009/050708Orig1s027_StatR.pdf
05c5b01cda2c63467f0e0f1a,42685,050709,ORIG,1,http://www.accessdata.fda.gov/drugsatfda_docs/nda/pre96/050709_prograf_toc.html
b368d77d29d521fd1670afaf,42686,050709,SUPPL,21,http://www.accessdata.fda.gov/drugsatfda_docs/nda/2009/050709Orig1s021_StatR.pdf
083957da8ad45a0f18cec1b6,42687,050711,SUPPL,9,http://www.accessdata.fda.gov/drugsatfda_docs/nda/2002/50-710S011_50-711S009_Zithromax.html
4e4e8a17887a1145c9fbb998,42688,050718,SUPPL,19,http://www.accessdata.fda.gov/drugsatfda_docs/nda/2004/050718Orig1s019.pdf
95d2e87a272b22e42eb479b1,42689,050720,SUPPL,4,http://www.accessdata.fda.gov/drugsatfda_docs/nda/97/050720s004_Augmentin.html
3ff6553a66299fd952aa5832,42690,050720,SUPPL,5,http://www.accessdata.fda.gov/drugsatfda_docs/nda/98/050720s005_Augmentin.html
24a897cefe03e8ad81d9e5ee,42691,050720,SUPPL,8,http://www.accessdata.fda.gov/drugsatfda_docs/nda/99/050720s008_Augmentin.html
a01a8960145e14c7d4bb29ca,42692,050720,SUPPL,9,http://www.accessdata.fda.gov/drugsatfda_docs/nda/99/050720s009_Augmentin.html
1cf503798a8956e33954f915,42693,050720,SUPPL,11,http://www.accessdata.fda.gov/drugsatfda_docs/nda/2001/050720s011_Augmentin.html
18064f6d9f12fee6566fe7f8,42694,050720,SUPPL,13,http://www.accessdata.fda.gov/drugsatfda_docs/nda/2002/050720s013_Augmentin.html
b57fc70f20fc64366c96f96b,42695,050720,SUPPL,15,http://www.accessdata.fda.gov/drugsatfda_docs/nda/2003/050720s015_Augmentin.html
b477a6be020fd4ba79c4616c,42696,050720,SUPPL,16,http://www.accessdata.fda.gov/drugsatfda_docs/nda/2002/050720s016_Augmentin.html
18f39232026326206b0db8a8,42697,050722,SUPPL,5,http://www.accessdata.fda.gov/drugsatfda_docs/nda/2000/50-722S005_CellCept.html
a11e1ea8945360177dc01562,42698,050722,SUPPL,9,http://www.accessdata.fda.gov/drugsatfda_docs/nda/2001/50-722s009_CellCept.html
7668824ec28bc20ea35feb69,42699,050723,SUPPL,4,http://www.accessdata.fda.gov/drugsatfda_docs/nda/2000/50-722S007_CellCept.html
62cce1c63acad925767bb310,42700,050725,SUPPL,5,http://www.accessdata.fda.gov/drugsatfda_docs/nda/99/050725_S005_Augmentin_APPROVAL_PACKAGE.pdf
b77f742d9f3847072a5e26fc,42701,050725,SUPPL,6,http://www.accessdata.fda.gov/drugsatfda_docs/nda/99/050725_S006_Augmentin_APPROVAL_PACKAGE.pdf
788dabec9a843d00e03d83ed,42702,050725,SUPPL,7,http://www.accessdata.fda.gov/drugsatfda_docs/nda/99/050725_S007_Augmentin_APPROVAL_PACKAGE.pdf
bc06b9b1985913e5ecc6dd1c,42703,050725,SUPPL,8,http://www.accessdata.fda.gov/drugsatfda_docs/nda/2000/050725_S008_Augmentin_APPROVAL_PACKAGE.pdf
377befa0af26a8c5e2cf32f3,42704,050725,SUPPL,10,http://www.accessdata.fda.gov/drugsatfda_docs/nda/2001/050725_S010_Augmentin_APPROVAL_PACKAGE.pdf
331c03fab9f8478ac1065d5a,42705,050725,SUPPL,11,http://www.accessdata.fda.gov/drugsatfda_docs/nda/2000/050725_S011_Augmentin_APPROVAL_PACKAGE.pdf
4640c24463360bd47aa6c4f6,42706,050725,SUPPL,13,http://www.accessdata.fda.gov/drugsatfda_docs/nda/2001/050725_S013_Augmentin_APPROVAL_PACKAGE.pdf
b1315700cd05641c8e33eda7,42707,050725,SUPPL,14,http://www.accessdata.fda.gov/drugsatfda_docs/nda/2001/050725_S014_Augmentin_APPROVAL_PACKAGE.pdf
c63323b2d8cf9a663fad5dff,42708,050733,ORIG,1,http://www.accessdata.fda.gov/drugsatfda_docs/nda/97/050733ap.pdf
078e424f8f0d3428b939167a,42709,050739,ORIG,1,http://www.accessdata.fda.gov/drugsatfda_docs/nda/97/050739s000_050749s000_OmnicefTOC.html
617ba593a6ceac9374527c55,42710,050740,SUPPL,1,http://www.accessdata.fda.gov/drugsatfda_docs/anda/2000/050740s001_ambisome_toc.html
80aa37cc104a1d567e318aee,42711,050740,SUPPL,2,http://www.accessdata.fda.gov/drugsatfda_docs/nda/2000/50-740S2_AmBisome.html
73e9a788187e766a51c9912b,42712,050741,ORIG,1,http://www.accessdata.fda.gov/drugsatfda_docs/nda/2002/050741_duac.html
c16a10a20824834babb5da0b,42713,050742,SUPPL,1,http://www.accessdata.fda.gov/drugsatfda_docs/nda/98/50-742s001_Stromectol.html
84fb4cd555e4bdbb49a62b3e,42714,050746,ORIG,1,http://www.accessdata.fda.gov/drugsatfda_docs/nda/97/050746_bactroban_toc.html
c2eb34630082352c20de2954,42715,050751,ORIG,1,http://www.accessdata.fda.gov/drugsatfda_docs/nda/98/50751.html
74d3a685dfa8cf9bd9bc3a5b,42716,050754,SUPPL,1,http://www.accessdata.fda.gov/drugsatfda_docs/nda/2002/50-542s016_50-754s001_Amoxil.html
f131c3409713e72391485786,42717,050754,SUPPL,2,http://www.accessdata.fda.gov/drugsatfda_docs/nda/2000/50-542s017_50-754s002_50-760s001_50-761s001_Amoxil.html
cae47adb1e79d2399c3504ea,42718,050756,ORIG,1,http://www.accessdata.fda.gov/drugsatfda_docs/nda/2000/50-756_Benzaclin.html
1b7765b6830c73b6281488f1,42719,050757,ORIG,1,http://www.accessdata.fda.gov/drugsatfda_docs/nda/97/050757a.pdf
f2f409b91165770f0344c599,42720,050757,SUPPL,4,http://www.accessdata.fda.gov/drugsatfda_docs/nda/99/50-757s004_Prevpac.html
006748b7f107896855c151cb,42721,050759,ORIG,1,http://www.accessdata.fda.gov/drugsatfda_docs/nda/98/050759_s000_CellCeptTOC.html
7668824ec28bc20ea35feb69,42722,050759,SUPPL,5,http://www.accessdata.fda.gov/drugsatfda_docs/nda/2000/50-722S007_CellCept.html
18f39232026326206b0db8a8,42723,050759,SUPPL,6,http://www.accessdata.fda.gov/drugsatfda_docs/nda/2000/50-722S005_CellCept.html
099b2798a0efe80209bbf6a4,42724,050760,ORIG,1,http://www.accessdata.fda.gov/drugsatfda_docs/nda/99/050760_s000_AmoxilTOC.html
f131c3409713e72391485786,42725,050760,SUPPL,1,http://www.accessdata.fda.gov/drugsatfda_docs/nda/2000/50-542s017_50-754s002_50-760s001_50-761s001_Amoxil.html
c9515045a8ccc39e148fef22,42726,050761,ORIG,1,http://www.accessdata.fda.gov/drugsatfda_docs/nda/99/050761_s000_AmoxilTOC.html
f131c3409713e72391485786,42727,050761,SUPPL,1,http://www.accessdata.fda.gov/drugsatfda_docs/nda/2000/50-542s017_50-754s002_50-760s001_50-761s001_Amoxil.html
462072267296019463dc0b4a,42728,050762,ORIG,1,http://www.accessdata.fda.gov/drugsatfda_docs/nda/98/050762.html
dabff78b0de235b50a61ae0a,42729,050763,ORIG,1,http://www.accessdata.fda.gov/drugsatfda_docs/nda/2002/050763_mytozytrex.html
9dfdb0886653aa746a3fe938,42730,050767,ORIG,1,http://www.accessdata.fda.gov/drugsatfda_docs/nda/99/50767_Cleocin.html
29420f786a6907c7333d329f,42731,050775,ORIG,1,http://www.accessdata.fda.gov/drugsatfda_docs/nda/2000/50755_BiaxinXL.html
a43f4105cf6a15ed726eb016,42732,050779,SUPPL,13,http://www.accessdata.fda.gov/drugsatfda_docs/nda/2007/050779s013ltr.pdf
3639903edbf9bab2e02a4aba,42733,050780,ORIG,1,http://www.accessdata.fda.gov/drugsatfda_docs/nda/2001/50780_Cefuroxime.html
589b73df2dadab74af49c818,42734,050784,ORIG,1,http://www.accessdata.fda.gov/drugsatfda_docs/nda/2002/50-784_Zithromax.html
aecc4154ceeb2c2d34dc0ff5,42735,050784,SUPPL,4,http://www.accessdata.fda.gov/drugsatfda_docs/nda/2004/050784_S004_S006_ZithromaxTOC.html
aecc4154ceeb2c2d34dc0ff5,42736,050784,SUPPL,6,http://www.accessdata.fda.gov/drugsatfda_docs/nda/2004/050784_S004_S006_ZithromaxTOC.html
667ddab729fe5f4b0fb35bc4,42737,050785,ORIG,1,http://www.accessdata.fda.gov/drugsatfda_docs/nda/2002/50785_AugmentinXR.html
fd4e8c9194ed3ba23911bea1,42738,050786,ORIG,1,http://www.accessdata.fda.gov/drugsatfda_docs/nda/2006/050786s000_PyleraTOC.html
8938385cb7bd3b66be69ab5f,42739,050789,ORIG,1,http://www.accessdata.fda.gov/drugsatfda_docs/nda/2004/050789s000_TobramycinTOC.html
1492fd6c33fbb467a0d7d917,42740,050790,ORIG,1,http://www.accessdata.fda.gov/drugsatfda_docs/nda/2003/21-023_Restasis.html
1988227d90a20c2b95bb9f7f,42741,050793,ORIG,1,http://www.accessdata.fda.gov/drugsatfda_docs/nda/2004/050793s000_ClinesseTOC.html
b7d6b8fd5bb9037a8048dbcc,42742,050795,ORIG,1,http://www.accessdata.fda.gov/drugsatfda_docs/nda/2005/050795s000_DoryxTOC.html
7e75e4f703ae40843f3839f2,42743,050796,ORIG,1,http://www.accessdata.fda.gov/drugsatfda_docs/nda/2005/050796s000TOC.html
29c6905d85c7bd95585a19e4,42744,050797,ORIG,1,http://www.accessdata.fda.gov/drugsatfda_docs/nda/2005/050797s000TOC.html
58208e13f0d740410f93f10f,42745,050801,ORIG,1,http://www.accessdata.fda.gov/drugsatfda_docs/nda/2004/050801s000_EvoclinTOC.html
ecaef8fa8729c3196ec02595,42746,050802,ORIG,1,http://www.accessdata.fda.gov/drugsatfda_docs/nda/2006/050802_ziana_toc.html
8631423ff03b69fdbeae61ef,42747,050803,ORIG,1,http://www.accessdata.fda.gov/drugsatfda_docs/nda/2010/050803s000_veltin_toc.html
9c840f5beb8619ea097e2d2c,42748,050804,ORIG,1,http://www.accessdata.fda.gov/drugsatfda_docs/nda/2004/50804_ZyletTOC.html
3e412cdc3de00a25d60724a5,42749,050805,ORIG,1,http://www.accessdata.fda.gov/drugsatfda_docs/nda/2006/050805s000TOC.html
b6656416fa4c0e96fc6e0e80,42750,050807,ORIG,1,http://www.accessdata.fda.gov/drugsatfda_docs/nda/2006/050807s000TOC.html
941db72672937099e85cd9ec,42751,050813,ORIG,1,http://www.accessdata.fda.gov/drugsatfda_docs/nda/2008/050813_moxatag_toc.html
3cccbe0c9cffd9b6a09c2023,42752,050817,ORIG,1,http://www.accessdata.fda.gov/drugsatfda_docs/nda/2008/050817_cefepime_toc.html
9f73274981aff2c29bc7259d,42753,050818,ORIG,1,http://www.accessdata.fda.gov/drugsatfda_docs/nda/2009/050818_tobradex_st_toc.html
0ed37926135a3cdb09b7bfe1,42754,050819,ORIG,1,http://www.accessdata.fda.gov/drugsatfda_docs/nda/2008/050819_acanya_toc.html
3d5aa1e528bfc557e04a21c1,42755,050821,ORIG,1,http://www.accessdata.fda.gov/drugsatfda_docs/nda/2010/050821_cefepime_toc.html
26c1bcdf7e1586458ee44be2,42756,050823,ORIG,1,http://www.accessdata.fda.gov/drugsatfda_docs/nda/2011/050823_ceftazidime_toc.html
708cb50416fd7f195ecb8857,42757,060582,ORIG,1,http://www.accessdata.fda.gov/drugsatfda_docs/nda/pre96/060582_original_approval_package.pdf
b083f40bce30f91d49185bd5,42758,060666,ORIG,1,http://www.accessdata.fda.gov/drugsatfda_docs/nda/pre96/060666_s000_TotacillinTOC.html
9dc2ce12b0a2ad41d7a995b5,42759,062279,SUPPL,16,http://www.accessdata.fda.gov/drugsatfda_docs/nda/97/62483S013.pdf
a0c97e05318de567bbdd1444,42760,062483,SUPPL,9,http://www.accessdata.fda.gov/drugsatfda_docs/anda/pre96/62483s009.pdf
7551e2135df56000b8709fb0,42761,062483,SUPPL,11,http://www.accessdata.fda.gov/drugsatfda_docs/anda/pre96/62483s011.pdf
9dc2ce12b0a2ad41d7a995b5,42762,062483,SUPPL,13,http://www.accessdata.fda.gov/drugsatfda_docs/nda/97/62483S013.pdf
eed0a7a3b9384a1e7b140958,42763,062756,SUPPL,4,http://www.accessdata.fda.gov/drugsatfda_docs/nda/pre96/062756_S004_PRIMAXIN_ADD_VANTAGE.pdf
a786b6d9301f05f6f1ae5f24,42764,062756,SUPPL,5,http://www.accessdata.fda.gov/drugsatfda_docs/nda/pre96/062756_S005&S007&S008&S010_PRIMAXIN I.V.pdf
a786b6d9301f05f6f1ae5f24,42765,062756,SUPPL,8,http://www.accessdata.fda.gov/drugsatfda_docs/nda/pre96/062756_S005&S007&S008&S010_PRIMAXIN I.V.pdf
3f6af640384368278a5849eb,42766,062756,SUPPL,17,http://www.accessdata.fda.gov/drugsatfda_docs/nda/pre96/062756_S011&S017&S019_PRIMAXIN
c0aab65d942d95f3d3eac40e,42767,062756,SUPPL,18,http://www.accessdata.fda.gov/drugsatfda_docs/nda/96/062756_S018&S022&S026_PRIMAXIN I.V.pdf
0effc289b03f7c8a7fa89532,42768,062756,SUPPL,21,http://www.accessdata.fda.gov/drugsatfda_docs/nda/pre96/062756_S021_PRIMAXIN ADD-VANTAGE.pdf
38f51271cdb4123fb1fdb7c1,42769,062756,SUPPL,23,http://www.accessdata.fda.gov/drugsatfda_docs/nda/97/062756_S023_PRIMAXIN.pdf
c0aab65d942d95f3d3eac40e,42770,062756,SUPPL,26,http://www.accessdata.fda.gov/drugsatfda_docs/nda/96/062756_S018&S022&S026_PRIMAXIN I.V.pdf
7940b6168edc69df0bb33fa4,42771,062756,SUPPL,27,http://www.accessdata.fda.gov/drugsatfda_docs/nda/96/062756_S027_PRIMAXIN I.V.pdf
4a401141646698ad46c89f0c,42772,062756,SUPPL,29,http://www.accessdata.fda.gov/drugsatfda_docs/nda/99/062756_S029_PRIMAXIN.pdf
48de3f0e61f7f5e5e0cce160,42773,062756,SUPPL,33,http://www.accessdata.fda.gov/drugsatfda_docs/nda/2001/062756_S033&S034_PRIMAXIN_VANTAGE.pdf
83182fd3615a3b0dfe1ca4ed,42774,062756,SUPPL,35,http://www.accessdata.fda.gov/drugsatfda_docs/nda/2002/062756_S035_PRIMAXIN_ADD_VANTAGE.pdf
a106def2b45675c0f9ffe2c6,42775,062756,SUPPL,38,http://www.accessdata.fda.gov/drugsatfda_docs/nda/2002/062756_S038_PRIMAXIN_ADD_VANTAGE.pdf
c58c05f55e874e29af2f7b23,42776,063014,ORIG,1,http://www.accessdata.fda.gov/drugsatfda_docs/anda/pre96/063014Orig1s000.pdf
8da36de59d498e9b70d8d100,42777,063065,SUPPL,15,http://www.accessdata.fda.gov/drugsatfda_docs/anda/99/063065s14s15_Minocycline_toc.html
04cc19c289534494aac7504e,42778,063165,SUPPL,3,http://www.accessdata.fda.gov/drugsatfda_docs/anda/pre96/063165s003_adriamycin_toc.html
db339ba792e5791aa3ded960,42779,063165,SUPPL,5,http://www.accessdata.fda.gov/drugsatfda_docs/anda/pre96/063165s005_adriamycin_toc.html
3d6f56a0ad45f2eabcf5fcdb,42780,064118,ORIG,1,http://www.accessdata.fda.gov/drugsatfda_docs/nda/96/064118.PDF
299b19fd2c005e669180ae55,42781,064126,ORIG,1,http://www.accessdata.fda.gov/drugsatfda_docs/anda/96/064126ap.pdf
a2cfa2b1422a91cfc159c577,42782,064134,ORIG,1,http://www.accessdata.fda.gov/drugsatfda_docs/anda/99/64-134_Tobramycin.html
d3ac6cf9266683bd806623da,42783,064142,ORIG,1,http://www.accessdata.fda.gov/drugsatfda_docs/anda/98/64142.html
77a17b8df2bfd86055042120,42784,064146,ORIG,1,http://www.accessdata.fda.gov/drugsatfda_docs/nda/97/64146AP.PDF
36b080f150612159889c6f71,42785,064150,ORIG,1,http://www.accessdata.fda.gov/drugsatfda_docs/anda/97/064150review.pdf
27fc1bc9dd47140601f46d1f,42786,064159,ORIG,1,http://www.accessdata.fda.gov/drugsatfda_docs/nda/97/064159.pdf
4ec6ab4d8fb8321aa8c5bba0,42787,064160,ORIG,1,http://www.accessdata.fda.gov/drugsatfda_docs/anda/2000/064160_Clindamycin_toc.html
e54473bc156d343e405f78f3,42788,064164,ORIG,1,http://www.accessdata.fda.gov/drugsatfda_docs/anda/97/064164_cefaclor_toc.html
13341f779237bfaf91fe2b80,42789,064165,ORIG,1,http://www.accessdata.fda.gov/drugsatfda_docs/anda/97/064165_cefaclor_toc.html
c45413816da3122c2eb865d8,42790,064166,ORIG,1,http://www.accessdata.fda.gov/drugsatfda_docs/anda/97/064166_cefaclor_toc.html
d0464bff08b89add52fc52b1,42791,064170,ORIG,1,http://www.accessdata.fda.gov/drugsatfda_docs/anda/98/64170.html
cdc537360ddc0437126d1a2b,42792,064200,ORIG,1,http://www.accessdata.fda.gov/drugsatfda_docs/nda/2000/064200.pdf
f00958b7c6c869e0aa38a936,42793,064201,ORIG,1,http://www.accessdata.fda.gov/drugsatfda_docs/nda/2000/064201.PDF
8da26e82483095488a4d176d,42794,064205,ORIG,1,http://www.accessdata.fda.gov/drugsatfda_docs/anda/98/64204ap.pdf
8da26e82483095488a4d176d,42795,064206,ORIG,1,http://www.accessdata.fda.gov/drugsatfda_docs/anda/98/64204ap.pdf
8da26e82483095488a4d176d,42796,064207,ORIG,1,http://www.accessdata.fda.gov/drugsatfda_docs/anda/98/64204ap.pdf
f3654e645cc9d6e61555d74e,42797,064217,ORIG,1,http://www.accessdata.fda.gov/drugsatfda_docs/anda/99/64-217_Rifampin.html
92905c9bd3176ecdcb7d8e49,42798,065002,ORIG,1,http://www.accessdata.fda.gov/drugsatfda_docs/anda/98/65002_Cefuroxime.pdf
21fba22116e5036708d44091,42799,065003,ORIG,1,http://www.accessdata.fda.gov/drugsatfda_docs/anda/2000/065003_gengraf_toc.html
51c6c7e7d54bf564689f68af,42800,065009,ORIG,1,http://www.accessdata.fda.gov/drugsatfda_docs/nda/2002/065009.pdf
4dd7747d1958b6d09b1e4dc0,42801,065010,ORIG,1,http://www.accessdata.fda.gov/drugsatfda_docs/nda/2002/065010_ORIGINAL APPROVAL_PACKAGE.pdf
d220b5e126be65443f6b8696,42802,065017,ORIG,1,http://www.accessdata.fda.gov/drugsatfda_docs/nda/2000/65017a_Cyclosporine.html
35e9017a4a3c58a560c54372,42803,065024,ORIG,1,http://www.accessdata.fda.gov/drugsatfda_docs/nda/2004/065024_S000_Gentamicin Ophthalmic OintmentTOC.html
620a2c9c59caebdc12e7afcf,42804,065049,ORIG,1,http://www.accessdata.fda.gov/drugsatfda_docs/anda/2000/065049_clindamycin_toc.html
b8e957fb8b481d03cfac6d13,42805,065066,ORIG,1,http://www.accessdata.fda.gov/drugsatfda_docs/nda/2002/065066.pdf
2ccc42685a4286118f9e01a5,42806,065067,ORIG,1,http://www.accessdata.fda.gov/drugsatfda_docs/nda/2002/065067.pdf
a40eddefdb42312c4bfc0244,42807,065085,ORIG,1,http://www.accessdata.fda.gov/drugsatfda_docs/nda/2003/065085.pdf
366bfeba02665756db42b4a9,42808,065089,ORIG,1,http://www.accessdata.fda.gov/drugsatfda_docs/nda/2004/065089_S000_AmoxicillinTOC.html
56eec13f307b71e79a055528,42809,065112,ORIG,1,http://www.accessdata.fda.gov/drugsatfda_docs/nda/2004/065112_ORIGINAL APPROVAL_PACKAGE.pdf
9f9622bcba621af535d5ad0a,42810,065117,ORIG,1,http://www.accessdata.fda.gov/drugsatfda_docs/nda/2002/065117.pdf
b552311c7fd899c89610c6a3,42811,065123,ORIG,1,http://www.accessdata.fda.gov/drugsatfda_docs/nda/2003/065123.pdf
cc629c6bec20e904f02b5059,42812,065156,ORIG,1,http://www.accessdata.fda.gov/drugsatfda_docs/nda/2004/065156_s000_MinocyclineTOC.html
ed707dea81db6e1d8d7bf461,42813,065200,ORIG,1,http://www.accessdata.fda.gov/drugsatfda_docs/nda/2005/065200_ORIGINAL APPROVAL_PACKAGE.pdf
f8d4d33db9ef028108ca1f1d,42814,065205,ORIG,1,http://www.accessdata.fda.gov/drugsatfda_docs/nda/2005/065205_ORIGINAL APPROVAL_PACKAGE.pdf
6dbaf4b7efa93de5c37ae378,42815,065286,ORIG,1,http://www.accessdata.fda.gov/drugsatfda_docs/anda/2011/065286Orig1s000.pdf
5cfe91a3777e2d83f774d2ac,42816,065369,ORIG,1,http://www.accessdata.fda.gov/drugsatfda_docs/nda/2007/065369_original_approval_pkg.pdf
b693b86adeb2046584adbf81,42817,065439,ORIG,1,http://www.accessdata.fda.gov/drugsatfda_docs/anda/2010/065439Orig1s000.pdf
3566c1ae945088dbc43fe361,42818,065461,ORIG,1,http://www.accessdata.fda.gov/drugsatfda_docs/anda/2009/065461Orig1s000.pdf
d1277244395d05a3179bdd4d,42819,070189,ORIG,1,http://www.accessdata.fda.gov/drugsatfda_docs/nda/pre96/070189.pdf
535e0a89613626e449015423,42821,070920,SUPPL,23,http://www.accessdata.fda.gov/drugsatfda_docs/anda/2010/070920Orig1s023Approv.pdf
1b33ecab25188d172d10fce1,42822,070920,SUPPL,24,http://www.accessdata.fda.gov/drugsatfda_docs/anda/2010/070920Orig1s024Approv.pdf
8bed33693af22a7869162649,42823,071402,SUPPL,7,http://www.accessdata.fda.gov/drugsatfda_docs/anda/2009/071402Orig1s007.pdf
52f8a4a911b88e9e5d3c426c,42824,071402,SUPPL,8,http://www.accessdata.fda.gov/drugsatfda_docs/anda/2009/071402Orig1s008.pdf
7c9ccbf5680f876d8de5083c,42825,072354,ORIG,1,http://www.accessdata.fda.gov/drugsatfda_docs/nda/pre96/072354Orig1s000.pdf
40300dbb6652a886ea79e239,42826,072744,SUPPL,10,http://www.accessdata.fda.gov/drugsatfda_docs/anda/2009/072744Orig1s010.pdf
1fbd0e3ebcca55aaa53c51fd,42827,072744,SUPPL,11,http://www.accessdata.fda.gov/drugsatfda_docs/anda/2009/072744Orig1s011.pdf
189d6fbe49551dcfd7471c5a,42828,073045,ORIG,1,http://www.accessdata.fda.gov/drugsatfda_docs/anda/97/073045_albuterol_toc.html
9ef562f07e364e224588edfb,42829,073249,ORIG,1,http://www.accessdata.fda.gov/drugsatfda_docs/anda/98/73249ap.pdf
5ddbb128eec86deb88966475,42830,073440,ORIG,1,http://www.accessdata.fda.gov/drugsatfda_docs/anda/1998/073440Orig1s000.pdf
104ef732bfdb1df2d286dff2,42831,073479,ORIG,1,http://www.accessdata.fda.gov/drugsatfda_docs/nda/pre96/073479_ORIGINAL APPROVAL_PACKAGE.pdf
07252f0a6febcb408fc9cdba,42832,073585,ORIG,1,http://www.accessdata.fda.gov/drugsatfda_docs/nda/pre96/073585Orig1s000.pdf
2e04726cbe8b61b76c565ab0,42833,073680,SUPPL,18,http://www.accessdata.fda.gov/drugsatfda_docs/anda/2011/073680Orig1s018.pdf
99a8efbbf0e43b9950030128,42834,073695,ORIG,1,http://www.accessdata.fda.gov/drugsatfda_docs/nda/pre96/073695_periogard_toc.html
17b12570eb3482a402370d3d,42835,074286,SUPPL,1,http://www.accessdata.fda.gov/drugsatfda_docs/nda/1996/074286Orig1s001.pdf
0aa80ba9750e68163a14d3a8,42836,074286,SUPPL,2,http://www.accessdata.fda.gov/drugsatfda_docs/nda/1997/074286Orig1s002.pdf
4c80a1bc4f20d88c0831d22e,42837,074286,SUPPL,4,http://www.accessdata.fda.gov/drugsatfda_docs/nda/2000/074286Orig1s004.pdf
feac4635f64d9590f91d77b9,42838,074286,SUPPL,6,http://www.accessdata.fda.gov/drugsatfda_docs/nda/2003/074286Orig1s006.pdf
e84320b5b470c152003fa029,42839,074286,SUPPL,7,http://www.accessdata.fda.gov/drugsatfda_docs/nda/2004/074286Orig1s007.pdf
9c338b549913a54f31d73552,42840,074286,SUPPL,10,http://www.accessdata.fda.gov/drugsatfda_docs/nda/2005/074286Orig1s010.pdf
cf6a28c437d41077d7a61154,42841,074286,SUPPL,13,http://www.accessdata.fda.gov/drugsatfda_docs/nda/2008/074286Orig1s013.pdf
f678bb06df667df473472b0e,42842,074286,SUPPL,16,http://www.accessdata.fda.gov/drugsatfda_docs/nda/2010/074286Orig1s016.pdf
6b6faac683e514508f37ae2f,42843,074395,ORIG,1,http://www.accessdata.fda.gov/drugsatfda_docs/nda/97/074395.PDF
34b337f5a340d32878dc8ad3,42844,074404,ORIG,1,http://www.accessdata.fda.gov/drugsatfda_docs/anda/98/74404.html
5e78364ba82a7792de106985,42845,074414,ORIG,1,http://www.accessdata.fda.gov/drugsatfda_docs/nda/97/074414.PDF
55b10302b157de0e4e65e49d,42846,074467,ORIG,1,http://www.accessdata.fda.gov/drugsatfda_docs/nda/pre96/074467.pdf
39d9ac9b223e481720c0da1b,42847,074471,ORIG,1,http://www.accessdata.fda.gov/drugsatfda_docs/anda/98/74471.html
30ba50993f8072be041d48f8,42848,074479,ORIG,1,http://www.accessdata.fda.gov/drugsatfda_docs/anda/97/074479ap.pdf
44415e5f087ac4eb70d96bba,42849,074507,ORIG,1,http://www.accessdata.fda.gov/drugsatfda_docs/nda/99/74-507_Nicotine.html
5cd47904318d2e4b37a2e9b1,42850,074511,ORIG,1,http://www.accessdata.fda.gov/drugsatfda_docs/anda/96/074511_sulster_toc.html
e6e4967e717c64a292d2bcb8,42851,074517,ORIG,1,http://www.accessdata.fda.gov/drugsatfda_docs/anda/98/074517_guanabenz_toc.html
d79acf77810ade573f0c9c63,42852,074530,ORIG,1,http://www.accessdata.fda.gov/drugsatfda_docs/anda/2000/074530_terazosin_toc.html
0fe0e9cfed98b57f1eb6521e,42853,074531,SUPPL,1,http://www.accessdata.fda.gov/drugsatfda_docs/anda/2001/074531Orig1s001.pdf
04096e24889d5980c667843f,42854,074567,ORIG,1,http://www.accessdata.fda.gov/drugsatfda_docs/nda/2001/074567.pdf
622f8572d7f968d504f168d8,42855,074579,ORIG,1,http://www.accessdata.fda.gov/drugsatfda_docs/anda/97/074579_betamethasone_toc.html
d4c6ad9bbb80d26cd6be7cfd,42856,074582,ORIG,1,http://www.accessdata.fda.gov/drugsatfda_docs/anda/96/074582_danazol_toc.html
eb39ff4cd9d5090de090eddc,42857,074650,ORIG,1,http://www.accessdata.fda.gov/drugsatfda_docs/nda/97/074650Orig1s000ChemR.pdf
1cef96c9f24a9998722af5ab,42858,074657,ORIG,1,http://www.accessdata.fda.gov/drugsatfda_docs/anda/2000/074657_terazosin_toc.html
b581ea678ac1c7554e751ddd,42859,074664,ORIG,1,http://www.accessdata.fda.gov/drugsatfda_docs/nda/97/074664.PDF
128e5b1a4e546ef732e855eb,42860,074686,ORIG,1,http://www.accessdata.fda.gov/drugsatfda_docs/nda/99/074686_ORIGINAL APPROVAL_PACKAGE.pdf
e1e316d4ebea616cd287efa2,42861,074712,ORIG,1,http://www.accessdata.fda.gov/drugsatfda_docs/anda/97/074712Orig1s000.pdf
1c8b3e2e8bc4aedf31ac184e,42862,074726,SUPPL,5,http://www.accessdata.fda.gov/drugsatfda_docs/anda/2001/074726Orig1s005.pdf
e365a5994af320dcb091bafa,42863,074726,SUPPL,13,http://www.accessdata.fda.gov/drugsatfda_docs/anda/2002/074726Orig1s013.pdf
212c1cd34268623faba097a7,42864,074726,SUPPL,16,http://www.accessdata.fda.gov/drugsatfda_docs/anda/2003/074726Orig1s016.pdf
4b9b52a2d4cf34cda4396b07,42865,074728,ORIG,1,http://www.accessdata.fda.gov/drugsatfda_docs/anda/98/74728.html
eb9277c68722dc5f8d9c7a8c,42866,074745,ORIG,1,http://www.accessdata.fda.gov/drugsatfda_docs/anda/98/74745ap.pdf
04cee19c2cdf524e394eafb5,42867,074751,ORIG,1,http://www.accessdata.fda.gov/drugsatfda_docs/anda/98/74751_Clomipramine%20Hydrochloride.pdf
61f889c2226e966414d379d1,42868,074752,SUPPL,1,http://www.accessdata.fda.gov/drugsatfda_docs/nda/99/074752_S001_thru_S018.PDF
61f889c2226e966414d379d1,42869,074752,SUPPL,3,http://www.accessdata.fda.gov/drugsatfda_docs/nda/99/074752_S001_thru_S018.PDF
61f889c2226e966414d379d1,42870,074752,SUPPL,4,http://www.accessdata.fda.gov/drugsatfda_docs/nda/99/074752_S001_thru_S018.PDF
61f889c2226e966414d379d1,42871,074752,SUPPL,6,http://www.accessdata.fda.gov/drugsatfda_docs/nda/99/074752_S001_thru_S018.PDF
61f889c2226e966414d379d1,42872,074752,SUPPL,9,http://www.accessdata.fda.gov/drugsatfda_docs/nda/99/074752_S001_thru_S018.PDF
61f889c2226e966414d379d1,42873,074752,SUPPL,11,http://www.accessdata.fda.gov/drugsatfda_docs/nda/99/074752_S001_thru_S018.PDF
61f889c2226e966414d379d1,42874,074752,SUPPL,12,http://www.accessdata.fda.gov/drugsatfda_docs/nda/99/074752_S001_thru_S018.PDF
61f889c2226e966414d379d1,42875,074752,SUPPL,17,http://www.accessdata.fda.gov/drugsatfda_docs/nda/99/074752_S001_thru_S018.PDF
ea7785009c7be33855b7df44,42876,074754,ORIG,1,http://www.accessdata.fda.gov/drugsatfda_docs/nda/97/74754_Ketorolac.html
531bfaa84ac3658cc095beb9,42877,074760,ORIG,1,http://www.accessdata.fda.gov/drugsatfda_docs/nda/97/074760.PDF
c9981f99a36f491176c602da,42878,074782,ORIG,1,http://www.accessdata.fda.gov/drugsatfda_docs/nda/98/74782apTOC.html
0250eae47c8ae2a03ff91663,42879,074795,ORIG,1,http://www.accessdata.fda.gov/drugsatfda_docs/anda/96/074795ap.pdf
359a51eea83646221c214c62,42880,074803,ORIG,1,http://www.accessdata.fda.gov/drugsatfda_docs/anda/2001/074803_fluoxetine_toc.html
96c7114757e51fe915f1ded7,42881,074806,ORIG,1,http://www.accessdata.fda.gov/drugsatfda_docs/anda/98/074806ap.pdf
a2400d077cf75a48a6b51a24,42882,074817,ORIG,1,http://www.accessdata.fda.gov/drugsatfda_docs/nda/96/074817ap.pdf
9eca62fcc4f0b420fb8f53e4,42883,074818,ORIG,1,http://www.accessdata.fda.gov/drugsatfda_docs/anda/97/74818ap.pdf
d7fb8ce886bf42f2922a4bce,42884,074826,ORIG,1,http://www.accessdata.fda.gov/drugsatfda_docs/anda/97/74826ap.pdf
5c63875057e636d6711abe5f,42885,074830,ORIG,1,http://www.accessdata.fda.gov/drugsatfda_docs/nda/99/74-830_Desmopressin.html
50d2c9f1c04cff840c7c7415,42886,074833,ORIG,1,http://www.accessdata.fda.gov/drugsatfda_docs/nda/1997/074833_ORIGINAL APPROVAL_PACKAGE.pdf
8a2f05cb71c647b679be5830,42887,074845,ORIG,1,http://www.accessdata.fda.gov/drugsatfda_docs/nda/99/74-845_Diltiazem.html
acddfff4cad58a247eb08f2c,42888,074862,ORIG,1,http://www.accessdata.fda.gov/drugsatfda_docs/anda/98/74862.html
74ce7f6aa0e6ef51983961c3,42889,074865,ORIG,1,http://www.accessdata.fda.gov/drugsatfda_docs/anda/98/74865.html
fb6f92cce2f31b29b189b680,42890,074870,ORIG,1,http://www.accessdata.fda.gov/drugsatfda_docs/nda/97/074870_ORIGINAL APPROVAL_PACKAGE.pdf
07bd57fd77d8dd01898b849a,42891,074873,ORIG,1,http://www.accessdata.fda.gov/drugsatfda_docs/anda/98/74873ap.pdf
930367f438db6a23d971417f,42892,074879,ORIG,1,http://www.accessdata.fda.gov/drugsatfda_docs/anda/97/74879.pdf
bb572f3a6fafa00e5ade9ee7,42893,074891,ORIG,1,http://www.accessdata.fda.gov/drugsatfda_docs/nda/97/074891_ORIGINAL APPROVAL_PACKAGE.pdf
376061e014523333e706911f,42894,074904,ORIG,1,http://www.accessdata.fda.gov/drugsatfda_docs/anda/98/74904ap.pdf
8e2095fb57fda0fddf0e7ef7,42895,074912,ORIG,1,http://www.accessdata.fda.gov/drugsatfda_docs/anda/98/74912.html
504dc7c64f7ab143d405f383,42896,074914,ORIG,1,http://www.accessdata.fda.gov/drugsatfda_docs/anda/97/074914_acyclovir_toc.html
88c1e624cef17e5739212d42,42897,074918,ORIG,1,http://www.accessdata.fda.gov/drugsatfda_docs/anda/98/74918.html
79c60f950f6b28bc24a74338,42898,074925,ORIG,1,http://www.accessdata.fda.gov/drugsatfda_docs/anda/97/074925ap.pdf
38b5806a4ad09f496b896f44,42899,074929,ORIG,1,http://www.accessdata.fda.gov/drugsatfda_docs/anda/98/74929.html
a78b99fc8983b98493751b87,42900,074930,ORIG,1,http://www.accessdata.fda.gov/drugsatfda_docs/anda/98/74930ap.pdf
871b397856dfe7d5699df6f4,42901,074931,ORIG,1,http://www.accessdata.fda.gov/drugsatfda_docs/anda/98/074931_ibuprofen_toc.html
529b1e14e13005fb06e4e7ea,42902,074936,ORIG,1,http://www.accessdata.fda.gov/drugsatfda_docs/anda/98/74936.html
1c7f0c33949b21743c9e0760,42903,074941,ORIG,1,http://www.accessdata.fda.gov/drugsatfda_docs/nda/99/74-941_Diltiazem.html
024dbe5e331d3a8a0ee3f0e5,42904,074943,ORIG,1,http://www.accessdata.fda.gov/drugsatfda_docs/anda/98/074943_diltiazem_toc.html
333fd8862de83dec81d76ce6,42905,074951,ORIG,1,http://www.accessdata.fda.gov/drugsatfda_docs/anda/98/074951_butalbital_toc.html
f7cfdf9cfdd723e4a30ca795,42906,074962,ORIG,1,http://www.accessdata.fda.gov/drugsatfda_docs/nda/99/74-962_pentoxifylline.html
62386eb41e2e418709a78dfd,42907,074973,ORIG,1,http://www.accessdata.fda.gov/drugsatfda_docs/nda/2000/74973_Primsol.pdf
44bca3eca7c2d4c406bd6d63,42908,074975,ORIG,1,http://www.accessdata.fda.gov/drugsatfda_docs/anda/98/074975_acyclovir_toc.html
e0b0cbaf8efd90588b7f0322,42909,074976,ORIG,1,http://www.accessdata.fda.gov/drugsatfda_docs/anda/98/74-976_Acyclovir.html
fa80658fd8a1f4cc53ad2138,42910,074977,ORIG,1,http://www.accessdata.fda.gov/drugsatfda_docs/anda/98/74977.html
67c9c066185ff45726be0c42,42911,074986,ORIG,1,http://www.accessdata.fda.gov/drugsatfda_docs/nda/99/74986_Diclofenac.html
9b04d90a8fcf83ffc8baeaa2,42912,074989,ORIG,1,http://www.accessdata.fda.gov/drugsatfda_docs/anda/98/74989_Labetalol%20Hydrochloride.pdf
5d0557225db17e2535f791e5,42913,074992,ORIG,1,http://www.accessdata.fda.gov/drugsatfda_docs/nda/99/74992_Nitroglycerine.pdf
ba44db29dff3ae955a0efa83,42914,074995,ORIG,1,http://www.accessdata.fda.gov/drugsatfda_docs/anda/98/74995ap.pdf
8ee16c3884b429527fbe2d67,42915,075006,ORIG,1,http://www.accessdata.fda.gov/drugsatfda_docs/nda/2004/075006_ORIGINAL APPROVAL_PACKAGE.pdf
16a1f9c8cf42d148400d03b6,42916,075010,ORIG,1,http://www.accessdata.fda.gov/drugsatfda_docs/nda/99/075010_ORIGINAL APPROVAL_PACKAGE.pdf
9cf4ea0ed98b3d402719d47e,42917,075010,SUPPL,1,http://www.accessdata.fda.gov/drugsatfda_docs/nda/2000/075010_S001_IBUPROFEN TABLETS.pdf
d759905fbb6310d18a0a810c,42918,075010,SUPPL,2,http://www.accessdata.fda.gov/drugsatfda_docs/nda/2001/075010_S002_IBUPROFEN_TABLETS.pdf
ac720b624d404885e41d93fb,42919,075010,SUPPL,3,http://www.accessdata.fda.gov/drugsatfda_docs/nda/2002/075010_S003_IBUPROFEN_TABLETS.pdf
34b2dd6f17793d03fe6e290c,42920,075014,ORIG,1,http://www.accessdata.fda.gov/drugsatfda_docs/anda/2000/075014_permethrin_toc.html
2293f19eeca641ceeb7baaba,42921,075020,ORIG,1,http://www.accessdata.fda.gov/drugsatfda_docs/anda/98/75020_Hydroxyurea.pdf
0505e2eb28d31c9408c8461d,42922,075025,ORIG,1,http://www.accessdata.fda.gov/drugsatfda_docs/anda/98/75025_Lorazepam.pdf
d75507a8a6d1eeda5546fc96,42923,075028,ORIG,1,http://www.accessdata.fda.gov/drugsatfda_docs/anda/98/75028_Pentoxifyline.pdf
d9a864e299d5b6314e9a1ab4,42924,075034,ORIG,1,http://www.accessdata.fda.gov/drugsatfda_docs/anda/98/75034_Gemfibrozil.pdf
0f210616458cf646f0e66997,42925,075046,ORIG,1,http://www.accessdata.fda.gov/drugsatfda_docs/anda/98/75046_Stadol.pdf
f714866bb4b998f59992fc7d,42926,075051,ORIG,1,http://www.accessdata.fda.gov/drugsatfda_docs/anda/2001/75-051_Metoclopramide.html
f2138b6b8e74dc6afc38fa88,42927,075067,ORIG,1,http://www.accessdata.fda.gov/drugsatfda_docs/anda/98/74706ap.pdf
317bbe8b08d728113eb31dd9,42928,075075,ORIG,1,http://www.accessdata.fda.gov/drugsatfda_docs/nda/99/75073_Nitroglycerin.pdf
317bbe8b08d728113eb31dd9,42929,075076,ORIG,1,http://www.accessdata.fda.gov/drugsatfda_docs/nda/99/75073_Nitroglycerin.pdf
99eab1ae7ca17dbedd05665b,42930,075082,ORIG,1,http://www.accessdata.fda.gov/drugsatfda_docs/anda/98/75082ap.pdf
759aefe9f31c170164b1c22c,42931,075086,ORIG,1,http://www.accessdata.fda.gov/drugsatfda_docs/nda/98/75086_Diltiazem.html
f8ff3cb15ab6bd67c03fcc29,42932,075090,ORIG,1,http://www.accessdata.fda.gov/drugsatfda_docs/nda/99/075090_ORIGINAL APPROVAL_PACKAGE.pdf
4130e5dc0b7dff3041f6da8a,42933,075100,ORIG,1,http://www.accessdata.fda.gov/drugsatfda_docs/nda/98/75100_Bromocriptine.html
bf28cf436c9e130d14e921e5,42934,075101,ORIG,1,http://www.accessdata.fda.gov/drugsatfda_docs/anda/98/75101.html
7d36c04c9ac38dad9fabf2ae,42935,075104,ORIG,1,http://www.accessdata.fda.gov/drugsatfda_docs/anda/98/75104.html
7d47c64dee3c581181b5476d,42936,075105,ORIG,1,http://www.accessdata.fda.gov/drugsatfda_docs/anda/98/75-105_Indapamide.html
bfc84b9850e09af1f0518e7f,42937,075111,ORIG,1,http://www.accessdata.fda.gov/drugsatfda_docs/anda/99/75-111_Ipratropium.html
0cf601e8a5bb43ce88e40010,42938,075117,ORIG,1,http://www.accessdata.fda.gov/drugsatfda_docs/anda/2000/75-117_Orapred.html
94fe986dfabd94b79032e002,42939,075133,ORIG,1,http://www.accessdata.fda.gov/drugsatfda_docs/anda/98/75133_Labetalol%20Hydrochloride.pdf
05142abdb83ce0996c8f6f95,42940,075135,SUPPL,2,http://www.accessdata.fda.gov/drugsatfda_docs/anda/98/75135s001-007_Pacerone.pdf
05142abdb83ce0996c8f6f95,42941,075135,SUPPL,3,http://www.accessdata.fda.gov/drugsatfda_docs/anda/98/75135s001-007_Pacerone.pdf
05142abdb83ce0996c8f6f95,42942,075135,SUPPL,5,http://www.accessdata.fda.gov/drugsatfda_docs/anda/98/75135s001-007_Pacerone.pdf
5c31c24ad91ee945cb745342,42943,075136,ORIG,1,http://www.accessdata.fda.gov/drugsatfda_docs/anda/98/75136_Verapamil%20Hydrochloride.pdf
4de3eb1ea41101e0911478c5,42944,075138,ORIG,1,http://www.accessdata.fda.gov/drugsatfda_docs/anda/99/75-138_Verapamil.html
13b1a6891a831fce43f065c3,42945,075139,SUPPL,2,http://www.accessdata.fda.gov/drugsatfda_docs/nda/2002/075139_S002&S003_IBUPROFEN TABLETS.pdf
13b1a6891a831fce43f065c3,42946,075139,SUPPL,3,http://www.accessdata.fda.gov/drugsatfda_docs/nda/2002/075139_S002&S003_IBUPROFEN TABLETS.pdf
c1f3520bd51158be1ffd67cd,42947,075139,SUPPL,6,http://www.accessdata.fda.gov/drugsatfda_docs/nda/2003/075139_S006_IBUPROFEN TABLETS.pdf
aa75a5a7ad90da5ba347a107,42948,075139,SUPPL,7,http://www.accessdata.fda.gov/drugsatfda_docs/nda/2004/075139_S007_IBUPROFEN TABLETS.pdf
41703c15656153696be3670f,42949,075139,SUPPL,8,http://www.accessdata.fda.gov/drugsatfda_docs/nda/2005/075139_S008_IBUPROFEN TABLETS.pdf
4318f2595288b62e7f18d5ad,42950,075147,ORIG,1,http://www.accessdata.fda.gov/drugsatfda_docs/anda/98/75-147_Isosorbide.html
ef91d146dd3c6867853e0a2b,42951,075160,ORIG,1,http://www.accessdata.fda.gov/drugsatfda_docs/anda/98/75160_Metoprolol%20Tartrate.pdf
5feb1cd1f32603f44401c7f0,42952,075164,ORIG,1,http://www.accessdata.fda.gov/drugsatfda_docs/nda/99/75164_Vecuronium.pdf
aa4ab659a24aad641068f9d2,42953,075170,ORIG,1,http://www.accessdata.fda.gov/drugsatfda_docs/anda/98/75170_Butorphanol%20Tartrate.pdf
5c2e7b4165b44b6ed81d6fa2,42954,075184,ORIG,1,http://www.accessdata.fda.gov/drugsatfda_docs/anda/2002/075184_paclitaxel_toc.html
a2abf1a94de03ac3c66ee32b,42955,075187,ORIG,1,http://www.accessdata.fda.gov/drugsatfda_docs/anda/98/75187ap.pdf
633e11f1a72aff6af345d520,42956,075189,ORIG,1,http://www.accessdata.fda.gov/drugsatfda_docs/anda/2000/75-189_Nabumetone.html
9264cd265d38bb3a0bab3aae,42957,075203,ORIG,1,http://www.accessdata.fda.gov/drugsatfda_docs/anda/2000/075203_propafenone-hydrochloride_toc.html
50f1c3c6d764bb6f9525954e,42958,075211,ORIG,1,http://www.accessdata.fda.gov/drugsatfda_docs/anda/98/075211_acyclovir_toc.html
aff2e4fdf1594484157afb6a,42959,075213,ORIG,1,http://www.accessdata.fda.gov/drugsatfda_docs/nda/98/75213_Tretinoin.html
65b4a2ba7470c563f6ca26a6,42960,075217,ORIG,1,http://www.accessdata.fda.gov/drugsatfda_docs/anda/98/75-217_Ibuprofen.html
fbeab8f98f82c6505572f42c,42961,075232,ORIG,1,http://www.accessdata.fda.gov/drugsatfda_docs/anda/2000/75-232_Loperamide.html
97c96a13c23838d1f992d9f0,42962,075237,ORIG,1,http://www.accessdata.fda.gov/drugsatfda_docs/anda/2000/75-237_Sotalol.html
99f8b145d87670e5eeb84a24,42963,075250,ORIG,1,http://www.accessdata.fda.gov/drugsatfda_docs/nda/2002/075250_PrednisoloneTOC.html
f93e5aca5fe7e75a932ba277,42964,075253,ORIG,1,http://www.accessdata.fda.gov/drugsatfda_docs/nda/99/75-253_Ticlopidine.html
5f1c098551acbacfbe2a468d,42965,075256,SUPPL,1,http://www.accessdata.fda.gov/drugsatfda_docs/anda/99/075256s001_desogestrel_toc.html
00184246a90554b2898a2d4a,42966,075256,SUPPL,6,http://www.accessdata.fda.gov/drugsatfda_docs/anda/2001/075256s006_desogestrel_toc.html
4563fccfb9a2c44d8f46c9b3,42967,075256,SUPPL,7,http://www.accessdata.fda.gov/drugsatfda_docs/anda/2002/075256s007_desogestrel_toc.html
3c89f01c18bf873f877e67f9,42968,075269,ORIG,1,http://www.accessdata.fda.gov/drugsatfda_docs/nda/2000/075269.PDF
a67ffb398d1e120767e39ebd,42969,075271,ORIG,1,http://www.accessdata.fda.gov/drugsatfda_docs/anda/2000/75-271_Cromolyn.html
9763a1cff3f8dc867d3755fe,42970,075273,ORIG,1,http://www.accessdata.fda.gov/drugsatfda_docs/anda/99/75-273_Ketoconazole.html
29d4ca6a14421b43e4190ac5,42971,075276,ORIG,1,http://www.accessdata.fda.gov/drugsatfda_docs/anda/2003/075276_betamethasone-dipropionate_toc.html
45655ba735660b0d787d9dcf,42972,075279,ORIG,1,http://www.accessdata.fda.gov/drugsatfda_docs/anda/99/075279_clobetasol_toc.html
2673d02cbc4b4d70015f359d,42973,075284,ORIG,1,http://www.accessdata.fda.gov/drugsatfda_docs/nda/99/075284.PDF
19ca4b17d18b423bc9c694ea,42974,075288,ORIG,1,http://www.accessdata.fda.gov/drugsatfda_docs/anda/99/075288_norgestrel-and-ethinyl-estradiol_toc.html
039021405fd9e7bf65bff170,42975,075295,ORIG,1,http://www.accessdata.fda.gov/drugsatfda_docs/nda/98/075295.PDF
a7ef87f3ffdccdfa4e0c8847,42976,075305,ORIG,1,http://www.accessdata.fda.gov/drugsatfda_docs/anda/98/75305_Haloperidol%20Decanoate.pdf
f010b68e3e96b32bdf7a0631,42977,075313,ORIG,1,http://www.accessdata.fda.gov/drugsatfda_docs/anda/2000/075313_ipratropium_toc.html
792f8626bc62c55d05144834,42978,075315,ORIG,1,http://www.accessdata.fda.gov/drugsatfda_docs/anda/98/075315_amiodarone_toc.html
6242ba2eb92e4527fff03f60,42979,075318,ORIG,1,http://www.accessdata.fda.gov/drugsatfda_docs/nda/99/75-318_Ticlopidine.html
3cd99c0e39e6ebea63529838,42980,075329,ORIG,1,http://www.accessdata.fda.gov/drugsatfda_docs/anda/99/75-329_Miconazole.html
9862766d90f09696ea5034a1,42981,075347,ORIG,1,http://www.accessdata.fda.gov/drugsatfda_docs/nda/2001/075347.PDF
c6fcd4cc4b0d78f493863b18,42982,075357,ORIG,1,http://www.accessdata.fda.gov/drugsatfda_docs/nda/2015/075357Orig1s000.pdf
03de04f54f6a22008b50366f,42983,075358,ORIG,1,http://www.accessdata.fda.gov/drugsatfda_docs/anda/2000/75-358_Albuterol.html
701a74ab68342c607e9804c1,42984,075360,ORIG,1,http://www.accessdata.fda.gov/drugsatfda_docs/nda/2005/075360_ORIGINAL APPROVAL_PACKAGE.pdf
0a1bc70521dda67dfccaefb1,42985,075366,ORIG,1,http://www.accessdata.fda.gov/drugsatfda_docs/anda/2000/75-366_Sotalol.html
96d6e06e9af4c7d24b34449a,42986,075382,ORIG,1,http://www.accessdata.fda.gov/drugsatfda_docs/nda/99/075382_ORIGINAL APPROVAL_PACKAGE.pdf
b73991e1353cfeaaae7b29c8,42987,075390,ORIG,1,http://www.accessdata.fda.gov/drugsatfda_docs/anda/2001/75-390_Naproxen.html
91c22444e8cdac76e5494fc8,42988,075391,ORIG,1,http://www.accessdata.fda.gov/drugsatfda_docs/anda/99/075391_clobetasol_toc.html
840cacbcb05aee422736b7c3,42989,075392,ORIG,1,http://www.accessdata.fda.gov/drugsatfda_docs/anda/2000/075392_propofol_toc.html
72408d46cc8c71a321c825da,42990,075393,ORIG,1,http://www.accessdata.fda.gov/drugsatfda_docs/nda/99/75393_Haloperidol.pdf
9f030daac433e6da0f83b7a8,42991,075405,ORIG,1,http://www.accessdata.fda.gov/drugsatfda_docs/anda/2000/075405_cladribine_toc.html
57d394fa68c01f860226c0a3,42992,075410,ORIG,1,http://www.accessdata.fda.gov/drugsatfda_docs/nda/2002/075410.PDF
0a37b3292700340408220808,42993,075417,ORIG,1,http://www.accessdata.fda.gov/drugsatfda_docs/anda/99/075417_clozapine_toc.html
ea7fc8c3afcd748c730d354a,42994,075427,ORIG,1,http://www.accessdata.fda.gov/drugsatfda_docs/nda/2001/075427_ORIGINAL APPROVAL_PACKAGE.pdf
283be9a6bee95f35a954f1a2,42995,075429,ORIG,1,http://www.accessdata.fda.gov/drugsatfda_docs/anda/2000/75-429_Sotalol.html
661c5d4bddacae59c9ac6007,42996,075434,ORIG,1,http://www.accessdata.fda.gov/drugsatfda_docs/nda/2000/75-434_Naltrexone.html
f4117e08e9be096748e5b34f,42997,075441,ORIG,1,http://www.accessdata.fda.gov/drugsatfda_docs/anda/2001/75-441_Ipratropium%20Bromide.pdf
cd497bb0df71ea79c5218494,42998,075465,ORIG,1,http://www.accessdata.fda.gov/drugsatfda_docs/anda/2002/075465_fluoxetine_toc.html
782de7b2df51ecb1cbe7f5c5,42999,075517,ORIG,1,http://www.accessdata.fda.gov/drugsatfda_docs/nda/2000/75517_Ursodiol.pdf
c9fdc663c406c0dd4648b666,43000,075522,ORIG,1,http://www.accessdata.fda.gov/drugsatfda_docs/nda/2000/75-522_Isosorbide%20Mononitrate.pdf
c8df145b2e23797be5d3924d,43001,075529,ORIG,1,http://www.accessdata.fda.gov/drugsatfda_docs/nda/2000/75529_Tretinoin.pdf
fe94754e234558b465739edb,43002,075551,ORIG,1,http://www.accessdata.fda.gov/drugsatfda_docs/nda/2001/075551.PDF
34e8897f5b54cd60c8163d64,43003,075552,ORIG,1,http://www.accessdata.fda.gov/drugsatfda_docs/nda/2003/075552_ORIGINAL APPROVAL_PACKAGE.pdf
c96a0f8890e3608cdf10d7e1,43004,075562,ORIG,1,http://www.accessdata.fda.gov/drugsatfda_docs/nda/2001/075562.pdf
fe26517262c7741c8ef10cd5,43005,075581,ORIG,1,http://www.accessdata.fda.gov/drugsatfda_docs/nda/2000/75-581_Ketoconazole.html
b5fcba3fdfcdcb10dfe9d76b,43006,075584,ORIG,1,http://www.accessdata.fda.gov/drugsatfda_docs/nda/2000/75584_Bupropion.pdf
56ee2b7f8c714f36122e4984,43007,075588,ORIG,1,http://www.accessdata.fda.gov/drugsatfda_docs/anda/2002/075588_ibuprofen-pseudoephedrine_toc.html
ee3a10387fba7c2aca39ab8a,43008,075592,ORIG,1,http://www.accessdata.fda.gov/drugsatfda_docs/nda/2000/75-592_Ursodiol.pdf
f3ae0f2cd798907597d64ef2,43009,075594,ORIG,1,http://www.accessdata.fda.gov/drugsatfda_docs/nda/2002/075594.pdf
6541dafbe91db0bbefb2d3dd,43010,075609,ORIG,1,http://www.accessdata.fda.gov/drugsatfda_docs/anda/2000/075609_doxazosin_toc.html
4307b9fdb6db60daa86e7e0d,43011,075629,ORIG,1,http://www.accessdata.fda.gov/drugsatfda_docs/nda/2000/75-629_Mythylphenidate%20Hydrochloride.pdf
d7eb80c077bbadeef61f3a44,43012,075635,ORIG,1,http://www.accessdata.fda.gov/drugsatfda_docs/nda/2001/75-635_Etoposide.pdf
1a36b310e1460859eda874ec,43013,075640,ORIG,1,http://www.accessdata.fda.gov/drugsatfda_docs/nda/2000/075640.pdf
63c117e253edf82b784bc537,43014,075650,ORIG,1,http://www.accessdata.fda.gov/drugsatfda_docs/nda/2001/75650ap.pdf
f50b8d3818490b3f6e46299d,43015,075656,ORIG,1,http://www.accessdata.fda.gov/drugsatfda_docs/nda/2001/075656.PDF
2ca840de919c000211be13c7,43016,075661,ORIG,1,http://www.accessdata.fda.gov/drugsatfda_docs/anda/2001/075661_ibuprofen_toc.html
ea7b72492b86e0af95745f67,43017,075663,ORIG,1,http://www.accessdata.fda.gov/drugsatfda_docs/nda/2000/075663.PDF
c9e026e0e9cfa82d4f6409da,43018,075664,ORIG,1,http://www.accessdata.fda.gov/drugsatfda_docs/nda/2001/075664.pdf
625d0fdca5c428bc74608570,43019,075684,ORIG,1,http://www.accessdata.fda.gov/drugsatfda_docs/anda/2001/075684_famotidine_toc.html
ae1b80b513622dbe40ce4a08,43020,075706,ORIG,1,http://www.accessdata.fda.gov/drugsatfda_docs/anda/2003/075706_loratadine-pseudoephedrine_toc.html
e9ab67e0a4447f85c07a8b33,43021,075710,ORIG,1,http://www.accessdata.fda.gov/drugsatfda_docs/nda/2008/075710Orig1s000.pdf
1f4d7a7c9f868b81f5652ba2,43022,075725,ORIG,1,http://www.accessdata.fda.gov/drugsatfda_docs/anda/2000/75-725_Sotalol%20Hydrochloride.pdf
ee5ba805c5d265b1f2bd76b7,43023,075755,ORIG,1,http://www.accessdata.fda.gov/drugsatfda_docs/anda/2001/075755_fluoxetine_toc.html
47a1a4c3bcc61c505f3f194d,43024,075761,ORIG,1,http://www.accessdata.fda.gov/drugsatfda_docs/nda/2002/075761_s000_AmiodaroneTOC.html
05f186b1f7c10aebe2faf257,43025,075764,ORIG,1,http://www.accessdata.fda.gov/drugsatfda_docs/nda/2001/075764.PDF
3856e79759baefba813f7f4e,43026,075804,ORIG,1,http://www.accessdata.fda.gov/drugsatfda_docs/nda/2002/075804_ORIGINAL APPROVAL_PACKAGE.pdf
2d5fc07cafc6dd33916b41c6,43027,075837,ORIG,1,http://www.accessdata.fda.gov/drugsatfda_docs/nda/2001/075837.PDF
3f82e90960adcc32ba1059be,43028,075839,ORIG,1,http://www.accessdata.fda.gov/drugsatfda_docs/anda/2001/75-839_Minoxidil.pdf
19581bcd6a77b1b670eafb83,43029,075841,ORIG,1,http://www.accessdata.fda.gov/drugsatfda_docs/nda/2002/075841_s000_PamidronateTOC.html
0a7eedabacee54c09740980b,43030,075851,ORIG,1,http://www.accessdata.fda.gov/drugsatfda_docs/anda/2001/75-851_Oxaprozin.pdf
dbe5770ef9856f33c994fd68,43031,075881,ORIG,1,http://www.accessdata.fda.gov/drugsatfda_docs/anda/2001/75-881_Levocarnitine.html
9966c181798e4d9f13cdf7b5,43032,075909,ORIG,1,http://www.accessdata.fda.gov/drugsatfda_docs/anda/2001/075909_enalapril_toc.html
92a139d7d970136f4e84e6f6,43033,075913,SUPPL,2,http://www.accessdata.fda.gov/drugsatfda_docs/nda/2004/075913_S002_AP.pdf
4d869c04790249480ab29176,43034,075913,SUPPL,3,http://www.accessdata.fda.gov/drugsatfda_docs/nda/2004/075913_S003_AP.pdf
86dd3673f062149a05768656,43035,075915,ORIG,1,http://www.accessdata.fda.gov/drugsatfda_docs/nda/2001/075915.pdf
b8313108637d2e332eb52972,43036,075932,ORIG,1,http://www.accessdata.fda.gov/drugsatfda_docs/nda/2003/075932_ORIGINAL APPROVAL_PACKAGE.pdf
0931e714fa46f6822819a725,43037,075932,SUPPL,2,http://www.accessdata.fda.gov/drugsatfda_docs/nda/2004/075932_S002_AP.pdf
76f74602b9f4a237641c0783,43038,075945,SUPPL,11,http://www.accessdata.fda.gov/drugsatfda_docs/nda/2007/075945Orig1s011.pdf
4c1b3194c728c132287d9381,43039,075951,ORIG,1,http://www.accessdata.fda.gov/drugsatfda_docs/anda/2001/075951_norethindrone_acetate_toc.html
559189a5e59ef966ad0b5d93,43040,075953,ORIG,1,http://www.accessdata.fda.gov/drugsatfda_docs/nda/2004/075953_ORIGINAL APPROVAL_PACKAGE.pdf
261f16f804fcf55c18bbe17e,43041,075962,ORIG,1,http://www.accessdata.fda.gov/drugsatfda_docs/nda/2002/075962_ORIGINAL APPROVAL_PACKAGE.pdf
6a2cde74fb65bb727b13a0da,43042,075986,ORIG,1,http://www.accessdata.fda.gov/drugsatfda_docs/nda/2002/075986_ORIGINAL APPROVAL_PACKAGE.pdf
0c9df7a8d7d8fd71aafea145,43043,075989,ORIG,1,http://www.accessdata.fda.gov/drugsatfda_docs/nda/2004/075989_original_approval_pkg.pdf
dd18fbaaf053ba58fcd3ba2d,43044,075997,ORIG,1,http://www.accessdata.fda.gov/drugsatfda_docs/nda/2002/075997.pdf
4b3d35ab45e1ef2244125f29,43045,076005,ORIG,1,http://www.accessdata.fda.gov/drugsatfda_docs/anda/2002/076005_econazole-nirate_toc.html
289fed718931e6ad0985cdef,43046,076062,ORIG,1,http://www.accessdata.fda.gov/drugsatfda_docs/nda/2007/076062_ORIGINAL APPROVAL_PACKAGE.pdf
35b27b476df91e03d9cdeb54,43047,076067,ORIG,1,http://www.accessdata.fda.gov/drugsatfda_docs/anda/2002/076067_mometasone-furoate_toc.html
2311c09ee97e31c7f9859cdc,43048,076070,ORIG,1,http://www.accessdata.fda.gov/drugsatfda_docs/nda/2002/076070.pdf
dd62e50fbe794f8eed01e95f,43049,076075,ORIG,1,http://www.accessdata.fda.gov/drugsatfda_docs/anda/2002/075075_econazole.html
d234e14a416eac5627cc8071,43050,076087,ORIG,1,http://www.accessdata.fda.gov/drugsatfda_docs/nda/2004/076087_ORIGINAL APPROVAL_PACKAGE.pdf
41ed46753c6a0ae7361307b5,43051,076092,ORIG,1,http://www.accessdata.fda.gov/drugsatfda_docs/nda/2001/076092_s000_KetamineTOC.html
1d823536f071b6494bb0abf7,43052,076112,ORIG,1,http://www.accessdata.fda.gov/drugsatfda_docs/anda/2001/76-112_Ibuprofen.pdf
13e0582f47722235dcae4054,43053,076119,ORIG,1,http://www.accessdata.fda.gov/drugsatfda_docs/nda/2003/076119.pdf
b5e82cda97f0f2138220df70,43054,076122,ORIG,1,http://www.accessdata.fda.gov/drugsatfda_docs/nda/2003/076122.pdf
eddab8cb0f796089fdb2fbb0,43055,076130,ORIG,1,http://www.accessdata.fda.gov/drugsatfda_docs/nda/2002/076130_ORIGINAL APPROVAL_PACKAGE.pdf
ffdda9b1f3f46787f1c786d9,43056,076134,ORIG,1,http://www.accessdata.fda.gov/drugsatfda_docs/nda/2003/076134Orig1Approv.pdf
59e9cef4367f6f3517d8857c,43057,076145,ORIG,1,http://www.accessdata.fda.gov/drugsatfda_docs/nda/2004/076145_ORIGINAL APPROVAL_PACKAGE.pdf
e654ca351670c32f4529ed10,43058,076151,ORIG,1,http://www.accessdata.fda.gov/drugsatfda_docs/nda/2004/076151_s000_DiltTOC.html
3273868b1f3a5d8a469dab14,43059,076170,ORIG,1,http://www.accessdata.fda.gov/drugsatfda_docs/anda/2002/076170_lithium_toc.html
56a7f65a58f4779842ca19b1,43060,076184,ORIG,1,http://www.accessdata.fda.gov/drugsatfda_docs/nda/2009/076184_original_approval_pkg.pdf
b69045cbed083686f05b9ccb,43061,076187,ORIG,1,http://www.accessdata.fda.gov/drugsatfda_docs/nda/2004/76187ABrating.pdf
c67974a54c63fb5a8eb71155,43062,076200,SUPPL,1,http://www.accessdata.fda.gov/drugsatfda_docs/nda/2002/076200_s001_AcetaminophenTOC.html
0428e0279814827723d9c49f,43063,076200,SUPPL,2,http://www.accessdata.fda.gov/drugsatfda_docs/nda/2002/076200_s001s002s003s004_AcetaminophenTOC.html
0428e0279814827723d9c49f,43064,076200,SUPPL,4,http://www.accessdata.fda.gov/drugsatfda_docs/nda/2002/076200_s001s002s003s004_AcetaminophenTOC.html
b970a26d919f786de5dbcab1,43065,076233,ORIG,1,http://www.accessdata.fda.gov/drugsatfda_docs/nda/2002/076233.PDF
021cad66c35ac202e390533d,43066,076241,ORIG,1,http://www.accessdata.fda.gov/drugsatfda_docs/nda/2003/076241.pdf
89701785f8ea6220b463ccd4,43067,076268,ORIG,1,http://www.accessdata.fda.gov/drugsatfda_docs/anda/2002/076268_digoxin_toc.html
a16e4763eaf6340e71abbb64,43068,076300,ORIG,1,http://www.accessdata.fda.gov/drugsatfda_docs/nda/2004/076300_S000_FLUTICASONE PROPIONATETOC.html
0c40c8f5f001009495c0351f,43069,076304,ORIG,1,http://www.accessdata.fda.gov/drugsatfda_docs/nda/2004/076304_ORIGINAL APPROVAL_PACKAGE.pdf
7a1e2226418bac4329a9b799,43070,076334,ORIG,1,http://www.accessdata.fda.gov/drugsatfda_docs/nda/2004/076334_ORIGINAL APPROVAL_PACKAGE.pdf
c4729994e144793ef19b4458,43071,076387,ORIG,1,http://www.accessdata.fda.gov/drugsatfda_docs/nda/2004/076387_Clotrimazole LozengesTOC.html
1d9555a7cc47df0d59ee3072,43072,076394,ORIG,1,http://www.accessdata.fda.gov/drugsatfda_docs/anda/2003/076394_amiodarone-hydrochloride_toc.html
2c282f0a97736e2c0eb471da,43073,076396,ORIG,1,http://www.accessdata.fda.gov/drugsatfda_docs/nda/2008/076396Orig1s000.pdf
35f59488841f2b670ae72afe,43074,076408,ORIG,1,http://www.accessdata.fda.gov/drugsatfda_docs/nda/2004/076408_ORIGINAL APPROVAL_PACKAGE.pdf
224eb7111f93adf76faa5f9d,43075,076419,ORIG,1,http://www.accessdata.fda.gov/drugsatfda_docs/nda/2004/076419.pdf
82b5e13dee9a52e7b7513f44,43076,076453,ORIG,1,http://www.accessdata.fda.gov/drugsatfda_docs/nda/2003/076453.pdf
8edec75ec0b180aabf945452,43077,076453,SUPPL,3,http://www.accessdata.fda.gov/drugsatfda_docs/nda/2004/076453s001s002s003s004s005.pdf
8edec75ec0b180aabf945452,43078,076453,SUPPL,5,http://www.accessdata.fda.gov/drugsatfda_docs/nda/2004/076453s001s002s003s004s005.pdf
4af187f1a47bd411669b5ce5,43079,076466,ORIG,1,http://www.accessdata.fda.gov/drugsatfda_docs/anda/2003/076466Orig1s000BioeqR.pdf
ce10f928adc79fdcb7ba947f,43080,076477,ORIG,1,http://www.accessdata.fda.gov/drugsatfda_docs/anda/2011/076477Orig1s000.pdf
7491972b5e6d4764ad4d0575,43081,076485,ORIG,1,http://www.accessdata.fda.gov/drugsatfda_docs/anda/2012/076485Orig1s003.pdf
2e77c25e83789d70b7044382,43082,076501,ORIG,1,http://www.accessdata.fda.gov/drugsatfda_docs/nda/2004/076501.pdf
257f4e5439a6bcb333c16f35,43083,076514,ORIG,1,http://www.accessdata.fda.gov/drugsatfda_docs/nda/2003/076514.pdf
afca131b0b4d177e5ed70f43,43084,076514,SUPPL,2,"http://www.accessdata.fda.gov/drugsatfda_docs/nda/2004/076514s001,002,003.pdf"
afca131b0b4d177e5ed70f43,43085,076514,SUPPL,3,"http://www.accessdata.fda.gov/drugsatfda_docs/nda/2004/076514s001,002,003.pdf"
3e2ff941cd764a71a0ddb0f3,43086,076527,ORIG,1,http://www.accessdata.fda.gov/drugsatfda_docs/nda/2005/076527.pdf
08427bf5845c2ee41607362b,43087,076553,ORIG,1,http://www.accessdata.fda.gov/drugsatfda_docs/nda/2004/076553_S000_MedroxyprogesteroneTOC.html
ee17df552f0e8a119b3d3492,43088,076574,ORIG,1,http://www.accessdata.fda.gov/drugsatfda_docs/nda/2004/076574_ORIGINAL APPROVAL_PACKAGE.pdf
e88c5e21c9c7a948408bc854,43089,076577,ORIG,1,http://www.accessdata.fda.gov/drugsatfda_docs/nda/2003/076577.pdf
be7740031b472e64da266025,43090,076617,ORIG,1,http://www.accessdata.fda.gov/drugsatfda_docs/nda/2004/076617_ORIGINAL APPROVAL_PACKAGE.pdf
2c669d933dd90eb391b579ec,43091,076622,ORIG,1,http://www.accessdata.fda.gov/drugsatfda_docs/nda/2004/076622Orig1Approv.pdf
d134eb582754273326cd8ba1,43092,076642,ORIG,1,http://www.accessdata.fda.gov/drugsatfda_docs/nda/2004/076642_original_approval_pkg.pdf
5212eba9cfb78d32b6c05b82,43093,076644,ORIG,1,http://www.accessdata.fda.gov/drugsatfda_docs/anda/2005/076644Orig1s000.pdf
596c48c71b1f042b5ae8220a,43094,076648,ORIG,1,http://www.accessdata.fda.gov/drugsatfda_docs/anda/2004/076648_ORIGINAL_APPROVAL_PACKAGE.pdf
d181aba4464ce041637e6103,43095,076652,ORIG,1,http://www.accessdata.fda.gov/drugsatfda_docs/nda/2004/076652_ORIGINAL APPROVAL_PACKAGE.pdf
3886fd0aa6011fdeca77dea5,43096,076664,ORIG,1,http://www.accessdata.fda.gov/drugsatfda_docs/nda/2003/076664_ORIGINAL APPROVAL_PACKAGE.pdf
513cd6d439de2df564bdacc0,43097,076698,ORIG,1,http://www.accessdata.fda.gov/drugsatfda_docs/nda/2003/076698_bioeq_rev-metolazone tabs.pdf
62f6c295832fb8ed8cd22fd0,43098,076701,ORIG,1,http://www.accessdata.fda.gov/drugsatfda_docs/anda/2009/076701Orig1s000Approv.pdf
0dd7ac98144e26f0805c45fb,43099,076708,ORIG,1,http://www.accessdata.fda.gov/drugsatfda_docs/anda/2009/076708Orig1s000Approv.pdf
c4a70cba3971724a2fc2eeb2,43100,076722,ORIG,1,http://www.accessdata.fda.gov/drugsatfda_docs/nda/2004/076722_ORIGINAL APPROVAL_PACKAGE.pdf
59d9b7068daa327b3e1a517d,43101,076740,ORIG,1,http://www.accessdata.fda.gov/drugsatfda_docs/nda/2008/076740Orig1s000BioeqR.pdf
d060d92769a5ae31c1714873,43102,076744,ORIG,1,http://www.accessdata.fda.gov/drugsatfda_docs/anda/2007/076744Orig1s000.pdf
b69045cbed083686f05b9ccb,43103,076764,ORIG,1,http://www.accessdata.fda.gov/drugsatfda_docs/nda/2004/76187ABrating.pdf
e114db0213f435351680348d,43104,076778,ORIG,1,http://www.accessdata.fda.gov/drugsatfda_docs/nda/2004/076778_ORIGINAL APPROVAL_PACKAGE.pdf
5761603f1bdf90df596bbf87,43105,076779,ORIG,1,http://www.accessdata.fda.gov/drugsatfda_docs/nda/2004/076779_ORIGINAL APPROVAL_PACKAGE.pdf
09373ced883a2a08b5e7c542,43106,076789,ORIG,1,http://www.accessdata.fda.gov/drugsatfda_docs/nda/2004/076789_ORIGINAL APPROVAL_PACKAGE.pdf
70ffde538d1568c96d985dcb,43107,076802,ORIG,1,http://www.accessdata.fda.gov/drugsatfda_docs/nda/2005/076802Orig1s000.pdf
7ca7343b4e70bdc4d4e493f7,43108,076837,ORIG,1,http://www.accessdata.fda.gov/drugsatfda_docs/nda/2005/076837_ORIGINAL APPROVAL_PACKAGE.pdf
5847ca30fc9d88618f146e91,43109,076841,ORIG,1,http://www.accessdata.fda.gov/drugsatfda_docs/nda/2004/076841_Mesalamine Rectal Suspension_APPROVAL_PACKAGE.pdf
38920c6bfb58bc34a927c7ec,43110,076880,ORIG,1,http://www.accessdata.fda.gov/drugsatfda_docs/anda/2009/076880Orig1s000.pdf
14b6de0247401ebf891ec21b,43111,076894,ORIG,1,http://www.accessdata.fda.gov/drugsatfda_docs/nda/2005/076894_ORIGINAL APPROVAL_PACKAGE.pdf
5c2f4b795184ada37a046577,43112,076894,SUPPL,1,http://www.accessdata.fda.gov/drugsatfda_docs/nda/2007/076894_S001_TORSEMIDE TABS.pdf
43ba3e423cdec418678b49aa,43113,076894,SUPPL,2,http://www.accessdata.fda.gov/drugsatfda_docs/nda/2007/076894_S002_TORSEMIDE TABS.pdf
99358623a3cc5f704a0d7fdb,43114,076942,ORIG,1,http://www.accessdata.fda.gov/drugsatfda_docs/nda/2005/076942_ORIGINAL APPROVAL_PACKAGE.pdf
4f5640cb3c9a0989845b83fb,43115,077170,ORIG,1,http://www.accessdata.fda.gov/drugsatfda_docs/anda/2008/077170Orig1s000.pdf
95e04cecc515a2132b660b63,43116,077176,ORIG,1,http://www.accessdata.fda.gov/drugsatfda_docs/nda/2008/077176Orig1s000BioeqR.pdf
8316ed3e0ca58af244abb1f6,43117,077200,ORIG,1,http://www.accessdata.fda.gov/drugsatfda_docs/nda/2008/077200Orig1s000.pdf
b6052923092a1fbf2a9c6c6c,43118,077284,ORIG,1,http://www.accessdata.fda.gov/drugsatfda_docs/nda/2006/077284Orig1Approv.pdf
e2660071b5f4ac60f747e879,43119,077287,ORIG,1,http://www.accessdata.fda.gov/drugsatfda_docs/nda/2006/077287Orig1s000.pdf
279744adf80faab1c1f8b60c,43120,077407,ORIG,1,http://www.accessdata.fda.gov/drugsatfda_docs/anda/2006/077407Orig1s000.pdf
01863833ebc98f8ddb0b5ab6,43121,077415,ORIG,1,http://www.accessdata.fda.gov/drugsatfda_docs/nda/2006/077415.pdf
dc52f6032b79e3a110924338,43122,077415,SUPPL,18,http://www.accessdata.fda.gov/drugsatfda_docs/anda/2012/077415Orig1s018.pdf
15541957f6444c0b5e514bcc,43123,077511,ORIG,1,https://www.accessdata.fda.gov/drugsatfda_docs/nda/2007/077511_toc.html
bc348fa94a753eb132a2ed2a,43124,077524,ORIG,1,http://www.accessdata.fda.gov/drugsatfda_docs/nda/2008/077524_original_approval_pkg.pdf
ec54da639f16395e214df864,43125,077538,ORIG,1,http://www.accessdata.fda.gov/drugsatfda_docs/anda/2007/077538_fluticasone_toc.html
3acbdbae2fd6f0dfd3b7dd90,43126,077553,ORIG,1,http://www.accessdata.fda.gov/drugsatfda_docs/anda/2007/077553Orig1s000LBL.pdf
31011aad4afc9396627b1dc8,43127,077570,ORIG,1,http://www.accessdata.fda.gov/drugsatfda_docs/anda/2008/077570Orig1s000BioeqR.pdf
9eeea6081bc8fdc315cd5955,43128,077779,ORIG,1,http://www.accessdata.fda.gov/drugsatfda_docs/nda/2008/077779Orig1s000BioeqR.pdf
e452b7113422f0707c02f785,43129,077807,ORIG,1,http://www.accessdata.fda.gov/drugsatfda_docs/nda/2007/077807_original_approval_pkg.pdf
c5fe2bc804361059dc713ffc,43130,077850,ORIG,1,http://www.accessdata.fda.gov/drugsatfda_docs/anda/2009/077850Orig1s000.pdf
7e30cb80cd5f5ab4ad39984d,43131,077857,ORIG,1,http://www.accessdata.fda.gov/drugsatfda_docs/anda/2010/077857Orig1s000.pdf
50b81b699be1fb5c389c4dfb,43132,077908,ORIG,1,http://www.accessdata.fda.gov/drugsatfda_docs/anda/2006/077908Orig1s000BioeqR.pdf
d3a441bc87329c3c7bb98144,43133,077991,ORIG,1,http://www.accessdata.fda.gov/drugsatfda_docs/anda/2008/077991Orig1s000.pdf
abc9c8fe32a289ccfc0d6c8d,43134,078115,ORIG,1,http://www.accessdata.fda.gov/drugsatfda_docs/nda/2009/078115Orig1s000BioeqR.pdf
00cd792aaabd7a7310ed45e6,43135,078202,ORIG,1,http://www.accessdata.fda.gov/drugsatfda_docs/anda/2009/078202Orig1s000.pdf
ef1c2215bf4b6e9f3488ffaa,43136,078208,ORIG,1,http://www.accessdata.fda.gov/drugsatfda_docs/anda/2010/078208Orig1s000.pdf
c037dd66d01c5cd0893466db,43137,078223,ORIG,1,http://www.accessdata.fda.gov/drugsatfda_docs/anda/2008/078223Orig1s000.pdf
1e0fa68429ee15c42f810418,43138,078267,ORIG,1,http://www.accessdata.fda.gov/drugsatfda_docs/anda/2009/078267Orig1s000Approv.pdf
fff35e08d6375d1c9829ecd8,43139,078293,ORIG,1,http://www.accessdata.fda.gov/drugsatfda_docs/anda/2007/078293Orig1s000.pdf
ba5fa71a66e8ed77a9713369,43140,078374,SUPPL,3,http://www.accessdata.fda.gov/drugsatfda_docs/anda/2010/078374Orig1s003.pdf
40c544cafc9a1fae15775def,43141,078374,SUPPL,5,http://www.accessdata.fda.gov/drugsatfda_docs/anda/2011/078374Orig1s005.pdf
19c239d30cd44c8a0c55116e,43142,078458,ORIG,1,http://www.accessdata.fda.gov/drugsatfda_docs/anda/2011/078458Orig1s000LBL.pdf
e94f5cc5951717c271fc5a63,43143,078502,ORIG,1,http://www.accessdata.fda.gov/drugsatfda_docs/nda/2008/078502Orig1Approv.pdf
8da7d41b9e0f89eb65ecdd72,43144,078682,ORIG,1,http://www.accessdata.fda.gov/drugsatfda_docs/nda/2009/078682.pdf
b2ff511469ddd85d631473f6,43145,078730,ORIG,1,http://www.accessdata.fda.gov/drugsatfda_docs/anda/2010/078730Orig1s000.pdf
aa876ce9c74008bb6b0f1ee0,43146,078743,ORIG,1,http://www.accessdata.fda.gov/drugsatfda_docs/anda/2009/078743Orig1s000.pdf
24c1a0fdf9813bc933281421,43147,078815,ORIG,1,http://www.accessdata.fda.gov/drugsatfda_docs/anda/2009/078815Orig1s000.pdf
b4141738036f846fc07a08fd,43148,078817,ORIG,1,http://www.accessdata.fda.gov/drugsatfda_docs/anda/2011/078817Orig1s000Approv.pdf
680310462af0291181188525,43149,078873,ORIG,1,http://www.accessdata.fda.gov/drugsatfda_docs/anda/2012/078873Orig1s000Approv.pdf
e8620a66fa6868086c2c98a5,43150,078878,ORIG,1,http://www.accessdata.fda.gov/drugsatfda_docs/anda/2009/078878Orig1s000.pdf
346ccc0eba7c5c7c184eddf5,43151,078879,ORIG,1,http://www.accessdata.fda.gov/drugsatfda_docs/anda/2010/078879Orig1s000.pdf
8e58a0da66c77a643de3af80,43152,078995,ORIG,1,http://www.accessdata.fda.gov/drugsatfda_docs/nda/2009/078995Orig1s000OtherActionLtrs.pdf
80c41b50399a105af6e5c85c,43153,078998,ORIG,1,http://www.accessdata.fda.gov/drugsatfda_docs/anda/2012/078998Orig1s000Approv.pdf
d15ddcac44edc9fc5c969df7,43154,078998,ORIG,1,http://www.accessdata.fda.gov/drugsatfda_docs/nda/2009/078998Orig1s000OtherActionLtrs.pdf
f4bce3e94bce739a09d21ee6,43155,079003,ORIG,1,http://www.accessdata.fda.gov/drugsatfda_docs/nda/2010/079003Orig1s000OtherActionLtrs.pdf
732596b693dc329771b1b7f3,43156,079040,ORIG,1,http://www.accessdata.fda.gov/drugsatfda_docs/anda/2013/079040Orig1s000Approv.pdf
74cef58fd30d90958cd17178,43157,079075,ORIG,1,http://www.accessdata.fda.gov/drugsatfda_docs/anda/2011/079075Orig1s000.pdf
adebbc55b36b80716c8d4b00,43158,079197,ORIG,1,http://www.accessdata.fda.gov/drugsatfda_docs/anda/2012/079197Orig1s000Approv.pdf
09cd2edca4ea576259cd50aa,43159,080198,SUPPL,18,http://www.accessdata.fda.gov/drugsatfda_docs/anda/pre96/080198Orig1s018.pdf
3bf56c7dd4316f096358c613,43160,080600,ORIG,1,http://www.accessdata.fda.gov/drugsatfda_docs/nda/pre96/080600.pdf
0e70915d67d60bf96d70883c,43161,080680,ORIG,1,http://www.accessdata.fda.gov/drugsatfda_docs/nda/pre96/080680.pdf
79047f5ec9526e57eecc52c2,43162,080686,ORIG,1,http://www.accessdata.fda.gov/drugsatfda_docs/nda/pre96/080686.pdf
fc80fc9a6967235aeaa9051e,43163,080691,ORIG,1,http://www.accessdata.fda.gov/drugsatfda_docs/nda/pre96/080691.pdf
31edd5fb2bc5895840f67c90,43164,080784,SUPPL,1,http://www.accessdata.fda.gov/drugsatfda_docs/nda/pre96/080784_S001.pdf
d78b64eae906a30e335e2b30,43165,080816,ORIG,1,http://www.accessdata.fda.gov/drugsatfda_docs/nda/pre96/080816.pdf
5182801dca06f0c3f5adae90,43166,081051,ORIG,1,http://www.accessdata.fda.gov/drugsatfda_docs/nda/pre96/081051sup.pdf
31fe8a5ea8f5213f4898aedb,43167,081051,SUPPL,1,http://www.accessdata.fda.gov/drugsatfda_docs/nda/97/081051_S-001.pdf
c32fcbd340c95813f60f7e1f,43168,081051,SUPPL,4,http://www.accessdata.fda.gov/drugsatfda_docs/nda/96/081051_S-004.pdf
75ec42bb456f11f93b7df556,43169,081051,SUPPL,9,http://www.accessdata.fda.gov/drugsatfda_docs/nda/97/081051_S-009;S-011;S-012;S-013.pdf
75ec42bb456f11f93b7df556,43170,081051,SUPPL,12,http://www.accessdata.fda.gov/drugsatfda_docs/nda/97/081051_S-009;S-011;S-012;S-013.pdf
3e56edb8df70c36ffb5c33c3,43171,081051,SUPPL,14,http://www.accessdata.fda.gov/drugsatfda_docs/nda/96/081051_S-014.pdf
1f9268492a8385cc75f7a804,43172,081051,SUPPL,15,http://www.accessdata.fda.gov/drugsatfda_docs/nda/98/081051_S-015.pdf
e471c7b880197d2444822c50,43173,081051,SUPPL,16,http://www.accessdata.fda.gov/drugsatfda_docs/nda/99/081051_S-016;S-017.pdf
e471c7b880197d2444822c50,43174,081051,SUPPL,17,http://www.accessdata.fda.gov/drugsatfda_docs/nda/99/081051_S-016;S-017.pdf
5d2a0e427c9e1064b513c8d8,43175,081051,SUPPL,18,http://www.accessdata.fda.gov/drugsatfda_docs/nda/2002/081051_S-018.pdf
dba1f4f3a2c0c5226648b29b,43176,081051,SUPPL,21,http://www.accessdata.fda.gov/drugsatfda_docs/nda/2004/081051_S-021.pdf
873918c10863616881c408b4,43177,083133,ORIG,1,http://www.accessdata.fda.gov/drugsatfda_docs/nda/pre96/083133.pdf
aab3c563e8b77986a802836e,43178,083221,ORIG,1,http://www.accessdata.fda.gov/drugsatfda_docs/anda/pre96/083221_probenecid_toc.html
437ab514c8fb23dbd1d44ab6,43179,083526,ORIG,1,http://www.accessdata.fda.gov/drugsatfda_docs/nda/pre96/083526.pdf
c93e2affec65e34847906f90,43180,083607,ORIG,1,http://www.accessdata.fda.gov/drugsatfda_docs/anda/pre96/083607_hydrochlorothiazide_toc.html
758c547a5b468225f5883a67,43181,083900,ORIG,1,http://www.accessdata.fda.gov/drugsatfda_docs/anda/pre96/083900_amphetamine-sulfate_toc.html
6b7355fa2465eea0a4276ae6,43182,083900,SUPPL,1,http://www.accessdata.fda.gov/drugsatfda_docs/anda/pre96/83900-S1.pdf
a1af5e2883fe8b00477c9afc,43183,083900,SUPPL,2,http://www.accessdata.fda.gov/drugsatfda_docs/anda/pre96/83900-S2.pdf
d4b7f832bedfd04a94abbd85,43184,083900,SUPPL,4,http://www.accessdata.fda.gov/drugsatfda_docs/anda/pre96/83900-S4.pdf
1cf0ccf75d7f4c61e1762e5a,43185,083900,SUPPL,6,http://www.accessdata.fda.gov/drugsatfda_docs/anda/pre96/83900-S6.pdf
91a7e8f5bcf967197526620b,43186,083900,SUPPL,8,http://www.accessdata.fda.gov/drugsatfda_docs/anda/pre96/83900-S8.pdf
5cd5e7eea8e19fe2d2295c50,43187,083900,SUPPL,9,http://www.accessdata.fda.gov/drugsatfda_docs/anda/pre96/83900-S9.pdf
d8d5658cbf48e1a71a958437,43188,083965,ORIG,1,http://www.accessdata.fda.gov/drugsatfda_docs/anda/pre96/083965_hydrochlorothiazide_toc.html
35cf539f508e8194e7798561,43189,084279,ORIG,1,http://www.accessdata.fda.gov/drugsatfda_docs/anda/pre96/084279_col-probenecid_toc.html
529af69c61a45759ccb41fd4,43190,084349,SUPPL,45,http://www.accessdata.fda.gov/drugsatfda_docs/nda/2007/084349Orig1s045BIOEQ_REV.pdf
223dbd0030e1887c333a4754,43191,084472,ORIG,1,http://www.accessdata.fda.gov/drugsatfda_docs/anda/pre96/084472Orig1s000.pdf
46aacb4b8871a431fa8dc4c3,43192,084915,ORIG,1,http://www.accessdata.fda.gov/drugsatfda_docs/nda/pre96/084915.pdf
408cb4cc18668d3169d089ee,43193,085035,ORIG,1,http://www.accessdata.fda.gov/drugsatfda_docs/anda/pre96/085239_diphenoxylate_toc.html
7d0617dfa69aed6bb5826431,43194,085061,ORIG,1,http://www.accessdata.fda.gov/drugsatfda_docs/nda/pre96/085061.pdf
705c713b535657c0f5d95483,43195,085141,ORIG,1,http://www.accessdata.fda.gov/drugsatfda_docs/nda/pre96/085141.pdf
e1b9df3b1ff66f2a2a630d82,43196,085635,SUPPL,12,http://www.accessdata.fda.gov/drugsatfda_docs/anda/96/085635Orig1s012.pdf
5ca828ec4c66b261dd190702,43197,085635,SUPPL,13,http://www.accessdata.fda.gov/drugsatfda_docs/anda/97/085635Orig1s013.pdf
116e3495c3373576f29a6ef4,43198,085755,ORIG,1,http://www.accessdata.fda.gov/drugsatfda_docs/nda/pre96/085755.pdf
999f57f5cf76ccdb4cec4ac0,43199,085865,ORIG,1,http://www.accessdata.fda.gov/drugsatfda_docs/nda/pre96/85865ap.pdf
1a2f3dad0b7cb9439bc94eac,43200,086681,ORIG,1,http://www.accessdata.fda.gov/drugsatfda_docs/anda/pre96/086681_acetaminophen_toc.html
c59498b2211207ae24425fd2,43201,086683,ORIG,1,http://www.accessdata.fda.gov/drugsatfda_docs/anda/pre96/086683_acetaminophen-codeine-phosphate_toc.html
d1ed4788bad388be1b07795e,43202,086945,ORIG,1,http://www.accessdata.fda.gov/drugsatfda_docs/nda/pre96/86945ap.pdf
da962df4d05bbb07b7103a8b,43203,087159,ORIG,1,http://www.accessdata.fda.gov/drugsatfda_docs/nda/pre96/087159.PDF
33c6688b5a08308bda09324e,43204,087165,ORIG,1,http://www.accessdata.fda.gov/drugsatfda_docs/anda/pre96/087165ap.pdf
9acd0eb86b21f5d62269c1af,43205,087805,ORIG,1,http://www.accessdata.fda.gov/drugsatfda_docs/nda/pre96/87805ap.pdf
374bce301d0f44fea113a0ea,43206,087955,ORIG,1,http://www.accessdata.fda.gov/drugsatfda_docs/nda/pre96/087955.PDF
2d699710456f4765076c8d5f,43207,088058,SUPPL,1,http://www.accessdata.fda.gov/drugsatfda_docs/nda/pre96/088058s001_thru_024.pdf
2d699710456f4765076c8d5f,43208,088058,SUPPL,6,http://www.accessdata.fda.gov/drugsatfda_docs/nda/pre96/088058s001_thru_024.pdf
2d699710456f4765076c8d5f,43209,088058,SUPPL,7,http://www.accessdata.fda.gov/drugsatfda_docs/nda/pre96/088058s001_thru_024.pdf
2d699710456f4765076c8d5f,43210,088058,SUPPL,9,http://www.accessdata.fda.gov/drugsatfda_docs/nda/pre96/088058s001_thru_024.pdf
2d699710456f4765076c8d5f,43211,088058,SUPPL,12,http://www.accessdata.fda.gov/drugsatfda_docs/nda/pre96/088058s001_thru_024.pdf
2d699710456f4765076c8d5f,43212,088058,SUPPL,14,http://www.accessdata.fda.gov/drugsatfda_docs/nda/pre96/088058s001_thru_024.pdf
2d699710456f4765076c8d5f,43213,088058,SUPPL,17,http://www.accessdata.fda.gov/drugsatfda_docs/nda/pre96/088058s001_thru_024.pdf
2d699710456f4765076c8d5f,43214,088058,SUPPL,20,http://www.accessdata.fda.gov/drugsatfda_docs/nda/pre96/088058s001_thru_024.pdf
2d699710456f4765076c8d5f,43215,088058,SUPPL,22,http://www.accessdata.fda.gov/drugsatfda_docs/nda/pre96/088058s001_thru_024.pdf
2d699710456f4765076c8d5f,43216,088058,SUPPL,23,http://www.accessdata.fda.gov/drugsatfda_docs/nda/pre96/088058s001_thru_024.pdf
d09f5c9fcaf0b9461d50264b,43217,088199,ORIG,1,http://www.accessdata.fda.gov/drugsatfda_docs/nda/pre96/088199.pdf
7fd23c71df368b840f787729,43218,089081,ORIG,1,http://www.accessdata.fda.gov/drugsatfda_docs/anda/pre96/089081_prelone_toc.html
004684f419b4778f3095bd8d,43219,089095,ORIG,1,http://www.accessdata.fda.gov/drugsatfda_docs/nda/pre96/089095.pdf
630edc92737ce1ad9a43608d,43220,089202,ORIG,1,http://www.accessdata.fda.gov/drugsatfda_docs/nda/pre96/089202.pdf
05f1f6c1760eeb2f212ac076,43221,089557,ORIG,1,http://www.accessdata.fda.gov/drugsatfda_docs/nda/pre96/089557.pdf
12ed1e6e35dbeea81d0d05dd,43222,089557,SUPPL,1,http://www.accessdata.fda.gov/drugsatfda_docs/nda/pre96/089557S-001.pdf
384d586a8b214a19c1ef4b77,43223,089557,SUPPL,2,http://www.accessdata.fda.gov/drugsatfda_docs/nda/96/089557S-002.pdf
762950ac0866c72fb82eddad,43224,089557,SUPPL,3,http://www.accessdata.fda.gov/drugsatfda_docs/nda/2000/089557S-003.pdf
3c286bf42b1fcc65d8654692,43225,089557,SUPPL,7,http://www.accessdata.fda.gov/drugsatfda_docs/nda/2002/089557S-007.pdf
2bab6a790c649be618878a08,43226,089736,ORIG,1,http://www.accessdata.fda.gov/drugsatfda_docs/nda/pre96/089736.PDF
8c49e8a6bb6a199bec115f0b,43227,089822,SUPPL,5,http://www.accessdata.fda.gov/drugsatfda_docs/nda/pre96/089822s001;s002;s004;s005;s008_027.pdf
8c49e8a6bb6a199bec115f0b,43228,089822,SUPPL,8,http://www.accessdata.fda.gov/drugsatfda_docs/nda/pre96/089822s001;s002;s004;s005;s008_027.pdf
c1423ee97da5b880a929eae1,43229,089823,SUPPL,2,http://www.accessdata.fda.gov/drugsatfda_docs/nda/pre96/089823s001;s002;s004;s005;s008_027.pdf
c1423ee97da5b880a929eae1,43230,089823,SUPPL,5,http://www.accessdata.fda.gov/drugsatfda_docs/nda/pre96/089823s001;s002;s004;s005;s008_027.pdf
c1423ee97da5b880a929eae1,43231,089823,SUPPL,8,http://www.accessdata.fda.gov/drugsatfda_docs/nda/pre96/089823s001;s002;s004;s005;s008_027.pdf
1864218aeea9632c02fa4f72,43232,089884,ORIG,1,http://www.accessdata.fda.gov/drugsatfda_docs/anda/98/089884_nitroglycerin_toc.html
c29d129b81a78ea78b03700a,43233,090095,ORIG,1,http://www.accessdata.fda.gov/drugsatfda_docs/anda/2010/090095Orig1s000Approv.pdf
df457276afb63d478413178a,43234,090164,ORIG,1,http://www.accessdata.fda.gov/drugsatfda_docs/anda/2009/090164Orig1s000.pdf
821c2dee87ae60159fa3c8b0,43235,090170,ORIG,1,http://www.accessdata.fda.gov/drugsatfda_docs/anda/2011/090170Orig1s000Approv.pdf
ef9c556273ac7b886bc3a16d,43236,090304,ORIG,1,http://www.accessdata.fda.gov/drugsatfda_docs/anda/2010/090304Orig1s000BioeqR.pdf
cb7acdf9f3ad11d1d292ba3e,43237,090358,ORIG,1,http://www.accessdata.fda.gov/drugsatfda_docs/anda/2011/090358Orig1s000.pdf
40d00edc234c6285d9972683,43238,090406,ORIG,1,http://www.accessdata.fda.gov/drugsatfda_docs/anda/2011/090406Orig1s000Approv.pdf
b3f5196c5bba154d5cd9b46c,43239,090410,ORIG,1,http://www.accessdata.fda.gov/drugsatfda_docs/anda/2011/090410Orig1s000Approv.pdf
581e777658490e2b9c943c36,43240,090615,ORIG,1,http://www.accessdata.fda.gov/drugsatfda_docs/anda/2010/090615Orig1s000BioeqR.pdf
493f95aa30b3da09f0dc7c9f,43241,090633,ORIG,1,http://www.accessdata.fda.gov/drugsatfda_docs/anda/2010/090633Orig1s000.pdf
884e603d89ed359c5d50f43b,43242,090790,ORIG,1,http://www.accessdata.fda.gov/drugsatfda_docs/anda/2010/090790Orig1s000.pdf
49c7c5e98e71363a2da8fad0,43243,090869,ORIG,1,http://www.accessdata.fda.gov/drugsatfda_docs/anda/2012/090869Orig1s000Approv.pdf
82f6a6e0264a345dc75df6b9,43244,090954,ORIG,1,http://www.accessdata.fda.gov/drugsatfda_docs/nda/2009/090954Orig1s000.pdf
b03f8769284860da55aaa37e,43245,091151,ORIG,1,http://www.accessdata.fda.gov/drugsatfda_docs/anda/2013/091151Orig1s000Approv.pdf
3d1fb08bab52a0ba7e563368,43246,091244,ORIG,1,http://www.accessdata.fda.gov/drugsatfda_docs/anda/2012/091244Orig1s000Approv.pdf
1351f70e0d9d6fc26a91a0fb,43247,091245,ORIG,1,http://www.accessdata.fda.gov/drugsatfda_docs/anda/2012/091245Orig1s000Approv.pdf
974a539b96e4841fdc880d38,43248,091306,ORIG,1,http://www.accessdata.fda.gov/drugsatfda_docs/anda/2011/091306Orig1s000.pdf
81a0eadd9a6fec2285c210f5,43249,091328,ORIG,1,http://www.accessdata.fda.gov/drugsatfda_docs/anda/2013/091328Orig1s000.pdf
b0d8c9fa37bce58043201c35,43250,091363,ORIG,1,http://www.accessdata.fda.gov/drugsatfda_docs/anda/2013/091363Orig1s000Approv.pdf
69e8d5fe009bee0f73a66253,43251,091399,ORIG,1,http://www.accessdata.fda.gov/drugsatfda_docs/anda/2011/091399Orig1s000OtherActionLtrs.pdf
1b967c7c4aa6f3c4319b3d28,43252,091490,ORIG,1,http://www.accessdata.fda.gov/drugsatfda_docs/anda/2011/091490Orig1s000Approv.pdf
28ac0226f0250cb8845bbe4f,43253,091607,ORIG,1,http://www.accessdata.fda.gov/drugsatfda_docs/anda/2011/091607Orig1s000Approv.pdf
909e703d349e0c26f9673d94,43254,091624,ORIG,1,http://www.accessdata.fda.gov/drugsatfda_docs/anda/2013/091624Orig1s000.pdf
c13093f6660fc0b1e526e783,43255,091632,ORIG,1,http://www.accessdata.fda.gov/drugsatfda_docs/anda/2010/091632Orig1s000.pdf
daedfd54c4a86c9467c3530c,43256,103000,SUPPL,1004,https://web.archive.org/web/20090119110807/http://www.fda.gov/cder/biologics/products/botaller122100.htm
20779be29a8544d70ff90ea9,43257,103000,SUPPL,5000,https://web.archive.org/web/20170113111252/http://www.fda.gov/Drugs/DevelopmentApprovalProcess/HowDrugsareDevelopedandApproved/ApprovalApplications/TherapeuticBiologicApplications/ucm080509.htm
11e05d163df9525f2f948cb9,43258,103000,SUPPL,5189,http://www.accessdata.fda.gov/drugsatfda_docs/bla/2010/103000Orig1s5189.pdf
16d46e3153ca23e5c051bb35,43259,103000,SUPPL,5215,http://www.accessdata.fda.gov/drugsatfda_docs/bla/2010/103000Orig1s5215.pdf
58cb0ddce033e1cc001e916f,43260,103000,SUPPL,5232,http://www.accessdata.fda.gov/drugsatfda_docs/bla/2011/103000Orig1s5232.pdf
2db2c4c567119aad43504667,43261,103132,SUPPL,1116,http://www.accessdata.fda.gov/drugsatfda_docs/bla/1997/ifnasch110697r.pdf
670e068462e6ba05892e59ef,43263,103172,SUPPL,5203,http://www.accessdata.fda.gov/drugsatfda_docs/bla/2015/103172Orig1s5203.pdf
394df8227a4af69a213e3b94,43264,103234,SUPPL,5033,http://www.accessdata.fda.gov/drugsatfda_docs/nda/2004/103234s5033.pdf
46cd77fadf807f766b61158d,43265,103234,SUPPL,5053,http://www.accessdata.fda.gov/drugsatfda_docs/nda/2004/103234s5053.pdf
e1a6daca6f512b4386d43e13,43266,103234,SUPPL,5076,http://www.accessdata.fda.gov/drugsatfda_docs/nda/2004/103234s5076_AP_PKG.pdf
320ded14c2ccd2bfb8ba143f,43267,103234,SUPPL,5166,http://www.accessdata.fda.gov/drugsatfda_docs/nda/2011/103234_epogen_procrit_toc.html
00e7ded09d83e1ef4f8398b1,43268,103293,SUPPL,1021,https://web.archive.org/web/20170113111500/http://www.fda.gov/Drugs/DevelopmentApprovalProcess/HowDrugsareDevelopedandApproved/ApprovalApplications/TherapeuticBiologicApplications/ucm080733.htm
862a5b8be99bd66f0523e62e,43270,103575,SUPPL,1008,https://web.archive.org/web/20170113111532/http://www.fda.gov/Drugs/DevelopmentApprovalProcess/HowDrugsareDevelopedandApproved/ApprovalApplications/TherapeuticBiologicApplications/ucm093336.htm
807b2fd2a84e96afc65e2ffe,43271,103608,ORIG,1,https://web.archive.org/web/20170118085129/http://www.fda.gov/Drugs/DevelopmentApprovalProcess/HowDrugsareDevelopedandApproved/ApprovalApplications/TherapeuticBiologicApplications/ucm080734.htm
ac555c3609dae4dad0863672,43272,103628,SUPPL,5021,http://www.accessdata.fda.gov/drugsatfda_docs/nda/2003/103628s5021TOC.html
3abd7e01e57d13ddd5c56c81,43273,103691,ORIG,1,https://web.archive.org/web/20170113111514/http://www.fda.gov/Drugs/DevelopmentApprovalProcess/HowDrugsareDevelopedandApproved/ApprovalApplications/TherapeuticBiologicApplications/ucm080740.htm
450c139b4f32b850123de818,43274,103691,SUPPL,5015,http://www.accessdata.fda.gov/drugsatfda_docs/nda/2005/103691Orig1s5015Approv.pdf
e21a5f9def5727c6400c37da,43275,103705,ORIG,1,https://web.archive.org/web/20170210011738/http://www.fda.gov/Drugs/DevelopmentApprovalProcess/HowDrugsareDevelopedandApproved/ApprovalApplications/TherapeuticBiologicApplications/ucm093345.htm
34725fba9c53b46e022ad53c,43276,103705,SUPPL,5344,http://www.accessdata.fda.gov/drugsatfda_docs/bla/2011/103705Orig1s5344.pdf
496352e3b7a9d416ad7155e3,43278,103764,ORIG,1,https://web.archive.org/web/20170113111552/http://www.fda.gov/Drugs/DevelopmentApprovalProcess/HowDrugsareDevelopedandApproved/ApprovalApplications/TherapeuticBiologicApplications/ucm093359.htm
b73ae84b41c7cf8e240c33c9,43280,103770,SUPPL,5033,http://www.accessdata.fda.gov/drugsatfda_docs/bla/2003/103770Orig1s5033.pdf
eeb5f9cde0d617e9b265a3c3,43281,103772,ORIG,1,https://web.archive.org/web/20170118085130/http://www.fda.gov/Drugs/DevelopmentApprovalProcess/HowDrugsareDevelopedandApproved/ApprovalApplications/TherapeuticBiologicApplications/ucm093327.htm
40e6d2b81564bed8d376b537,43282,103772,SUPPL,1004,https://web.archive.org/web/20170118085130/http://www.fda.gov/Drugs/DevelopmentApprovalProcess/HowDrugsareDevelopedandApproved/ApprovalApplications/TherapeuticBiologicApplications/ucm093335.htm
72e2e59037843e2aa487c168,43283,103772,SUPPL,5056,http://www.accessdata.fda.gov/drugsatfda_docs/nda/2003/103772_S5056_REMIICADE.pdf
de89268a7a0a2c2f033c8e49,43284,103780,ORIG,1,https://web.archive.org/web/20170118085129/http://www.fda.gov/Drugs/DevelopmentApprovalProcess/HowDrugsareDevelopedandApproved/ApprovalApplications/TherapeuticBiologicApplications/ucm080737.htm
d266c4cf9b0123c37a131d10,43285,103792,SUPPL,5187,http://www.accessdata.fda.gov/drugsatfda_docs/bla/2008/103792s5187-5189_Herceptin_toc.html
d266c4cf9b0123c37a131d10,43286,103792,SUPPL,5189,http://www.accessdata.fda.gov/drugsatfda_docs/bla/2008/103792s5187-5189_Herceptin_toc.html
941091863ec6177c310d87c2,43287,103795,SUPPL,1001,https://web.archive.org/web/20160413105708/http://www.fda.gov/Drugs/DevelopmentApprovalProcess/HowDrugsareDevelopedandApproved/ApprovalApplications/TherapeuticBiologicApplications/ucm080578.htm
56a2ea27496fc5109f61ccfb,43288,103795,SUPPL,5123,http://www.accessdata.fda.gov/drugsatfda_docs/nda/2003/103795s5123_EnbrelTOC.html
fbcde51ea69498f307b3a08a,43289,103846,ORIG,1,https://web.archive.org/web/20170201030814/http://www.fda.gov/Drugs/DevelopmentApprovalProcess/HowDrugsareDevelopedandApproved/ApprovalApplications/TherapeuticBiologicApplications/ucm080661.htm
5e5a7df61827904d5f33c43b,43290,103909,ORIG,1,https://web.archive.org/web/20090119110643/http://www.fda.gov/cder/biologics/products/tenegen060200.htm
7aa751594b0d5fda0256b8b6,43292,103946,ORIG,1,https://web.archive.org/web/20120303004138/http://www.fda.gov/Drugs/DevelopmentApprovalProcess/HowDrugsareDevelopedandApproved/ApprovalApplications/TherapeuticBiologicApplications/ucm080525.htm
cb03cc19214aca21ed762fef,43296,125057,ORIG,1,http://www.accessdata.fda.gov/drugsatfda_docs/nda/2002/125057_toc.html
ccacef96922447f63ae50e7a,43297,125057,SUPPL,16,http://www.accessdata.fda.gov/drugsatfda_docs/bla/2004/125057Orig1s016.pdf
0d890306408dc5ddde7649e2,43298,125057,SUPPL,23,http://www.accessdata.fda.gov/drugsatfda_docs/nda/2004/125057Orig1s023.pdf
8e336bffc8302838a1e7f339,43299,125057,SUPPL,110,http://www.accessdata.fda.gov/drugsatfda_docs/nda/2008/125057s110TOC.html
699810b3276ae52b8b639b30,43300,125057,SUPPL,381,http://www.accessdata.fda.gov/drugsatfda_docs/bla/2014/125057Orig1s381.pdf
72e85fd9bfb467b220784a87,43301,125058,ORIG,1,https://web.archive.org/web/20170118085125/http://www.fda.gov/Drugs/DevelopmentApprovalProcess/HowDrugsareDevelopedandApproved/ApprovalApplications/TherapeuticBiologicApplications/ucm080438.htm
85fe74552a89b20f9cd8e70b,43302,125084,SUPPL,103,http://www.accessdata.fda.gov/drugsatfda_docs/bla/2007/125084Orig1s103.pdf
219d797bd79a613aac74778c,43303,125085,SUPPL,74,http://www.accessdata.fda.gov/drugsatfda_docs/bla/2006/125085_0074_avastin.pdf
84c62c6b69d59308d8c36946,43304,125103,ORIG,1,http://www.accessdata.fda.gov/drugsatfda_docs/nda/2004/125103s000_KepivanceTOC.html
ebeb586b62f4d77efa0799cf,43305,125151,ORIG,1,http://www.accessdata.fda.gov/drugsatfda_docs/nda/2006/125151s0000_ElapraseTOC.html
0182c47c95f991f78ded2604,43306,125156,SUPPL,53,http://www.accessdata.fda.gov/drugsatfda_docs/bla/2010/125156Orig1s053.pdf
928892ba526004973f57391b,43307,125164,ORIG,1,http://www.accessdata.fda.gov/drugsatfda_docs/nda/2007/125164TOC.html
f08061120c1dc02e4f6024d7,43308,125166,ORIG,1,http://www.accessdata.fda.gov/drugsatfda_docs/nda/2007/125166s0000TOC.html
04d7f728978f9854129877ef,43309,125166,SUPPL,172,http://www.accessdata.fda.gov/drugsatfda_docs/bla/2011/125166Orig1s172-2.pdf
5c26cc02882c9894317d606a,43311,125249,ORIG,1,http://www.accessdata.fda.gov/drugsatfda_docs/nda/2008/125249s000TOC.html
1edfa9f9db338060d045fca8,43312,125261,ORIG,1,http://www.accessdata.fda.gov/drugsatfda_docs/nda/2009/125261s000TOC.html
df225183c612847d0ea50ef7,43313,125274,SUPPL,1,http://www.accessdata.fda.gov/drugsatfda_docs/nda/2009/125274s001_dysport_toc.html
9e789514a34fa2e91bc6a24d,43314,125277,ORIG,1,http://www.accessdata.fda.gov/drugsatfda_docs/nda/2009/125277s000TOC.html
61861a2d3aef9bc53e16641d,43315,125289,ORIG,1,http://www.accessdata.fda.gov/drugsatfda_docs/nda/2009/125289s0000TOC.html
26504d37fce43db5c7b1be01,43317,125293,ORIG,1,http://www.accessdata.fda.gov/drugsatfda_docs/nda/2010/125293s0000TOC.html
ed818d8942ddaab544d67a8e,43318,125319,ORIG,1,http://www.accessdata.fda.gov/drugsatfda_docs/nda/2009/125319s000TOC.html
d25b5a682b5e5bdd04559673,43319,125320,ORIG,1,http://www.accessdata.fda.gov/drugsatfda_docs/nda/2010/125320s0000TOC.html
6b90cde7f5024688fbaf8ec0,43320,125320,SUPPL,7,http://www.accessdata.fda.gov/drugsatfda_docs/review/2018/125320Orig1s007.pdf
6def0e7242ff154b899adfdf,43321,125326,ORIG,1,http://www.accessdata.fda.gov/drugsatfda_docs/nda/2009/125326s000TOC.html
7aa6448aab550e38ea6a02d1,43322,125338,ORIG,1,http://www.accessdata.fda.gov/drugsatfda_docs/nda/2010/125338s000TOC.html
ec6f2d0f8f9601c9b095eb2b,43324,125370,ORIG,1,http://www.accessdata.fda.gov/drugsatfda_docs/nda/2011/125370Orig1s000TOC.html
865856d48cc8167eb4e5664a,43325,125388,ORIG,1,http://www.accessdata.fda.gov/drugsatfda_docs/nda/2011/125388_adcetris_toc.html
7207e0bc6b726902346d03c7,43326,125399,ORIG,1,http://www.accessdata.fda.gov/drugsatfda_docs/nda/2011/125399_adcetris_toc.html
4ecf0770cc8f3326a0068848,43327,125409,ORIG,1,http://www.accessdata.fda.gov/drugsatfda_docs/nda/2012/125409Orig1s000TOC.html
380e7146268e017bd12ace05,43328,125409,SUPPL,51,http://www.accessdata.fda.gov/drugsatfda_docs/nda/2013/125409_perjeta_toc.html
6d7cfb540ff3416e4d540a9f,43329,125422,ORIG,1,http://www.accessdata.fda.gov/drugsatfda_docs/nda/2012/125422_jetrea_toc.html
14aca43a1f56c8e0435441f2,43330,125433,ORIG,1,http://www.accessdata.fda.gov/drugsatfda_docs/nda/2013/125433review.pdf
a119b93eea29cef995cc3efd,43331,125477,ORIG,1,http://www.accessdata.fda.gov/drugsatfda_docs/nda/2014/125477Orig1s000TOC.html
10e3463e7b694b1e5348a595,43332,125496,ORIG,1,http://www.accessdata.fda.gov/drugsatfda_docs/nda/2014/125496Orig1s000TOC.html
0000e1e3c9fee75d36033f67,43333,125499,ORIG,1,http://www.accessdata.fda.gov/drugsatfda_docs/nda/2014/125499Orig1s000TOC.html
b1028847a1e496762fa933ca,43334,125509,ORIG,1,http://www.accessdata.fda.gov/drugsatfda_docs/nda/2016/125509Orig1s000TOC.html
c2df3d2c07ea5f7ac3e11609,43335,125516,ORIG,1,http://www.accessdata.fda.gov/drugsatfda_docs/nda/2015/125516Orig1s000TOC.html
67f7762c24714826046a0195,43336,125521,ORIG,1,http://www.accessdata.fda.gov/drugsatfda_docs/nda/2016/125521Orig1s000TOC.html
1922ef8bcc04f483d24bfa8d,43337,125547,ORIG,1,http://www.accessdata.fda.gov/drugsatfda_docs/nda/2015/125547Orig1s000TOC.html
91b0fd463657c994a0a5bc28,43338,125554,ORIG,1,http://www.accessdata.fda.gov/drugsatfda_docs/nda/2014/125554Orig1s000TOC.html
01bf132c0fdd735f69785b27,43339,125557,ORIG,1,http://www.accessdata.fda.gov/drugsatfda_docs/nda/2014/125557Orig1s000TOC.html
8a65ff4359de75ab1dcbc20f,43340,200146,ORIG,1,http://www.accessdata.fda.gov/drugsatfda_docs/anda/2012/200146Orig1s000Approv.pdf
307459ee91c1d3144f844afc,43341,200153,ORIG,1,http://www.accessdata.fda.gov/drugsatfda_docs/nda/2013/200153_liptruzet_toc.html
ebdeba0cb95cc6278d0daa0e,43342,200175,ORIG,1,http://www.accessdata.fda.gov/drugsatfda_docs/nda/2010/200175_tribenzor_toc.html
0fd957864fb0227765b93dff,43343,200179,ORIG,1,http://www.accessdata.fda.gov/drugsatfda_docs/nda/2010/200179_staxyn_toc.html
86ac97f33e4a5732dc521fcd,43344,200294,ORIG,1,http://www.accessdata.fda.gov/drugsatfda_docs/nda/2012/200294Orig1s000Approv.pdf
912367632a42e4160dfca39b,43345,200327,ORIG,1,http://www.accessdata.fda.gov/drugsatfda_docs/nda/2010/200327Orig1s000TOC.html
713d04e6ecbf2cf9025b769f,43346,200533,ORIG,1,http://www.accessdata.fda.gov/drugsatfda_docs/nda/2011/200533Orig1s000TOC.html
2c7a642923f189b64692283f,43347,200535,ORIG,1,http://www.accessdata.fda.gov/drugsatfda_docs/nda/2010/200535s000_oxycodone_toc.html
e29c036af47ff312bca3f2fe,43348,200582,ORIG,1,http://www.accessdata.fda.gov/drugsatfda_docs/nda/2011/200582_topotecan_toc.html
31bc82cad12b7876ff21ef7e,43349,200603,ORIG,1,http://www.accessdata.fda.gov/drugsatfda_docs/nda/2010/200603Orig1s000TOC.html
d50b6d3eb70111ea1266a418,43350,200603,SUPPL,11,http://www.accessdata.fda.gov/drugsatfda_docs/nda/2013/200603Orig1s011.pdf
832c3555eff654052ecaca1b,43351,200644,ORIG,1,http://www.accessdata.fda.gov/drugsatfda_docs/anda/2012/200644Orig1s000Approv.pdf
80fe766fcd7304ce99522a1f,43352,200656,ORIG,1,http://www.accessdata.fda.gov/drugsatfda_docs/nda/2014/200656Orig1s000TOC.html
fc2c2acf860774a8e4c086c2,43353,200677,ORIG,1,http://www.accessdata.fda.gov/drugsatfda_docs/nda/2012/200677Orig1s000TOC.html
32c25e2adcf8103cc2789a5e,43354,200738,ORIG,1,http://www.accessdata.fda.gov/drugsatfda_docs/nda/2011/200738_lotemax_toc.html
9f5937c11ec7356ed678ae5a,43355,200740,ORIG,1,http://www.accessdata.fda.gov/drugsatfda_docs/nda/2012/200740_cystaran_toc.html
d0338bcd0f11b55a4f0ec2fb,43356,200795,ORIG,1,http://www.accessdata.fda.gov/drugsatfda_docs/nda/2011/200795_gemcitabine_toc.html
9006e230b43948174925a1f0,43357,200880,ORIG,1,http://www.accessdata.fda.gov/drugsatfda_docs/anda/2012/200880Orig1s000Approv.pdf
6d666c543ea291b75f9b3061,43358,200890,ORIG,1,http://www.accessdata.fda.gov/drugsatfda_docs/nda/2010/200890_carpine_toc.html
a19fda43b6053e2852eb8e75,43359,201194,ORIG,1,http://www.accessdata.fda.gov/drugsatfda_docs/nda/2012/201194_oxycodone_toc.html
445f8dd43a6ecd3632e12fa7,43360,201195,ORIG,1,http://www.accessdata.fda.gov/drugsatfda_docs/nda/2011/201195_docetaxel_toc.html
ee152a30e52353b2b2252f72,43361,201280,ORIG,1,http://www.accessdata.fda.gov/drugsatfda_docs/nda/2011/201280Orig1s000TOC.html
7f7358e428b2e50817d3c407,43362,201280,SUPPL,2,http://www.accessdata.fda.gov/drugsatfda_docs/nda/2012/201280Orig1s002.pdf
4ad126793ca64f8c1f865ce1,43363,201292,ORIG,1,http://www.accessdata.fda.gov/drugsatfda_docs/nda/2013/201292Orig1s000TOC.html
543e932b347b83e9055b0922,43364,201292,SUPPL,1,http://www.accessdata.fda.gov/drugsatfda_docs/nda/2013/201292Orig1s001.pdf
5645ae7c15689e7c26db44f6,43365,201370,ORIG,1,http://www.accessdata.fda.gov/drugsatfda_docs/nda/2011/201370_heparin_toc.html
f1a14fbe98d4b1c62463b374,43366,201444,ORIG,1,http://www.accessdata.fda.gov/drugsatfda_docs/nda/2011/201444_nithiodote_toc.html
876c7b43c84f478b6188843b,43367,201517,ORIG,1,http://www.accessdata.fda.gov/drugsatfda_docs/nda/2011/201517_morphine_toc.html
8bcb19acc7139cbbb3ad5062,43368,201525,ORIG,1,http://www.accessdata.fda.gov/drugsatfda_docs/nda/2011/201525_docetaxel_toc.html
d9345ffa01b4491923e2473d,43369,201635,ORIG,1,http://www.accessdata.fda.gov/drugsatfda_docs/nda/2013/201635Orig1s000TOC.html
3c47aadd5bc67212c5d872d8,43370,201688,ORIG,1,http://www.accessdata.fda.gov/drugsatfda_docs/nda/2013/201688Orig1s000TOC.html
4754d169fae807db662d1c4a,43371,201692,ORIG,1,http://www.accessdata.fda.gov/drugsatfda_docs/anda/2012/201692Orig1s000Approv.pdf
b0799977bae26182a451a283,43372,201699,ORIG,1,http://www.accessdata.fda.gov/drugsatfda_docs/nda/2011/201699Orig1s000TOC.html
38fcd7290b35d0cb49f4faee,43373,201739,ORIG,1,http://www.accessdata.fda.gov/drugsatfda_docs/nda/2012/201739_auviQ_toc.html
c8e19dc31bd9bdc3246e5367,43374,201811,ORIG,1,http://www.accessdata.fda.gov/drugsatfda_docs/nda/2015/201811Orig1s000TOC.html
c767ec0e3ae7086ab407d995,43375,201846,ORIG,1,http://www.accessdata.fda.gov/drugsatfda_docs/anda/2012/201846Orig1s000Approv.pdf
07d619fe4246c0713e504d66,43376,201917,ORIG,1,http://www.accessdata.fda.gov/drugsatfda_docs/nda/2011/201917Orig1s000TOC.html
482f4e1540a1ef25de9a2052,43377,202008,ORIG,1,http://www.accessdata.fda.gov/drugsatfda_docs/nda/2012/202008_Florbetapir_Orig1s000TOC.html
e43bd0aec3f8f058f1cec8d1,43378,202032,ORIG,1,http://www.accessdata.fda.gov/drugsatfda_docs/nda/2011/202032Orig1s000Approv.pdf
4ffa703682c2c9448412667d,43379,202057,ORIG,1,http://www.accessdata.fda.gov/drugsatfda_docs/nda/2012/202057_vascepa_toc.html
da7606d9b67eed62ccc89fcf,43380,202063,ORIG,1,http://www.accessdata.fda.gov/drugsatfda_docs/anda/2012/202063Orig1s000Approv.pdf
6a92f84df2ab8b88b2c73a79,43381,202080,ORIG,1,http://www.accessdata.fda.gov/drugsatfda_docs/nda/2011/202080_oxecta_toc.html
fbd09e3b2ff940e3cf4ec9b4,43382,202091,ORIG,1,http://www.accessdata.fda.gov/drugsatfda_docs/nda/2013/202091Orig1s000TOC.html
82e97f5b31ec29e62982b62b,43383,202100,ORIG,1,http://www.accessdata.fda.gov/drugsatfda_docs/nda/2012/202100_quillivantxr_toc.html
1e55303427cb15dafdd086c2,43384,202106,ORIG,1,http://www.accessdata.fda.gov/drugsatfda_docs/nda/2015/202106Orig1s000TOC.html
8aebb5a2497ef1ed7445aa6c,43385,202107,ORIG,1,http://www.accessdata.fda.gov/drugsatfda_docs/nda/2012/202107_korlym_toc.html
8fe06f4355d4e46f16cc2495,43386,202121,ORIG,1,http://www.accessdata.fda.gov/drugsatfda_docs/anda/2012/202121Orig1s000Approv.pdf
4efd8c3efa6cb4064ec15e47,43387,202123,ORIG,1,http://www.accessdata.fda.gov/drugsatfda_docs/nda/2011/202123_compleratm_toc.html
22c594eea690bddeedf023ad,43388,202194,ORIG,1,http://www.accessdata.fda.gov/drugsatfda_docs/anda/2012/202194Orig1s000.pdf
4239b3def0aac4a837343818,43389,202207,ORIG,1,http://www.accessdata.fda.gov/drugsatfda_docs/nda/2013/202207Orig1s000TOC.html
79d1e03369ac5fd807b3f325,43390,202236,ORIG,1,http://www.accessdata.fda.gov/drugsatfda_docs/nda/2012/202236_dymista_toc.html
81a79a51798a5cbcb62f7f39,43391,202258,ORIG,1,http://www.accessdata.fda.gov/drugsatfda_docs/nda/2011/202258Orig1s000TOC.html
46d5dbbd8051f5bbd143d8fa,43392,202270,ORIG,1,http://www.accessdata.fda.gov/drugsatfda_docs/nda/2012/202270_janumet_xr_toc.html
0cb2ec4e273d536dea820a4d,43393,202278,ORIG,1,http://www.accessdata.fda.gov/drugsatfda_docs/nda/2013/202278Orig1s000TOC.html
09ddd13f5d8aae141fb89982,43394,202292,ORIG,1,http://www.accessdata.fda.gov/drugsatfda_docs/nda/2012/202292Orig1s000TOC.html
c51510686cb17e96ea099a37,43395,202324,ORIG,1,http://www.accessdata.fda.gov/drugsatfda_docs/nda/2012/202324Orig1s000TOC.html
c915286fafbe8b3f02c9d8d3,43396,202342,ORIG,1,http://www.accessdata.fda.gov/drugsatfda_docs/nda/2013/202342Orig1s000TOC.html
e318c918eab7eae01b361a6e,43397,202343,ORIG,1,http://www.accessdata.fda.gov/drugsatfda_docs/nda/2011/202343Orig1s000TOC.html
405f83eacd9ffa2ca7c9c799,43398,202344,ORIG,1,http://www.accessdata.fda.gov/drugsatfda_docs/nda/2012/202344_binosto_toc.html
3356e14996a0ea8269a3f054,43399,202357,ORIG,1,http://www.accessdata.fda.gov/drugsatfda_docs/anda/2012/202357Orig1s000.pdf
5e96bd74cc4097e1497773fa,43400,202379,ORIG,1,http://www.accessdata.fda.gov/drugsatfda_docs/nda/2011/202379Orig1s000TOC.html
27cbcc85024485933718d9c5,43401,202429,ORIG,1,http://www.accessdata.fda.gov/drugsatfda_docs/nda/2011/202429s000TOC.html
5993993bd5ee753b80752ecf,43402,202439,ORIG,1,http://www.accessdata.fda.gov/drugsatfda_docs/nda/2011/202439toc.html
088a8d4dd4109daad6c5a1e8,43403,202450,ORIG,1,http://www.accessdata.fda.gov/drugsatfda_docs/nda/2012/202450Orig1s000TOC.html
fd0ccbc5d2c87b443025d82f,43404,202497,ORIG,1,http://www.accessdata.fda.gov/drugsatfda_docs/nda/2012/202497_marqibo_toc.html
394890d15b3a9886c138da93,43405,202513,ORIG,1,http://www.accessdata.fda.gov/drugsatfda_docs/nda/2011/202513_anturol_toc.html
6ff27c3e16230dcbd454d8ae,43406,202515,ORIG,1,http://www.accessdata.fda.gov/drugsatfda_docs/nda/2011/202515_morphine_sulfate_toc.html
074b233645ed7f17f8f36586,43407,202543,ORIG,1,http://www.accessdata.fda.gov/drugsatfda_docs/nda/2011/202543_levetiracetam_toc.html
41bbd795860416131610f9e8,43408,202608,ORIG,1,http://www.accessdata.fda.gov/drugsatfda_docs/anda/2012/202608Orig1s000Approv.pdf
290b2a197b3e7838fa5d1ade,43409,202651,ORIG,1,http://www.accessdata.fda.gov/drugsatfda_docs/anda/2012/202651Orig1s000Approv.pdf
a56e388e4a6665f03b5fe698,43410,202714,ORIG,1,http://www.accessdata.fda.gov/drugsatfda_docs/nda/2012/202714Orig1s000TOC.html
015f086c1505026e9e2d09a7,43411,202736,ORIG,1,http://www.accessdata.fda.gov/drugsatfda_docs/nda/2012/202736_sklice_toc.html
306acc426380bc13c8f9af96,43412,202763,ORIG,1,http://www.accessdata.fda.gov/drugsatfda_docs/nda/2012/202763Orig1s000TOC.html
7bf766d18869236bfe30b9c2,43413,202806,ORIG,1,http://www.accessdata.fda.gov/drugsatfda_docs/nda/2013/202806Orig1s000TOC.html
d37d8e11a84f05bc8ea1e32c,43414,202811,ORIG,1,http://www.accessdata.fda.gov/drugsatfda_docs/nda/2012/202811Orig1s000TOC.html
e61ba0cb4109e149034fb25c,43415,202832,ORIG,1,http://www.accessdata.fda.gov/drugsatfda_docs/nda/2012/202832_sodiumc_toc.html
d0921b2e8e1aa76fc2732c47,43416,202833,ORIG,1,http://www.accessdata.fda.gov/drugsatfda_docs/nda/2012/202833Orig1s000TOC.html
682a4376cdeb092594c43b94,43417,202880,ORIG,1,http://www.accessdata.fda.gov/drugsatfda_docs/nda/2013/202880Orig1s000TOC.html
963b3e14aa3c250ce2f999f3,43418,202971,SUPPL,3,http://www.accessdata.fda.gov/drugsatfda_docs/nda/2014/202971Orig1s003TOC.html
1a3a472e85760882eb00ca82,43419,203085,ORIG,1,http://www.accessdata.fda.gov/drugsatfda_docs/nda/2012/203085Orig1s000TOC.html
983effaae0c89eccbda041b4,43420,203093,ORIG,1,http://www.accessdata.fda.gov/drugsatfda_docs/nda/2014/203093Orig1VITEKTAtoc.html
93e414cb1b71116d64765b9a,43421,203137,ORIG,1,http://www.accessdata.fda.gov/drugsatfda_docs/nda/2013/203137_vizamyl_toc.html
f5be2167e7b4bcb0c1615764,43422,203155,ORIG,1,http://www.accessdata.fda.gov/drugsatfda_docs/nda/2012/203155Orig1s000TOC.html
bb833131d43d0b948f03b39d,43423,203188,ORIG,1,http://www.accessdata.fda.gov/drugsatfda_docs/nda/2012/203188s000TOC.html
2447d2ab313cc4472b01737a,43424,203195,ORIG,1,http://www.accessdata.fda.gov/drugsatfda_docs/nda/2012/203195_suprax_toc.html
963e34fc5fffeecdac1ee2e9,43425,203214,ORIG,1,http://www.accessdata.fda.gov/drugsatfda_docs/nda/2012/203214Orig1s000TOC.html
6a71e401fc00df693dd81115,43426,203312,ORIG,1,http://www.accessdata.fda.gov/drugsatfda_docs/nda/2015/203312Orig1s000TOC.html
b0ff117803486ff8f558ea48,43427,203314,ORIG,1,http://www.accessdata.fda.gov/drugsatfda_docs/nda/2015/203313and203314Orig1s000TOC.html
a1b16d27cb8add0362bddd61,43428,203340,ORIG,1,http://www.accessdata.fda.gov/drugsatfda_docs/nda/2013/203340Orig1s000TOC.html
a08c85005aa7246e11e3268a,43429,203389,ORIG,1,http://www.accessdata.fda.gov/drugsatfda_docs/nda/2013/203389Orig1s000TOC.html
2a4e05c0ea59a5a86b0f8094,43430,203414,ORIG,1,http://www.accessdata.fda.gov/drugsatfda_docs/nda/2013/203414Orig1s000TOC.html
cbacb38b545dc6d03f65ef33,43431,203415,ORIG,1,http://www.accessdata.fda.gov/drugsatfda_docs/nda/2012/203415_xtandi_toc.html
8e3e7fc126218c0530d8f3db,43432,203441,ORIG,1,http://www.accessdata.fda.gov/drugsatfda_docs/nda/2012/203441Orig1s000TOC.html
76382f8b2b4aae9c70618baa,43433,203441,SUPPL,2,http://www.accessdata.fda.gov/drugsatfda_docs/nda/2014/203441Orig1s002.pdf
abf09ba90d93e493e498b237,43434,203469,ORIG,1,http://www.accessdata.fda.gov/drugsatfda_docs/nda/2012/203469Orig1s000TOC.html
9de85a55a1e7420ef69c4d3b,43435,203469,SUPPL,7,"http://www.accessdata.fda.gov/drugsatfda_docs/nda/2013/203469Orig1s007,s008.pdf"
5ea0df27e6ad2bc51619a0ba,43436,203479,ORIG,1,http://www.accessdata.fda.gov/drugsatfda_docs/nda/2013/203479_versacloz_toc.html
b50e676c742db876c12638e1,43437,203491,ORIG,1,http://www.accessdata.fda.gov/drugsatfda_docs/nda/2012/203491_nepafenac_toc.html
e1fb9f9f739f46006c3ab6b6,43438,203505,ORIG,1,http://www.accessdata.fda.gov/drugsatfda_docs/nda/2013/203505Orig1s000TOC.html
72d9ee91ba77dcc3102b7d13,43439,203567,ORIG,1,http://www.accessdata.fda.gov/drugsatfda_docs/nda/2014/203567_jublia_toc.html
75d668e94d3426f1dd5ab0dd,43440,203568,ORIG,1,http://www.accessdata.fda.gov/drugsatfda_docs/nda/2013/203568Orig1s000TOC.html
f8dbb750e0718f501aa10d96,43441,203585,ORIG,1,http://www.accessdata.fda.gov/drugsatfda_docs/nda/2012/203585Orig1s000TOC.html
39674daed9726b021985defb,43442,203684,ORIG,1,http://www.accessdata.fda.gov/drugsatfda_docs/nda/2014/203684Orig1s000TOC.html
6223a0954a94f598185a0857,43443,203756,ORIG,1,http://www.accessdata.fda.gov/drugsatfda_docs/nda/2012/203756Orig1s000TOC.html
553f5748e92e108d0182520c,43444,203794,ORIG,1,http://www.accessdata.fda.gov/drugsatfda_docs/nda/2012/203794_nucynta_toc.html
489f85b6206e0626d8c8abb8,43445,203826,ORIG,1,http://www.accessdata.fda.gov/drugsatfda_docs/nda/2012/203826_phenylephrine_toc.html
f55ebcda190f5c54fb73b358,43446,203856,ORIG,1,http://www.accessdata.fda.gov/drugsatfda_docs/nda/2013/203856Orig1s000TOC.html
c412d483c4e40656a20b9a1f,43447,203922,ORIG,1,http://www.accessdata.fda.gov/drugsatfda_docs/nda/2012/203922_sodium_nitrite_toc.html
1c1d6a1d7fd282f79dc70b15,43448,203971,ORIG,1,http://www.accessdata.fda.gov/drugsatfda_docs/nda/2013/203971Orig1s000TOC.html
bf07070fd493eac2758e8990,43449,203975,ORIG,1,http://www.accessdata.fda.gov/drugsatfda_docs/nda/2013/203975Orig1s000TOC.html
accf95e01383603b3c558303,43450,203993,ORIG,1,http://www.accessdata.fda.gov/drugsatfda_docs/nda/2012/203993_onfi_toc.html
f05d02cd51c3427b1bcc6b8c,43451,204016,ORIG,1,http://www.accessdata.fda.gov/drugsatfda_docs/nda/2015/204016Orig1s000TOC.html
871ba54c5f90e68c51b047b2,43452,204026,ORIG,1,http://www.accessdata.fda.gov/drugsatfda_docs/nda/2013/204026Orig1s000TOC.html
dac1f24a0c1c69be27c14389,43453,204031,ORIG,1,http://www.accessdata.fda.gov/drugsatfda_docs/nda/2014/204031Orig1s000TOC.html
ce1748ecbea7494e92ec59cd,43454,204042,ORIG,1,http://www.accessdata.fda.gov/drugsatfda_docs/nda/2013/204042Orig1s000TOC.html
8e2ef2d9c713246a66875155,43455,204078,ORIG,1,http://www.accessdata.fda.gov/drugsatfda_docs/nda/2013/204078Orig1s000TOC.html
1a77433e3f0e9348fd896015,43456,204114,ORIG,1,http://www.accessdata.fda.gov/drugsatfda_docs/nda/2013/204114Orig1s000TOC.html
ba12c74095c67ae380c54d5e,43457,204153,ORIG,1,http://www.accessdata.fda.gov/drugsatfda_docs/nda/2013/204153Orig1s000TOC.html
b8c6d73fefac3b337a3f1ad1,43458,204200,ORIG,1,http://www.accessdata.fda.gov/drugsatfda_docs/nda/2012/204200_adrenalin_toc.html
ab937bca1ca0193e47d1ba9c,43459,204242,ORIG,1,http://www.accessdata.fda.gov/drugsatfda_docs/nda/2013/204242Orig1s000TOC.html
01282129849367090da07719,43460,204286,ORIG,1,http://www.accessdata.fda.gov/drugsatfda_docs/nda/2013/204286_naftin_toc.html
a3eb93893e4b09ff6178fa0d,43461,204300,ORIG,1,http://www.accessdata.fda.gov/drugsatfda_docs/nda/2014/204300Orig1s000TOC.html
5fae877c8deb403174ded5cf,43462,204410,ORIG,1,http://www.accessdata.fda.gov/drugsatfda_docs/nda/2013/204410Orig1s000TOC.html
f408b406db7e4cf49857ca2a,43463,204412,ORIG,1,http://www.accessdata.fda.gov/drugsatfda_docs/nda/2013/204412_delzicol_toc.html
4d97a420b9910ea1a5de275b,43464,204427,ORIG,1,http://www.accessdata.fda.gov/drugsatfda_docs/nda/2014/204427Orig1s000TOC.html
423b53f591cb65214a9cbf7b,43465,204447,ORIG,1,http://www.accessdata.fda.gov/drugsatfda_docs/nda/2013/204447Orig1s000TOC.html
6319898253523320e8ac6051,43466,204508,ORIG,1,http://www.accessdata.fda.gov/drugsatfda_docs/nda/2013/204508Orig1s000TOC.html
2c6bda6031ef35de104404e0,43467,204516,ORIG,1,http://www.accessdata.fda.gov/drugsatfda_docs/nda/2013/204516Orig1s000TOC.html
4fdd654685448a7ad0afd757,43468,204569,ORIG,1,http://www.accessdata.fda.gov/drugsatfda_docs/nda/2014/204569Orig1s000TOC.html
831d76e2b8a98dafbd6593f3,43469,204623,ORIG,1,http://www.accessdata.fda.gov/drugsatfda_docs/nda/2014/204623Orig1s000TOC.html
1e73229461080bfc01717ece,43470,204629,ORIG,1,http://www.accessdata.fda.gov/drugsatfda_docs/nda/2014/204629Orig1s000TOC.html
7f56a7e33ba26817317682aa,43471,204640,ORIG,1,http://www.accessdata.fda.gov/drugsatfda_docs/nda/2013/204640Orig1s000TOC.html
838ca5367fdec6cdcbbaeec5,43472,204654,ORIG,1,http://www.accessdata.fda.gov/drugsatfda_docs/nda/2013/204654Orig1s000TOC.html
a425807826c60b027f385876,43473,204677,ORIG,1,http://www.accessdata.fda.gov/drugsatfda_docs/nda/2014/204677Orig1s000TOC.html
e797eb6871d5cc662bece929,43474,204708,ORIG,1,http://www.accessdata.fda.gov/drugsatfda_docs/nda/2013/204708Orig1s000TOC.html
b4bf64b7d74126b3b0ae1acf,43476,204736,ORIG,1,http://www.accessdata.fda.gov/drugsatfda_docs/nda/2013/204736_aciphex_toc.html
ffcf267201bcbe6ed29df558,43477,204760,ORIG,1,http://www.accessdata.fda.gov/drugsatfda_docs/nda/2014/204760Orig1s000TOC.html
93a61db5726f051b0ed78e0f,43478,204781,ORIG,1,http://www.accessdata.fda.gov/drugsatfda_docs/nda/2013/204781Orig1s000TOC.html
b02ffb29475922d07470a37c,43479,204790,ORIG,1,http://www.accessdata.fda.gov/drugsatfda_docs/nda/2013/204790Orig1s000TOC.html
53080d3e7514ccefa2c7cb71,43480,204824,ORIG,1,http://www.accessdata.fda.gov/drugsatfda_docs/nda/2013/204824Orig1s000TOC.html
d01e429f317678f0fd59b01e,43481,204886,ORIG,1,http://www.accessdata.fda.gov/drugsatfda_docs/nda/2014/204886Orig1s000TOC.html
ee40fe5961fe6644b02990b8,43482,205029,ORIG,1,http://www.accessdata.fda.gov/drugsatfda_docs/nda/2014/205029Orig1s000TOC.html
a57cb197cd00156514c8fd72,43483,205060,ORIG,1,http://www.accessdata.fda.gov/drugsatfda_docs/nda/2014/205060Orig1EpanovaTOC.html
0723559b8d3b1831d03677a4,43484,205098,ORIG,1,http://www.accessdata.fda.gov/drugsatfda_docs/nda/2013/205098Orig1s000TOC.html
8ff478ee7c46b8a50e44b437,43485,205223,ORIG,1,http://www.accessdata.fda.gov/drugsatfda_docs/nda/2014/205223Orig1s000TOC.html
450b1a6577ac89888d77faa0,43486,205395,ORIG,1,http://www.accessdata.fda.gov/drugsatfda_docs/nda/2015/205395Orig1s000TOC.html
e50ffe9ab79057b07c322570,43487,205410,ORIG,1,http://www.accessdata.fda.gov/drugsatfda_docs/nda/2014/205410Orig1s000TOC.html
0bc7b8386b5775e78f3a040e,43488,205422,ORIG,1,http://www.accessdata.fda.gov/drugsatfda_docs/nda/2015/205422s000TOC.html
65cd991b72de3147d63e5fe3,43489,205436,ORIG,1,http://www.accessdata.fda.gov/drugsatfda_docs/nda/2014/205436Orig1s000TOC.html
38eebbee04ec035c37834708,43490,205551,ORIG,1,http://www.accessdata.fda.gov/drugsatfda_docs/nda/2014/205551Orig1s000TOC.html
bb92f8f706d607eb5ed3b187,43491,205552,ORIG,1,http://www.accessdata.fda.gov/drugsatfda_docs/nda/2017/205552Orig1S001.pdf
2826d3030c0fe7ad87805428,43493,205572,ORIG,1,http://www.accessdata.fda.gov/drugsatfda_docs/nda/2015/205572Orig1s000TOC.html
e7c01b3f8f9c10e2f54c6870,43494,205579,ORIG,1,http://www.accessdata.fda.gov/drugsatfda_docs/nda/2014/205579Orig1s000TOC.html
a94c4545b0bc7b5396bffae3,43495,205613,ORIG,1,http://www.accessdata.fda.gov/drugsatfda_docs/nda/2014/205613Orig1s000TOC.html
6fd79e2d48db80b7446f8925,43496,205625,ORIG,1,http://www.accessdata.fda.gov/drugsatfda_docs/nda/2014/205625Orig1s000TOC.html
6b3c35b0d64c76d9f3f99c9e,43497,205641,ORIG,1,http://www.accessdata.fda.gov/drugsatfda_docs/nda/2014/205641Orig1s000TOC.html
30f6d9f257441fb19905562b,43498,205649,ORIG,1,http://www.accessdata.fda.gov/drugsatfda_docs/nda/2014/205649Orig1s000TOC.html
3a76c6c337c44d8224b17ccc,43499,205692,ORIG,1,http://www.accessdata.fda.gov/drugsatfda_docs/nda/2015/205692Orig1s000TOC.html
3fb39c0de0725fe460c21a65,43500,205739,ORIG,1,http://www.accessdata.fda.gov/drugsatfda_docs/nda/2015/205739Orig1s000TOC.html
db0920ab54ffb2877fa902c8,43501,205750,ORIG,1,http://www.accessdata.fda.gov/drugsatfda_docs/nda/2015/205750Orig1s000TOC.html
b5194beefe881787c0a7fa5f,43502,205755,ORIG,1,http://www.accessdata.fda.gov/drugsatfda_docs/nda/2014/205755Orig1s000TOC.html
a1996ef32ade84a32de2644f,43503,205786,ORIG,1,http://www.accessdata.fda.gov/drugsatfda_docs/nda/2013/205786Orig1s000TOC.html
72a00a911cb081b05f883545,43504,205834,ORIG,1,http://www.accessdata.fda.gov/drugsatfda_docs/nda/2014/205834Orig1s000TOC.html
6412546461a9acf4c90e2b81,43505,205837,ORIG,1,http://www.accessdata.fda.gov/drugsatfda_docs/nda/2016/205836-205837-205838-Briviact-TOC.html
6412546461a9acf4c90e2b81,43506,205838,ORIG,1,http://www.accessdata.fda.gov/drugsatfda_docs/nda/2016/205836-205837-205838-Briviact-TOC.html
a7ac58679e52c1703d93a358,43507,205931,ORIG,1,http://www.accessdata.fda.gov/drugsatfda_docs/nda/2014/205931Orig1s000TOC.html
715fae096e0c1147dca00fa2,43508,205934,ORIG,1,http://www.accessdata.fda.gov/drugsatfda_docs/nda/2015/205934Orig1s000TOC.html
1b418a2565b0216e58a1905d,43509,206073,ORIG,1,http://www.accessdata.fda.gov/drugsatfda_docs/nda/2015/206073Orig1s000TOC.html
d13b6abd9a6981e5bcb9c8ca,43510,206088,ORIG,1,http://www.accessdata.fda.gov/drugsatfda_docs/nda/2014/206088Orig1s000TOC.html
0cf5b50bda9f7f27ab932956,43511,206276,SUPPL,1,http://www.accessdata.fda.gov/drugsatfda_docs/nda/2015/206276Orig1s001.pdf
a719714f82dc389ab06244a4,43512,206289,ORIG,1,http://www.accessdata.fda.gov/drugsatfda_docs/nda/2014/206289Orig1s000TOC.html
6a352c816723d38974fe62ef,43513,206307,ORIG,1,http://www.accessdata.fda.gov/drugsatfda_docs/nda/2014/206307Orig1s000TOC.html
7abd973259bdef19ecae67a2,43514,206316,ORIG,1,http://www.accessdata.fda.gov/drugsatfda_docs/nda/2015/206316Orig1Orig2s000TOC.html
a569d9aa1d9e35202b77a818,43515,206317,ORIG,1,http://www.accessdata.fda.gov/drugsatfda_docs/nda/2015/206317Orig1s000TOC.html
7526bd1aa7cdc869be9b1cd7,43516,206321,ORIG,1,http://www.accessdata.fda.gov/drugsatfda_docs/nda/2014/206321Orig1s000TOC.html
62fb79576c169a2b4859b201,43517,206323,ORIG,1,http://www.accessdata.fda.gov/drugsatfda_docs/nda/2015/206323Orig1s000TOC.html
9f12104b0d44061e0abcb5a2,43518,206333,ORIG,1,http://www.accessdata.fda.gov/drugsatfda_docs/nda/2015/206333Orig1s000TOC.html
227bf1058937db42a48e2927,43519,206334,ORIG,1,http://www.accessdata.fda.gov/drugsatfda_docs/nda/2014/206334Orig1s000TOC.html
fafe8960077fc50f36e4af7c,43520,206426,ORIG,1,http://www.accessdata.fda.gov/drugsatfda_docs/nda/2014/206426Orig1s000TOC.html
a8fda9fbdd5252b80b711afb,43521,206439,ORIG,1,http://www.accessdata.fda.gov/drugsatfda_docs/nda/2014/206439Orig1s000TOC.html
a4e78c3d12f6b49cc4858c1c,43522,206494,ORIG,1,http://www.accessdata.fda.gov/drugsatfda_docs/nda/2015/206494Orig1s000TOC.html
3963a755f936c8624b9028c0,43524,206545,ORIG,1,http://www.accessdata.fda.gov/drugsatfda_docs/nda/2014/206545Orig1s000TOC.html
b09c12c630e6d138ea9d2add,43525,206627,ORIG,1,http://www.accessdata.fda.gov/drugsatfda_docs/nda/2014/206627Orig1s000TOC.html
1f88934b7ffe280bdb89d54b,43526,206628,ORIG,1,http://www.accessdata.fda.gov/drugsatfda_docs/nda/2015/206628Orig1s000TOC.html
3a67596474b03c39527c617e,43527,206756,ORIG,1,http://www.accessdata.fda.gov/drugsatfda_docs/nda/2015/206756Orig1s000TOC.html
3a435f26bb3080d4597ecc17,43528,206814,ORIG,1,http://www.accessdata.fda.gov/drugsatfda_docs/nda/2014/206814Orig1s000TOC.html
142494ef0b6959a9c3da446f,43529,206947,ORIG,1,http://www.accessdata.fda.gov/drugsatfda_docs/nda/2015/206947Orig1s000TOC.html
b20283d94cc589eed7a6bac6,43530,207026,ORIG,1,http://www.accessdata.fda.gov/drugsatfda_docs/nda/2015/207026Orig1s000TOC.html
3379d6ebae0dd34d58b1bf69,43531,207027,ORIG,1,http://www.accessdata.fda.gov/drugsatfda_docs/nda/2015/207027Orig1s000TOC.html
c57b4469c10ea7906ed79fef,43532,207071,ORIG,1,http://www.accessdata.fda.gov/drugsatfda_docs/nda/2015/207071Orig1s000TOC.html
e563f193e0fc450b0e1ba646,43533,207500,ORIG,1,http://www.accessdata.fda.gov/drugsatfda_docs/nda/2015/207500Orig1207501Orig1s000TOC.html
fba52992f8344bc48a9be7dd,43534,207589,ORIG,1,http://www.accessdata.fda.gov/drugsatfda_docs/nda/2015/207589Orig1s000TOC.html
187f057e9cd8845920546293,43536,207917,ORIG,1,http://www.accessdata.fda.gov/drugsatfda_docs/nda/2015/207917Orig1s000TOC.html
d0510add9fa2534fdbaededc,43537,207926,ORIG,1,http://www.accessdata.fda.gov/drugsatfda_docs/nda/2015/207926Orig1s000TOC.html
75b25035ff468f1e36861f8b,43538,207931,ORIG,1,http://www.accessdata.fda.gov/drugsatfda_docs/nda/2015/207931Orig1s000TOC.html
c05b15ba1725483af94b1d9f,43539,207981,ORIG,1,http://www.accessdata.fda.gov/drugsatfda_docs/nda/2015/207981Orig1s000TOC.html
30b6215246ad2eab798be834,43540,207986,ORIG,1,http://www.accessdata.fda.gov/drugsatfda_docs/nda/2015/207986Orig1s000TOC.html
2e59fb68a26cfdadfff58f09,43541,207988,ORIG,1,http://www.accessdata.fda.gov/drugsatfda_docs/nda/2015/207988Orig1s000TOC.html
813e0f73fb9745716a1e6f72,43542,207999,ORIG,1,http://www.accessdata.fda.gov/drugsatfda_docs/nda/2016/207999Orig1s000TOC.html
c1470d4b252f6353e2fa2316,43543,208054,ORIG,1,http://www.accessdata.fda.gov/drugsatfda_docs/nda/2016/208054Orig1s000TOC.html
e5fbf7d4aceae632257a8539,43544,208114,ORIG,1,http://www.accessdata.fda.gov/drugsatfda_docs/nda/2016/208114Orig1s000TOC.html
2f257edb8bf0718fbf0e1582,43545,208261,ORIG,1,http://www.accessdata.fda.gov/drugsatfda_docs/nda/2016/208261Orig1s000TOC.html
5ef27727fef6786b41c815d5,43546,208411,ORIG,1,http://www.accessdata.fda.gov/drugsatfda_docs/nda/2015/208411Orig1s000TOC.html
ae73c923af28a822fd388073,43547,208434,ORIG,1,http://www.accessdata.fda.gov/drugsatfda_docs/nda/2015/208434Orig1s000TOC.html
b3941eba2d61fbe9e26bbedd,43548,208462,ORIG,1,http://www.accessdata.fda.gov/drugsatfda_docs/nda/2015/208462Orig1s000TOC.html
5d18a8eb92517212e8980e5e,43549,208547,ORIG,1,http://www.accessdata.fda.gov/drugsatfda_docs/nda/2016/208547Orig1s000TOC.html
8cdd9e04e15d13ba5d27c6ac,43550,208573,ORIG,1,http://www.accessdata.fda.gov/drugsatfda_docs/nda/2016/208573Orig1s000TOC.html
676a3e4d3b0eab3bc1184ddb,43551,761025,ORIG,1,http://www.accessdata.fda.gov/drugsatfda_docs/nda/2015/0761025Orig1000TOC.html
be3a76b75e281bf19d412e11,43552,761034,ORIG,1,http://www.accessdata.fda.gov/drugsatfda_docs/nda/2016/761034Orig1s000TOC.html
a1b3690b798970fc53ade57e,43553,761035,ORIG,1,http://www.accessdata.fda.gov/drugsatfda_docs/nda/2015/761035Orig1s000TOC.html
b2c0811f503a7b250d4af6be,43554,761036,ORIG,1,http://www.accessdata.fda.gov/drugsatfda_docs/nda/2015/761036Orig1s000TOC.html
9b0f5a2ab24017566ce54ac2,44482,021640,ORIG,1,http://www.accessdata.fda.gov/drugsatfda_docs/nda/2004/21-640_Vitrase.html
d698462b5e2861c3d6cef0f5,44692,022175,ORIG,1,http://www.accessdata.fda.gov/drugsatfda_docs/nda/2012/022175_pertzye_toc.html
05186a68a09f68e9afd84ff2,44984,204734,ORIG,1,http://www.accessdata.fda.gov/drugsatfda_docs/nda/2014/204734Orig1s000TOC.html
bed1f4c1e9b05186a16e7f84,44988,021343,SUPPL,33,http://www.accessdata.fda.gov/drugsatfda_docs/nda/2016/021343Orig1s033.pdf
ca4cb857802f2aa522204b2c,44989,202155,SUPPL,13,http://www.accessdata.fda.gov/drugsatfda_docs/nda/2016/202155Orig1s013.pdf
bfc689d63a4a2044adc6fc88,44990,125057,SUPPL,28,http://www.accessdata.fda.gov/drugsatfda_docs/nda/2014/125057Orig1s280.pdf
508d52d01b72da714c9b540e,44991,021829,SUPPL,1,http://www.accessdata.fda.gov/drugsatfda_docs/nda/2012/021829Orig1s001s002.pdf
508d52d01b72da714c9b540e,44992,021829,SUPPL,2,http://www.accessdata.fda.gov/drugsatfda_docs/nda/2012/021829Orig1s001s002.pdf
02e7e37d4fcf834624c97d99,44993,021071,SUPPL,48,http://www.accessdata.fda.gov/drugsatfda_docs/nda/2014/021071Orig1s048.pdf
9c59e21f36706b1894a8a0ba,44994,021077,SUPPL,52,http://www.accessdata.fda.gov/drugsatfda_docs/nda/2014/021077Orig1s052.pdf
daa63975a2f4433d11a7e6f1,44995,077297,SUPPL,10,http://www.accessdata.fda.gov/drugsatfda_docs/anda/2012/077297Orig1s010.pdf
d7ef4da024dcae1e4e7f736e,44999,208341,ORIG,1,http://www.accessdata.fda.gov/drugsatfda_docs/nda/2016/208341Orig1s000TOC.html
4e864f34b485bc6378b0dfb0,45000,208073,ORIG,1,http://www.accessdata.fda.gov/drugsatfda_docs/nda/2016/208073Orig1s000TOC.html
fd9022a3365781e58ee6353e,45164,206843,SUPPL,1,"http://www.accessdata.fda.gov/drugsatfda_docs/nda/2016/206843Orig1s001,s003TOC.html"
fd9022a3365781e58ee6353e,45165,206843,SUPPL,3,"http://www.accessdata.fda.gov/drugsatfda_docs/nda/2016/206843Orig1s001,s003TOC.html"
96842b16d609332761cdb433,45269,206302,ORIG,1,http://www.accessdata.fda.gov/drugsatfda_docs/nda/2016/206302Orig1ByvalsonTOC.html
5e5a46e33d855a7349e13451,45440,205552,ORIG,2,http://www.accessdata.fda.gov/drugsatfda_docs/nda/2014/205552Orig2s000TOC.html
1e92cec6628a49dc9617ee8a,45596,761042,ORIG,1,http://www.accessdata.fda.gov/drugsatfda_docs/nda/2016/761042Orig1_toc.html
3906b1ff309f307ff0a6e710,45612,022279,ORIG,1,http://www.accessdata.fda.gov/drugsatfda_docs/nda/2015/022279Orig1s000TOC.html
95e66d4ab02675968c9c5b1c,45640,206488,ORIG,1,http://www.accessdata.fda.gov/drugsatfda_docs/nda/2016/206488Orig1s000TOC.html
f89d693a13ecefc5fa0fc6eb,45780,017386,SUPPL,39,http://www.accessdata.fda.gov/drugsatfda_docs/nda/2013/017386Orig1s039.pdf
38e68b02713c5e9d061d741d,45781,017386,SUPPL,40,http://www.accessdata.fda.gov/drugsatfda_docs/nda/2015/017386Orig1s040.pdf
b91b8c97d81ab188e4e990cd,45782,020414,SUPPL,2,http://www.accessdata.fda.gov/drugsatfda_docs/nda/2014/020414Orig1s002.pdf
82e89ca740fc3c17cf074809,45783,020414,SUPPL,3,http://www.accessdata.fda.gov/drugsatfda_docs/nda/2014/020414Orig1s003.pdf
d95ae85100aca3c3be249be1,45784,020414,SUPPL,4,http://www.accessdata.fda.gov/drugsatfda_docs/nda/2015/020414Orig1s004.pdf
2e8c418a1f7f4158326d2ab7,45785,020622,SUPPL,89,http://www.accessdata.fda.gov/drugsatfda_docs/nda/2014/020622Orig1s089.pdf
ec520fcc3bfbeb6fb2591c8e,45786,020839,SUPPL,42,http://www.accessdata.fda.gov/drugsatfda_docs/nda/2010/020839Orig1s042.pdf
c022208c7cd4c269ced2901e,45787,021436,SUPPL,41,http://www.accessdata.fda.gov/drugsatfda_docs/nda/2016/021436Orig1s041.pdf
daa314a4a3f8b6c2001e20eb,45788,021572,SUPPL,52,http://www.accessdata.fda.gov/drugsatfda_docs/nda/2016/021572Orig1s052.pdf
99a02739d4689d56aacc254c,45789,021572,SUPPL,53,http://www.accessdata.fda.gov/drugsatfda_docs/nda/2016/021572Orig1s053.pdf
736415925a1f639bbd6cd084,45790,022083,SUPPL,16,http://www.accessdata.fda.gov/drugsatfda_docs/nda/2012/022083Orig1s016.pdf
ce1cdd10386e51ed143f317e,45791,022399,SUPPL,3,http://www.accessdata.fda.gov/drugsatfda_docs/nda/2012/022399Orig1s003.pdf
1291ad2acba642c566c69523,45792,125118,SUPPL,122,http://www.accessdata.fda.gov/drugsatfda_docs/nda/2011/125118Orig1s122.pdf
12a620e1edf85f3aca800fca,45793,202093,ORIG,1,http://www.accessdata.fda.gov/drugsatfda_docs/nda/2012/202093Orig1s000.pdf
4c2b585d7e999c7f0f32afc3,45794,202379,SUPPL,5,http://www.accessdata.fda.gov/drugsatfda_docs/nda/2012/202379Orig1s005.pdf
afeeb03d71337615829b9a62,45817,208723,ORIG,1,http://www.accessdata.fda.gov/drugsatfda_docs/nda/2016/208723Orig1s000TOC.html
829a58673059864c497c1085,45862,761024,ORIG,1,http://www.accessdata.fda.gov/drugsatfda_docs/nda/2016/761024_toc.html
64b9fe45d536e1a0f810b4d9,45863,208143,ORIG,1,http://www.accessdata.fda.gov/drugsatfda_docs/nda/2016/208143_toc.html
ba8b9958b34ed905f7830a6f,45884,208844,ORIG,1,http://www.accessdata.fda.gov/drugsatfda_docs/nda/2016/208844_toc.html
2303713eea6aa9686587e215,45885,207916,ORIG,1,http://www.accessdata.fda.gov/drugsatfda_docs/nda/2016/207916_toc.html
0ed09edb4f2cc026317061d1,45930,208025,ORIG,1,http://www.accessdata.fda.gov/drugsatfda_docs/nda/2016/208025Orig1s000TOC.html
81ce1c0be2ecff2dc85e9d8c,45966,761038,ORIG,1,http://www.accessdata.fda.gov/drugsatfda_docs/nda/2016/761038Orig1s000TOC.html
a96e9103701f9ae96cb503ba,45969,207930,ORIG,1,http://www.accessdata.fda.gov/drugsatfda_docs/nda/2015/207930Orig1s000TOC.html
93ad94f1b60e41e8945db8e3,45985,208471,ORIG,1,http://www.accessdata.fda.gov/drugsatfda_docs/nda/2016/208471Orig1s000TOC.html
2ca0c84202bf24e22e608138,46004,208036,ORIG,1,https://www.accessdata.fda.gov/drugsatfda_docs/nda/2016/208036Orig1s000TOC.html
44d01a53e851af82d4572f36,46005,207155,ORIG,2,http://www.accessdata.fda.gov/drugsatfda_docs/nda/2016/207155Orig1s000_Orig2s000TOC.html
44d01a53e851af82d4572f36,46006,207155,ORIG,1,http://www.accessdata.fda.gov/drugsatfda_docs/nda/2016/207155Orig1s000_Orig2s000TOC.html
ad859e108b6023edd575eed8,46007,208686,ORIG,1,http://www.accessdata.fda.gov/drugsatfda_docs/nda/2016/208686Orig1s000TOC.html
9508d8de724685144539ef95,46008,208351,ORIG,1,http://www.accessdata.fda.gov/drugsatfda_docs/nda/2016/208351Orig1s000TOC.html
906930f2d3ded1887f3e106b,46009,207154,ORIG,1,http://www.accessdata.fda.gov/drugsatfda_docs/nda/2016/207154Orig1s000TOC.html
d0b7120d15b3811aea15be3a,46028,207923,ORIG,1,http://www.accessdata.fda.gov/drugsatfda_docs/nda/2015/207923Orig1_toc.html
3d8f66d118319e4e46a196c6,46030,208424,ORIG,1,http://www.accessdata.fda.gov/drugsatfda_docs/nda/2016/208424Orig1toc.html
1143b14344a03fe1ceea7bf7,46032,207174,ORIG,1,http://www.accessdata.fda.gov/drugsatfda_docs/nda/2016/207174Orig1s000TOC.html
f853ccb965930543f9d8f369,46035,208135,ORIG,1,http://www.accessdata.fda.gov/drugsatfda_docs/nda/2016/208135Orig1s000TOC.html
78a6b01ec381a485424fe2fb,46040,208253,ORIG,1,http://www.accessdata.fda.gov/drugsatfda_docs/nda/2016/208253Orig1s000TOC.html
73f4c57327a0109ffbe8d574,46043,208551,ORIG,1,http://www.accessdata.fda.gov/drugsatfda_docs/nda/2016/208551Orig1s000TOC.html
ba7f2289a33c57f0395d013d,46045,206679,ORIG,1,http://www.accessdata.fda.gov/drugsatfda_docs/nda/2016/206679Orig1s000TOC.html
556fe405edbcde9a16fbe283,46049,205703,ORIG,1,http://www.accessdata.fda.gov/drugsatfda_docs/nda/2016/205703Orig1s000TOC.html
88119f8f72b287c2e674378e,46063,022259,ORIG,1,http://www.accessdata.fda.gov/drugsatfda_docs/nda/2015/022259Orig1s000TOC.html
85d73238311fea808ed276b0,46065,206544,ORIG,1,http://www.accessdata.fda.gov/drugsatfda_docs/nda/2015/206544Orig1s000TOC.html
a43dd98c58b453a58d53d6ee,46068,208159,ORIG,1,http://www.accessdata.fda.gov/drugsatfda_docs/nda/2015/208159Orig1s000TOC.html
563f60aa2b7b3bd5cc11943a,46069,200671,ORIG,1,http://www.accessdata.fda.gov/drugsatfda_docs/nda/2015/200671Orig1s000TOC.html
3a739e4f6bb8252c43db935e,46070,125527,ORIG,1,http://www.accessdata.fda.gov/drugsatfda_docs/nda/2015/125527Orig1s000TOC.html
efa401771073f1ed3b452539,46071,207865,ORIG,1,http://www.accessdata.fda.gov/drugsatfda_docs/nda/2015/207865Orig1s000TOC.html
7c60a39057063c24479bb004,46072,207793,ORIG,1,http://www.accessdata.fda.gov/drugsatfda_docs/nda/2015/207793Orig1s000TOC.html
471a53db5d604b0ebd1a0bbe,46073,206229,ORIG,1,http://www.accessdata.fda.gov/drugsatfda_docs/nda/2015/206229Orig1s000TOC.html
b0fa795f4f02f2d9d9a83c8c,46074,205747,ORIG,1,http://www.accessdata.fda.gov/drugsatfda_docs/nda/2015/205747Orig1s000TOC.html
d5c7595181427eb5300da981,46075,205003,ORIG,1,http://www.accessdata.fda.gov/drugsatfda_docs/nda/2015/205003Orig1s000TOC.html
094884e864a0b946c38c571d,46076,206910,ORIG,1,http://www.accessdata.fda.gov/drugsatfda_docs/nda/2015/206910Orig1s000TOC.html
7eda73119f18d20b585ea063,46077,206111,ORIG,1,http://www.accessdata.fda.gov/drugsatfda_docs/nda/2015/206111Orig1s000TOC.html
50457d5627450738bdceddca,46079,207621,ORIG,1,http://www.accessdata.fda.gov/drugsatfda_docs/nda/2016/207621Orig1toc.html
c889faf88cc78bdf40914542,46104,761046,ORIG,1,http://www.accessdata.fda.gov/drugsatfda_docs/nda/2016/761046_toc.html
be7cd44ff46eddd467d85a64,46108,207963,ORIG,1,http://www.accessdata.fda.gov/drugsatfda_docs/nda/2016/207963Orig1_toc.html
73472a138f6dd719c57519d1,46134,203050,ORIG,1,http://www.accessdata.fda.gov/drugsatfda_docs/nda/2016/203050Orig1s000TOC.html
b07271481174f0934018afc0,46135,209862,ORIG,1,http://www.accessdata.fda.gov/drugsatfda_docs/nda/2016/209862Orig1s000TOC.html
555ba71fd27d1999d7943db3,46216,020687,SUPPL,20,http://www.accessdata.fda.gov/drugsatfda_docs/nda/2016/020687Orig1s020TOC.html
8cbb95ca09a378d513550b39,46434,204326,ORIG,1,http://www.accessdata.fda.gov/drugsatfda_docs/nda/2016/204326Orig1_toc.html
46ad3660a49ff10cc6fbd16b,46454,206406,ORIG,1,http://www.accessdata.fda.gov/drugsatfda_docs/nda/2015/206406Orig1_toc.html
738818455affb91a8e161e34,46455,208401,ORIG,1,http://www.accessdata.fda.gov/drugsatfda_docs/nda/2016/208401Orig1s000_toc.html
04ae5e237ea99592a1c54c10,46565,761041,ORIG,1,http://www.accessdata.fda.gov/drugsatfda_docs/nda/2016/761041Orig1_toc.html
c7c10bd896b2ccedfd149147,46603,208673,ORIG,1,http://www.accessdata.fda.gov/drugsatfda_docs/nda/2016/208673Orig1_toc.html
b3b18b33b447251e5acd5388,46605,208215,ORIG,1,http://www.accessdata.fda.gov/drugsatfda_docs/nda/2016/208215Orig1_toc.html
1bbdedf210dd2f2db3c24357,46614,208398,ORIG,1,http://www.accessdata.fda.gov/drugsatfda_docs/nda/2016/208398Orig1_toc.html
273f335cb34b94e341a30c23,46621,206356,ORIG,1,http://www.accessdata.fda.gov/drugsatfda_docs/nda/2016/206356Orig1_toc.html
fdf8621ea14a2caa8bc8276b,46660,208010,ORIG,1,http://www.accessdata.fda.gov/drugsatfda_docs/nda/2016/208010Orig1_toc.html
48291cc15df1b0269644ecb2,46895,209531,ORIG,1,http://www.accessdata.fda.gov/drugsatfda_docs/nda/2016/209531Orig1s000TOC.html
a47d0db047b7985370e1e1be,46929,207695,ORIG,1,http://www.accessdata.fda.gov/drugsatfda_docs/nda/2016/207695Orig1s000TOC.html
c74a2982fce7a6185a9bec11,47024,209115,ORIG,1,http://www.accessdata.fda.gov/drugsatfda_docs/nda/2016/209115Orig1s000TOC.html
48db2cc52b049b9379ededbe,47089,019430,SUPPL,61,http://www.accessdata.fda.gov/drugsatfda_docs/nda/2016/019430Orig1s061pkg.pdf
4d7e5f6af941e728f21656dc,47090,020800,SUPPL,34,http://www.accessdata.fda.gov/drugsatfda_docs/nda/2016/020800Orig1s034pkg.pdf
a29a4f79ddfd3b3a6f86f0ff,47091,201739,SUPPL,4,http://www.accessdata.fda.gov/drugsatfda_docs/nda/2016/201739Orig1s004pkg.pdf
953365d49e55d9727bf53b5b,47130,202153,ORIG,1,http://www.accessdata.fda.gov/drugsatfda_docs/nda/2016/202153Orig1s000TOC.html
fbafac9203d1295c200979f6,47165,208081,ORIG,1,http://www.accessdata.fda.gov/drugsatfda_docs/nda/2016/208081Orig1s000TOC.html
94899cded17852940a3945d4,47191,204630,ORIG,1,http://www.accessdata.fda.gov/drugsatfda_docs/nda/2016/204630Orig1_toc.html
12577b4ed41bf590e4735d22,47466,208745,ORIG,1,http://www.accessdata.fda.gov/drugsatfda_docs/nda/2017/208745Orig1s000TOC.html
d23d6ce14666bcdc0276c15a,47511,208684,ORIG,1,"http://www.accessdata.fda.gov/drugsatfda_docs/nda/2017/208684,208685Orig1s000TOC.html"
0cfee8b477805dfe5e27cac0,47517,208603,ORIG,1,http://www.accessdata.fda.gov/drugsatfda_docs/nda/2017/208603Orig1s000TOC.html
60030e42e13175e566c730d6,47572,207975,ORIG,1,http://www.accessdata.fda.gov/drugsatfda_docs/nda/2017/207975Orig1s000TOC.html
7fdc2cf56186d79b5357de02,47583,208151,ORIG,1,http://www.accessdata.fda.gov/drugsatfda_docs/nda/2016/208151Orig1s000TOC.html
ce8458de48ca1edabf7155a9,47584,208090,ORIG,1,http://www.accessdata.fda.gov/drugsatfda_docs/nda/2016/208090Orig1s000TOC.html
377380d8bd6f2259b62df958,47628,208325,ORIG,1,http://www.accessdata.fda.gov/drugsatfda_docs/nda/2017/208325Orig1s000TOC.html
f1bdb3cee9f0735ee303f1f8,47731,761032,ORIG,1,http://www.accessdata.fda.gov/drugsatfda_docs/nda/2017/761032Orig1s000TOC.html
c0e663bfd306fc8e55f7aa7b,47732,209092,ORIG,1,http://www.accessdata.fda.gov/drugsatfda_docs/nda/2017/209092Orig1s000TOC.html
178d143f64f686ca26de3298,47848,208794,ORIG,1,http://www.accessdata.fda.gov/drugsatfda_docs/nda/2017/208794Orig1s000TOC.html
77568d8c78895771b9afee0f,48045,208799,ORIG,1,http://www.accessdata.fda.gov/drugsatfda_docs/nda/2017/208799Orig1s000TOC.html
f3910cca63d8b6ca53a34268,48046,208798,ORIG,1,http://www.accessdata.fda.gov/drugsatfda_docs/nda/2017/208798Orig1s000TOC.html
c7dad2371d20511d2140bc74,48076,208447,ORIG,1,https://www.accessdata.fda.gov/drugsatfda_docs/nda/2017/208447Orig1s000TOC.html
34f641f49cc926cf3ac0c724,48179,761055,ORIG,1,http://www.accessdata.fda.gov/drugsatfda_docs/nda/2017/761055Orig1s000TOC.html
12405730ee4687d820c9abf7,48180,207145,ORIG,1,http://www.accessdata.fda.gov/drugsatfda_docs/nda/2017/207145Orig1s000TOC.html
87fd6313272e93bf7df7653b,48227,761049,ORIG,1,http://www.accessdata.fda.gov/drugsatfda_docs/nda/2017/761049Orig1s000TOC.html
b63fe4d2853fb6124e8147cf,48241,208854,ORIG,1,http://www.accessdata.fda.gov/drugsatfda_docs/nda/2017/208854Orig1s000TOC.html
b9be2a9261b8328ea6b89858,48328,761053,ORIG,1,http://www.accessdata.fda.gov/drugsatfda_docs/nda/2017/761053Orig1s000TOC.html
7772712e710c6c1ec3013996,48378,208082,ORIG,1,http://www.accessdata.fda.gov/drugsatfda_docs/nda/2017/208082Orig1s000TOC.html
6fb486f8ee0a56b389eb70a0,48411,014901,SUPPL,43,http://www.accessdata.fda.gov/drugsatfda_docs/nda/2015/014901Orig1s043.pdf
15c7111bf14adafbdb1a6b1b,48412,020062,SUPPL,42,http://www.accessdata.fda.gov/drugsatfda_docs/nda/2016/020062Orig1s042.pdf
472decf4c7c5765b3a4a6e83,48413,020478,SUPPL,11,http://www.accessdata.fda.gov/drugsatfda_docs/nda/2002/020478Orig1S011.pdf
34d1440c30fb2ccf72dade84,48415,020478,SUPPL,29,http://www.accessdata.fda.gov/drugsatfda_docs/nda/2015/020478Orig1S029.pdf
c8a728629e64d0ecc017c19e,48416,125057,SUPPL,232,http://www.accessdata.fda.gov/drugsatfda_docs/nda/2012/125057Orig1s232.pdf
d5af82d396014f624b424d56,48417,125057,SUPPL,322,http://www.accessdata.fda.gov/drugsatfda_docs/nda/2013/125057Orig1s322.pdf
36d913545378ff5e98e0ddca,48418,125289,SUPPL,124,http://www.accessdata.fda.gov/drugsatfda_docs/nda/2013/125289s124.pdf
25eb2d57e5faae0ff25be7b0,48420,204485,SUPPL,3,http://www.accessdata.fda.gov/drugsatfda_docs/nda/2016/2044850Orig1s003.pdf
37293979093ed67dfd71a793,48421,021121,SUPPL,37,http://www.accessdata.fda.gov/drugsatfda_docs/nda/2016/021121Orig1s037.pdf
20a74eefcddcde937c5da680,48422,103000,SUPPL,5050,http://www.accessdata.fda.gov/drugsatfda_docs/nda/2004/103000Orig1s5050.pdf
51e18bd40ae9e5ce736c56e1,48424,021107,SUPPL,26,http://www.accessdata.fda.gov/drugsatfda_docs/nda/2016/021107Orig1s026.pdf
e631bfa3f1252537071dd200,48425,021303,SUPPL,9,http://www.accessdata.fda.gov/drugsatfda_docs/nda/2005/021303Orig1s009.pdf
a4b0d5371fcf1177fd07a9e5,48426,021303,SUPPL,5,http://www.accessdata.fda.gov/drugsatfda_docs/nda/2004/021303Orig1s005.pdf
16dd439f98d0480381a1f4f9,48427,021990,SUPPL,3,http://www.accessdata.fda.gov/drugsatfda_docs/nda/2008/021990Orig1s003.pdf
20e54c9392c5a87a26c8f215,48428,050718,SUPPL,50,http://www.accessdata.fda.gov/drugsatfda_docs/nda/2015/050718Orig1s050.pdf
ea83e1ee7e93c6094221e282,48430,021687,SUPPL,57,http://www.accessdata.fda.gov/drugsatfda_docs/nda/2017/021687Orig1s057.pdf
8ef2507644d8dbc8a287207a,48431,125522,SUPPL,1,http://www.accessdata.fda.gov/drugsatfda_docs/nda/2016/125522Orig1s001.pdf
e9e656ca6f298f2c257acaed,48432,125522,SUPPL,4,http://www.accessdata.fda.gov/drugsatfda_docs/nda/2016/125522Orig1s004.pdf
9ecfa41723dae9774cfd28be,48433,022331,SUPPL,1,http://www.accessdata.fda.gov/drugsatfda_docs/nda/2010/022331Orig1s001.pdf
c7adea6b628b2077bb0f8855,48434,091135,ORIG,1,http://www.accessdata.fda.gov/drugsatfda_docs/nda/2012/091135Orig1s000.pdf
ade9e6170ac525aa6dd7fd3b,48435,022315,SUPPL,9,http://www.accessdata.fda.gov/drugsatfda_docs/nda/2014/022315Orig1s009.pdf
f9ab4b130068be500c43bf88,48573,208772,ORIG,1,http://www.accessdata.fda.gov/drugsatfda_docs/nda/2017/208772Orig1s000TOC.html
f0370ca69bda47502015c2d7,48606,125031,SUPPL,181,http://www.accessdata.fda.gov/drugsatfda_docs/nda/2015/125031Orig1s181.pdf
b13b988e358801b5f8510c06,48609,209241,ORIG,1,http://www.accessdata.fda.gov/drugsatfda_docs/nda/2017/209241Orig1s000TOC.html
a94a51271233319e4e3701ba,48639,207997,ORIG,2,http://www.accessdata.fda.gov/drugsatfda_docs/nda/2017/207997Orig1Orig2s000TOC.html
0cdb7197542f235474a11954,48669,761052,ORIG,1,http://www.accessdata.fda.gov/drugsatfda_docs/nda/2017/761052Orig1s000TOC.html
866a10ae30d06e0b3f7908e5,48680,208743,ORIG,1,https://www.accessdata.fda.gov/drugsatfda_docs/nda/2017/208743Orig1s000TOC.html
2004dfb4feb5a215c0af2396,48707,761069,ORIG,1,http://www.accessdata.fda.gov/drugsatfda_docs/nda/2017/761069Orig1s000TOC.html
211f4ee96114f77ee63ebb43,48785,209176,ORIG,1,http://www.accessdata.fda.gov/drugsatfda_docs/nda/2017/209176Orig1s000TOC.html
40ef1af992a68149b27a3325,48814,022018,ORIG,1,http://www.accessdata.fda.gov/drugsatfda_docs/nda/2017/022018Orig1s000TOC.html
287a7f220364d1d4e591b3e1,48816,207968,ORIG,1,http://www.accessdata.fda.gov/drugsatfda_docs/nda/2017/207968Orig1s000TOC.html
844251850946da11515dc611,48818,208026,ORIG,1,http://www.accessdata.fda.gov/drugsatfda_docs/nda/2016/208026Orig1s000TOC.html
3c179bd6d93ded47f22f3ba0,48820,125557,SUPPL,5,http://www.accessdata.fda.gov/drugsatfda_docs/nda/2016/125557Orig1s005TOC.html
becb8c6044a57c9aa78f6f44,48821,208083,ORIG,1,http://www.accessdata.fda.gov/drugsatfda_docs/nda/2017/208083Orig1s000TOC.html
aa82d4367946c11083a27d09,48822,208246,ORIG,1,http://www.accessdata.fda.gov/drugsatfda_docs/nda/2016/208246Orig1s000TOC.html
9ecf53f3232217773b35a7b0,48850,208624,ORIG,1,http://www.accessdata.fda.gov/drugsatfda_docs/nda/2016/208624Orig1s000TOC.html
b79bc0cc9d3a1e272c4d6e8f,48851,206977,ORIG,1,http://www.accessdata.fda.gov/drugsatfda_docs/nda/2016/206977Orig1s000TOC.html
6912c91ff1283cb64a823370,48852,205645,ORIG,1,http://www.accessdata.fda.gov/drugsatfda_docs/nda/2016/205645Orig1s000TOC.html
d67af453cbd06533c86a3c4c,48853,200910,ORIG,1,http://www.accessdata.fda.gov/drugsatfda_docs/nda/2014/200910Orig1s000.pdf
3a29223c19fa7b04020cdc22,48855,021330,SUPPL,14,http://www.accessdata.fda.gov/drugsatfda_docs/nda/2013/021330Orig1S014.pdf
15bb86ec2391a0075b063157,48856,022360,SUPPL,5,http://www.accessdata.fda.gov/drugsatfda_docs/nda/2013/022360Orig1S005.pdf
64aa4d33be8b931930543be9,48857,103792,SUPPL,5337,http://www.accessdata.fda.gov/drugsatfda_docs/nda/2017/103792Orig1s5337.pdf
e562a2c1ba56551b1e699941,48858,204485,SUPPL,4,http://www.accessdata.fda.gov/drugsatfda_docs/nda/2016/204485Orig1s004.pdf
7e96311f0fddf963b1815fdc,48859,021642,SUPPL,20,http://www.accessdata.fda.gov/drugsatfda_docs/nda/2014/021642Orig1s020.pdf
545a37cc746b378224fdefe5,48860,021774,SUPPL,3,http://www.accessdata.fda.gov/drugsatfda_docs/nda/2007/021774Orig1s003.pdf
4b471596618a0edd11a77489,48861,019908,SUPPL,27,http://www.accessdata.fda.gov/drugsatfda_docs/nda/2008/019908Orig1s027.pdf
68193ceaa7ec4a32269600ce,48862,203049,SUPPL,4,http://www.accessdata.fda.gov/drugsatfda_docs/nda/2016/203049Orig1s004.pdf
a94d80f946740b74ac717c0d,48863,020246,SUPPL,25,http://www.accessdata.fda.gov/drugsatfda_docs/nda/2004/020246Orig1s025.pdf
883fa17b11c2b13b608df45a,48864,022260,SUPPL,5,http://www.accessdata.fda.gov/drugsatfda_docs/nda/2012/022260Orig1s005.pdf
595a9293c91ae382779d0a42,48887,761037,ORIG,1,http://www.accessdata.fda.gov/drugsatfda_docs/nda/2017/761037Orig1s000TOC.html
908d4c5556348d10dc55f7af,48910,103172,SUPPL,1055,http://www.accessdata.fda.gov/drugsatfda_docs/nda/96/alteplase_toc.html
c82fe9a8fe3a66832fbbc56d,49021,209089,ORIG,1,http://www.accessdata.fda.gov/drugsatfda_docs/nda/2017/209089Orig1s000_209090Orig1s000TOC.html
c82fe9a8fe3a66832fbbc56d,49022,209090,ORIG,1,http://www.accessdata.fda.gov/drugsatfda_docs/nda/2017/209089Orig1s000_209090Orig1s000TOC.html
0a64f146ef520ed3eca1aa44,49023,208056,ORIG,1,http://www.accessdata.fda.gov/drugsatfda_docs/nda/2016/208056Orig1s000TOC.html
aafdaec8895407515fc11bc8,49024,208216,ORIG,1,http://www.accessdata.fda.gov/drugsatfda_docs/nda/2016/208216Orig1s000TOC.html
179636911c38eca0279f2ab2,49056,208383,ORIG,1,http://www.accessdata.fda.gov/drugsatfda_docs/nda/2017/208383Orig1s000TOC.html
e7174bd67be307f752ecdc62,49058,208610,ORIG,1,"http://www.accessdata.fda.gov/drugsatfda_docs/nda/2017/208610Orig1s000,208611Orig1s000TOC.html"
e7174bd67be307f752ecdc62,49059,208611,ORIG,1,"http://www.accessdata.fda.gov/drugsatfda_docs/nda/2017/208610Orig1s000,208611Orig1s000TOC.html"
a80deb231ea6e388d68afbad,49466,761061,ORIG,1,http://www.accessdata.fda.gov/drugsatfda_docs/nda/2017/761061Orig1s000TOC.html
b2c54287f89b2692795110d5,49467,208051,ORIG,1,http://www.accessdata.fda.gov/drugsatfda_docs/nda/2017/208051Orig1s000TOC.html
d16140e4ab2cd3d33bce391f,49517,207534,ORIG,1,http://www.accessdata.fda.gov/drugsatfda_docs/nda/2017/207534Orig1s0000TOC.html
48235339a316c5f48f29c846,49518,208079,ORIG,1,http://www.accessdata.fda.gov/drugsatfda_docs/nda/2016/208079Orig1s000TOC.html
6e1333bf755c419c7e75950d,49519,209387,ORIG,1,http://www.accessdata.fda.gov/drugsatfda_docs/nda/2017/209387Orig1s000TOC.html
65cadb480e94652dcb263323,49520,209935,ORIG,1,http://www.accessdata.fda.gov/drugsatfda_docs/nda/2017/209935Orig1s000TOC.html
1e121f006d5b7e7c9d5f5569,49522,209606,ORIG,1,http://www.accessdata.fda.gov/drugsatfda_docs/nda/2017/209606Orig1s000TOC.html
a43380c3a4c9c03ac5dfb085,49650,209195,ORIG,1,http://www.accessdata.fda.gov/drugsatfda_docs/nda/2017/209195_toc.html
0e26320b14e2bed27c99e831,49651,208379,ORIG,1,https://www.accessdata.fda.gov/drugsatfda_docs/nda/2017/208379_toc.html
26761d9707342f053ac3b228,49660,208558,ORIG,1,https://www.accessdata.fda.gov/drugsatfda_docs/nda/2017/208558_toc.html
7f6be8d1480bbfba8fa4499e,49665,209777,ORIG,1,http://www.accessdata.fda.gov/drugsatfda_docs/nda/2017/209777Orig1s000TOC.html
5ff13b0593f1e3a1043a7ed0,49722,209394,ORIG,1,https://www.accessdata.fda.gov/drugsatfda_docs/nda/2017/209394_toc.html
dff3ca0a084d212edf099bc2,49851,209875,ORIG,1,http://www.accessdata.fda.gov/drugsatfda_docs/nda/2017/209875Orig1s000TOC.html
19a3e65d3cf816e647a36872,49866,761040,ORIG,1,http://www.accessdata.fda.gov/drugsatfda_docs/nda/2017/761040Orig1s000TOC.html
0df84327c28bdd5caace9d60,49867,205555,ORIG,1,http://www.accessdata.fda.gov/drugsatfda_docs/nda/2017/205555Orig1s000TOC.html
099925c803b37c019e5513e7,49898,209661,ORIG,1,http://www.accessdata.fda.gov/drugsatfda_docs/nda/2016/209661Orig1s000TOC.html
927a3f8b3f95f0ec8252a2fa,49900,020380,SUPPL,10,https://www.accessdata.fda.gov/drugsatfda_docs/nda/2016/020380s10_toc.html
834997aa33a3db9bfa4c62fa,49936,209776,ORIG,1,http://www.accessdata.fda.gov/drugsatfda_docs/nda/2017/209776Orig1s000TOC.html
e33a998a9c27801a803ef2f6,49990,209570,ORIG,1,http://www.accessdata.fda.gov/drugsatfda_docs/nda/2017/209570Orig1s000TOC.html
b1eb5800a9cf06c935a3b6ac,50053,209363,ORIG,1,http://www.accessdata.fda.gov/drugsatfda_docs/nda/2017/209363Orig1s000TOC.html
d0f5194538ff7bd5c2046b70,50054,208400,ORIG,2,http://www.accessdata.fda.gov/drugsatfda_docs/nda/2017/208400Orig1Orig2s000TOC.html
d0f5194538ff7bd5c2046b70,50055,208400,ORIG,1,http://www.accessdata.fda.gov/drugsatfda_docs/nda/2017/208400Orig1Orig2s000TOC.html
7c7ce7cbb8593ced23f7ac0c,50056,208510,ORIG,1,http://www.accessdata.fda.gov/drugsatfda_docs/nda/2017/208510Orig1s000TOC.html
fca306bbf1e828c34da7b5c4,50061,209936,ORIG,1,https://www.accessdata.fda.gov/drugsatfda_docs/nda/2017/209936Orig1_toc.html
af77bf075f408166613fee56,50126,208251,ORIG,1,http://www.accessdata.fda.gov/drugsatfda_docs/nda/2016/208251Orig1s000TOC.html
f65a1b2030295f7992574e09,50197,208223,ORIG,1,http://www.accessdata.fda.gov/drugsatfda_docs/nda/2016/208223Orig1s000TOC.html
e1ab257185c3d5f8eef5cd6f,50198,208224,ORIG,1,http://www.accessdata.fda.gov/drugsatfda_docs/nda/2016/208224Orig1s000TOC.html
6789d32c38b5a8189065ddde,50199,208658,ORIG,1,http://www.accessdata.fda.gov/drugsatfda_docs/nda/2016/208658Orig1s000TOC.html
3ee5419f5aa22334f1f0558b,50200,208984,ORIG,1,"http://www.accessdata.fda.gov/drugsatfda_docs/nda/2016/208984Orig1s000,022128Orig1s017TOC.html"
3ee5419f5aa22334f1f0558b,50201,022128,SUPPL,17,"http://www.accessdata.fda.gov/drugsatfda_docs/nda/2016/208984Orig1s000,022128Orig1s017TOC.html"
8e7a535bfdb03f8f43e81151,50202,209449,ORIG,1,http://www.accessdata.fda.gov/drugsatfda_docs/nda/2017/209449Orig1s000TOC.html
5a68997a316ee644884bff85,50203,209604,ORIG,1,http://www.accessdata.fda.gov/drugsatfda_docs/nda/2017/209604Orig1s000TOC.html
46f589947492cfb06d7e06e4,50204,206110,ORIG,1,http://www.accessdata.fda.gov/drugsatfda_docs/nda/2016/206110Orig1s000TOC.html
46f589947492cfb06d7e06e4,50206,206110,ORIG,1,http://www.accessdata.fda.gov/drugsatfda_docs/nda/2016/206110Orig1s000TOC.html
e6b8787ebd59191a971a9798,50236,208716,ORIG,1,http://www.accessdata.fda.gov/drugsatfda_docs/nda/2017/208716Orig1s000TOC.html
d62c7b753397bfcf9ff6cff9,50466,204553,ORIG,1,http://www.accessdata.fda.gov/drugsatfda_docs/nda/2016/204553Orig1s000TOC.html
4d576d642a3dd203e420b13e,50467,206030,ORIG,1,http://www.accessdata.fda.gov/drugsatfda_docs/nda/2016/206030Orig1s000TOC.html
e883598121e8e64910712e2c,50471,208271,ORIG,1,http://www.accessdata.fda.gov/drugsatfda_docs/nda/2016/208271Orig1s000TOC.html
1e101b3352a14f38b1b32a23,50485,208277,ORIG,1,http://www.accessdata.fda.gov/drugsatfda_docs/nda/2016/208277Orig1s000TOC.html
a24874f9322636b447a7b74b,50486,208464,ORIG,1,http://www.accessdata.fda.gov/drugsatfda_docs/nda/2016/208464Orig1s000TOC.html
82c6d702cb730111bc284f69,50487,208583,ORIG,1,https://www.accessdata.fda.gov/scripts/cder/daf/index.cfm?event=faq.page#nda_bla
ea23bbfdeec721fddee5bfbc,50515,208032,ORIG,1,http://www.accessdata.fda.gov/drugsatfda_docs/nda/2016/208032Orig1s000TOC.html
14ebeeb93999a8f957c81c0d,50516,205879,ORIG,1,http://www.accessdata.fda.gov/drugsatfda_docs/nda/2016/205879Orig1s000TOC.html
cf1551a99af8b596838c8c0f,50605,019430,SUPPL,15,http://www.accessdata.fda.gov/drugsatfda_docs/nda/2017/019430Orig1s015.pdf
00db422ae153895107d53e58,50606,020931,SUPPL,13,http://www.accessdata.fda.gov/drugsatfda_docs/nda/2016/020931s013.pdf
72d37209617dda9d8b904706,50607,021602,SUPPL,27,http://www.accessdata.fda.gov/drugsatfda_docs/nda/2017/021602Orig1s027.pdf
51ed2eda16339cd0af27f057,50608,022115,SUPPL,6,http://www.accessdata.fda.gov/drugsatfda_docs/nda/2017/022115Orig1s006.pdf
31472d17bb79b2f806f43934,50610,022325,SUPPL,1,http://www.accessdata.fda.gov/drugsatfda_docs/nda/2017/022325Orig1s001.pdf
9f71b8213b2099b3935ef43f,50611,050718,SUPPL,46,http://www.accessdata.fda.gov/drugsatfda_docs/nda/2017/050718Orig1s046.pdf
6db98e3e0dca29731cfe95c0,50612,091018,ORIG,1,http://www.accessdata.fda.gov/drugsatfda_docs/nda/2017/091018Orig1s000.pdf
ac563161bb41245e9ebf09b0,50613,091028,ORIG,1,http://www.accessdata.fda.gov/drugsatfda_docs/nda/2017/091028Orig1s000.pdf
c90ce55cc1ad07d57569dfbd,50614,125031,SUPPL,175,http://www.accessdata.fda.gov/drugsatfda_docs/nda/2017/125031Orig1s175.pdf
97914294628def99ef7fe9df,50616,125276,SUPPL,112,http://www.accessdata.fda.gov/drugsatfda_docs/nda/2017/125276Orig1s112.pdf
be15a18935b31a014f9ec5b5,50617,205552,SUPPL,1,http://www.accessdata.fda.gov/drugsatfda_docs/nda/2014/205552s001.pdf
e35915e0f2108919798839a1,50655,210259,ORIG,1,https://www.accessdata.fda.gov/drugsatfda_docs/nda/2017/210259Orig1s000TOC.html
2bace7bc5bcda5d583fd7be3,50696,205004,ORIG,1,http://www.accessdata.fda.gov/drugsatfda_docs/nda/2017/205004Orig1s000TOC.html
6e7787ace637b1301d711d8c,50754,207795,ORIG,1,http://www.accessdata.fda.gov/drugsatfda_docs/nda/2017/207795Orig1s000TOC.html
633dbdf5866b9c47261d93b9,50755,209939,ORIG,1,"http://www.accessdata.fda.gov/drugsatfda_docs/nda/2017/209939Orig1s000,209940Orig1s000TOC.html"
633dbdf5866b9c47261d93b9,50756,209940,ORIG,1,"http://www.accessdata.fda.gov/drugsatfda_docs/nda/2017/209939Orig1s000,209940Orig1s000TOC.html"
d9cf3e355de23ae9f1199a49,50930,761047,ORIG,1,http://www.accessdata.fda.gov/drugsatfda_docs/nda/2017/761047Orig1s000TOC.html
fb4958d542c40e16c8521005,50939,125319,SUPPL,85,"http://www.accessdata.fda.gov/drugsatfda_docs/nda/2016/125319Orig1s085,086,087TOC.html"
fb4958d542c40e16c8521005,50940,125319,SUPPL,86,"http://www.accessdata.fda.gov/drugsatfda_docs/nda/2016/125319Orig1s085,086,087TOC.html"
fb4958d542c40e16c8521005,50941,125319,SUPPL,87,"http://www.accessdata.fda.gov/drugsatfda_docs/nda/2016/125319Orig1s085,086,087TOC.html"
792ae2d03f46d923b7339c80,50943,761070,ORIG,1,http://www.accessdata.fda.gov/drugsatfda_docs/nda/2017/761070Orig1s000TOC.html
9bace77e1a2b81e45ddb07a3,50944,761083,ORIG,1,http://www.accessdata.fda.gov/drugsatfda_docs/nda/2017/761083Orig1s000TOC.html
15e958a858e3f025aaa20907,51045,207648,ORIG,1,http://www.accessdata.fda.gov/drugsatfda_docs/nda/2016/207648Orig1s000TOC.html
ee3ea701e285814fcf17d28b,51046,208470,ORIG,1,http://www.accessdata.fda.gov/drugsatfda_docs/nda/2016/208470Orig1s000TOC.html
dcce1e2107e28f7e826423de,51047,208692,ORIG,1,http://www.accessdata.fda.gov/drugsatfda_docs/nda/2016/208692Orig1s000TOC.html
bccadd31a829b63779452afd,51048,761044,ORIG,1,http://www.accessdata.fda.gov/drugsatfda_docs/nda/2016/761044Orig1s000TOC.html
9560221de59a6af9bb537699,51050,209637,ORIG,1,http://www.accessdata.fda.gov/drugsatfda_docs/nda/2017/209637Orig1s000TOC.html
3b3554b8354c791fef649656,51082,208945,ORIG,1,http://www.accessdata.fda.gov/drugsatfda_docs/nda/2017/208945Orig1s000TOC.html
ac4f8c72346c35a263967c91,52052,208254,ORIG,1,http://www.accessdata.fda.gov/drugsatfda_docs/nda/2017/208254Orig1s000TOC.html
842283207ad40c1aff0b7c2a,52232,205598,ORIG,1,http://www.accessdata.fda.gov/drugsatfda_docs/nda/2017/205598Orig1s000TOC.html
602cdc149679c66dba21bc69,52233,209360,ORIG,1,http://www.accessdata.fda.gov/drugsatfda_docs/nda/2017/209360Orig1s000TOC.html
48ea514fdda9df3ad04aa85d,52644,022023,SUPPL,14,http://www.accessdata.fda.gov/drugsatfda_docs/nda/2016/022023Orig1s014.pdf
f6aeb38fb5e8ea3a9dfef3e7,52645,075293,SUPPL,14,http://www.accessdata.fda.gov/drugsatfda_docs/nda/2012/075293Orig1s014.pdf
678d4553ab7a5b96da7caa19,52646,019430,SUPPL,1,http://www.accessdata.fda.gov/drugsatfda_docs/nda/pre96/019430Orig1s001.pdf
54c30dec2dc028e03478e163,52647,125276,SUPPL,64,http://www.accessdata.fda.gov/drugsatfda_docs/nda/2013/125276Orig1s064.pdf
fc0bad5cae588a230ce7a5bf,52650,200484,ORIG,1,http://www.accessdata.fda.gov/drugsatfda_docs/nda/2014/200484Orig1s000.pdf
2eb172889eab65127f8c45bc,52651,208194,SUPPL,3,http://www.accessdata.fda.gov/drugsatfda_docs/nda/2016/208194Orig1s003.pdf
3982a7a4628bda2094e34eb2,52652,208194,SUPPL,4,http://www.accessdata.fda.gov/drugsatfda_docs/nda/2017/208194Orig1s004.pdf
462d6115d0192c370f3f9d7f,52653,021344,SUPPL,26,http://www.accessdata.fda.gov/drugsatfda_docs/nda/2016/021344Orig1s026.pdf
47be4bd33a96bcd3a89798d7,52655,090218,ORIG,1,http://www.accessdata.fda.gov/drugsatfda_docs/nda/2015/090218Orig1s000.pdf
47be4bd33a96bcd3a89798d7,52656,090218,ORIG,1,http://www.accessdata.fda.gov/drugsatfda_docs/nda/2015/090218Orig1s000.pdf
db087607add7c03f116db23d,52657,090379,ORIG,1,http://www.accessdata.fda.gov/drugsatfda_docs/nda/2014/090379Orig1s000.pdf
bf7ca3b299f6ba2b884186da,52658,207103,SUPPL,2,http://www.accessdata.fda.gov/drugsatfda_docs/nda/2016/207103Orig1s002.pdf
3b60be6176957c6379718f4b,52665,125514,SUPPL,24,http://www.accessdata.fda.gov/drugsatfda_docs/nda/2017/125514Orig1s024TOC.html
177f14cff84dc23c158c898f,52666,205525,ORIG,1,http://www.accessdata.fda.gov/drugsatfda_docs/nda/2016/205525Orig1s000TOC.html
40d1ec361813e0ebf80d436a,52667,207921,ORIG,1,http://www.accessdata.fda.gov/drugsatfda_docs/nda/2017/207921Orig1s000TOC.html
54983cb1968aafe4d798f11d,52670,209112,ORIG,1,http://www.accessdata.fda.gov/drugsatfda_docs/nda/2017/209112Orig1s000TOC.html
c363b96200def020b7fa4bc0,52671,208374,ORIG,1,http://www.accessdata.fda.gov/drugsatfda_docs/nda/2017/208374Orig1s000TOC.html
8cf80420e1a32b81d93d8b4a,52672,209022,ORIG,1,http://www.accessdata.fda.gov/drugsatfda_docs/nda/2017/209022Orig1s000_revTOC.html
f93c4adbd481704761e97613,52673,209347,ORIG,1,http://www.accessdata.fda.gov/drugsatfda_docs/nda/2017/209347Orig1s000TOC.html
5fa0819d25631e01ea5c8d1c,52674,209482,ORIG,1,http://www.accessdata.fda.gov/drugsatfda_docs/nda/2017/209482Orig1s000TOC.html
c906976079e7f8591912c647,52675,209949,ORIG,1,http://www.accessdata.fda.gov/drugsatfda_docs/nda/2017/209949Orig1s000TOC.html
8322d122c8dd904019965733,52676,208780,ORIG,1,http://www.accessdata.fda.gov/drugsatfda_docs/nda/2017/208780Orig1s000TOC.html
439a7f7811914d369c6fefbe,52677,208956,ORIG,1,http://www.accessdata.fda.gov/drugsatfda_docs/nda/2017/208956Orig1s000TOC.html
81f5c1e5c165ae73099566f2,52678,209463,ORIG,1,http://www.accessdata.fda.gov/drugsatfda_docs/nda/2017/209463Orig1s000TOC.html
11ca2d0f4b132f59b8c0614c,52689,022051,ORIG,1,http://www.accessdata.fda.gov/drugsatfda_docs/nda/2007/022051_veramyst_toc.html
3079ad9ac00f3ebe32b235c2,52730,077414,SUPPL,8,http://www.accessdata.fda.gov/drugsatfda_docs/nda/2015/077414Orig1S008LABL.pdf
0f0a934b68b9b9d0f9f1ff50,52731,019853,SUPPL,12,http://www.accessdata.fda.gov/drugsatfda_docs/nda/2004/019853Orig1s012.pdf
14d041e9d2ea288a74742575,52732,019853,SUPPL,14,http://www.accessdata.fda.gov/drugsatfda_docs/nda/2004/019853Orig1S014.pdf
553463b2fb66aff6cfed4ba2,52733,021330,SUPPL,2,http://www.accessdata.fda.gov/drugsatfda_docs/nda/2004/021330Orig1s002.pdf
8e58c457ebcecec2ffd21d51,52734,021330,SUPPL,4,http://www.accessdata.fda.gov/drugsatfda_docs/nda/2005/021330Orig1s004.pdf
d7d7b724241256e066c55600,52735,021330,SUPPL,7,http://www.accessdata.fda.gov/drugsatfda_docs/nda/2008/021330Orig1s007.pdf
433f7168e1a3cc6483f0ef68,52736,204042,SUPPL,26,http://www.accessdata.fda.gov/drugsatfda_docs/nda/2017/204042Orig1s026.pdf
6894f250a45d8952a9d733c5,52737,021330,SUPPL,13,http://www.accessdata.fda.gov/drugsatfda_docs/nda/2012/021330Orig1s013.pdf
da6b375daaf41dae49203c56,52738,201050,ORIG,1,http://www.accessdata.fda.gov/drugsatfda_docs/nda/2012/201050Orig1s000.pdf
515ec52abca09d7de812b703,52739,021514,SUPPL,23,http://www.accessdata.fda.gov/drugsatfda_docs/nda/2015/021514Orig1s023.pdf
429eab7686f2d487101801cc,52762,071961,SUPPL,2,http://www.accessdata.fda.gov/drugsatfda_docs/nda/pre96/071961Orig1S002LBL.pdf
27346654c6c492decebf5ea9,52763,071961,SUPPL,3,http://www.accessdata.fda.gov/drugsatfda_docs/nda/pre96/071961Orig1S003ChemR.pdf
712a59a8e8e835d1364a8962,52764,071961,SUPPL,4,http://www.accessdata.fda.gov/drugsatfda_docs/nda/pre96/071961Orig1S004MicroR.pdf
dc2b7192348df379ee483447,52765,010104,ORIG,1,http://www.accessdata.fda.gov/drugsatfda_docs/nda/pre96/010104Orig1s000.pdf
5b4786e0dc9b267e5d5904d6,52766,204592,SUPPL,2,http://www.accessdata.fda.gov/drugsatfda_docs/nda/2014/204592Orig1s002.pdf
71327621095154e91a68bd07,52767,204592,SUPPL,4,http://www.accessdata.fda.gov/drugsatfda_docs/nda/2014/204592Orig1s004.pdf
a3bae2859028654162cc426b,52768,021187,SUPPL,34,http://www.accessdata.fda.gov/drugsatfda_docs/nda/2017/021187Orig1s034.pdf
f67bd89793508569efdac7ca,52769,078193,ORIG,1,http://www.accessdata.fda.gov/drugsatfda_docs/nda/2014/078193Orig1s000.pdf
9cd2e2b0d6b14ce8c22814d8,52808,209803,ORIG,1,"http://www.accessdata.fda.gov/drugsatfda_docs/nda/2017/209803,209805,209806Orig1s000TOC.html"
9cd2e2b0d6b14ce8c22814d8,52809,209805,ORIG,1,"http://www.accessdata.fda.gov/drugsatfda_docs/nda/2017/209803,209805,209806Orig1s000TOC.html"
9cd2e2b0d6b14ce8c22814d8,52810,209806,ORIG,1,"http://www.accessdata.fda.gov/drugsatfda_docs/nda/2017/209803,209805,209806Orig1s000TOC.html"
52538c2cf598bca4b0aac35d,52880,209305,ORIG,1,http://www.accessdata.fda.gov/drugsatfda_docs/nda/2017/209305Orig1s000TOC.html
e661524c988fe30ba214758d,52881,209296,ORIG,1,http://www.accessdata.fda.gov/drugsatfda_docs/nda/2017/209296Orig1s000TOC.html
eab456ea05ae273706ce330a,52882,208609,ORIG,1,http://www.accessdata.fda.gov/drugsatfda_docs/nda/2017/208609Orig1s000TOC.html
dfb9d399fe39c317050aa372,52883,205489,ORIG,1,http://www.accessdata.fda.gov/drugsatfda_docs/nda/2017/205489Orig1s000TOC.html
3fdf5be60adab95d435928bf,52884,208294,ORIG,1,http://www.accessdata.fda.gov/drugsatfda_docs/nda/2016/208294Orig1s000TOC.html
a5594a322ac9f0b1d5aee3d9,52885,206911,ORIG,1,http://www.accessdata.fda.gov/drugsatfda_docs/nda/2016/206911Orig1s000TOC.html
357c83f4d0ce5a6773c32bc5,52916,208700,ORIG,1,http://www.accessdata.fda.gov/drugsatfda_docs/nda/2018/208700Orig1s000TOC.html
aca827501430be1d6162ed5a,52945,210491,ORIG,1,http://www.accessdata.fda.gov/drugsatfda_docs/nda/2018/210491Orig1s000TOC.html
6481984c587e9245e99dbd70,52958,209512,ORIG,1,http://www.accessdata.fda.gov/drugsatfda_docs/nda/2017/209512Orig1s000TOC.html
1ffd9302957846c98746dc14,52959,209483,ORIG,1,http://www.accessdata.fda.gov/drugsatfda_docs/nda/2017/209483Orig1s000TOC.html
3d44149cfdcab780b6219007,53051,210951,ORIG,1,https://www.accessdata.fda.gov/drugsatfda_docs/nda/2018/Erleada_210951_toc.html
84f8174dcc7a45ed8b1d1149,53053,210251,ORIG,1,http://www.accessdata.fda.gov/drugsatfda_docs/nda/2018/210251Orig1s000TOC.html
7f5672bccd6be34e54ee7f1b,53076,210709,ORIG,1,http://www.accessdata.fda.gov/drugsatfda_docs/nda/2017/210709Orig1s000TOC.html
80abc98a157d66506de98e4e,53077,209400,ORIG,1,http://www.accessdata.fda.gov/drugsatfda_docs/nda/2017/209400Orig1s000TOC.html
4fe56476604bac7d564e3499,53078,208791,ORIG,1,http://www.accessdata.fda.gov/drugsatfda_docs/nda/2017/208791Orig1s000TOC.html
69b30441cceeb950f6d97cf5,53254,017948,SUPPL,45,"http://www.accessdata.fda.gov/drugsatfda_docs/nda/2018/017948s045,018926s012lbl.pdf"
a509f19429d31ed743ec3078,53561,761065,ORIG,1,http://www.accessdata.fda.gov/drugsatfda_docs/nda/2018/TROGARZO_761065_TOC.html
41d0c6c8228036a55c613fb4,53638,204325,ORIG,1,http://www.accessdata.fda.gov/drugsatfda_docs/nda/2017/204325Orig1s000TOC.html
ba3f0ff824ff8b4066fec6ee,53639,205103,ORIG,1,http://www.accessdata.fda.gov/drugsatfda_docs/nda/2016/205103Orig1s000TOC.html
22fc2be9563b561b02b2ac10,53640,208144,ORIG,1,http://www.accessdata.fda.gov/drugsatfda_docs/nda/2017/208144Orig1s000TOC.html
556d233f4687e91302a89a18,53641,208582,ORIG,1,http://www.accessdata.fda.gov/drugsatfda_docs/nda/2017/208582Orig1s000TOC.html
c87b3846875123049650f712,53642,209478,ORIG,1,http://www.accessdata.fda.gov/drugsatfda_docs/nda/2017/209478Orig1s000TOC.html
1ac2730a5ce66b2abeb2a728,53643,209203,ORIG,1,http://www.accessdata.fda.gov/drugsatfda_docs/nda/2017/209203Orig1s000TOC.html
638f4c440abb58ce95317b56,53644,208870,ORIG,1,http://www.accessdata.fda.gov/drugsatfda_docs/nda/2017/208870Orig1s000TOC.html
03d41f8611b10f183a15a49b,53645,208845,ORIG,1,http://www.accessdata.fda.gov/drugsatfda_docs/nda/2017/208845Orig1s000TOC.html
99e3124f12b120eb420e7fad,53646,208587,ORIG,1,http://www.accessdata.fda.gov/drugsatfda_docs/nda/2017/208587Orig1s000TOC.html
acb7348a444902be56977de8,53665,125276,SUPPL,114,http://www.accessdata.fda.gov/drugsatfda_docs/nda/2017/125276Orig1s114TOC.html
165dc68b5c314e02f07b824b,53675,022549,ORIG,1,https://www.accessdata.fda.gov/drugsatfda_docs/nda/2012/022549_adasuve_toc.html
5184d6de053f7ea0d9cf248b,53718,203263,ORIG,1,http://www.accessdata.fda.gov/drugsatfda_docs/nda/2013/203263Orig1s000.pdf
957bddc7e958613122c8c1dc,53719,022074,SUPPL,4,http://www.accessdata.fda.gov/drugsatfda_docs/nda/2014/022074Orig1s004.pdf
5d2330bbcf432cb8db1cd4a2,53720,020167,ORIG,1,http://www.accessdata.fda.gov/drugsatfda_docs/nda/2014/0201675Orig1s000.pdf
d2ec648e1180eb6837b98ebf,53721,019010,SUPPL,38,http://www.accessdata.fda.gov/drugsatfda_docs/nda/2017/019010Orig1s038.pdf
b4bfe09d52f3c0314387a03c,53722,020263,SUPPL,42,http://www.accessdata.fda.gov/drugsatfda_docs/nda/2017/020263Orig1s042.pdf
475aa5414d68f2d25e0fcde1,53723,020262,SUPPL,48,http://www.accessdata.fda.gov/drugsatfda_docs/nda/2010/020262Orig1s048.pdf
fcde71cdeae836c66099b64e,53724,002918,ORIG,1,http://www.accessdata.fda.gov/drugsatfda_docs/nda/pre96/002918Orig1s000.pdf
7c6abf65b70f6cf8a2edd215,53725,125433,SUPPL,14,http://www.accessdata.fda.gov/drugsatfda_docs/nda/2015/125433Orig1s14.pdf
262fa7f80807f755038fd589,53726,203214,SUPPL,4,http://www.accessdata.fda.gov/drugsatfda_docs/nda/2014/203214Orig1s04.pdf
2dfe20c6a716854beaefa3f2,53727,021478,SUPPL,8,http://www.accessdata.fda.gov/drugsatfda_docs/nda/2015/21478Orig1s008.pdf
fc38c6acc19b18d4759555ee,53728,022074,SUPPL,9,http://www.accessdata.fda.gov/drugsatfda_docs/nda/2014/22074Orig1s009.pdf
72f40d3e303dd044262d2fd7,53729,017970,SUPPL,52,http://www.accessdata.fda.gov/drugsatfda_docs/nda/2004/017970Orig1s052.pdf
3e24cae124ddae37d259897b,53730,761042,SUPPL,1,http://www.accessdata.fda.gov/drugsatfda_docs/nda/2018/761042Orig1s01.pdf
6597727379081d9f7a2dd36d,53731,020541,SUPPL,20,http://www.accessdata.fda.gov/drugsatfda_docs/nda/2008/20541Org1s020.pdf
fadfc896ce4b56b6fe55f5c1,53816,209401,ORIG,1,http://www.accessdata.fda.gov/drugsatfda_docs/nda/2017/209401Orig1s000TOC.html
9d05606ccf06a18557dec6c4,53817,208943,ORIG,1,http://www.accessdata.fda.gov/drugsatfda_docs/nda/2017/208943Orig1s000TOC.html
984ce794a38b0208e8801b39,53824,761067,ORIG,1,http://www.accessdata.fda.gov/drugsatfda_docs/nda/2018/761067Orig1s000TOC.html
9edc24b6469f048f92d073b2,53874,209963,ORIG,1,http://www.accessdata.fda.gov/drugsatfda_docs/nda/2017/209963Orig1s000TOC.html
3e38db85836026ee2e0b9cdc,53875,208751,ORIG,1,http://www.accessdata.fda.gov/drugsatfda_docs/nda/2017/208751Orig1s000TOC.html
18e66ae27085cc09fce9ec7b,53948,103948,ORIG,1,http://www.accessdata.fda.gov/drugsatfda_docs/nda/2000/103948s000_CampathTOC.html
0b54d6fc09392c39939b7d82,54057,020118,SUPPL,8,http://www.accessdata.fda.gov/drugsatfda_docs/nda/2002/20118Orig1s008.pdf
3d30479ae668948c5e574f26,54058,020118,SUPPL,7,http://www.accessdata.fda.gov/drugsatfda_docs/nda/99/20118Orig1s007.pdf
cb1ff13914c26ac2b5669197,54059,021196,SUPPL,19,http://www.accessdata.fda.gov/drugsatfda_docs/nda/2014/021196Orig1s019.pdf
a57cc661c4949443968e7ae8,54188,209299,ORIG,1,http://www.accessdata.fda.gov/drugsatfda_docs/nda/2018/209299Orig1s000TOC.html
f3a20380420a513390d698c4,54189,761068,ORIG,1,http://www.accessdata.fda.gov/drugsatfda_docs/nda/2018/761068Orig1s000TOC.html
2b6f20b5315739da7c5eafe2,54223,020781,SUPPL,17,http://www.accessdata.fda.gov/drugsatfda_docs/nda/2016/020781Orig1s017Rev.pdf
f2a37514d77c323c3bb65ff2,54229,209196,ORIG,1,http://www.accessdata.fda.gov/drugsatfda_docs/nda/2017/209196Orig1s000TOC.html
02cd62b2f399277e998d13ef,54230,208418,ORIG,1,http://www.accessdata.fda.gov/drugsatfda_docs/nda/2017/208418Orig1s000TOC.html
85fdce879f9c23e3f2fa1a99,54231,201656,ORIG,1,http://www.accessdata.fda.gov/drugsatfda_docs/nda/2017/201656Orig1s000TOC.html
6417efa1f8215620d0aff056,54287,020667,ORIG,1,http://www.accessdata.fda.gov/drugsatfda_docs/review/2018/020667Orig1s000_LBL.pdf
4003309b6bbc50d60ec5855a,54288,020931,ORIG,1,http://www.accessdata.fda.gov/drugsatfda_docs/review/2018/020931Orig1s013REMS.pdf
a7cba564425fb9ba5a520f4a,54289,017010,ORIG,1,http://www.accessdata.fda.gov/drugsatfda_docs/review/2018/017010Orig1s000Approv.pdf
e131d64562515ad5f7044850,54291,020541,SUPPL,21,http://www.accessdata.fda.gov/drugsatfda_docs/review/2018/20541Orig1s021.pdf
93c939c86dab36dffb66fde9,54292,020541,SUPPL,23,http://www.accessdata.fda.gov/drugsatfda_docs/review/2018/20541Orig1s023.pdf
2d50df7c9b85d3a429443a59,54293,020541,SUPPL,27,http://www.accessdata.fda.gov/drugsatfda_docs/review/2018/20541Orig1s027.pdf
31f49efe74fe255fb18c9079,54298,206488,SUPPL,6,http://www.accessdata.fda.gov/drugsatfda_docs/review/2018/206488Orig1s006.pdf
59ba21255200cf54b0379b98,54299,090842,ORIG,1,http://www.accessdata.fda.gov/drugsatfda_docs/review/2018/090842Orig1s000.pdf
f04eaecbbf9bd997b8f662d0,54300,022051,SUPPL,17,http://www.accessdata.fda.gov/drugsatfda_docs/review/2018/022051Orig1s017.pdf
35ed98fac45b2eaa146ee130,54301,017697,SUPPL,27,http://www.accessdata.fda.gov/drugsatfda_docs/review/2018/017697Orig1s027.pdf
b2508fe8abe76c3433b611a1,54303,017697,SUPPL,31,http://www.accessdata.fda.gov/drugsatfda_docs/review/2018/017697Orig1s031.pdf
86858ba04f656e71a9ef0d22,54304,202379,SUPPL,7,http://www.accessdata.fda.gov/drugsatfda_docs/review/2018/202379Orig1s007.pdf
f03439ad26e9b8b14cded32a,54390,210493,ORIG,1,http://www.accessdata.fda.gov/drugsatfda_docs/nda/2018/210493Orig1s000ApprovTOC.html
5780ca628198e58c75545af4,54453,022122,SUPPL,11,http://www.accessdata.fda.gov/drugsatfda_docs/review/2018/022122Orig1s011.pdf
80c5c01afeac897305a6b5b8,54462,125156,SUPPL,106,http://www.accessdata.fda.gov/drugsatfda_docs/nda/2015/125156Orig1s106.pdf
71f0bf3cde522e64728ec90d,54464,208418,SUPPL,1,http://www.accessdata.fda.gov/drugsatfda_docs/review/2018/208418Orig1s001.pdf
f7358caba7345dd167aa38a9,54466,022063,ORIG,1,http://www.accessdata.fda.gov/drugsatfda_docs/nda/2017/022063Orig1s000TOC.html
278befea450add6e646da3a9,54467,203324,ORIG,1,http://www.accessdata.fda.gov/drugsatfda_docs/nda/2016/203324Orig1s000TOC.html
3f2662daac10e8c77e3951b8,54470,203324,ORIG,2,http://www.accessdata.fda.gov/drugsatfda_docs/nda/2016/203324Orig2s000TOC.html
8261a814736e6d8fc92ee0ee,54471,209885,ORIG,1,http://www.accessdata.fda.gov/drugsatfda_docs/nda/2017/209885Orig1s000TOC.html
c9e82358f97de3fff0dc207a,54472,208562,ORIG,1,http://www.accessdata.fda.gov/drugsatfda_docs/nda/2017/208562Orig1s000TOC.html
1b2cce6123157bc3cd050426,54473,208385,ORIG,1,http://www.accessdata.fda.gov/drugsatfda_docs/nda/2017/208385Orig1s000TOC.html
6d8864dcd0d34400a89a1b8a,54474,761078,ORIG,1,http://www.accessdata.fda.gov/drugsatfda_docs/nda/2017/761078Orig1s000TOC.html
37562e3270fcd68fda3eb050,54475,761060,ORIG,1,http://www.accessdata.fda.gov/drugsatfda_docs/nda/2017/761060Orig1s000Orig1Orig2s000TOC.html
37562e3270fcd68fda3eb050,54476,761060,ORIG,2,http://www.accessdata.fda.gov/drugsatfda_docs/nda/2017/761060Orig1s000Orig1Orig2s000TOC.html
d4d3496db64d2b8bd93aac07,54477,207078,ORIG,1,http://www.accessdata.fda.gov/drugsatfda_docs/nda/2018/207078Orig1s000TOC.html
e80e52e5ceadacfbd29de906,54478,204441,ORIG,1,http://www.accessdata.fda.gov/drugsatfda_docs/nda/2018/204441Orig1s000TOC.html
b0d8480ed6bd4a79d1dc4b5a,54606,761077,ORIG,1,http://www.accessdata.fda.gov/drugsatfda_docs/nda/2018/761077Orig1s000TOC.html
4cf634e1e9f24b4d981b80a8,54661,022517,ORIG,1,http://www.accessdata.fda.gov/drugsatfda_docs/nda/2018/022517Orig1s000TOC.html
3d91b2bc10795c5dffdb3a13,54723,761079,ORIG,1,http://www.accessdata.fda.gov/drugsatfda_docs/nda/2018/761079Orig1s000TOC.html
173799248cb3166422718286,54724,210238,ORIG,1,http://www.accessdata.fda.gov/drugsatfda_docs/nda/2018/210238Orig1s000TOC.html
0296ac0afedd21a02ccc7a42,54725,209229,ORIG,1,http://www.accessdata.fda.gov/drugsatfda_docs/nda/2018/209229Orig1s000TOC.html
be512fdf69e001fa6004a6d6,54732,202429,SUPPL,16,http://www.accessdata.fda.gov/drugsatfda_docs/nda/2017/202429Orig1s016TOC.html
7b821a35267ff12d69a9c683,54733,208694,ORIG,1,http://www.accessdata.fda.gov/drugsatfda_docs/nda/2017/208694Orig1s000TOC.html
7b821a35267ff12d69a9c683,54734,208694,ORIG,1,http://www.accessdata.fda.gov/drugsatfda_docs/nda/2017/208694Orig1s000TOC.html
5a51df4732048ad7b7965c3b,54735,208944,ORIG,1,http://www.accessdata.fda.gov/drugsatfda_docs/nda/2017/208944Orig1s000TOC.html
ac39737fd6cc68497fa41964,54736,209139,ORIG,1,http://www.accessdata.fda.gov/drugsatfda_docs/nda/2017/209139Orig1s000TOC.html
2a58534d23993bd972f46c4a,54737,209269,ORIG,1,http://www.accessdata.fda.gov/drugsatfda_docs/nda/2017/209269Orig1s000TOC.html
e9eaaae897fa44e7bb7401ea,54738,210192,ORIG,1,http://www.accessdata.fda.gov/drugsatfda_docs/nda/2017/210192Orig1s000TOC.html
1a53eac09eb585ae31915f05,54749,207924,ORIG,1,http://www.accessdata.fda.gov/drugsatfda_docs/nda/2018/207924Orig1s000TOC.html
2e76afe0c97b89752006909b,54773,210867,ORIG,1,http://www.accessdata.fda.gov/drugsatfda_docs/nda/2018/210867Orig1s000TOC.html
3aadc1635463a4230bd088f1,54774,078830,ORIG,1,https://www.accessdata.fda.gov/drugsatfda_docs/nda/2015/078830Orig1s000.pdf
c9903ad521f56b07a8849446,54775,208843,ORIG,1,http://www.accessdata.fda.gov/drugsatfda_docs/nda/2017/208843Orig1s000TOC.html
b8e8f193e1804d48a1b8d6e0,54776,208264,ORIG,1,http://www.accessdata.fda.gov/drugsatfda_docs/nda/2017/208264Orig1s000TOC.html
d4ac456fbbe46f1575d6d96c,54909,210496,ORIG,1,http://www.accessdata.fda.gov/drugsatfda_docs/nda/2018/210496Orig1s000TOC.html
27dc20b3381ece5b8f46e1fc,55017,210303,ORIG,1,http://www.accessdata.fda.gov/drugsatfda_docs/nda/2018/210303Orig1s000TOC.html
f56e5ec811e04b9e4f3d6866,55018,210365,ORIG,1,http://www.accessdata.fda.gov/drugsatfda_docs/nda/2018/210365Orig1s000TOC.html
de1a0ec3d0e17d38aa1d668e,55134,207202,ORIG,1,http://www.accessdata.fda.gov/drugsatfda_docs/nda/2017/207202Orig1s000TOC.html
d06e37430d83560b05b0707a,55135,208630,ORIG,1,http://www.accessdata.fda.gov/drugsatfda_docs/nda/2017/208630Orig1s000TOC.html
80c5ca70ffb23465c63c8b63,55136,209589,ORIG,1,http://www.accessdata.fda.gov/drugsatfda_docs/nda/2017/209589Orig1s000TOC.html
4f486ded1fdd2b9c4e3d92ef,55173,211192,ORIG,1,http://www.accessdata.fda.gov/drugsatfda_docs/nda/2018/211192Orig1s000TOC.html
17dad7c316e5d88e5636db10,55177,208627,ORIG,1,http://www.accessdata.fda.gov/drugsatfda_docs/nda/2018/208627Orig1s000TOC.html
4caee3034d86461115cd8b28,55265,210923,ORIG,1,http://www.accessdata.fda.gov/drugsatfda_docs/nda/2018/210923Orig1s000TOC.html
18c89e83e9824e8115097a40,55266,210498,ORIG,1,http://www.accessdata.fda.gov/drugsatfda_docs/nda/2018/210498Orig1s000TOC.html
8ed28d8a598abb6e69561c5c,55267,210450,ORIG,1,http://www.accessdata.fda.gov/drugsatfda_docs/nda/2018/210450Orig1s000TOC.html
281553d693f0c7c2575048ae,55294,210589,ORIG,1,http://www.accessdata.fda.gov/drugsatfda_docs/nda/2018/210589Orig1s000TOC.html
aaa533dfc0caa4e859b70739,55295,210795,ORIG,1,http://www.accessdata.fda.gov/drugsatfda_docs/nda/2018/210795Orig1s000TOC.html
3b88e79cbcf68f5b06659ab3,55394,761051,ORIG,1,http://www.accessdata.fda.gov/drugsatfda_docs/nda/2018/761051Orig1s000TOC.html
c8602647581504aa0dd43b46,55395,210922,ORIG,1,http://www.accessdata.fda.gov/drugsatfda_docs/nda/2018/210922Orig1s000TOC.html
3fd5a3e864ddbfc4e3910f8b,55419,209627,ORIG,1,http://www.accessdata.fda.gov/drugsatfda_docs/nda/2018/209627Orig1s000TOC.html
3d392542c9613c0bbfdb3e5c,55432,208623,ORIG,1,http://www.accessdata.fda.gov/drugsatfda_docs/nda/2018/208623Orig1s000TOC.html
ea943ef3d5587c6ce14a42ee,55461,206709,ORIG,1,"http://www.accessdata.fda.gov/drugsatfda_docs/nda/2018/206709Orig1s000,207223Orig1s000TOC.html"
ea943ef3d5587c6ce14a42ee,55462,207223,ORIG,1,"http://www.accessdata.fda.gov/drugsatfda_docs/nda/2018/206709Orig1s000,207223Orig1s000TOC.html"
4a7a34d5a9e54fa9884640bc,55493,204442,ORIG,1,http://www.accessdata.fda.gov/drugsatfda_docs/nda/2016/204442Orig1s000TOC.html
e1087cb9d1624f4c5fb56de5,55494,022445,ORIG,1,http://www.accessdata.fda.gov/drugsatfda_docs/nda/2016/022445Orig1s000TOC.html
af387c5a888ee17a53d93fdf,55531,761094,ORIG,1,http://www.accessdata.fda.gov/drugsatfda_docs/nda/2018/761094Orig1s000TOC.html
8e1f954f784bf6a31641dd7d,55532,761090,ORIG,1,http://www.accessdata.fda.gov/drugsatfda_docs/nda/2018/761090Orig1s000TOC.html
ccde0827baab2e5b86427de8,55556,203794,SUPPL,5,https://www.accessdata.fda.gov/drugsatfda_docs/label/2018/203794s005s006lbl.pdf#page=34
ccde0827baab2e5b86427de8,55557,203794,SUPPL,6,https://www.accessdata.fda.gov/drugsatfda_docs/label/2018/203794s005s006lbl.pdf#page=34
cabfe2fa3ea72a009fa5cf77,55638,761058,ORIG,1,http://www.accessdata.fda.gov/drugsatfda_docs/nda/2017/761058Orig1s000TOC.html
bb8fdaceaa75877e64664fb6,55782,211109,ORIG,1,http://www.accessdata.fda.gov/drugsatfda_docs/nda/2018/211109Orig1s000TOC.html
728e0b9f24146a0f22fa710d,55852,210806,ORIG,1,"http://www.accessdata.fda.gov/drugsatfda_docs/nda/2018/210806Orig1s000,210807Orig1s000TOC.html"
728e0b9f24146a0f22fa710d,55853,210807,ORIG,1,"http://www.accessdata.fda.gov/drugsatfda_docs/nda/2018/210806Orig1s000,210807Orig1s000TOC.html"
19b44a7b9e97d544efa3af6a,55854,208109,ORIG,1,http://www.accessdata.fda.gov/drugsatfda_docs/nda/2017/208109Orig1s000TOC.html
42cdc8b2c525068f3be7ee80,55856,208744,ORIG,1,http://www.accessdata.fda.gov/drugsatfda_docs/nda/2018/208744Orig1s000TOC.html
e82cec71b6017f8d803fdd50,55857,208255,ORIG,1,http://www.accessdata.fda.gov/drugsatfda_docs/nda/2018/208255Orig1s000TOC.html
56302597b41778e52dc56ca4,55860,208910,ORIG,1,http://www.accessdata.fda.gov/drugsatfda_docs/nda/2018/208910Orig1s000TOC.html
54b3b7ebfa61c1dd7884784f,55861,208912,ORIG,1,http://www.accessdata.fda.gov/drugsatfda_docs/nda/2018/208912Orig1s000TOC.html
28abb3ba7a1257a3f07f630e,55863,209091,ORIG,1,http://www.accessdata.fda.gov/drugsatfda_docs/nda/2017/209091Orig1s000TOC.html
c80a123a0394c84ca4455bb3,55864,209210,ORIG,1,http://www.accessdata.fda.gov/drugsatfda_docs/nda/2017/209210Orig1s000TOC.html
d4634c7a1d3d298789dbdb91,55865,209279,SUPPL,1,http://www.accessdata.fda.gov/drugsatfda_docs/nda/2017/209279Orig1s000TOC.html
d4634c7a1d3d298789dbdb91,55866,209279,ORIG,1,http://www.accessdata.fda.gov/drugsatfda_docs/nda/2017/209279Orig1s000TOC.html
3e69bdaed067c5a6700274d6,55867,209819,ORIG,1,http://www.accessdata.fda.gov/drugsatfda_docs/nda/2017/209819Orig1s000TOC.html
b7245b305cce74ca9ddc6753,55868,210308,ORIG,1,http://www.accessdata.fda.gov/drugsatfda_docs/nda/2018/210308Orig1s000TOC.html
33ad81578e750cca0b37d61d,55870,210428,ORIG,1,http://www.accessdata.fda.gov/drugsatfda_docs/nda/2018/210428Orig1s000TOC.html
17ddd3ca09822e308c22b4de,55871,212319,ORIG,1,http://www.accessdata.fda.gov/drugsatfda_docs/nda/2018/212319Orig1s000TOC.html
4e7cc3f169e2380d96e84d8c,55872,761064,ORIG,1,http://www.accessdata.fda.gov/drugsatfda_docs/nda/2017/761064Orig1s000TOC.html
9a9044cc69c417f0cab8de04,55873,761104,ORIG,1,http://www.accessdata.fda.gov/drugsatfda_docs/nda/2018/761104Orig1s000TOC.html
58357047d22969da5241392f,55955,761089,ORIG,1,http://www.accessdata.fda.gov/drugsatfda_docs/nda/2018/761089Orig1s000TOC.html
29e26a1dbf56cd74a78b350e,55957,761028,ORIG,1,http://www.accessdata.fda.gov/drugsatfda_docs/nda/2017/761028Orig1s000TOC.html
2db95285372f38b6c2f8d151,55958,211155,ORIG,1,http://www.accessdata.fda.gov/drugsatfda_docs/nda/2018/211155Orig1Orig2s000TOC.html
2db95285372f38b6c2f8d151,55959,211155,ORIG,2,http://www.accessdata.fda.gov/drugsatfda_docs/nda/2018/211155Orig1Orig2s000TOC.html
7019bc37b7d085e44bff4885,56012,209521,ORIG,1,http://www.accessdata.fda.gov/drugsatfda_docs/nda/2018/209521Orig1s000TOC.html
8466bfa9919a506ffed18658,56103,208552,ORIG,1,http://www.accessdata.fda.gov/drugsatfda_docs/nda/2017/208552Orig1s000TOC.html
b2281595fbe8f03faeeb823f,56104,208614,ORIG,1,http://www.accessdata.fda.gov/drugsatfda_docs/nda/2018/208614Orig1s000TOC.html
ea12719a870f6fced3d0c421,56105,208855,ORIG,1,http://www.accessdata.fda.gov/drugsatfda_docs/nda/2018/208855Orig1s000TOC.html
0ed6e4df62a9acc1c1c4372b,56106,209501,ORIG,1,http://www.accessdata.fda.gov/drugsatfda_docs/nda/2017/209501Orig1s000TOC.html
4d856d0e9665cd3c62769843,56107,210563,ORIG,2,"http://www.accessdata.fda.gov/drugsatfda_docs/nda/2018/210563Orig1s000,210563Orig2s000TOC.html"
4d856d0e9665cd3c62769843,56108,210563,ORIG,1,"http://www.accessdata.fda.gov/drugsatfda_docs/nda/2018/210563Orig1s000,210563Orig2s000TOC.html"
180c546483f4bdbe1613afbe,56167,211651,ORIG,1,http://www.accessdata.fda.gov/drugsatfda_docs/nda/2018/211651Orig1s000TOC.html
f827c15c0963350e111699ae,56168,211288,ORIG,1,http://www.accessdata.fda.gov/drugsatfda_docs/nda/2018/211288Orig1s000TOC.html
c8039838e5c3696a9750e934,56169,761075,ORIG,1,http://www.accessdata.fda.gov/drugsatfda_docs/nda/2018/761075Orig1s000TOC.html
bf9aaf90e8d51e5c6ac0fae5,56170,761097,ORIG,1,http://www.accessdata.fda.gov/drugsatfda_docs/nda/2018/761097Orig1s000TOC.html
3ab0115943aab03956e59149,56222,211172,ORIG,1,http://www.accessdata.fda.gov/drugsatfda_docs/nda/2018/211172Orig1s000TOC.html
59c83b4f0856b6b1928e429c,56321,209092,SUPPL,1,http://www.accessdata.fda.gov/drugsatfda_docs/nda/2019/209092Orig1s001.pdf
c0f2c48d6b4bb73998101521,56322,761092,ORIG,1,http://www.accessdata.fda.gov/drugsatfda_docs/nda/2018/761092Orig1s000TOC.html
f1044c1f2acb11bce673ed9e,56323,761063,ORIG,1,http://www.accessdata.fda.gov/drugsatfda_docs/nda/2018/761063Orig1s000TOC.html
bfa3a1ec81563733be6a5bd6,56327,211158,ORIG,1,http://www.accessdata.fda.gov/drugsatfda_docs/nda/2018/211158Orig1s000TOC.html
f662219f4a9e19932c04994e,56354,209816,ORIG,1,"http://www.accessdata.fda.gov/drugsatfda_docs/nda/2018/209816Orig1s000,209817Orig1s000TOC.html"
f662219f4a9e19932c04994e,56355,209817,ORIG,1,"http://www.accessdata.fda.gov/drugsatfda_docs/nda/2018/209816Orig1s000,209817Orig1s000TOC.html"
37e7d8c16ac183bc01bdca9c,56393,077393,ORIG,1,http://www.accessdata.fda.gov/drugsatfda_docs/nda/2006/077393Orig1s000.pdf
7e428836ceb6ae7fcb3c4b8e,56421,209844,ORIG,1,http://www.accessdata.fda.gov/drugsatfda_docs/nda/2018/209844Orig1s000TOC.html
03b6e59f7089846af7d05d75,56422,210997,ORIG,1,"http://www.accessdata.fda.gov/drugsatfda_docs/nda/2018/210997Orig1s000,210997Orig2s000TOC.html"
03b6e59f7089846af7d05d75,56423,210997,ORIG,2,"http://www.accessdata.fda.gov/drugsatfda_docs/nda/2018/210997Orig1s000,210997Orig2s000TOC.html"
5ee15aa2e61e8a9f841d8ac3,56508,125320,SUPPL,94,http://www.accessdata.fda.gov/drugsatfda_docs/nda/2013/125320Orig1s094.pdf
51e2c54744c02fd29716e691,56527,210566,ORIG,1,http://www.accessdata.fda.gov/drugsatfda_docs/nda/2018/210566Orig1s000TOC.html
98373b51854dbfb299623941,56528,210361,ORIG,1,http://www.accessdata.fda.gov/drugsatfda_docs/nda/2018/210361Orig1s000TOC.html
820018069fb75a34ec80cadc,56556,209381,ORIG,1,http://www.accessdata.fda.gov/drugsatfda_docs/nda/2018/209381Orig1s000TOC.html
1fca6013cb4618eb10939639,56557,205626,ORIG,1,http://www.accessdata.fda.gov/drugsatfda_docs/nda/2018/205626Orig1s000TOC.html
3a8a727769c6faf6c4703974,56558,022343,ORIG,1,http://www.accessdata.fda.gov/drugsatfda_docs/nda/2018/022343Orig1s000TOC.html
fae6bbf160cb239582545b59,56559,022142,ORIG,1,http://www.accessdata.fda.gov/drugsatfda_docs/nda/2018/022142Orig1s000TOC.html
96578932589c6ff62a1e9922,56560,208437,ORIG,1,http://www.accessdata.fda.gov/drugsatfda_docs/nda/2017/208437Orig1s000TOC.html
8c8c576ca8f5ba2159c1ae26,56572,207920,ORIG,1,https://www.accessdata.fda.gov/drugsatfda_docs/nda/2015/207920Orig1s000TOC.html
46e2dc8d6db9a33b2a6d3744,56575,761043,ORIG,1,http://www.accessdata.fda.gov/drugsatfda_docs/nda/2017/761043Orig1s000TOC.html
81119c6f9346f2bf4e845a09,56576,211210,ORIG,1,http://www.accessdata.fda.gov/drugsatfda_docs/nda/2018/211210Orig1s000TOC.html
6cb99bc8c592b3da00739aba,56577,022141,ORIG,1,http://www.accessdata.fda.gov/drugsatfda_docs/nda/2018/022141Orig1s000TOC.html
d3607b5ade9754d7746c4088,56582,210115,ORIG,1,http://www.accessdata.fda.gov/drugsatfda_docs/nda/2018/210115Orig1s000TOC.html
9a160b193777c760eeaffb07,56584,761072,ORIG,1,http://www.accessdata.fda.gov/drugsatfda_docs/nda/2017/761072Orig1s000TOC.html
12991d33b5f4d85e25afbf5d,56585,761074,ORIG,1,http://www.accessdata.fda.gov/drugsatfda_docs/nda/2017/761074Orig1s000TOC.html
a7c9fc6b593e5a43f70ef3a6,56586,210045,ORIG,1,http://www.accessdata.fda.gov/drugsatfda_docs/nda/2018/210045Orig1s000TOC.html
7b77f0b4fc419e0ca4c7fdb6,56587,209566,ORIG,1,http://www.accessdata.fda.gov/drugsatfda_docs/nda/2018/209566Orig1s000TOC.html
478ff86d4e2fa417af06b202,56588,022344,ORIG,1,http://www.accessdata.fda.gov/drugsatfda_docs/nda/2018/022344Orig1s000TOC.html
8c0be50644f0208f6b444402,56648,210854,ORIG,1,http://www.accessdata.fda.gov/drugsatfda_docs/nda/2018/210854Orig1s000TOC.html
95000abfe0ea2ccce13c2c6a,56695,210868,ORIG,1,http://www.accessdata.fda.gov/drugsatfda_docs/nda/2018/210868Orig1s000TOC.html
fb35bd0f83fe658cc30aaf13,56699,761054,ORIG,1,http://www.accessdata.fda.gov/drugsatfda_docs/nda/2017/761054Orig1s000TOC.html
0a55b9552848c66ee36f14d6,56701,210861,ORIG,1,http://www.accessdata.fda.gov/drugsatfda_docs/nda/2018/210861Orig1s000_21171Orig1s000TOC.html
0a55b9552848c66ee36f14d6,56702,211710,ORIG,1,http://www.accessdata.fda.gov/drugsatfda_docs/nda/2018/210861Orig1s000_21171Orig1s000TOC.html
e370166a220ece10c677ea18,56703,209607,ORIG,1,http://www.accessdata.fda.gov/drugsatfda_docs/nda/2018/209607Orig1s000TOC.html
406d6edca1c2e50e8330e41c,56704,210455,ORIG,1,http://www.accessdata.fda.gov/drugsatfda_docs/nda/2018/210455Orig1s000TOC.html
795327b86a5b66e16e389301,56726,125545,ORIG,1,http://www.accessdata.fda.gov/drugsatfda_docs/nda/2018/125545Orig1s000TOC.html
28311797f7f5054ee3291a22,56727,209310,ORIG,1,http://www.accessdata.fda.gov/drugsatfda_docs/nda/2017/209310Orig1s000TOC.html
4da0a21dc1b30309757f86df,56728,208399,ORIG,1,http://www.accessdata.fda.gov/drugsatfda_docs/nda/2017/208399Orig1s000TOC.html
3bb08bb32ad80e6d14b6a61d,56741,208612,ORIG,1,http://www.accessdata.fda.gov/drugsatfda_docs/nda/2018/208612Orig1s000TOC.html
8863ca69b259b8564ad105c5,56742,208085,ORIG,1,http://www.accessdata.fda.gov/drugsatfda_docs/nda/2018/208085Orig1s000TOC.html
461847ec119354cc512ff425,56750,211284,ORIG,1,http://www.accessdata.fda.gov/drugsatfda_docs/nda/2018/211284Orig1s000TOC.html
3829abd60965a04d3f140acb,56751,210906,ORIG,1,http://www.accessdata.fda.gov/drugsatfda_docs/nda/2018/210906Orig1s000TOC.html
54b1e53f91833441d36fd10b,56752,210598,ORIG,1,http://www.accessdata.fda.gov/drugsatfda_docs/nda/2018/210598Orig1s000TOC.html
3c69078a01c951ea3626c971,56753,210656,ORIG,1,http://www.accessdata.fda.gov/drugsatfda_docs/nda/2018/210656Orig1s000TOC.html
3067876370af11a77d08715b,56754,761107,ORIG,1,http://www.accessdata.fda.gov/drugsatfda_docs/nda/2018/761107Orig1s000TOC.html
5b375013ce8f48346553ed6e,56983,210910,ORIG,1,http://www.accessdata.fda.gov/drugsatfda_docs/nda/2018/210910Orig1_toc.html
e905d6f85658a4fa338136c6,56984,208078,ORIG,1,http://www.accessdata.fda.gov/drugsatfda_docs/nda/2018/208078Orig1_toc.html
c3490efe9279c76dc1d96155,56985,211349,ORIG,1,http://www.accessdata.fda.gov/drugsatfda_docs/nda/2018/211349Orig1_toc.html
8a386098b730a05303aaef97,57034,211226,ORIG,1,http://www.accessdata.fda.gov/drugsatfda_docs/nda/2018/211226Orig1s000TOC.html
89a8d27d82ee8550b56c1e30,57035,210833,ORIG,1,http://www.accessdata.fda.gov/drugsatfda_docs/nda/2018/210833Orig1s000TOC.html
0a97c969b4fef87917d72064,57036,209552,ORIG,1,http://www.accessdata.fda.gov/drugsatfda_docs/nda/2018/209552Orig1s000TOC.html
f7f3dd8271597b45ac3a2806,57037,209410,ORIG,1,http://www.accessdata.fda.gov/drugsatfda_docs/nda/2018/209410Orig1s000TOC.html
3792e8d1e761e222685c92ef,57038,209355,ORIG,1,http://www.accessdata.fda.gov/drugsatfda_docs/nda/2018/209355Orig1s000TOC.html
6fc3d805aaddac7f3f502286,57043,210166,ORIG,1,http://www.accessdata.fda.gov/drugsatfda_docs/nda/2018/210166Orig1s000TOC.html
6e262ca8c73b5a14eb2228fa,57125,209481,ORIG,1,http://www.accessdata.fda.gov/drugsatfda_docs/nda/2018/209481Orig1s000TOC.html
f3b463af61824c11be6d3fbb,57126,211580,ORIG,1,http://www.accessdata.fda.gov/drugsatfda_docs/nda/2018/211580Orig1s000TOC.html
63f5fdfd5757147197be54e3,57158,125559,SUPPL,14,http://www.accessdata.fda.gov/drugsatfda_docs/nda/2018/125559Orig1s014TOC.html
3df5e63f26942b93d89ebbd5,57199,202346,ORIG,1,http://www.accessdata.fda.gov/drugsatfda_docs/nda/2015/202346Orig1s000.pdf
3e0ebfc2ffdb620ef5b363de,57200,019430,SUPPL,59,http://www.accessdata.fda.gov/drugsatfda_docs/nda/2014/019430Orig1s059.pdf
e15192f351a6374eba1fdfd6,57203,021660,SUPPL,29,http://www.accessdata.fda.gov/drugsatfda_docs/nda/2011/021660Orig1s029.pdf
83493763404bbefd5b15a0fd,57204,021660,SUPPL,26,http://www.accessdata.fda.gov/drugsatfda_docs/nda/2011/021660Orig1s026.pdf
79e3fcf666f51c2c0818cd62,57205,021660,SUPPL,25,http://www.accessdata.fda.gov/drugsatfda_docs/nda/2011/021660Orig1s025.pdf
77a83112d3aba9f0dbb406ce,57208,125156,SUPPL,110,http://www.accessdata.fda.gov/drugsatfda_docs/nda/2016/125156Orig1s110.pdf
153d4aef6c4409e2ed72ad43,57209,125156,SUPPL,112,http://www.accessdata.fda.gov/drugsatfda_docs/nda/2016/125156Orig1s112.pdf
532b21964a5ce52c8d72dc2f,57210,125156,SUPPL,117,http://www.accessdata.fda.gov/drugsatfda_docs/nda/2018/125156Orig1s117.pdf
746b28c564d442b1fef91fb1,57211,207955,ORIG,1,http://www.accessdata.fda.gov/drugsatfda_docs/nda/2015/207955Orig1s000.pdf
20354e7a4cad5af50cb1023d,57212,125387,SUPPL,23,http://www.accessdata.fda.gov/drugsatfda_docs/nda/2014/125387Orig1s023.pdf
70574ac89e641e4f07b1aea3,57213,050790,SUPPL,24,http://www.accessdata.fda.gov/drugsatfda_docs/nda/2016/50790Orig1s024.pdf
e3d8f3876ae011d4a7e8b5bd,57214,050790,SUPPL,25,http://www.accessdata.fda.gov/drugsatfda_docs/nda/2016/50790Orig1s025.pdf
3849d14b950d18503089a4c3,57215,125387,SUPPL,53,http://www.accessdata.fda.gov/drugsatfda_docs/nda/2019/125387Orig1s053.pdf
34b5b21060e3f3dd64cc09f3,57218,207920,SUPPL,2,http://www.accessdata.fda.gov/drugsatfda_docs/nda/2017/207920Orig1s002.pdf
52addbd02bd1deb74d801f1a,57219,125320,SUPPL,6,http://www.accessdata.fda.gov/drugsatfda_docs/nda/2011/125320Orig1s006.pdf
9762d456ec8c6999b0cc43f0,57220,125320,SUPPL,5,http://www.accessdata.fda.gov/drugsatfda_docs/nda/2011/125320Orig1s005.pdf
997328a8db9e8fa3b4cc394f,57221,091226,SUPPL,1,http://www.accessdata.fda.gov/drugsatfda_docs/nda/2013/091226Orig1s001.pdf
1477e634867921c01da3beb4,57222,078003,ORIG,1,http://www.accessdata.fda.gov/drugsatfda_docs/nda/2015/078003Orig1s000.pdf
6147dcbf7d33a821e760b831,57223,022023,SUPPL,18,http://www.accessdata.fda.gov/drugsatfda_docs/nda/2018/022023Orig1s018.pdf
dddca370c3a54a2ebd043cef,57245,761108,ORIG,1,http://www.accessdata.fda.gov/drugsatfda_docs/nda/2018/761108Orig1s000TOC.html
57c52568f893116fd83139ec,57292,761102,ORIG,1,http://www.accessdata.fda.gov/drugsatfda_docs/nda/2018/761102Orig1s000TOC.html
79963e662d20035833ffedf9,57349,202714,SUPPL,21,http://www.accessdata.fda.gov/drugsatfda_docs/nda/2018/202714Orig1s021TOC.html
7ea3a4d46b353d7cdea6462c,57350,761116,ORIG,1,http://www.accessdata.fda.gov/drugsatfda_docs/nda/2018/761116Orig1s000TOC.html
4d60eb0365dcfcf927495e3a,57351,209311,ORIG,1,http://www.accessdata.fda.gov/drugsatfda_docs/nda/2018/209311Orig1s000TOC.html
fa66d61318ae22e2fd81be2a,57394,208564,ORIG,1,http://www.accessdata.fda.gov/drugsatfda_docs/nda/2018/208564Orig1s000TOC.html
b383a2fc4f87a70a3fb15094,57395,020312,ORIG,1,http://www.accessdata.fda.gov/drugsatfda_docs/nda/pre96/020312Orig1s000rev.pdf
46a3d5dd4b5502cde16af256,57397,020126,SUPPL,1,http://www.accessdata.fda.gov/drugsatfda_docs/nda/pre96/020126Orig1s001.pdf
2916c43f3d879d362dce65a6,57398,065488,SUPPL,2,http://www.accessdata.fda.gov/drugsatfda_docs/nda/2017/065488Orig1s002.pdf
cc48b50f6bdf62b301fc17a6,57399,065488,SUPPL,1,http://www.accessdata.fda.gov/drugsatfda_docs/nda/2016/065488Orig1s001.pdf
8f077b79159725636979d794,57400,019908,SUPPL,25,http://www.accessdata.fda.gov/drugsatfda_docs/nda/2007/019908Orig1s025.pdf
71cf89870e85862bf9a230a2,57401,021338,SUPPL,5,http://www.accessdata.fda.gov/drugsatfda_docs/nda/2015/021338Orig1s005.pdf
fd2b2a2a70731240e7a73530,57402,022462,SUPPL,8,http://www.accessdata.fda.gov/drugsatfda_docs/nda/2015/022462Orig1s008.pdf
c6038192b8a024a71e7ed6ff,57403,205004,SUPPL,2,http://www.accessdata.fda.gov/drugsatfda_docs/nda/2018/205004Orig1s002.pdf
a0558ef3a7190e83e05b3d07,57404,006488,SUPPL,27,http://www.accessdata.fda.gov/drugsatfda_docs/nda/pre96/006488Orig1s027.pdf
2beee4e06c37439a3544e30a,57417,018830,ORIG,1,https://www.accessdata.fda.gov/drugsatfda_docs/nda/pre96/018830Orig1s000rev.pdf
2f09036bbb0c061f3b1df4ff,57418,019194,ORIG,1,https://www.accessdata.fda.gov/drugsatfda_docs/nda/2026/019194_Original_Approval_Pkg.pdf
f84c7afb2b58afc0c8250725,57419,103132,ORIG,1,http://www.accessdata.fda.gov/drugsatfda_docs/nda/pre96/103132Orig1s000rev.pdf
bdd478c8c9b5b56929fc63f1,57420,103628,ORIG,1,http://www.accessdata.fda.gov/drugsatfda_docs/nda/96/103628Orig1s000rev.pdf
0cb49d9e16cfdfcbdd521fa9,57421,020357,ORIG,1,http://www.accessdata.fda.gov/drugsatfda_docs/nda/pre96/020357Orig1s000rev.pdf
5210486f93505a4fd71ebb46,57422,020677,ORIG,1,http://www.accessdata.fda.gov/drugsatfda_docs/nda/pre96/020677Orig1s000rev.pdf
98de15bca2973ea42b844cfc,57423,020386,ORIG,1,http://www.accessdata.fda.gov/drugsatfda_docs/nda/96/020386Orig1s000rev.pdf
18b9c8127862a238222565c7,57425,074374,ORIG,1,http://www.accessdata.fda.gov/drugsatfda_docs/nda/pre96/074374Orig1s000rev.pdf
af8786715e9e5ec59558528d,57426,019835,ORIG,1,http://www.accessdata.fda.gov/drugsatfda_docs/nda/pre96/019835Orig1s000rev.pdf
cfb03be0443cb53b703f138b,57427,020297,ORIG,1,http://www.accessdata.fda.gov/drugsatfda_docs/nda/pre96/020297Orig1s000rev.pdf
2b72042e2fb700a7a3c389b6,57428,020356,ORIG,1,http://www.accessdata.fda.gov/drugsatfda_docs/nda/pre96/020356Orig1s000rev.pdf
c15d68fcf28fc4747303fe33,57439,019805,ORIG,1,https://www.accessdata.fda.gov/drugsatfda_docs/nda/pre96/019085Orig1s000rev.pdf
5fa34001f56037ff915604e5,57440,050679,ORIG,1,http://www.accessdata.fda.gov/drugsatfda_docs/nda/96/050679Orig1s000rev.pdf
ed0dd8f5f2905ea541e29571,57441,018654,ORIG,1,http://www.accessdata.fda.gov/drugsatfda_docs/nda/pre96/018654Orig1s000rev.pdf
e3687637f20cd108b73fc395,57442,018644,ORIG,1,http://www.accessdata.fda.gov/drugsatfda_docs/nda/pre96/018644Orig1s000rev.pdf
ed004c34209951807b6dca67,57443,019815,ORIG,1,http://www.accessdata.fda.gov/drugsatfda_docs/nda/pre96/019815Orig1s000rev.pdf
4907f5bbbf4650efb0644161,57444,020450,ORIG,1,http://www.accessdata.fda.gov/drugsatfda_docs/nda/97/020450Orig1s000rev.pdf
ba2c6f32ae770df708c3c00e,57445,019384,ORIG,1,http://www.accessdata.fda.gov/drugsatfda_docs/nda/pre96/019384Orig1s000rev.pdf
ba6c7e4eb70188e6ea8aaa44,57446,050722,ORIG,1,http://www.accessdata.fda.gov/drugsatfda_docs/nda/98/050722Orig1s000rev.pdf
1dff2634d9e2addc1f48c7e4,57447,020397,ORIG,1,http://www.accessdata.fda.gov/drugsatfda_docs/nda/97/020397Orig1s000rev.pdf
eac39220767ec34e6175380f,57448,020547,ORIG,1,http://www.accessdata.fda.gov/drugsatfda_docs/nda/97/020547Orig1s000rev.pdf
bab536f7d1b0bf162cdeebbb,57449,020471,ORIG,1,http://www.accessdata.fda.gov/drugsatfda_docs/nda/97/020471Orig1s000rev.pdf
4dc3c523da532fbdda944c6c,57456,019462,ORIG,1,http://www.accessdata.fda.gov/drugsatfda_docs/nda/pre96/019462Orig1s000rev.pdf
130fe1fdce3a9069c5023521,57458,020449,ORIG,1,http://www.accessdata.fda.gov/drugsatfda_docs/nda/pre96/020449Orig1s000rev.pdf
bfa1384416920403be37d2e4,57459,020528,ORIG,1,http://www.accessdata.fda.gov/drugsatfda_docs/nda/96/020528Orig1s000rev.pdf
ee875adbde0f8e5d0568f0f4,57460,050717,ORIG,1,http://www.accessdata.fda.gov/drugsatfda_docs/nda/96/050717Orig1s000rev.pdf
9e5157cc733ab991e1b08bc4,57461,050685,ORIG,1,http://www.accessdata.fda.gov/drugsatfda_docs/nda/pre96/050685Orig1s000rev.pdf
22a2183eea892685314d85a9,57462,050678,ORIG,1,http://www.accessdata.fda.gov/drugsatfda_docs/nda/pre96/050678Orig1s000rev.pdf
de603db3cb14d1939064fc02,57463,020491,ORIG,1,http://www.accessdata.fda.gov/drugsatfda_docs/nda/96/020491Orig1s000rev.pdf
5ce101a6bd40fcb2cff86e7f,57464,020688,ORIG,1,http://www.accessdata.fda.gov/drugsatfda_docs/nda/97/020688Orig1s000rev.pdf
b64c6d10a88570a21e6d7cc7,57465,020415,ORIG,1,http://www.accessdata.fda.gov/drugsatfda_docs/nda/96/020415Orig1s000rev.pdf
455b6c618a843b6527de8ddb,57466,020690,ORIG,1,http://www.accessdata.fda.gov/drugsatfda_docs/nda/97/020690Orig1s000rev.pdf
6ceb5fcbc03dc2abd0bfb90c,57467,020444,ORIG,1,http://www.accessdata.fda.gov/drugsatfda_docs/nda/pre96/020444Orig1s000rev.pdf
6bb7e77acd756def71de6253,57468,020659,ORIG,1,http://www.accessdata.fda.gov/drugsatfda_docs/nda/97/020659Orig1s000rev.pdf
ff57bebf70b13d038761dff9,57496,210565,ORIG,1,http://www.accessdata.fda.gov/drugsatfda_docs/nda/2018/210565Orig1s000TOC.html
bc1fe229f4d475b9ec1aa205,57563,209128,ORIG,1,http://www.accessdata.fda.gov/drugsatfda_docs/nda/2018/209128Orig1s000TOC.html
74b54a9dee628ab6e714a22d,57568,206976,ORIG,1,http://www.accessdata.fda.gov/drugsatfda_docs/nda/2018/206976Orig1s000TOC.html
74afa3d8967fd6484e673cdd,57584,210607,ORIG,1,http://www.accessdata.fda.gov/drugsatfda_docs/nda/2018/210607Orig1s000TOC.html
e0dbe964c8e4ad41797bd9a8,57613,125514,SUPPL,14,http://www.accessdata.fda.gov/drugsatfda_docs/nda/2019/125514Orig1s014.pdf
3c59203b5b730e1e99264686,57615,018651,ORIG,1,http://www.accessdata.fda.gov/drugsatfda_docs/nda/pre96/018651Orig1s000rev.pdf
3753e530c159a0135b481018,57616,018677,ORIG,1,http://www.accessdata.fda.gov/drugsatfda_docs/nda/pre96/018677Orig1s000rev.pdf
54c5bb0be217dda70a307387,57617,018689,ORIG,1,http://www.accessdata.fda.gov/drugsatfda_docs/nda/pre96/018689Orig1s000rev.pdf
da81a0fa7f291bd838f6d533,57618,018708,ORIG,1,http://www.accessdata.fda.gov/drugsatfda_docs/nda/pre96/018708Orig1s000rev.pdf
fe35d7a63032f65c61db63af,57619,018731,ORIG,1,http://www.accessdata.fda.gov/drugsatfda_docs/nda/pre96/018731Orig1s000rev.pdf
de8d68ea03dc6c35cd1cf7cf,57620,018738,ORIG,1,http://www.accessdata.fda.gov/drugsatfda_docs/nda/pre96/018738Orig1s000rev.pdf
c6dc5a976cefacacb2f59e9e,57621,018754,ORIG,1,http://www.accessdata.fda.gov/drugsatfda_docs/nda/pre96/018754Orig1s000rev.pdf
53f7a1ba50ec7fbe03810526,57622,018859,ORIG,1,http://www.accessdata.fda.gov/drugsatfda_docs/nda/pre96/018859Orig1s000rev.pdf
6009d7ac00e0ec97fe64c368,57623,018873,ORIG,1,http://www.accessdata.fda.gov/drugsatfda_docs/nda/pre96/018873Orig1s000rev.pdf
4a59f7bb127f975fe3302c5c,57624,018948,ORIG,1,http://www.accessdata.fda.gov/drugsatfda_docs/nda/pre96/018948Orig1s000rev.pdf
97de846b0be4069831f1c182,57625,019009,ORIG,1,http://www.accessdata.fda.gov/drugsatfda_docs/nda/pre96/019009Orig1s000rev.pdf
4a0d7152ef6053be5ac0335a,57626,019010,ORIG,1,http://www.accessdata.fda.gov/drugsatfda_docs/nda/pre96/019010Orig1s000rev.pdf
5c4a3b023e23009ae8ad6f89,57627,019032,ORIG,1,http://www.accessdata.fda.gov/drugsatfda_docs/nda/pre96/019032Orig1s000rev.pdf
f23b8a054e9ee309824e6a40,57629,019219,ORIG,1,http://www.accessdata.fda.gov/drugsatfda_docs/nda/pre96/019219Orig1s000rev.pdf
549dc169d4dde773cbe45ae7,57630,019270,ORIG,1,http://www.accessdata.fda.gov/drugsatfda_docs/nda/pre96/019270Orig1s000rev.pdf
4c1b61692a0e0a89fc578c9a,57631,019280,ORIG,1,http://www.accessdata.fda.gov/drugsatfda_docs/nda/pre96/019280Orig1s000rev.pdf
d349930acf01972b610849ab,57632,019322,ORIG,1,http://www.accessdata.fda.gov/drugsatfda_docs/nda/pre96/019322Orig1s000rev.pdf
db21106dc6fb000d997bbbb8,57633,019353,ORIG,1,http://www.accessdata.fda.gov/drugsatfda_docs/nda/pre96/019353Orig1s000rev.pdf
a78cb3b44c661c053f8b7951,57634,019368,ORIG,1,http://www.accessdata.fda.gov/drugsatfda_docs/nda/pre96/019368Orig1s000rev.pdf
3f758888ee985244911d7dca,57635,019369,ORIG,1,http://www.accessdata.fda.gov/drugsatfda_docs/nda/pre96/019369Orig1s000rev.pdf
b677ad1de56d6a399867c04c,57636,019404,ORIG,1,http://www.accessdata.fda.gov/drugsatfda_docs/nda/pre96/019404Orig1s000rev.pdf
f542f59ababbf1a3f012885e,57637,019435,ORIG,1,http://www.accessdata.fda.gov/drugsatfda_docs/nda/pre96/019435Orig1s000rev.pdf
0d584a8691d7c6053f8de649,57638,019500,ORIG,1,http://www.accessdata.fda.gov/drugsatfda_docs/nda/pre96/019500Orig1s000rev.pdf
6291aeece168465c97bc1165,57639,020114,ORIG,1,http://www.accessdata.fda.gov/drugsatfda_docs/nda/pre96/020114Orig1s000rev.pdf
b8a232ff2d8405b86c9fddfe,57640,020169,ORIG,1,http://www.accessdata.fda.gov/drugsatfda_docs/nda/pre96/020169Orig1s000rev.pdf
aca68eed642330c62da7a85d,57641,020193,ORIG,1,http://www.accessdata.fda.gov/drugsatfda_docs/nda/pre96/020193Orig1s000rev.pdf
d235a1cc20c5208da0e6631d,57642,020212,ORIG,1,http://www.accessdata.fda.gov/drugsatfda_docs/nda/pre96/020212Orig1s000rev.pdf
a9ad0bf00449e8d911777d94,57643,020221,ORIG,1,http://www.accessdata.fda.gov/drugsatfda_docs/nda/pre96/020221Orig1s000rev.pdf
31b7e42d4079158dac11d1e8,57644,020281,ORIG,1,http://www.accessdata.fda.gov/drugsatfda_docs/nda/pre96/020281Orig1s000rev.pdf
fa4883cccfe713784aff04e4,57645,020338,ORIG,1,http://www.accessdata.fda.gov/drugsatfda_docs/nda/pre96/020338Orig1s000rev.pdf
44e3605a9a51bc1151fa1798,57646,020428,ORIG,1,http://www.accessdata.fda.gov/drugsatfda_docs/nda/pre96/020428Orig1s000rev.pdf
b751b1bffc23ded28a8d6493,57647,020451,ORIG,1,http://www.accessdata.fda.gov/drugsatfda_docs/nda/pre96/020451Orig1s000rev.pdf
ef92144bd133667cd7fd9470,57648,020459,ORIG,1,http://www.accessdata.fda.gov/drugsatfda_docs/nda/pre96/020459Orig1s000rev.pdf
6952a34a852bce2b8bdb9e14,57649,020478,ORIG,1,http://www.accessdata.fda.gov/drugsatfda_docs/nda/pre96/020478Orig1s000rev.pdf
396394ed1b13dd0af1eb64b2,57650,020482,ORIG,1,http://www.accessdata.fda.gov/drugsatfda_docs/nda/pre96/020482Orig1s000rev.pdf
c6867046feff74f9722982ad,57651,020496,ORIG,1,http://www.accessdata.fda.gov/drugsatfda_docs/nda/pre96/020496Orig1s000rev.pdf
ff6172a21f83c55c2b9f3cbe,57652,202833,SUPPL,5,http://www.accessdata.fda.gov/drugsatfda_docs/nda/2015/202833Orig1s005.pdf
2f2c9d7ef84a961b453bd1ab,57653,208077,ORIG,1,http://www.accessdata.fda.gov/drugsatfda_docs/nda/2016/208077Orig1s000.pdf
00b0bacf07ed81f4f8218bac,57654,020498,ORIG,1,http://www.accessdata.fda.gov/drugsatfda_docs/nda/pre96/020498Orig1s000rev.pdf
d35df9628d5a41290dbe2663,57655,018922,SUPPL,5,http://www.accessdata.fda.gov/drugsatfda_docs/nda/pre96/018922Orig1s005.pdf
c1b90824d9f67cf19b662495,57656,020509,ORIG,1,http://www.accessdata.fda.gov/drugsatfda_docs/nda/pre96/020509Orig1s000rev.pdf
a5d5f63d3a3def9f8130fa2d,57657,020524,ORIG,1,http://www.accessdata.fda.gov/drugsatfda_docs/nda/pre96/020524Orig1s000rev.pdf
9075f5a62de325dfe6597d5f,57658,020532,ORIG,1,http://www.accessdata.fda.gov/drugsatfda_docs/nda/pre96/020532Orig1s000rev.pdf
9ee952e560ab969606c64455,57659,020533,ORIG,1,http://www.accessdata.fda.gov/drugsatfda_docs/nda/pre96/020533Orig1s000rev.pdf
54ca899fa602537108f77ad1,57660,020541,ORIG,1,http://www.accessdata.fda.gov/drugsatfda_docs/nda/pre96/020541Orig1s000rev.pdf
5805b68c864beaeb7ffee93f,57661,020560,ORIG,1,http://www.accessdata.fda.gov/drugsatfda_docs/nda/pre96/020560Orig1s000rev.pdf
665295841f4a8cb00b328997,57662,020563,ORIG,1,http://www.accessdata.fda.gov/drugsatfda_docs/nda/pre96/020563Orig1s000rev.pdf
d4cf0ea76d8bb89a951a8986,57663,020564,ORIG,1,http://www.accessdata.fda.gov/drugsatfda_docs/nda/pre96/020564Orig1s000rev.pdf
8f6bd0e2721686b559e7790e,57664,020571,ORIG,1,http://www.accessdata.fda.gov/drugsatfda_docs/nda/pre96/020571Orig1s000rev.pdf
6567e8d95afd447155652a81,57665,020573,ORIG,1,http://www.accessdata.fda.gov/drugsatfda_docs/nda/pre96/020573Orig1s000rev.pdf
7fc188658d9ae2ceaa21a1b1,57666,020576,ORIG,1,http://www.accessdata.fda.gov/drugsatfda_docs/nda/pre96/020576Orig1s000rev.pdf
3332916430c166f9893c4889,57669,208363,ORIG,1,http://www.accessdata.fda.gov/drugsatfda_docs/nda/2018/208363Orig1s000ApprovRoutingSummary.pdf
e82a445bbb6284fd4a003dda,57670,022320,SUPPL,2,http://www.accessdata.fda.gov/drugsatfda_docs/nda/2011/22320Orig1s002.pdf
f543edb9cc09345a2d9fe0dd,57671,061212,ORIG,1,http://www.accessdata.fda.gov/drugsatfda_docs/nda/pre96/061212Orig1s000.pdf
3ae1df1b2d3b6c0221e5bd73,57672,050443,SUPPL,36,http://www.accessdata.fda.gov/drugsatfda_docs/nda/2010/050443Orig1s036.pdf
68b2c65cd434c44957a02fda,57673,050597,ORIG,1,http://www.accessdata.fda.gov/drugsatfda_docs/nda/pre96/050597Orig1s000rev.pdf
3d6bad39409f734ebe85084a,57674,020599,ORIG,1,http://www.accessdata.fda.gov/drugsatfda_docs/nda/pre96/020599Orig1s000rev.pdf
ff62d3be36a64f88045dc036,57675,020613,ORIG,1,http://www.accessdata.fda.gov/drugsatfda_docs/nda/pre96/020613Orig1s000rev.pdf
8016b5ed03fb5ba35a102a54,57676,020622,ORIG,1,http://www.accessdata.fda.gov/drugsatfda_docs/nda/pre96/020622Orig1s000rev.pdf
78bb8097db49357c4a82dfda,57677,020625,ORIG,1,http://www.accessdata.fda.gov/drugsatfda_docs/nda/pre96/020625Orig1s000rev.pdf
e20575267027738fe7a72e09,57678,103948,SUPPL,5151,http://www.accessdata.fda.gov/drugsatfda_docs/nda/2015/103948Orig1s5151.pdf
0b41ee7c5ee9a7e87354feb3,57679,020628,ORIG,1,http://www.accessdata.fda.gov/drugsatfda_docs/nda/pre96/020628Orig1s000rev.pdf
beb0bcdfe2e4142348f47621,57680,020629,ORIG,1,http://www.accessdata.fda.gov/drugsatfda_docs/nda/pre96/020629Orig1s000rev.pdf
06c5c065e9b8547b03785013,57681,020630,ORIG,1,http://www.accessdata.fda.gov/drugsatfda_docs/nda/pre96/020630Orig1s000rev.pdf
c06950e2b1b418ab73962d9f,57682,020636,ORIG,1,http://www.accessdata.fda.gov/drugsatfda_docs/nda/pre96/020636Orig1s000rev.pdf
50bdcaec4d598e20fec28ba2,57683,020638,ORIG,1,http://www.accessdata.fda.gov/drugsatfda_docs/nda/pre96/020638Orig1s000rev.pdf
730a12bdbb2628abe32b0d37,57684,020666,ORIG,1,http://www.accessdata.fda.gov/drugsatfda_docs/nda/pre96/020666Orig1s000rev.pdf
36393574862c9f849d1ff88b,57685,020671,ORIG,1,http://www.accessdata.fda.gov/drugsatfda_docs/nda/pre96/020671Orig1s000rev.pdf
81abc5a49a1905347274c4f1,57686,020682,ORIG,1,http://www.accessdata.fda.gov/drugsatfda_docs/nda/pre96/020682orig1s000rev.pdf
0625d0715d13a37b3cdb0fcf,57687,001504,ORIG,1,http://www.accessdata.fda.gov/drugsatfda_docs/nda/pre96/001504Orig1s000.pdf
4a7ee5e48eb6676acfbadc9b,57688,020685,ORIG,1,http://www.accessdata.fda.gov/drugsatfda_docs/nda/pre96/020685Orig1s000rev.pdf
0db3300c332e5ec85adf0c10,57689,050578,ORIG,1,http://www.accessdata.fda.gov/drugsatfda_docs/nda/pre96/050578Orig1s000rev.pdf
a5d0bfafcefc212381f52d5d,57690,050580,ORIG,1,http://www.accessdata.fda.gov/drugsatfda_docs/nda/pre96/050580Orig1s000rev.pdf
da06accb8ac81245f51500fb,57691,050587,ORIG,1,http://www.accessdata.fda.gov/drugsatfda_docs/nda/pre96/050587Orig1s000rev.pdf
62e4c5d2273d40a8c50ff9e0,57692,050588,ORIG,1,http://www.accessdata.fda.gov/drugsatfda_docs/nda/pre96/050588Orig1s000rev.pdf
cf9d98e7ce05a47ad88b1f8a,57693,050608,ORIG,1,http://www.accessdata.fda.gov/drugsatfda_docs/nda/pre96/050608Orig1s000rev.pdf
e7d3f541a1961e2806712d80,57715,207932,ORIG,1,http://www.accessdata.fda.gov/drugsatfda_docs/nda/2015/207932Orig1s000TOC.html
a80fb4241dfedb24ce1c13ed,57738,761080,ORIG,1,http://www.accessdata.fda.gov/drugsatfda_docs/nda/2018/761080Orig1s000TOC.html
c15d68fcf28fc4747303fe33,57804,019085,ORIG,1,http://www.accessdata.fda.gov/drugsatfda_docs/nda/pre96/019085Orig1s000rev.pdf
62601bbb523415a4bd4d94f0,57805,020597,ORIG,1,http://www.accessdata.fda.gov/drugsatfda_docs/nda/pre96/020597Orig1s000rev.pdf
7d8fd14ffd412f27396e922d,57806,209353,ORIG,1,http://www.accessdata.fda.gov/drugsatfda_docs/nda/2018/209353Orig1s000TOC.html
da0e3e293f937f32be4d8b16,57807,074250,ORIG,1,http://www.accessdata.fda.gov/drugsatfda_docs/nda/pre96/074250Orig1s000rev.pdf
83e34ddc787c659b1e4259b9,57808,761088,ORIG,1,http://www.accessdata.fda.gov/drugsatfda_docs/nda/2018/761088Orig1s000TOC.html
98f66ebd83e1c3b2d52bdaac,57826,208653,ORIG,1,http://www.accessdata.fda.gov/drugsatfda_docs/nda/2018/208653Orig1s000TOC.html
ec8ce09d0134bd0532f33ae3,57906,761039,ORIG,1,http://www.accessdata.fda.gov/drugsatfda_docs/nda/2018/761039Orig1s000TOC.html
145c88fd14e6d90f17a02c66,57907,761085,ORIG,1,http://www.accessdata.fda.gov/drugsatfda_docs/nda/2019/761085Orig1s000TOC.html
6fd2d81b290ec57303dee852,57908,761100,ORIG,1,http://www.accessdata.fda.gov/drugsatfda_docs/nda/2019/761100Orig1s000TOC.html
5e775aa317152dd0faa272b3,57946,202811,SUPPL,10,http://www.accessdata.fda.gov/drugsatfda_docs/nda/2018/202811Orig1s010.pdf
d09c131e0828810e666d8f3e,57949,208711,ORIG,1,http://www.accessdata.fda.gov/drugsatfda_docs/nda/2018/208711Orig1s000TOC.html
9321c865af440ca6c1f3c9ef,57950,209080,ORIG,1,http://www.accessdata.fda.gov/drugsatfda_docs/nda/2018/209080Orig1s000TOC.html
8c23bc8f000e5d673b06f9e2,58009,761112,ORIG,1,http://www.accessdata.fda.gov/drugsatfda_docs/nda/2019/761112Orig1s000TOC.html
854437f724d19e9990f5347b,58054,761071,ORIG,1,http://www.accessdata.fda.gov/drugsatfda_docs/nda/2018/761071Orig1s000TOC.html
4456296e37706c2ebec16ce8,58058,761091,ORIG,1,http://www.accessdata.fda.gov/drugsatfda_docs/nda/2018/761091Orig1s000TOC.html
0358d8ede371b1b9b5bce5fe,58059,210913,ORIG,1,http://www.accessdata.fda.gov/drugsatfda_docs/nda/2018/210913Orig1s000TOC.html
788c6e019c68328b71010087,58073,205580,ORIG,1,http://www.accessdata.fda.gov/drugsatfda_docs/nda/2018/205580Orig1s000TOC.html
e4ea735c894ce37859bec875,58098,209863,ORIG,1,http://www.accessdata.fda.gov/drugsatfda_docs/nda/2019/209863Orig1s000TOC.html
ea7f2175b64d7cc2fae1fbf2,58132,210942,ORIG,1,http://www.accessdata.fda.gov/drugsatfda_docs/nda/2019/210942Orig1s000TOC.html
3e41036335ae53e5dff0823e,58153,021200,SUPPL,15,http://www.accessdata.fda.gov/drugsatfda_docs/nda/2019/021200Orig1s015MultidisciplineR.pdf
eede5a12aa85978d01a11ebb,58157,211358,ORIG,1,http://www.accessdata.fda.gov/drugsatfda_docs/nda/2018/211358Orig1s000TOC.html
3455746c1d43ad5890926ec8,58162,204417,ORIG,1,http://www.accessdata.fda.gov/drugsatfda_docs/nda/2018/204417Orig1s000TOC.html
83df292cce5872575abd3364,58213,210331,ORIG,1,http://www.accessdata.fda.gov/drugsatfda_docs/nda/2018/210331Orig1s000TOC.html
bfedf48584152c6888cd944d,58216,021660,SUPPL,37,http://www.accessdata.fda.gov/drugsatfda_docs/nda/2013/021660Orig1s037.pdf
6ca0e75e8bbe63e413ed4a53,58219,205054,ORIG,1,http://www.accessdata.fda.gov/drugsatfda_docs/nda/2018/205054Orig1s000TOC.html
99f71d47aa70c18db588b82e,58222,208288,ORIG,1,http://www.accessdata.fda.gov/drugsatfda_docs/nda/2018/208288Orig1s000TOC.html
dd221a99f6ab86efe0009c9e,58300,208313,ORIG,1,http://www.accessdata.fda.gov/drugsatfda_docs/nda/2018/208313Orig1s000TOC.html
8fe21cf333a9bd0ffc6bfd6f,58346,210821,ORIG,1,http://www.accessdata.fda.gov/drugsatfda_docs/nda/2019/210821Orig1s000TOC.html
cbefeb8ab0910762c7728428,58347,210793,ORIG,1,http://www.accessdata.fda.gov/drugsatfda_docs/nda/2018/210793Orig1s000TOC.html
da6e53d60634e817c85b64d6,58352,208276,ORIG,1,http://www.accessdata.fda.gov/drugsatfda_docs/nda/2018/208276Orig1s000TOC.html
b92171988a4aa2d79fce5781,58439,211225,ORIG,1,http://www.accessdata.fda.gov/drugsatfda_docs/nda/2019/211225Orig1s000TOC.html
a9a9c3e64ed832b86e8f6d08,58460,211371,ORIG,1,http://www.accessdata.fda.gov/drugsatfda_docs/nda/2019/211371Orig1s000TOC.html
fd44dba68213dab58515299d,58461,208042,ORIG,1,http://www.accessdata.fda.gov/drugsatfda_docs/nda/2018/208042Orig1s000TOC.html
b624ea920fb71a2b58d4c47b,58466,211230,ORIG,1,http://www.accessdata.fda.gov/drugsatfda_docs/nda/2019/211230Orig1Orig2s000TOC.html
b624ea920fb71a2b58d4c47b,58467,211230,ORIG,2,http://www.accessdata.fda.gov/drugsatfda_docs/nda/2019/211230Orig1Orig2s000TOC.html
c740b5e86590be6ead1e03ed,58550,209884,ORIG,1,http://www.accessdata.fda.gov/drugsatfda_docs/nda/2019/209884Orig1s000TOC.html
1ad1edc9219eb5489fd9b28e,58635,212018,ORIG,1,http://www.accessdata.fda.gov/drugsatfda_docs/nda/2019/212018Orig1s000TOC.html
0bc7739f34bc7f7806fe7a87,58697,210655,ORIG,1,http://www.accessdata.fda.gov/drugsatfda_docs/nda/2018/210655Orig1s000TOC.html
05f886b16d1ee71a13294ab1,58711,020126,SUPPL,2,http://www.accessdata.fda.gov/drugsatfda_docs/nda/2019/020126Orig1s002.pdf
a34845ce0337d99a09a5de47,58714,020126,SUPPL,4,http://www.accessdata.fda.gov/drugsatfda_docs/nda/2019/020126Orig1s004.pdf
68d1efe08889c1b3b5c9bed7,58715,050819,SUPPL,12,http://www.accessdata.fda.gov/drugsatfda_docs/nda/2019/050819Orig1s012.pdf
064369d34fe0952b1160b545,58716,200744,ORIG,1,http://www.accessdata.fda.gov/drugsatfda_docs/nda/2019/200744Orig1s000Approv.pdf
53146843f3439999b043c6f1,58717,202806,SUPPL,2,http://www.accessdata.fda.gov/drugsatfda_docs/nda/2019/202806Orig1s002.pdf
26b7843550636bbaa195df2c,58718,204403,ORIG,1,http://www.accessdata.fda.gov/drugsatfda_docs/nda/2019/204403Orig1s000.pdf
8912343b5ed4ea8f5a4925db,58738,761062,ORIG,1,http://www.accessdata.fda.gov/drugsatfda_docs/nda/2019/761062Orig1s000TOC.html
4651835b7abd4cbe1459063a,58774,761081,ORIG,1,http://www.accessdata.fda.gov/drugsatfda_docs/nda/2019/761081Orig1s000TOC.html
c502b579e9d3096963622d34,58788,207356,ORIG,1,http://www.accessdata.fda.gov/drugsatfda_docs/nda/2018/207356Orig1s000TOC.html
c867624f09a9b516d91cecc0,58804,208901,ORIG,1,http://www.accessdata.fda.gov/drugsatfda_docs/nda/2018/208901Orig1s000TOC.html
a2fb06004b979e0b88f6aec5,58860,021311,SUPPL,29,http://www.accessdata.fda.gov/drugsatfda_docs/nda/2019/021311Orig1s029.pdf
80b3f7fa10d0f331ee3b23a6,58866,209184,ORIG,1,http://www.accessdata.fda.gov/drugsatfda_docs/nda/2018/209184Orig1s000TOC.html
e58fbbea76a475345e8d8e10,58867,206185,ORIG,1,http://www.accessdata.fda.gov/drugsatfda_docs/nda/2018/206185Orig1s000TOC.html
6184320ca1d5c907a384537c,58883,761105,ORIG,1,http://www.accessdata.fda.gov/drugsatfda_docs/nda/2019/761105Orig1s000TOC.html
bdbe8fecde1dd382dff11bb2,58917,020351,SUPPL,44,http://www.accessdata.fda.gov/drugsatfda_docs/nda/2019/020351Orig1s044.pdf
d49edae6a3c41d6a66e2f17d,58918,020449,SUPPL,79,http://www.accessdata.fda.gov/drugsatfda_docs/nda/2019/020449Orig1s079.pdf
179301a7b25ffa52bf5071d1,58919,020639,SUPPL,46,http://www.accessdata.fda.gov/drugsatfda_docs/nda/2019/020639Orig1s046.pdf
a290e53acb2e0db924ec6a55,58920,020808,SUPPL,25,http://www.accessdata.fda.gov/drugsatfda_docs/nda/2019/020808Orig1s025.pdf
4677b76e41fb0f75b03f180e,58921,125057,SUPPL,393,http://www.accessdata.fda.gov/drugsatfda_docs/nda/2019/125057Orig1s393.pdf
8639954451e39c391755e733,58922,125156,SUPPL,114,http://www.accessdata.fda.gov/drugsatfda_docs/nda/2019/125156Orig1s114.pdf
6694aa5be3b5d90ef5c4a9c4,58923,125160,SUPPL,213,http://www.accessdata.fda.gov/drugsatfda_docs/nda/2019/125160Orig1s213.pdf
d97c084c9ddc3305426a06ba,58924,200936,ORIG,1,http://www.accessdata.fda.gov/drugsatfda_docs/nda/2019/200936Orig1s001.pdf
c8ca988820160de1e3e67f80,58925,203174,ORIG,1,http://www.accessdata.fda.gov/drugsatfda_docs/nda/2019/203174Orig1s000.pdf
92018f9281192390fb4bf263,58926,206321,SUPPL,4,http://www.accessdata.fda.gov/drugsatfda_docs/nda/2019/206321Orig1s004.pdf
40df943da04450e339fe6329,58927,206831,ORIG,1,http://www.accessdata.fda.gov/drugsatfda_docs/nda/2019/206831Orig1s000Approv.pdf
87aa840d6bb408e7fd517245,58928,210132,ORIG,1,http://www.accessdata.fda.gov/drugsatfda_docs/nda/2018/210132Orig1s000TOC.html
4c8924bd40d2fc7bcb19fe09,58930,205920,ORIG,1,http://www.accessdata.fda.gov/drugsatfda_docs/nda/2018/205920Orig1s000TOC.html
2ccf76abc35a679643745f1e,58999,207964,ORIG,1,http://www.accessdata.fda.gov/drugsatfda_docs/nda/2018/207964Orig1s000TOC.html
d09165bec1deb324590f89a7,59046,062055,SUPPL,34,http://www.accessdata.fda.gov/drugsatfda_docs/nda/2018/062055Orig1s034.pdf
847538bec6cefc8a3f341cc4,59047,062055,SUPPL,35,http://www.accessdata.fda.gov/drugsatfda_docs/nda/2018/062055Orig1s035.pdf
a68cd895d4a4943c9ea010e9,59049,125557,SUPPL,7,http://www.accessdata.fda.gov/drugsatfda_docs/nda/2017/125557Orig1s007.pdf
b96fccbb2ca69129e36a45ad,59051,206162,SUPPL,7,http://www.accessdata.fda.gov/drugsatfda_docs/nda/2017/206162Orig1s007.pdf
91ac56ccb71b135bec842ae3,59052,212161,ORIG,1,"http://www.accessdata.fda.gov/drugsatfda_docs/nda/2019/211996Orig1s000, 212161Orig1s000TOC.html"
60229c1cd3e67c82263d2e7d,59054,209830,ORIG,1,http://www.accessdata.fda.gov/drugsatfda_docs/nda/2018/209830Orig1s000TOC.html
111004848e61f3fa89831693,59056,211996,ORIG,1,"https://www.accessdata.fda.gov/drugsatfda_docs/nda/2019/211996Orig1s000,%20212161Orig1s000TOC.html"
578139894ce6b8ba489256da,59107,761066,ORIG,1,http://www.accessdata.fda.gov/drugsatfda_docs/nda/2019/761066Orig1s000TOC.html
501dd059857b129d10094138,59111,212526,ORIG,1,http://www.accessdata.fda.gov/drugsatfda_docs/nda/2019/212526Orig1s000TOC.html
4c852155e4811ef069c0234b,59126,207987,ORIG,1,http://www.accessdata.fda.gov/drugsatfda_docs/nda/2018/207987Orig1s000TOC.html
194cf160b14efa39939f915e,59165,211994,ORIG,1,http://www.accessdata.fda.gov/drugsatfda_docs/nda/2019/211994Orig1s000TOC.html
281f62e1b7a85e009c1a0659,59219,211243,ORIG,1,http://www.accessdata.fda.gov/drugsatfda_docs/nda/2019/211243Orig1s000TOC.html
aa9ee0d914374e7f10c07eb1,59226,761121,ORIG,1,http://www.accessdata.fda.gov/drugsatfda_docs/nda/2019/761121Orig1s000TOC.html
63f4155991885169fe9052ba,59229,212038,ORIG,1,http://www.accessdata.fda.gov/drugsatfda_docs/nda/2019/212038Orig1s000TOC.html
2b9ce9b52f1548bb89bb655d,59284,209905,ORIG,1,http://www.accessdata.fda.gov/drugsatfda_docs/nda/2019/209905Orig1s000TOC.html
f8d6831a8de6502e1ee5d5ca,59288,204824,ORIG,2,https://www.accessdata.fda.gov/drugsatfda_docs/nda/2013/204824Orig2s000TOC.html
9f13c0358dc15fa11275d764,59320,202408,ORIG,1,http://www.accessdata.fda.gov/drugsatfda_docs/nda/2019/202408Orig1s000TOC.html
7c6e1930e46721ff0f8410bc,59373,761073,ORIG,1,http://www.accessdata.fda.gov/drugsatfda_docs/nda/2019/761073Orig1s000TOC.html
e805e5ab71da2f559be3f95e,59390,207962,ORIG,1,http://www.accessdata.fda.gov/drugsatfda_docs/nda/2018/207962Orig1s000TOC.html
cbe48a987faf1546cbae374d,59472,212306,ORIG,1,https://www.accessdata.fda.gov/drugsatfda_docs/nda/2019/212306Orig1s000TOC.html
ceb05625fa717b0b8e356951,59529,212819,ORIG,1,http://www.accessdata.fda.gov/drugsatfda_docs/nda/2019/212819Orig1s000TOC.html
b996c75399e1419c2d4a86f7,59579,210557,ORIG,1,http://www.accessdata.fda.gov/drugsatfda_docs/nda/2019/210557Orig1s000TOC.html
9297bee34e7f496418d46c0a,59603,022561,ORIG,1,http://www.accessdata.fda.gov/drugsatfda_docs/nda/2019/022561Orig1s000TOC.html
e53d028a7711bbf54d04bfad,59613,103949,SUPPL,5259,http://www.accessdata.fda.gov/drugsatfda_docs/nda/2019/103949Orig1s5259.pdf
4f37ad925ceafa7da13b3b8f,59614,125504,SUPPL,1,http://www.accessdata.fda.gov/drugsatfda_docs/nda/2019/125504Orig1s001.pdf
87d241b8d22a5f1b0e991fe5,59615,201525,SUPPL,12,http://www.accessdata.fda.gov/drugsatfda_docs/nda/2019/201525Orig1s012.pdf
552aa23de5b6ab2ae692e9e2,59616,202511,ORIG,1,http://www.accessdata.fda.gov/drugsatfda_docs/nda/2019/202511orig1s000.pdf
60abe37974047344f6240937,59617,203085,SUPPL,7,http://www.accessdata.fda.gov/drugsatfda_docs/nda/2019/203085Orig1s007.pdf
ea3c11ec6fd7f4a590ebd866,59618,207103,SUPPL,4,http://www.accessdata.fda.gov/drugsatfda_docs/nda/2019/207103Orig1s004.pdf
04a20ad1c3a75db304556419,59619,209176,SUPPL,7,http://www.accessdata.fda.gov/drugsatfda_docs/nda/2019/209176Orig1s007.pdf
f60f50dc2c7d3a563ac0b3bd,59620,125504,SUPPL,2,http://www.accessdata.fda.gov/drugsatfda_docs/nda/2019/125504Orig1s002.pdf
761820c939ad70d49fdbdcb5,59621,761038,SUPPL,1,http://www.accessdata.fda.gov/drugsatfda_docs/nda/2019/761038Orig1s001.pdf
2f262a3a039ffd711e52173a,59643,208647,ORIG,1,http://www.accessdata.fda.gov/drugsatfda_docs/nda/2018/208647Orig1s000TOC.html
4b157bc15572ef487489eaa3,59651,209260,ORIG,1,http://www.accessdata.fda.gov/drugsatfda_docs/nda/2018/209260Orig1s0000TOC.html
eab4c48c719de778bc48fedc,59700,212320,ORIG,1,http://www.accessdata.fda.gov/drugsatfda_docs/nda/2019/212320Orig1s000TOC.html
0f7598eb870d2c9b12900ce9,59703,761099,ORIG,1,http://www.accessdata.fda.gov/drugsatfda_docs/nda/2019/761099Orig1s000TOC.html
72a7f989853a2f9851e369f1,59742,211810,ORIG,1,http://www.accessdata.fda.gov/drugsatfda_docs/nda/2019/211810Orig1s000TOC.html
8deee64e98c38ca49e6c07cf,59773,761103,ORIG,1,http://www.accessdata.fda.gov/drugsatfda_docs/nda/2019/761103Orig1s000TOC.html
7c2f80774642737e9d45e3ad,59836,211962,ORIG,1,http://www.accessdata.fda.gov/drugsatfda_docs/nda/2019/211962Orig1s000TOC.html
272b77d7311bc78b18b869e4,59839,761122,ORIG,1,http://www.accessdata.fda.gov/drugsatfda_docs/nda/2019/761122Orig1s000TOC.html
9fd800cbd6127bccd4783602,59840,208742,ORIG,1,http://www.accessdata.fda.gov/drugsatfda_docs/nda/2018/208742Orig1s000TOC.html
04320289f7de08a5cae20bdc,59870,212099,ORIG,1,http://www.accessdata.fda.gov/drugsatfda_docs/nda/2019/212099Orig1s000TOC.html
f7e1bed3f6858534c2df6c2d,59903,210895,ORIG,1,http://www.accessdata.fda.gov/drugsatfda_docs/nda/2019/210895Orig1s000TOC.html
fea0068b771d6234b73dd269,59913,761059,ORIG,1,http://www.accessdata.fda.gov/drugsatfda_docs/nda/2019/761059Orig1s000TOC.html
5ae513ab64da92528a99c845,59982,211675,ORIG,1,http://www.accessdata.fda.gov/drugsatfda_docs/nda/2019/211675Orig1s000TOC.html
3532075f585addbf08513843,59986,212862,ORIG,1,http://www.accessdata.fda.gov/drugsatfda_docs/nda/2019/212862Orig1s000TOC.html
4cc4538d558df4be69ae4a8a,59999,210884,ORIG,1,http://www.accessdata.fda.gov/drugsatfda_docs/nda/2019/210884Orig1s000TOC.html
173ada1f29797a5975801a72,60011,212327,ORIG,1,http://www.accessdata.fda.gov/drugsatfda_docs/nda/2019/212327Orig1s000TOC.html
50c6e1acda9fa28bb658925c,60012,212725,ORIG,1,"http://www.accessdata.fda.gov/drugsatfda_docs/nda/2019/212725Orig1s000, 212726Orig1s000TOC.html"
4e0e1ada3cb287e6e2c85f62,60013,212726,ORIG,1,"https://www.accessdata.fda.gov/drugsatfda_docs/nda/2019/212725Orig1s000,%20212726Orig1s000TOC.html"
6d668d44d8b03139b4bf3d25,60035,021344,SUPPL,29,http://www.accessdata.fda.gov/drugsatfda_docs/nda/2016/021344Orig1s029.pdf
7d0b5fbdb05e10a712751608,60053,020489,SUPPL,31,http://www.accessdata.fda.gov/drugsatfda_docs/nda/2014/020489Orig1s031.pdf
81f3513a16771fc9e9365a33,60055,021344,SUPPL,12,http://www.accessdata.fda.gov/drugsatfda_docs/nda/2010/021344Orig1s012.pdf
d9343400af2ba2e79b85adcc,60056,021196,SUPPL,13,http://www.accessdata.fda.gov/drugsatfda_docs/nda/2012/021196Orig1s013.pdf
7ecccf3f64747540ac32bbd2,60057,020489,SUPPL,34,http://www.accessdata.fda.gov/drugsatfda_docs/nda/2016/020489Orig1s034.pdf
831c2ab49477146a142f69b0,60058,021344,SUPPL,20,http://www.accessdata.fda.gov/drugsatfda_docs/nda/2012/021344Orig1s020.pdf
c94f7014684d5b277d40e69e,60084,210828,ORIG,1,http://www.accessdata.fda.gov/drugsatfda_docs/nda/2019/210828Orig1s000TOC.html
6f1b929d32f79c6bac037eea,60093,022059,SUPPL,7,http://www.accessdata.fda.gov/drugsatfda_docs/nda/2010/022059Orig1s007.pdf
8538fe859c3cd3c914efdd78,60095,211150,ORIG,1,http://www.accessdata.fda.gov/drugsatfda_docs/nda/2019/211150Orig1s000TOC.html
d6f6267863c23d21a13b5e52,60112,211672,ORIG,1,"http://www.accessdata.fda.gov/drugsatfda_docs/nda/2019/211672Orig1s000, 211673Orig1s000TOC.html"
f86964b16a9b08c89e32d2b8,60158,210649,ORIG,1,http://www.accessdata.fda.gov/drugsatfda_docs/nda/2019/210649Orig1s000TOC.html
cff18dfb1fd1e06c2d1f2d16,60159,208573,SUPPL,13,http://www.accessdata.fda.gov/drugsatfda_docs/nda/2019/208573Orig1s013TOC.html
cb41ed9f192de6b3907aa07e,60164,209377,ORIG,1,http://www.accessdata.fda.gov/drugsatfda_docs/nda/2019/209377Orig1s000TOC.html
bea0e0e4e3b1a68797cd011a,60178,211673,ORIG,1,"https://www.accessdata.fda.gov/drugsatfda_docs/nda/2019/211672Orig1s000,%20211673Orig1s000TOC.html"
32768337fe1330fe56622d72,60216,208219,ORIG,1,http://www.accessdata.fda.gov/drugsatfda_docs/nda/2019/208219Orig1s000TOC.html
de0ad92f0037c0ddadf47262,60257,022075,ORIG,1,http://www.accessdata.fda.gov/drugsatfda_docs/nda/2019/022075Orig1s000TOC.html
2af69213e5fcfa2d99e89c72,60518,204042,SUPPL,32,http://www.accessdata.fda.gov/drugsatfda_docs/nda/2019/204042Orig1s032TOC.html
98c453ea4e15d6dd01e1f345,60558,211801,ORIG,1,http://www.accessdata.fda.gov/drugsatfda_docs/nda/2019/211801Orig1s000TOC.html
a0197a36044602bb62154627,60577,761106,ORIG,1,http://www.accessdata.fda.gov/drugsatfda_docs/nda/2019/761106Orig1s000TOC.html
461d664bb5a17d5d2ef065f3,60579,210595,ORIG,1,http://www.accessdata.fda.gov/drugsatfda_docs/nda/2019/210595Orig1s000TOC.html
51eba1da0598e17ad85a0592,60613,211527,ORIG,1,http://www.accessdata.fda.gov/drugsatfda_docs/nda/2019/211527Orig1s000TOC.html
ea7714878b95489d4bebe61c,60739,022219,SUPPL,1,http://www.accessdata.fda.gov/drugsatfda_docs/nda/2014/022219Orig1s001.pdf
873255742a22a47d114bebfb,60740,022219,SUPPL,5,http://www.accessdata.fda.gov/drugsatfda_docs/nda/2015/022219Orig1s005.pdf
6dc2f46c2f260f9d0c54f1d0,60741,022219,SUPPL,9,http://www.accessdata.fda.gov/drugsatfda_docs/nda/2016/022219Orig1s009.pdf
d7f4ab28005a8351053de209,60742,022399,SUPPL,5,http://www.accessdata.fda.gov/drugsatfda_docs/nda/2013/022399Orig1s005.pdf
584f3db6225046d515a505f7,60743,125160,SUPPL,215,http://www.accessdata.fda.gov/drugsatfda_docs/nda/2013/125160Orig1s215.pdf
eed084331ac744aad9bfc976,60744,125261,SUPPL,103,http://www.accessdata.fda.gov/drugsatfda_docs/nda/2013/125261Orig1s103.pdf
00cea51de7ce2d43755e38ee,60745,203214,SUPPL,8,http://www.accessdata.fda.gov/drugsatfda_docs/nda/2015/203214Orig1s008.pdf
8174cae0d715a884a82c21d0,60746,203214,SUPPL,13,http://www.accessdata.fda.gov/drugsatfda_docs/nda/2016/203214Orig1s013.pdf
d57454ba960d9efe077f5781,60747,207103,SUPPL,8,http://www.accessdata.fda.gov/drugsatfda_docs/nda/2019/207103Orig1s008.pdf
e9d3097194eb50a45fbcfb92,60748,212020,ORIG,1,http://www.accessdata.fda.gov/drugsatfda_docs/nda/2019/212020Orig1s000TOC.html
b43c4bf4c3b330589c0d85a5,60777,761125,ORIG,1,https://www.accessdata.fda.gov/drugsatfda_docs/nda/2019/761125_Orig1_toc.html
876cc3f010d436fa31f23620,60818,103792,SUPPL,5175,http://www.accessdata.fda.gov/drugsatfda_docs/nda/2008/103792Orig1s5175.pdf
f3e99c9d932932ee449e1b27,60819,206647,ORIG,1,http://www.accessdata.fda.gov/drugsatfda_docs/nda/2016/206647Orig1_Approval_Pkg.pdf
1d8afd92f86928571f6dea3c,60820,208090,SUPPL,4,http://www.accessdata.fda.gov/drugsatfda_docs/nda/2017/208090Orig1s004.pdf
1ddd00c0bc90b31aa9bd00b9,60827,209964,ORIG,1,http://www.accessdata.fda.gov/drugsatfda_docs/nda/2019/209964Orig1s000TOC.html
892ca7ea0d1428c1415bccf7,60993,200655,ORIG,1,http://www.accessdata.fda.gov/drugsatfda_docs/nda/2019/200655Orig1s000TOC.html
c6275e7ab9efbc6349a9e917,60998,022081,SUPPL,39,http://www.accessdata.fda.gov/drugsatfda_docs/nda/2019/022081Orig1s039.pdf
26e3fc6fefeed43f3864987a,60999,125261,SUPPL,86,http://www.accessdata.fda.gov/drugsatfda_docs/nda/2013/125261Orig1s086.pdf
238bd7af85ea42b0c6162eeb,61000,125472,SUPPL,18,http://www.accessdata.fda.gov/drugsatfda_docs/nda/2016/125472Orig1s018.pdf
d9578decc9f47621920431a1,61001,202090,ORIG,1,http://www.accessdata.fda.gov/drugsatfda_docs/nda/2017/202090Orig1_Approval_Pkg.pdf
18ab831623875ea5f29f2a9b,61002,204200,SUPPL,7,http://www.accessdata.fda.gov/drugsatfda_docs/nda/2017/204200Orig1s007.pdf
b7333ff6d6193b3396ee4634,61003,204640,SUPPL,8,http://www.accessdata.fda.gov/drugsatfda_docs/nda/2017/204640Orig1s008.pdf
6a1aed89affb9303a7d03eb9,61004,208259,ORIG,1,http://www.accessdata.fda.gov/drugsatfda_docs/nda/2019/208259Orig1s000TOC.html
e18ac271faddcdc154adba16,61040,212273,ORIG,1,http://www.accessdata.fda.gov/drugsatfda_docs/nda/2019/212273Orig1s000TOC.html
110e3a1e676b7562f5fec5c7,61041,210134,ORIG,1,http://www.accessdata.fda.gov/drugsatfda_docs/nda/2019/210134Orig1s000TOC.html
9b6632ea9b5dcf0a8b1d416d,61042,206089,ORIG,1,http://www.accessdata.fda.gov/drugsatfda_docs/nda/2019/206089Orig1s000TOC.html
0c0b917b08d7d24edcd69e96,61082,210854,SUPPL,1,http://www.accessdata.fda.gov/drugsatfda_docs/nda/2019/210854Orig1s001.pdf
83fe210a4813591c19ef1dfb,61083,213217,ORIG,1,http://www.accessdata.fda.gov/drugsatfda_docs/nda/2019/213217Orig1s000TOC.html
918d2c1a36035bfeb5cfc79d,61125,212279,ORIG,1,http://www.accessdata.fda.gov/drugsatfda_docs/nda/2019/212279Orig1s000TOC.html
16ed1f93d0141ba57d81a476,61148,210660,ORIG,1,https://www.accessdata.fda.gov/drugsatfda_docs/nda/2019/210660Orig1s000TOC.html
0cea4618e09dbcf56f4356b0,61220,212839,ORIG,1,https://www.accessdata.fda.gov/drugsatfda_docs/nda/2019/212839Orig1s000TOC.html
4474373c795ad6980b2e82bb,61232,208215,SUPPL,12,http://www.accessdata.fda.gov/drugsatfda_docs/nda/2019/208215Orig1s012.pdf
664ee5387f453df80d284881,61248,212194,ORIG,1,http://www.accessdata.fda.gov/drugsatfda_docs/nda/2019/212194Orig1s000TOC.html
66ffec06dcb47faca5e85c6e,61294,761128,ORIG,1,http://www.accessdata.fda.gov/drugsatfda_docs/nda/2019/761128Orig1s000TOC.html
189f3ceacde304cd43fc962e,61312,209379,ORIG,1,http://www.accessdata.fda.gov/drugsatfda_docs/nda/2019/209379Orig1s000TOC.html
4ebbf7097f02244828774c41,61317,210632,ORIG,1,http://www.accessdata.fda.gov/drugsatfda_docs/nda/2019/210632Orig1s000TOC.html
c693d43b6c747cdf94292ab5,61345,209445,ORIG,1,http://www.accessdata.fda.gov/drugsatfda_docs/nda/2019/209445Orig1s000TOC.html
ae055ec3fdc21dfc71e01da7,61346,761136,ORIG,1,http://www.accessdata.fda.gov/drugsatfda_docs/nda/2019/761136Orig1s000TOC.html
9eefcade54ed1b83f3c2c32c,61372,202158,ORIG,1,http://www.accessdata.fda.gov/drugsatfda_docs/nda/2018/202158Orig1s000TOC.html
85cc2db6f28e32c6ef48534e,61373,213137,ORIG,1,http://www.accessdata.fda.gov/drugsatfda_docs/nda/2019/213137Orig1s000TOC.html
061e516e8ae5dedc95de939f,61458,211379,ORIG,1,http://www.accessdata.fda.gov/drugsatfda_docs/nda/2019/211379Orig1s000TOC.html
cd257f6244b6047ff3d10ade,61459,761045,ORIG,1,http://www.accessdata.fda.gov/drugsatfda_docs/nda/2019/761045Orig1s000TOC.html
ae198ca554c0f936b01061af,61493,211843,ORIG,1,http://www.accessdata.fda.gov/drugsatfda_docs/nda/2019/211843Orig1s000TOC.html
6054f6a484592dce7142a406,61536,761137,ORIG,1,http://www.accessdata.fda.gov/drugsatfda_docs/nda/2019/761137Orig1s000TOC.html
f187d9304ea18100daa1c2c7,61550,209569,ORIG,1,http://www.accessdata.fda.gov/drugsatfda_docs/nda/2019/209569Orig1s000TOC.html
34d39371753f5f8272b96cfe,61551,209354,ORIG,1,http://www.accessdata.fda.gov/drugsatfda_docs/nda/2019/209354Orig1s000TOC.html
44011036de7aa33c261e5f6f,61582,211340,ORIG,1,http://www.accessdata.fda.gov/drugsatfda_docs/nda/2019/211340Orig1s000TOC.html
53fa536c50f4061fb5cf7cc5,61584,208157,ORIG,1,http://www.accessdata.fda.gov/drugsatfda_docs/nda/2019/208157Orig1s000TOC.html
b79e0bff844a9af65f0f7f02,61604,761139,ORIG,1,https://www.accessdata.fda.gov/drugsatfda_docs/nda/2019/761139Orig1s000TOC.html
7b82c50623ea1af2ffea4883,61605,211970,ORIG,1,http://www.accessdata.fda.gov/drugsatfda_docs/nda/2019/211970Orig1s000TOC.html
3955f5024be3c0269727f018,61606,209500,ORIG,1,http://www.accessdata.fda.gov/drugsatfda_docs/nda/2019/209500Orig1s000TOC.html
02fd81bd5f0f80c7b310f6a3,61608,211765,ORIG,1,http://www.accessdata.fda.gov/drugsatfda_docs/nda/2019/211765Orig1s000TOC.html
8a6db600561c7fd74f9d7d51,61639,211929,ORIG,1,http://www.accessdata.fda.gov/drugsatfda_docs/nda/2019/211929Orig1s000TOC.html
31d3c50ce6867334eef0b4a3,61641,212268,ORIG,1,http://www.accessdata.fda.gov/drugsatfda_docs/nda/2019/212268Orig1s000TOC.html
c448bfeced9d1d6ad153fe8f,61651,210874,ORIG,1,http://www.accessdata.fda.gov/drugsatfda_docs/nda/2019/210874Orig1s000TOC.html
00b984aba2794a81b41ee821,61712,761118,ORIG,1,http://www.accessdata.fda.gov/drugsatfda_docs/nda/2019/761118Orig1s000TOC.html
ee616fd1dae3d9864e20d435,61713,212028,ORIG,1,http://www.accessdata.fda.gov/drugsatfda_docs/nda/2019/212028Orig1s000TOC.html
d74a4a857e02e9102559c981,61735,212516,ORIG,1,http://www.accessdata.fda.gov/drugsatfda_docs/nda/2019/212516Orig1s000TOC.html
1438b438054ff37d3b0a2c3a,61737,761086,ORIG,1,http://www.accessdata.fda.gov/drugsatfda_docs/nda/2019/761086Orig1s000TOC.html
5b43dd1bdce22f660a7a7b3d,61753,210259,SUPPL,6,"http://www.accessdata.fda.gov/drugsatfda_docs/nda/2019/210259Orig1s006, s007.pdf"
5b43dd1bdce22f660a7a7b3d,61754,210259,SUPPL,7,"http://www.accessdata.fda.gov/drugsatfda_docs/nda/2019/210259Orig1s006, s007.pdf"
b94825fa195b2ae9e6880ca2,61776,210326,ORIG,1,http://www.accessdata.fda.gov/drugsatfda_docs/nda/2019/210326Orig1s000TOC.html
20b2b7bcf88e807f9dee8b08,61853,210872,ORIG,1,http://www.accessdata.fda.gov/drugsatfda_docs/nda/2019/210872Orig1s000TOC.html
1331a3ae8fe8ab3495cefbf3,61864,212595,ORIG,1,http://www.accessdata.fda.gov/drugsatfda_docs/nda/2019/212595Orig1s000TOC.html
c3ad6560aaa2c46eeec239ca,61865,211367,ORIG,1,http://www.accessdata.fda.gov/drugsatfda_docs/nda/2019/211367Orig1s000TOC.html
fd13f56bc53ee98913affdfd,61883,212608,ORIG,1,http://www.accessdata.fda.gov/drugsatfda_docs/nda/2020/212608Orig1s000TOC.html
77158e9b496161b12e3128a9,61916,211723,ORIG,1,http://www.accessdata.fda.gov/drugsatfda_docs/nda/2020/211723Orig1s000TOC.html
a0bd306432da1a9a46172c07,61941,206927,ORIG,1,http://www.accessdata.fda.gov/drugsatfda_docs/nda/2019/206927Orig1s000TOC.html
04be4a2b177bde0382d98d60,61943,212097,ORIG,1,http://www.accessdata.fda.gov/drugsatfda_docs/nda/2019/212097Orig1s000TOC.html
f3f28c75bc7c27f44967f7a3,61965,761055,SUPPL,14,http://www.accessdata.fda.gov/drugsatfda_docs/nda/2019/761055Orig1s014rev.pdf
79878e1e95f6217063264776,61966,211939,ORIG,1,http://www.accessdata.fda.gov/drugsatfda_docs/nda/2019/211939Orig1s000TOC.html
8efff5dd203083ee568c694d,62004,761143,ORIG,1,http://www.accessdata.fda.gov/drugsatfda_docs/nda/2021/761143Orig1s000TOC.html
1386ac6d713d358f5b3342ce,62040,202860,ORIG,1,http://www.accessdata.fda.gov/drugsatfda_docs/nda/2019/202860Orig1s000TOC.html
87c6eff8be5adb7934eb6d95,62096,211321,ORIG,1,http://www.accessdata.fda.gov/drugsatfda_docs/nda/2019/211321Orig1s000TOC.html
925d727b6572bb766892a6a6,62107,211215,ORIG,1,http://www.accessdata.fda.gov/drugsatfda_docs/nda/2019/211215Orig1s000TOC.html
f530062cd3724cd6d73aa6cd,62137,210063,ORIG,1,http://www.accessdata.fda.gov/drugsatfda_docs/nda/2019/210063Orig1s000TOC.html
feb7675ba6bfd2fdc724d3a8,62148,211913,ORIG,1,http://www.accessdata.fda.gov/drugsatfda_docs/nda/2019/211913Orig1s000TOC.html
8a08c9a5f7ba7ab229d496e2,62149,212535,ORIG,1,http://www.accessdata.fda.gov/drugsatfda_docs/nda/2019/212535Orig1s000TOC.html
17d06eef131c55b00816fbdf,62182,211281,ORIG,1,http://www.accessdata.fda.gov/drugsatfda_docs/nda/2020/211281Orig1s000TOC.html
98b1cf539dcb380279ace19a,62188,205832,SUPPL,13,http://www.accessdata.fda.gov/drugsatfda_docs/nda/2020/205832Orig1s013.pdf
dde2e20ab00e4578ade02b7e,62193,019599,SUPPL,11,http://www.accessdata.fda.gov/drugsatfda_docs/nda/2012/019599Orig1s011.pdf
39717d3d41e5e52dbca29395,62194,050795,SUPPL,22,http://www.accessdata.fda.gov/drugsatfda_docs/nda/2016/050795Orig1s022.pdf
cce80666d30a73157826cfb0,62197,061667,SUPPL,26,http://www.accessdata.fda.gov/drugsatfda_docs/nda/2019/061667Orig1s026.pdf
694d4c08ab308a3072fed3d8,62198,091294,ORIG,1,http://www.accessdata.fda.gov/drugsatfda_docs/nda/2012/091294_Orig1s000.pdf
ab49dbf5213fd167628b3434,62199,125387,SUPPL,60,http://www.accessdata.fda.gov/drugsatfda_docs/nda/2019/125387Orig1s060.pdf
4ea26287dabdf753ce9b8ff6,62200,202103,ORIG,1,http://www.accessdata.fda.gov/drugsatfda_docs/nda/2016/202103Orig1s000BioeqR.pdf
7484572e471ee5cc3b1ad7a9,62201,205552,SUPPL,17,http://www.accessdata.fda.gov/drugsatfda_docs/nda/2017/205552Origs1s017.pdf
cc554ccc5fe177ad5960296e,62202,208657,ORIG,1,http://www.accessdata.fda.gov/drugsatfda_docs/nda/2017/208657Orig1s000.pdf
fde01ca77b1b6a587297dab5,62206,210064,ORIG,1,http://www.accessdata.fda.gov/drugsatfda_docs/nda/2019/210064Orig1s000TOC.html
ab877fcd748b067432d080ac,62233,211616,ORIG,1,http://www.accessdata.fda.gov/drugsatfda_docs/nda/2020/211616Orig1s000TOC.html
b261fad515d8ba69b9892c64,62234,761119,ORIG,1,http://www.accessdata.fda.gov/drugsatfda_docs/nda/2020/761119Orig1s000TOC.html
05a7876b0d126401974d36f4,62271,018692,ORIG,1,http://www.accessdata.fda.gov/drugsatfda_docs/nda/pre96/018692Orig1s000.pdf
abe41c8d9ef9698cba242877,62272,020007,SUPPL,41,http://www.accessdata.fda.gov/drugsatfda_docs/nda/2011/20007Orig1s041.pdf
1380a750c9755e30ffd2159b,62273,040885,ORIG,1,http://www.accessdata.fda.gov/drugsatfda_docs/nda/2009/040885Orig1s000.pdf
84c8bd5b39122d83af309a16,62274,103471,SUPPL,5186,http://www.accessdata.fda.gov/drugsatfda_docs/nda/2015/103471Orig1s5186.pdf
5bc0c0214dae359de37a1ddc,62275,103471,SUPPL,5189,http://www.accessdata.fda.gov/drugsatfda_docs/nda/2017/103471Orig1s5189.pdf
6d36e06b6ee7ad1f5b0f4aef,62276,125387,SUPPL,15,http://www.accessdata.fda.gov/drugsatfda_docs/nda/2013/125387Orig1s015.pdf
b9071974d2a9a30b8244e552,62277,125387,SUPPL,20,http://www.accessdata.fda.gov/drugsatfda_docs/nda/2013/125387Orig1s020.pdf
aeb7dc40222640e1bfe240a8,62278,125409,SUPPL,113,http://www.accessdata.fda.gov/drugsatfda_docs/nda/2017/125409Orig1s113.pdf
7d0e95dc7c28b394014e1008,62283,125409,SUPPL,118,http://www.accessdata.fda.gov/drugsatfda_docs/nda/2017/125409Orig1s118.pdf
faab6220dc4a50181d703fa0,62284,125554,SUPPL,48,http://www.accessdata.fda.gov/drugsatfda_docs/nda/2018/125554Orig1s048.pdf
2a5f62ebfec989c8d7559787,62285,125554,SUPPL,49,http://www.accessdata.fda.gov/drugsatfda_docs/nda/2018/125554Orig1s049.pdf
a5d55f33c6646f13cd980664,62289,125554,SUPPL,50,http://www.accessdata.fda.gov/drugsatfda_docs/nda/2018/125554Orig1s050.pdf
667ffef390320d4f94fead95,62290,125554,SUPPL,51,http://www.accessdata.fda.gov/drugsatfda_docs/nda/2018/125554Orig1s051.pdf
6150ce706471d3067b1bf90d,62291,125554,SUPPL,64,http://www.accessdata.fda.gov/drugsatfda_docs/nda/2018/125554Orig1s064.pdf
a5b5bdbfa02c200afed7ce0a,62292,125554,SUPPL,65,http://www.accessdata.fda.gov/drugsatfda_docs/nda/2018/125554Orig1s065.pdf
c0edc29d993af2bcf63eb0e4,62293,125554,SUPPL,66,http://www.accessdata.fda.gov/drugsatfda_docs/nda/2018/125554Orig1s066.pdf
3ce216689a1a31676fda275b,62294,125557,SUPPL,13,http://www.accessdata.fda.gov/drugsatfda_docs/nda/2018/125557Orig1s013.pdf
7454faff1efbbb2e759abd16,62295,200652,SUPPL,4,http://www.accessdata.fda.gov/drugsatfda_docs/nda/2016/200652Orig1s004.pdf
47dbd8d290f8995e4aab4a9f,62296,204042,SUPPL,13,http://www.accessdata.fda.gov/drugsatfda_docs/nda/2015/204042Orig1s013.pdf
5662fd0fed82a03e0aaa6bb8,62299,212480,ORIG,1,http://www.accessdata.fda.gov/drugsatfda_docs/nda/2019/212480Orig1s000TOC.html
c053fc2f8bc6dbfb54b4d816,62307,203753,ORIG,1,http://www.accessdata.fda.gov/drugsatfda_docs/nda/2019/203753Orig1s000ChemR.pdf
a91e5a06c8dba45dcf99d2d5,62308,207568,ORIG,1,https://www.accessdata.fda.gov/drugsatfda_docs/nda/2022/207568Orig1_Approval_Pkg.pdf
371427bd4c513227a3397478,62313,761113,ORIG,1,http://www.accessdata.fda.gov/drugsatfda_docs/nda/2020/761113Orig1s000TOC.html
c0e3a70dd4026ab20e6aa2a1,62316,019734,SUPPL,13,http://www.accessdata.fda.gov/drugsatfda_docs/nda/2008/019734Orig1s013.pdf
cc0907af6b1c3f44ae0a08dc,62317,019734,SUPPL,14,http://www.accessdata.fda.gov/drugsatfda_docs/nda/2008/019734Orig1s014.pdf
bac0c2a30089dd8e26c1d550,62318,020872,SUPPL,31,http://www.accessdata.fda.gov/drugsatfda_docs/nda/2016/020872Orig1s031.pdf
fbc3782f8bf8746749fe18d7,62319,021077,SUPPL,56,http://www.accessdata.fda.gov/drugsatfda_docs/nda/2017/021077Orig1s056.pdf
cdf490d3d6f693d6561b236e,62320,021077,SUPPL,57,http://www.accessdata.fda.gov/drugsatfda_docs/nda/2017/021077Orig1s057.pdf
0629cd5640747fcb5e477755,62321,021324,SUPPL,8,http://www.accessdata.fda.gov/drugsatfda_docs/nda/2009/021324Orig1s008.pdf
87f1e32bf8e48f0b26b3de05,62322,021324,SUPPL,18,http://www.accessdata.fda.gov/drugsatfda_docs/nda/2019/021324Orig1s018.pdf
5b99b17db03d4f6f3890065c,62323,103362,SUPPL,5240,http://www.accessdata.fda.gov/drugsatfda_docs/nda/2018/103362Orig1s5240.pdf
9165af443a48cd1e344e9049,62324,125031,SUPPL,180,http://www.accessdata.fda.gov/drugsatfda_docs/nda/2015/125031Orig1s180.pdf
14237090bc6b1a41073b40b0,62326,125554,SUPPL,52,http://www.accessdata.fda.gov/drugsatfda_docs/nda/2018/125554Orig1s052.pdf
0b6f850acf14925e8c7b37f8,62327,125554,SUPPL,61,http://www.accessdata.fda.gov/drugsatfda_docs/nda/2018/125554Orig1s061.pdf
df1318c78537372bfa330fa1,62328,125554,SUPPL,62,http://www.accessdata.fda.gov/drugsatfda_docs/nda/2018/125554Orig1s062.pdf
38ed8c684d7da3547cc25ecb,62329,203314,SUPPL,8,http://www.accessdata.fda.gov/drugsatfda_docs/nda/2018/203314Orig1s008.pdf
58b1ff431a69702bcaf8a620,62330,209356,ORIG,1,http://www.accessdata.fda.gov/drugsatfda_docs/nda/2019/209356Orig1s000.pdf
eab1f079e97920e17b2e7178,62340,212728,ORIG,1,http://www.accessdata.fda.gov/drugsatfda_docs/nda/2020/212728Orig1s000TOC.html
fb3bbbabb53a8863382da5c1,62356,209510,ORIG,1,http://www.accessdata.fda.gov/drugsatfda_docs/nda/2020/209510Orig1s000TOC.html
812ec848f2fd72348aa11eef,62357,212909,ORIG,1,http://www.accessdata.fda.gov/drugsatfda_docs/nda/2019/212909Orig1s000TOC.html
5da18325357d6148cc45d9ee,62370,210737,ORIG,2,"http://www.accessdata.fda.gov/drugsatfda_docs/nda/2019/210737Orig1s000, 210737Orig2s000TOC.html"
5da18325357d6148cc45d9ee,62371,210737,ORIG,1,"http://www.accessdata.fda.gov/drugsatfda_docs/nda/2019/210737Orig1s000, 210737Orig2s000TOC.html"
e5c550c22e83c46d8cf348f8,62395,211733,ORIG,1,http://www.accessdata.fda.gov/drugsatfda_docs/nda/2020/211733Orig1s000TOC.html
99ed57a3f3fa65393b76e453,62442,212801,ORIG,1,http://www.accessdata.fda.gov/drugsatfda_docs/nda/2020/212801Orig1s000TOC.html
e21c53358dc5b0ca383b16dc,62443,212436,ORIG,1,http://www.accessdata.fda.gov/drugsatfda_docs/nda/2019/212436Orig1s000TOC.html
8e92e6450b69f5a429a2bb67,62456,211415,ORIG,1,http://www.accessdata.fda.gov/drugsatfda_docs/nda/2019/211415Orig1s000TOC.html
e4a7fd8fe5119c31bcc2b614,62519,212379,ORIG,1,http://www.accessdata.fda.gov/drugsatfda_docs/nda/2019/212379Orig1s000TOC.html
0968123e47f52c1254b2660b,62520,213004,ORIG,1,http://www.accessdata.fda.gov/drugsatfda_docs/nda/2019/213004Orig1s000TOC.html
158172bc727e55a00e6a7551,62552,208193,ORIG,1,http://www.accessdata.fda.gov/drugsatfda_docs/nda/2019/208193Orig1s000TOC.html
15c9d2ae06cae4f90c4b4335,62590,211617,ORIG,1,http://www.accessdata.fda.gov/drugsatfda_docs/nda/2020/211617Orig1s000TOC.html
73a9281bab4bba4bc574d064,62592,212640,ORIG,1,http://www.accessdata.fda.gov/drugsatfda_docs/nda/2019/212640Orig1s000TOC.html
0ab68fdaec2495e59164fee8,62622,211855,ORIG,1,http://www.accessdata.fda.gov/drugsatfda_docs/nda/2019/211855Orig1s000TOC.html
9f6f037affe22ff07edfd095,62646,209899,ORIG,1,http://www.accessdata.fda.gov/drugsatfda_docs/nda/2020/209899Orig1s000TOC.html
2c57cffc0f61c4c15eb929e2,62686,212477,ORIG,1,http://www.accessdata.fda.gov/drugsatfda_docs/nda/2019/212477Orig1s000TOC.html
c57a14b4c431f311bf734b89,62687,212895,ORIG,1,http://www.accessdata.fda.gov/drugsatfda_docs/nda/2019/212895Orig1s000TOC.html
9e686c01ed37ed6d6170af63,62745,204017,ORIG,1,http://www.accessdata.fda.gov/drugsatfda_docs/nda/2020/204017Orig1s000TOC.html
393613042bc1b2b4e2143eff,62808,212832,ORIG,1,http://www.accessdata.fda.gov/drugsatfda_docs/nda/2019/212832Orig1s000TOC.html
3193d2cdcb41b668281cf8c7,62809,212121,ORIG,1,http://www.accessdata.fda.gov/drugsatfda_docs/nda/2019/212121Orig1s000TOC.html
1279a2184d2146ff4768437e,62846,208171,ORIG,1,http://www.accessdata.fda.gov/drugsatfda_docs/nda/2020/208171Orig1s000TOC.html
2858ca9c8ab93aa202845d71,62852,021330,SUPPL,21,http://www.accessdata.fda.gov/drugsatfda_docs/nda/2018/021330Orig1s021.pdf
0c22bbe5c16709d515de3d4e,62853,022212,SUPPL,15,http://www.accessdata.fda.gov/drugsatfda_docs/nda/2016/022212Orig1s015.pdf
8ad3f671fc4fc77e9b4a9aa1,62854,022249,SUPPL,1,http://www.accessdata.fda.gov/drugsatfda_docs/nda/2009/022249Orig1s001.pdf
79e7f77ba29e700a43725edc,62855,022264,SUPPL,15,http://www.accessdata.fda.gov/drugsatfda_docs/nda/2017/022264Orig1s015.pdf
66385c71a9b8e8c406e9c3ce,62856,125387,SUPPL,48,http://www.accessdata.fda.gov/drugsatfda_docs/nda/2015/125387Orig1s048.pdf
9dc71578cf9d06f4bfd9e0bd,62858,207631,ORIG,1,http://www.accessdata.fda.gov/drugsatfda_docs/nda/2016/207631Orig1s000.pdf
13d4613f400f50d2c3a49b22,62883,213756,ORIG,1,http://www.accessdata.fda.gov/drugsatfda_docs/nda/2020/213756Orig1s000TOC.html
13648029c2e2efa60fb425d3,63054,213736,ORIG,1,http://www.accessdata.fda.gov/drugsatfda_docs/nda/2020/213736Orig1s000TOC.html
f7763ba043fde0e177fb0dd7,63055,213411,ORIG,1,http://www.accessdata.fda.gov/drugsatfda_docs/nda/2020/213411Orig1s000TOC.html
4c73164fd6f15f31452ad1d0,63094,761115,ORIG,1,http://www.accessdata.fda.gov/drugsatfda_docs/nda/2020/761115Orig1s000TOC.html
d6d5ca4c62af904154116fd6,63163,210583,ORIG,1,http://www.accessdata.fda.gov/drugsatfda_docs/nda/2020/210583Orig1s000TOC.html
fc23fdb12a21e3f08b9805c9,63296,212489,ORIG,1,http://www.accessdata.fda.gov/drugsatfda_docs/nda/2020/212489Orig1s000TOC.html
d33296aabe109f9a84b29ac5,63335,213491,ORIG,1,http://www.accessdata.fda.gov/drugsatfda_docs/nda/2020/213491Orig1s000TOC.html
c25adb242e19c2555820db63,63365,076582,ORIG,1,https://www.accessdata.fda.gov/drugsatfda_docs/nda/2004/076582Orig1s000.pdf
7f597ea1bcf42407937fe809,63366,076656,ORIG,1,http://www.accessdata.fda.gov/drugsatfda_docs/nda/2003/076656Orig1s000.pdf
083dcd8831b7d842f4eea4c2,63367,077155,ORIG,1,http://www.accessdata.fda.gov/drugsatfda_docs/nda/2005/077155Orig1s000.pdf
80a845b8885e46101da3b3e7,63368,077826,ORIG,1,https://www.accessdata.fda.gov/drugsatfda_docs/nda/2007/077826Orig1s000.pdf
0d69a27b6808bc9e0503320c,63369,125554,SUPPL,41,http://www.accessdata.fda.gov/drugsatfda_docs/nda/2017/125554Orig1s041.pdf
978e5921cc29907d95a425b4,63370,201587,ORIG,1,http://www.accessdata.fda.gov/drugsatfda_docs/nda/2013/201587Orig1s000.pdf
19427db3bcf675ec5bb768c3,63371,208607,ORIG,1,http://www.accessdata.fda.gov/drugsatfda_docs/nda/2017/208607Orig1s000.pdf
3ed6538dd7ee7fc4dbdc4cb0,63372,209575,ORIG,1,http://www.accessdata.fda.gov/drugsatfda_docs/nda/2020/209575Orig1s000TOC.html
ab332a78e72f6113e3a47800,63374,213591,ORIG,1,http://www.accessdata.fda.gov/drugsatfda_docs/nda/2020/213591Orig1s000TOC.html
7104f4331850ed6de7a8ef2b,63378,211280,ORIG,1,http://www.accessdata.fda.gov/drugsatfda_docs/nda/2019/211280Orig1s000TOC.html
4d1d8f36d15fe92f44a0a606,63478,213051,ORIG,1,http://www.accessdata.fda.gov/drugsatfda_docs/nda/2019/213051Orig1s000TOC.html
dedb84981dd9d3a1aea75084,63482,211728,ORIG,1,https://www.accessdata.fda.gov/drugsatfda_docs/nda/2020/211728Orig1s000TOC.html
c1270eef68beb96c1285666d,63569,213138,ORIG,1,http://www.accessdata.fda.gov/drugsatfda_docs/nda/2020/213138Orig1s000TOC.html
5ddd59bc4bc0aa78a981657b,63589,213973,ORIG,1,http://www.accessdata.fda.gov/drugsatfda_docs/nda/2020/213973Orig1s000TOC.html
64e027d8b105fb29d424034b,63612,022433,SUPPL,28,http://www.accessdata.fda.gov/drugsatfda_docs/nda/2020/022433Orig1s028.pdf
edac4b5b5af0119df297612e,63646,212155,ORIG,1,http://www.accessdata.fda.gov/drugsatfda_docs/nda/2020/212155Orig1s000TOC.html
645d9e184ca370f01bf6e746,63706,213036,ORIG,1,http://www.accessdata.fda.gov/drugsatfda_docs/nda/2020/213036Orig1s000TOC.html
8451f468d118b60fa2b8bdd3,63744,213182,ORIG,1,http://www.accessdata.fda.gov/drugsatfda_docs/nda/2020/213182Orig1s000TOC.html
9f8ac1b23ebed50cce71438d,63760,209359,ORIG,1,http://www.accessdata.fda.gov/drugsatfda_docs/nda/2019/209359Orig1s000TOC.html
25d529031cc4a1cabc29ad39,63793,761142,ORIG,1,http://www.accessdata.fda.gov/drugsatfda_docs/nda/2020/761142Orig1s000TOC.html
1d51f8b5aecd8302c338c326,63844,211882,ORIG,1,http://www.accessdata.fda.gov/drugsatfda_docs/nda/2019/211882Orig1s000TOC.html
a60af485dc66cf9bce59f8ad,63896,213702,ORIG,1,http://www.accessdata.fda.gov/drugsatfda_docs/nda/2020/213702Orig1s000TOC.html
6f88615cf2b6c7c3091da0b4,63911,210797,ORIG,1,http://www.accessdata.fda.gov/drugsatfda_docs/nda/2019/210797Orig1s000TOC.html
baef27b02524d0f2ad5ec617,63937,201110,ORIG,1,http://www.accessdata.fda.gov/drugsatfda_docs/nda/2020/201110Orig1s000TOC.html
8a7c29214125e2cbd5c89063,63943,212123,ORIG,1,http://www.accessdata.fda.gov/drugsatfda_docs/nda/2020/212123Orig1s000TOC.html
7fe5cb68409692ac49b3fc14,63977,213407,ORIG,1,http://www.accessdata.fda.gov/drugsatfda_docs/nda/2020/213407Orig1s000TOC.html
0c192325d3ec6bb15fa51d03,64006,209529,ORIG,1,http://www.accessdata.fda.gov/drugsatfda_docs/nda/2020/209529Orig1s000TOC.html
5941cc1ee746047445264945,64008,020449,SUPPL,17,http://www.accessdata.fda.gov/drugsatfda_docs/nda/2020/020449Orig1s017.pdf
315708823ca6fb9a17217c8d,64009,020449,SUPPL,71,http://www.accessdata.fda.gov/drugsatfda_docs/nda/2020/020449Orig1s071.pdf
61eb828e508bfc779a6e3de7,64010,022341,SUPPL,27,http://www.accessdata.fda.gov/drugsatfda_docs/nda/2020/022341Orig1s027.pdf
ea6df441f5eb8bdb02b95341,64011,204629,SUPPL,8,https://www.accessdata.fda.gov/drugsatfda_docs/nda/2021/204629Orig1s008.pdf
8aa0c1ce0e1e0a4196a8c1f2,64012,205181,ORIG,1,http://www.accessdata.fda.gov/drugsatfda_docs/nda/2020/205181Orig1_Approval_Pkg.pdf
d6aed8a08a46065ccc701598,64013,205878,ORIG,1,http://www.accessdata.fda.gov/drugsatfda_docs/nda/2020/205878Orig1_Approval_Pkg.pdf
4db7a4b781f7ded7ead82480,64014,761055,SUPPL,7,http://www.accessdata.fda.gov/drugsatfda_docs/nda/2020/761055Orig1s007.pdf
060b4aba281d5db07e913ed0,64100,212576,ORIG,1,http://www.accessdata.fda.gov/drugsatfda_docs/nda/2020/212576Orig1s000TOC.html
82e50ec315e2e750e7c097c7,64110,212157,ORIG,1,http://www.accessdata.fda.gov/drugsatfda_docs/nda/2020/212157Orig1s000TOC.html
fe120d4293e4064773b8d646,64122,212950,ORIG,1,http://www.accessdata.fda.gov/drugsatfda_docs/nda/2020/212950Orig1s000TOC.html
04a0cbc0a611575754423ac5,64123,213687,ORIG,1,http://www.accessdata.fda.gov/drugsatfda_docs/nda/2020/213687Orig1s000TOC.html
d8554b8954fa1e21905acb51,64155,212295,ORIG,1,http://www.accessdata.fda.gov/drugsatfda_docs/nda/2020/212295Orig1s000TOC.html
53caf0c893ca2550bf9ec74b,64194,125514,SUPPL,92,http://www.accessdata.fda.gov/drugsatfda_docs/nda/2020/125514Orig1s092.pdf
cfc924bc0beb4cebcc4d5469,64196,212860,ORIG,1,http://www.accessdata.fda.gov/drugsatfda_docs/nda/2020/212860Orig1s000TOC.html
b9e982b497a5821457b419fc,64233,213246,ORIG,1,http://www.accessdata.fda.gov/drugsatfda_docs/nda/2020/213246Orig1s000TOC.html
3e4ce2a2f7c6cb63e250d944,64263,761111,ORIG,1,http://www.accessdata.fda.gov/drugsatfda_docs/nda/2020/761111Orig1s000TOC.html
0b4ec375ce940d77217ed5b9,64371,206966,ORIG,1,http://www.accessdata.fda.gov/drugsatfda_docs/nda/2020/206966Orig1s000TOC.html
82afa1d424579ae4b87c4ba7,64438,211911,ORIG,1,http://www.accessdata.fda.gov/drugsatfda_docs/nda/2020/211911Orig1s000TOC.html
905e0bc0f1a82ee15ac62af2,64439,761163,ORIG,1,http://www.accessdata.fda.gov/drugsatfda_docs/nda/2020/761163Orig1s000TOC.html
501718a22ae6c28f49b409f8,64454,212154,ORIG,1,http://www.accessdata.fda.gov/drugsatfda_docs/nda/2020/212154Orig1s000TOC.html
597786708b990cc7f76bc655,64455,213464,ORIG,1,http://www.accessdata.fda.gov/drugsatfda_docs/nda/2020/213464Orig1s000TOC.html
77282f66c6edffeffa4b3159,64492,213535,ORIG,1,http://www.accessdata.fda.gov/drugsatfda_docs/nda/2020/213535Orig1s000TOC.html
07f240d6149608922e05fb6d,64493,210730,ORIG,1,http://www.accessdata.fda.gov/drugsatfda_docs/nda/2020/210730Orig1s000TOC.html
21be56327a42264e4c52f71b,64551,209405,ORIG,1,http://www.accessdata.fda.gov/drugsatfda_docs/nda/2020/209405Orig1s000TOC.html
ed8ce81bed48486c61f0108d,64552,211635,ORIG,1,http://www.accessdata.fda.gov/drugsatfda_docs/nda/2020/211635Orig1s000TOC.html
80c72355618533b6744ea0ef,64565,761149,ORIG,1,http://www.accessdata.fda.gov/drugsatfda_docs/nda/2020/761149Orig1s000TOC.html
0a07373c1a1ce176206ddafd,64574,211349,SUPPL,1,http://www.accessdata.fda.gov/drugsatfda_docs/nda/2019/211349Orig1s001.pdf
ba5e952c569823ad6a1cd662,64583,209472,ORIG,1,http://www.accessdata.fda.gov/drugsatfda_docs/nda/2020/209472Orig1s000TOC.html
4ac51deb1411edefeab2faf5,64584,213227,ORIG,1,http://www.accessdata.fda.gov/drugsatfda_docs/nda/2020/213227Orig1s000TOC.html
99757e0aba66e087e2dc2e92,64665,125554,SUPPL,34,http://www.accessdata.fda.gov/drugsatfda_docs/nda/2017/125554Orig1s034.pdf
ef0a7c8b329e1bc07dda7aa5,64666,204629,SUPPL,1,http://www.accessdata.fda.gov/drugsatfda_docs/nda/2021/204629Orig1s001.pdf
a09a6b8e552049b596453100,64667,204629,SUPPL,2,http://www.accessdata.fda.gov/drugsatfda_docs/nda/2021/204629Orig1s002.pdf
58ed6a8c67ccf2ab570c8da5,64668,204629,SUPPL,3,http://www.accessdata.fda.gov/drugsatfda_docs/nda/2021/204629Orig1s003.pdf
c0e3a9c7a2a06c1631b68cf3,64695,761156,ORIG,1,http://www.accessdata.fda.gov/drugsatfda_docs/nda/2020/761156Orig1s000TOC.html
7877b3385a31cd232fca0c1f,64756,213433,ORIG,1,http://www.accessdata.fda.gov/drugsatfda_docs/nda/2020/213433Orig1s000TOC.html
2b56fef8228490bd668b17c0,64757,213721,ORIG,1,http://www.accessdata.fda.gov/drugsatfda_docs/nda/2020/213721Orig1s000TOC.html
3e4f51dc2f7060d4b7d4c3b6,64790,761154,ORIG,1,http://www.accessdata.fda.gov/drugsatfda_docs/nda/2020/761154Orig1s000TOC.html
af4eb43a25bcd98b6cf137d1,64830,212614,ORIG,1,http://www.accessdata.fda.gov/drugsatfda_docs/nda/2020/212614Orig1s000TOC.html
707896fa8e505df226e6fc4c,64831,210875,ORIG,1,http://www.accessdata.fda.gov/drugsatfda_docs/nda/2020/210875Orig1s000TOC.html
6bbb9f233592ba1a1f83f27b,64832,021928,SUPPL,11,http://www.accessdata.fda.gov/drugsatfda_docs/nda/2009/021928Orig1s011.pdf
8e807d1d523c01206ef9ec76,64834,021928,SUPPL,14,http://www.accessdata.fda.gov/drugsatfda_docs/nda/2010/021928Orig1s014.pdf
9a5ad763851d654eadd0646c,64835,021928,SUPPL,17,http://www.accessdata.fda.gov/drugsatfda_docs/nda/2010/021928Orig1s017.pdf
600d8a41c0b034cfaaf54f17,64836,021928,SUPPL,19,http://www.accessdata.fda.gov/drugsatfda_docs/nda/2011/021928Orig1s019.pdf
2abfd9f48a723a6679f20387,64837,021928,SUPPL,20,http://www.accessdata.fda.gov/drugsatfda_docs/nda/2011/021928Orig1s020.pdf
82d281ec8a2406e0bce69274,64838,021928,SUPPL,21,http://www.accessdata.fda.gov/drugsatfda_docs/nda/2011/021928Orig1s021.pdf
1706dc12f617aab0d84f174c,64839,021928,SUPPL,32,http://www.accessdata.fda.gov/drugsatfda_docs/nda/2014/021928Orig1s032.pdf
89d4b63dbce68642a24496ad,64841,022059,SUPPL,17,http://www.accessdata.fda.gov/drugsatfda_docs/nda/2013/022059Orig1s017.pdf
84ed343c383019118b30cdf4,64842,201835,ORIG,1,http://www.accessdata.fda.gov/drugsatfda_docs/nda/2018/201835Orig1s000.pdf
ea1806e5e6519e2b5fb7d871,64843,761125,SUPPL,4,http://www.accessdata.fda.gov/drugsatfda_docs/nda/2020/761125Orig1s004.pdf
f724ae2964d05b6bf05b84da,64879,208574,ORIG,2,"http://www.accessdata.fda.gov/drugsatfda_docs/nda/2020/208574Orig1s000,Orig2s000TOC.html"
f724ae2964d05b6bf05b84da,64880,208574,ORIG,1,"http://www.accessdata.fda.gov/drugsatfda_docs/nda/2020/208574Orig1s000,Orig2s000TOC.html"
cafdcb10fc33f73a8014eb0d,64881,761136,ORIG,2,http://www.accessdata.fda.gov/drugsatfda_docs/nda/2020/761136Orig2s000TOC.html
0dfad4228134403e290c369e,64882,209445,SUPPL,2,http://www.accessdata.fda.gov/drugsatfda_docs/nda/2020/209445Orig1s002.pdf
f7abe0387cf3ad92db6664e2,64888,210089,ORIG,1,http://www.accessdata.fda.gov/drugsatfda_docs/nda/2020/210089Orig1s000TOC.html
a0a37c72fc9031fc23d6947b,64944,213690,ORIG,1,http://www.accessdata.fda.gov/drugsatfda_docs/nda/2020/213690Orig1s000TOC.html
0d53cfeacf676895178c85e9,65049,213082,ORIG,1,http://www.accessdata.fda.gov/drugsatfda_docs/nda/2020/213082Orig1s000TOC.html
3193c0349b6cc7ede69f0a1e,65065,211039,ORIG,1,http://www.accessdata.fda.gov/drugsatfda_docs/nda/2020/211039Orig1s000TOC.html
c91e074507fe93718bf95581,65145,213691,ORIG,1,http://www.accessdata.fda.gov/drugsatfda_docs/nda/2020/213691Orig1s000TOC.html
acb00595e1622165aed97fcc,65146,208352,ORIG,1,http://www.accessdata.fda.gov/drugsatfda_docs/nda/2020/208352Orig1s000TOC.html
e49cf07fac149ccd462364fe,65153,761049,SUPPL,9,http://www.accessdata.fda.gov/drugsatfda_docs/nda/2020/761049Orig1s009.pdf
8571e03f39d4c94ec0fce8f6,65154,213388,ORIG,1,http://www.accessdata.fda.gov/drugsatfda_docs/nda/2020/213388Orig1s000TOC.html
b7b2b547caadda023dc3fdab,65174,213983,ORIG,1,http://www.accessdata.fda.gov/drugsatfda_docs/nda/2020/213983Orig1s000TOC.html
bbada659a816c6410ac1f15c,65202,761169,ORIG,1,http://www.accessdata.fda.gov/drugsatfda_docs/nda/2020/761169Orig1s000TOC.html
e5f8bbbd3438f91bc2e272f2,65217,213994,ORIG,1,http://www.accessdata.fda.gov/drugsatfda_docs/nda/2020/213994Orig1s000TOC.html
062dff2e0115d7f19168a005,65346,214787,ORIG,1,http://www.accessdata.fda.gov/drugsatfda_docs/nda/2020/214787Orig1s000TOC.html
3da230346d1d5bc6042c9b09,65389,214121,ORIG,1,http://www.accessdata.fda.gov/drugsatfda_docs/nda/2020/214121Orig1s000TOC.html
fcdcc77ac0eb075bde53c92c,65390,213400,ORIG,1,http://www.accessdata.fda.gov/drugsatfda_docs/nda/2020/213400Orig1s000TOC.html
0455030e7930a681084ff59a,65391,212269,ORIG,1,http://www.accessdata.fda.gov/drugsatfda_docs/nda/2020/212269Orig1s000TOC.html
267dca0f1b8c62a2c6dcb07b,65392,210296,ORIG,1,http://www.accessdata.fda.gov/drugsatfda_docs/nda/2020/210296Orig1s000TOC.html
f14850a6bb0ed22c4659699d,65530,212102,ORIG,1,http://www.accessdata.fda.gov/drugsatfda_docs/nda/2020/212102Orig1s000TOC.html
f195a22fe947af5ed76b4331,65544,208573,SUPPL,21,"http://www.accessdata.fda.gov/drugsatfda_docs/nda/2020/208573Orig1s020, s021.pdf"
f195a22fe947af5ed76b4331,65545,208573,SUPPL,20,"http://www.accessdata.fda.gov/drugsatfda_docs/nda/2020/208573Orig1s020, s021.pdf"
250e2fcd1b9312b2a4a16aed,65579,761170,ORIG,1,http://www.accessdata.fda.gov/drugsatfda_docs/nda/2020/761170Orig1s000TOC.html
c2c4e3804cd7ee914ba6583c,65603,212642,ORIG,1,https://www.accessdata.fda.gov/drugsatfda_docs/nda/2020/212642Orig1s000TOC.html
52a566a72eeb48b574cf1bc3,65605,212643,ORIG,1,http://www.accessdata.fda.gov/drugsatfda_docs/nda/2020/212643Orig1s000TOC.html
778404addd8312799f9d358a,65625,213969,ORIG,1,http://www.accessdata.fda.gov/drugsatfda_docs/nda/2020/213969Orig1s000TOC.html
acb08ff59d37dd099942ac43,65648,125377,SUPPL,110,http://www.accessdata.fda.gov/drugsatfda_docs/nda/2020/125377Orig1s110_125554Orig1s082.pdf
acb08ff59d37dd099942ac43,65649,125554,SUPPL,82,http://www.accessdata.fda.gov/drugsatfda_docs/nda/2020/125377Orig1s110_125554Orig1s082.pdf
52cd010ad06499b6f31a112c,65661,210605,ORIG,1,http://www.accessdata.fda.gov/drugsatfda_docs/nda/2020/210605Orig1s000TOC.html
accf478d33de7b1beb1550cd,65662,214103,ORIG,1,http://www.accessdata.fda.gov/drugsatfda_docs/nda/2020/214103Orig1s000TOC.html
0b1e64f2648ee45acc46002b,65696,761171,ORIG,1,http://www.accessdata.fda.gov/drugsatfda_docs/nda/2020/761171Orig1s000TOC.html
50daa891534e90641608f9e9,65729,213793,ORIG,1,http://www.accessdata.fda.gov/drugsatfda_docs/nda/2020/213793Orig1s000TOC.html
0a7d3e9855a6121ee4a36452,65761,213189,ORIG,1,http://www.accessdata.fda.gov/drugsatfda_docs/nda/2020/213189Orig1s000TOC.html
9a7f0d33537dfdf856f20a39,65782,214094,ORIG,1,http://www.accessdata.fda.gov/drugsatfda_docs/nda/2020/214094Orig1s000TOC.html
23739a896de0bf716da86d16,65815,020193,SUPPL,14,http://www.accessdata.fda.gov/drugsatfda_docs/nda/2020/020193Orig1s014.pdf
30988d02e2457e4dd2b52575,65816,021928,SUPPL,36,http://www.accessdata.fda.gov/drugsatfda_docs/nda/2014/021928Orig1s036.pdf
ac500516a5aef12f011a427f,65817,021928,SUPPL,38,https://www.accessdata.fda.gov/drugsatfda_docs/nda/2014/021928Orig1s038.pdf
739fd99a319c7e475516ed38,65818,021928,SUPPL,39,http://www.accessdata.fda.gov/drugsatfda_docs/nda/2016/021928Orig1s039.pdf
004db0da28e7f11e13ca15cb,65819,021928,SUPPL,40,http://www.accessdata.fda.gov/drugsatfda_docs/nda/2016/021928orig1s040.pdf
0fec4f8033d02b6d260c0984,65820,022023,SUPPL,17,http://www.accessdata.fda.gov/drugsatfda_docs/nda/2018/022023Orig1s017.pdf
0bc24a0968ebdce46f1cb969,65822,021928,SUPPL,41,http://www.accessdata.fda.gov/drugsatfda_docs/nda/2016/021928Orig1s041.pdf
d41f6ef56ff79e38d41db343,65825,125166,SUPPL,431,http://www.accessdata.fda.gov/drugsatfda_docs/nda/2019/125166Orig1s431.pdf
7afcdd326453d7126c696438,65826,125514,SUPPL,45,http://www.accessdata.fda.gov/drugsatfda_docs/nda/2018/125514Orig1s045.pdf
ab798a13b338de52d0e11ab6,65827,203286,ORIG,1,http://www.accessdata.fda.gov/drugsatfda_docs/nda/2017/203286Orig1s000.pdf
fbca987900afb6cb1a7b5091,65828,204412,SUPPL,6,http://www.accessdata.fda.gov/drugsatfda_docs/nda/2015/204412Orig1s006.pdf
709d776297850556e2277d90,65829,204629,SUPPL,5,http://www.accessdata.fda.gov/drugsatfda_docs/nda/2021/204629Orig1s005.pdf
0cec6d0dc0fcfe56b07cbd3e,65830,204629,SUPPL,7,https://www.accessdata.fda.gov/drugsatfda_docs/nda/2021/204629Orig1s007.pdf
797e91817f49859fe2aac286,65831,207193,SUPPL,3,http://www.accessdata.fda.gov/drugsatfda_docs/nda/2020/207193Orig1s003s011.pdf
797e91817f49859fe2aac286,65832,207193,SUPPL,11,http://www.accessdata.fda.gov/drugsatfda_docs/nda/2020/207193Orig1s003s011.pdf
d9ae1998b7d4643c78677513,65833,209822,ORIG,1,http://www.accessdata.fda.gov/drugsatfda_docs/nda/2019/209822Orig1s000.pdf
31f6e88b93b591fe234eda57,65834,761034,SUPPL,19,http://www.accessdata.fda.gov/drugsatfda_docs/nda/2019/761034Orig1s019.pdf
825620e8554dd023aa14980d,65838,020216,SUPPL,60,http://www.accessdata.fda.gov/drugsatfda_docs/nda/2008/020216Orig1s060.pdf
8bb271ae5918e7e07a779f5b,65839,020908,SUPPL,13,http://www.accessdata.fda.gov/drugsatfda_docs/nda/2009/020908Orig1s013.pdf
3f4aa235aabc92bb34b7b328,65840,022276,SUPPL,8,http://www.accessdata.fda.gov/drugsatfda_docs/nda/2016/022276Orig1s008.pdf
81d55521614858e3b0e2886a,65841,040436,ORIG,1,http://www.accessdata.fda.gov/drugsatfda_docs/nda/2002/040436Orig1s000.pdf
f1724209660519d03a6c6004,65842,078682,SUPPL,16,http://www.accessdata.fda.gov/drugsatfda_docs/nda/2019/078682Orig1s016s021.pdf
f1724209660519d03a6c6004,65843,078682,SUPPL,21,http://www.accessdata.fda.gov/drugsatfda_docs/nda/2019/078682Orig1s016s021.pdf
fa50e93e8c0bbb1e11a32917,65844,078682,SUPPL,20,http://www.accessdata.fda.gov/drugsatfda_docs/nda/2019/078682Orig1s020.pdf
45af618e6008cf6ab2a1ac24,65845,091314,ORIG,1,http://www.accessdata.fda.gov/drugsatfda_docs/nda/2010/091314Orig1s000.pdf
a33dc5dbbb6ddc792e742dfc,65846,091650,ORIG,1,http://www.accessdata.fda.gov/drugsatfda_docs/nda/2012/091650Orig1s000.pdf
24c89946c8167b5c6c59f046,65847,103780,SUPPL,5196,http://www.accessdata.fda.gov/drugsatfda_docs/nda/2016/103780Orig1s5196.pdf
5838027bd51e1ea1dbd3424a,65848,103976,SUPPL,5231,http://www.accessdata.fda.gov/drugsatfda_docs/nda/2018/103976Orig1s5231.pdf
03d525954b21730dc6ba1842,65849,103976,SUPPL,5211,http://www.accessdata.fda.gov/drugsatfda_docs/nda/2014/103976Orig1s5211.pdf
21f8eded50ec1bbd554e5928,65850,125160,SUPPL,283,http://www.accessdata.fda.gov/drugsatfda_docs/nda/2018/125160Orig1s283.pdf
b8f24501b984e6644f0feafb,65865,203760,ORIG,1,http://www.accessdata.fda.gov/drugsatfda_docs/nda/2020/203760Orig1s000.pdf
f502570be3676bc618b093be,65866,214621,ORIG,1,http://www.accessdata.fda.gov/drugsatfda_docs/nda/2020/214621Orig1s000TOC.html
9e75cbf68275413aa8008fe4,65897,761172,ORIG,1,http://www.accessdata.fda.gov/drugsatfda_docs/nda/2020/761172Orig1s000TOC.html
80dc578502538a6679e5565b,65915,761150,ORIG,1,https://www.accessdata.fda.gov/drugsatfda_docs/nda/2020/761150Orig1s000TOC.html
fa04b2a4bf34e66656baf7e8,65934,213006,ORIG,1,http://www.accessdata.fda.gov/drugsatfda_docs/nda/2020/213006Orig1s000TOC.html
52b4c9f89a9fc00d3835b939,65951,213150,ORIG,1,http://www.accessdata.fda.gov/drugsatfda_docs/nda/2020/213150Orig1s000TOC.html
dc7ff2a2c2af21be08e1fe53,65975,213674,ORIG,1,http://www.accessdata.fda.gov/drugsatfda_docs/nda/2020/213674Orig1s000TOC.html
e9e0f27e5008a3c48c3a3fc6,65984,761140,ORIG,1,https://www.accessdata.fda.gov/drugsatfda_docs/nda/2020/761140Orig1s000TOC.html
fe4edab6cdffbc3c2e9ddd3a,66014,761146,ORIG,1,http://www.accessdata.fda.gov/drugsatfda_docs/nda/2020/761146Orig1s000TOC.html
0e12edaa2007a5d98f532d27,66059,214120,ORIG,1,http://www.accessdata.fda.gov/drugsatfda_docs/nda/2020/214120Orig1s000TOC.html
ac1c6befafef8621a68e9743,66081,214410,ORIG,1,"https://www.accessdata.fda.gov/drugsatfda_docs/nda/2020/214410Orig1s000, 210854Orig1s004, s010TOC.html"
ac1c6befafef8621a68e9743,66082,210854,SUPPL,4,"https://www.accessdata.fda.gov/drugsatfda_docs/nda/2020/214410Orig1s000, 210854Orig1s004, s010TOC.html"
ac1c6befafef8621a68e9743,66083,210854,SUPPL,10,"https://www.accessdata.fda.gov/drugsatfda_docs/nda/2020/214410Orig1s000, 210854Orig1s004, s010TOC.html"
e73a7470a45ce1e10b84c2ff,66206,214278,ORIG,1,http://www.accessdata.fda.gov/drugsatfda_docs/nda/2020/214278Orig1s000TOC.html
5e6ef03d88116c1759f00cfb,66245,214652,ORIG,1,http://www.accessdata.fda.gov/drugsatfda_docs/nda/2020/214652Orig1s000TOC.html
c9488ad880f52ee31eaafe10,66264,214377,ORIG,1,http://www.accessdata.fda.gov/drugsatfda_docs/nda/2021/214377Orig1s000TOC.html
364c4f5c6627268a1862d4d3,66311,214096,ORIG,1,http://www.accessdata.fda.gov/drugsatfda_docs/nda/2021/214096Orig1s000TOC.html
6b515ae20ea4fe5da2a7f996,66312,209376,ORIG,1,http://www.accessdata.fda.gov/drugsatfda_docs/nda/2020/209376Orig1s000TOC.html
3008bb44cb3391abe98fc25e,66317,021064,SUPPL,24,http://www.accessdata.fda.gov/drugsatfda_docs/nda/2020/021064Orig1s024.pdf
d10346c21357e42a89627819,66324,125554,SUPPL,4,http://www.accessdata.fda.gov/drugsatfda_docs/nda/2015/125554Orig1s004.pdf
3700d9954b3fab3bb6b6aef9,66325,125554,SUPPL,3,http://www.accessdata.fda.gov/drugsatfda_docs/nda/2015/125554Orig1s003.pdf
480bc6ae931a9bcb86bd6354,66333,021538,ORIG,1,http://www.accessdata.fda.gov/drugsatfda_docs/nda/2008/021538_accretropin_toc.html
cc4278a4640f8da4256dc2e9,66342,213716,ORIG,1,http://www.accessdata.fda.gov/drugsatfda_docs/nda/2021/213716Orig1s000TOC.html
fe0b2cec31790c86115cacff,66393,021047,SUPPL,1,http://www.accessdata.fda.gov/drugsatfda_docs/nda/2000/21-047S001.pdf
c3c122f15d33e9c7d2cf9d4c,66439,021148,ORIG,1,http://www.accessdata.fda.gov/drugsatfda_docs/nda/2000/21-148_Norditropin.html
e78e4239844cb5e894d385ac,66473,212887,ORIG,1,"http://www.accessdata.fda.gov/drugsatfda_docs/nda/2021/212887Orig1s000,212888Orig1s000TOC.html"
e78e4239844cb5e894d385ac,66474,212888,ORIG,1,"http://www.accessdata.fda.gov/drugsatfda_docs/nda/2021/212887Orig1s000,212888Orig1s000TOC.html"
46038d29af224c9220788673,66499,021426,ORIG,1,http://www.accessdata.fda.gov/drugsatfda_docs/nda/2006/021426s000TOC.html
992d9ed322718f12db769c2f,66562,213176,ORIG,1,http://www.accessdata.fda.gov/drugsatfda_docs/nda/2021/213176Orig1Orig2s000TOC.html
7a8ae23d98287a59e69dc1a3,66725,020898,ORIG,1,http://www.accessdata.fda.gov/drugsatfda_docs/nda/98/20898_Thyrogen.html
8740932c0da093c642f7ccf2,66729,021289,ORIG,1,http://www.accessdata.fda.gov/drugsatfda_docs/nda/2002/21-289_Bravelle.html
78c9c646f0dc10780839a242,66747,761181,ORIG,1,http://www.accessdata.fda.gov/drugsatfda_docs/nda/2021/761181Orig1s000TOC.html
97cb383307173df443e8244e,66773,214200,ORIG,1,http://www.accessdata.fda.gov/drugsatfda_docs/nda/2020/214200Orig1s000TOC.html
92f84ef7c2e8bc61d763c2e5,66781,213135,ORIG,1,http://www.accessdata.fda.gov/drugsatfda_docs/nda/2020/213135Orig1s000TOC.html
f8c4386dfa46b110a2bbe1d4,66805,213026,ORIG,1,http://www.accessdata.fda.gov/drugsatfda_docs/nda/2021/213026Orig1s000TOC.html
156858f2b214d3cd8022a402,66839,207620,SUPPL,18,http://www.accessdata.fda.gov/drugsatfda_docs/nda/2021/207620Orig1s018.pdf
3970e1e55cacc64a560d3a3a,66869,214701,ORIG,1,http://www.accessdata.fda.gov/drugsatfda_docs/nda/2021/214701Orig1s000TOC.html
d79cc259287a624958691c11,66883,214018,ORIG,1,http://www.accessdata.fda.gov/drugsatfda_docs/nda/2021/214018Orig1s000TOC.html
c5650a1c80600b15a316d137,66937,212994,ORIG,1,http://www.accessdata.fda.gov/drugsatfda_docs/nda/2021/212994Orig1s000TOC.html
0471a7c74d31d2183e8072dd,66993,212904,ORIG,1,http://www.accessdata.fda.gov/drugsatfda_docs/nda/2021/212904Orig1s000TOC.html
6f5baa59d742139d68cdd2e4,66999,212520,ORIG,1,http://www.accessdata.fda.gov/drugsatfda_docs/nda/2020/212520Orig1s000TOC.html
ae14d33af492ba1da2f91a69,67003,020719,SUPPL,6,http://www.accessdata.fda.gov/drugsatfda_docs/nda/2021/020719Orig1s006.pdf
3e688974b02a849cfcce9695,67004,125031,SUPPL,203,http://www.accessdata.fda.gov/drugsatfda_docs/nda/2021/125031Orig1s203_LabelingR.pdf
6d906b33c4ac1d55fce37ed9,67005,125057,SUPPL,356,http://www.accessdata.fda.gov/drugsatfda_docs/nda/2021/125057Orig1s356.pdf
97c7fce7550c22f9adce9aa0,67006,125276,SUPPL,131,http://www.accessdata.fda.gov/drugsatfda_docs/nda/2021/125276Orig1s131.pdf
732f799ee5e5bf6deb85514a,67007,050718,SUPPL,6,http://www.accessdata.fda.gov/drugsatfda_docs/nda/2021/050718Orig1s006.pdf
1fed748a12da8a34bba24178,67070,213498,ORIG,1,http://www.accessdata.fda.gov/drugsatfda_docs/nda/2021/213498Orig1s000TOC.html
1fb101bf848c5038ac6b9e8e,67117,214231,ORIG,1,http://www.accessdata.fda.gov/drugsatfda_docs/nda/2021/214231Orig1s000TOC.html
d271ec2e325dc89dcf492c9f,67160,210864,ORIG,1,http://www.accessdata.fda.gov/drugsatfda_docs/nda/2021/210864Orig1s000TOC.html
5f0a5658eb8f0d75c59b2808,67169,209388,ORIG,1,http://www.accessdata.fda.gov/drugsatfda_docs/nda/2021/209388Orig1s000TOC.html
9297551c8bbb5a3dfb58eb85,67441,211302,ORIG,1,http://www.accessdata.fda.gov/drugsatfda_docs/nda/2020/211302Orig1s000TOC.html
9bef4d84a4032a904fe901a7,67442,212690,ORIG,1,http://www.accessdata.fda.gov/drugsatfda_docs/nda/2020/212690Orig1s000TOC.html
6d88548ce6403b43eb0a2558,67459,214154,ORIG,1,http://www.accessdata.fda.gov/drugsatfda_docs/nda/2021/214154Orig1s000TOC.html
a72f8d9611ee4dec47c32d4c,67471,125084,SUPPL,280,"http://www.accessdata.fda.gov/drugsatfda_docs/nda/2021/125084Orig1s277,s280.pdf"
a72f8d9611ee4dec47c32d4c,67472,125084,SUPPL,277,"http://www.accessdata.fda.gov/drugsatfda_docs/nda/2021/125084Orig1s277,s280.pdf"
e16b00f4464880b93a8ccd70,67519,212593,ORIG,1,http://www.accessdata.fda.gov/drugsatfda_docs/nda/2021/212593Orig1s000TOC.html
a27a4defecb50712aea67237,67534,761109,ORIG,1,http://www.accessdata.fda.gov/drugsatfda_docs/nda/2021/761109Orig1s000TOC.html
3d15fc33029e5251d0f651b1,67570,761174,ORIG,1,http://www.accessdata.fda.gov/drugsatfda_docs/nda/2021/761174Orig1s000TOC.html
721d8f6c28492c99a2b8ef53,67576,761196,ORIG,1,http://www.accessdata.fda.gov/drugsatfda_docs/nda/2021/761196Orig1s000TOC.html
a85cbe3aef7089bafae3ccb7,67592,761145,ORIG,1,http://www.accessdata.fda.gov/drugsatfda_docs/nda/2020/761145Orig1s000TOC.html
ac2b65191d1cf934cb70e0b5,67645,215014,ORIG,1,http://www.accessdata.fda.gov/drugsatfda_docs/nda/2021/215014Orig1s000TOC.html
228f42c148aa14b885761cbc,67750,214793,ORIG,1,http://www.accessdata.fda.gov/drugsatfda_docs/nda/2021/214793Orig1s000TOC.html
976fc0f863c0019f6febc4ea,67762,211150,ORIG,2,http://www.accessdata.fda.gov/drugsatfda_docs/nda/2021/211150Orig2s000TOC.html
56bb5782e14d2c315067d2f9,67862,761178,ORIG,1,http://www.accessdata.fda.gov/drugsatfda_docs/nda/2021/761178Orig1s000TOC.html
107b533703d8be048cb774f1,67867,761210,ORIG,1,http://www.accessdata.fda.gov/drugsatfda_docs/nda/2021/761210Orig1s000TOC.html
31ddf3648bd4da3499edfaad,67896,214665,ORIG,1,http://www.accessdata.fda.gov/drugsatfda_docs/nda/2021/214665Orig1s000TOC.html
ad7817beb57d45c9fecf5ed1,67897,214846,ORIG,1,http://www.accessdata.fda.gov/drugsatfda_docs/nda/2021/214846Orig1s000TOC.html
44237a01c9798f5cf734fe4d,67903,213378,ORIG,1,http://www.accessdata.fda.gov/drugsatfda_docs/nda/2021/213378Orig1Orig2s000TOC.html
44237a01c9798f5cf734fe4d,67904,213378,ORIG,2,http://www.accessdata.fda.gov/drugsatfda_docs/nda/2021/213378Orig1Orig2s000TOC.html
9791e0434779a5b5b9ac6d32,67905,214622,ORIG,1,http://www.accessdata.fda.gov/drugsatfda_docs/nda/2021/214622Orig1s000TOC.html
51d79cb02ff3fcec32f6cfef,67918,213330,ORIG,1,http://www.accessdata.fda.gov/drugsatfda_docs/nda/2021/213330Orig1s000TOC.html
365c01d82a273a5bceb56c2d,67985,214900,ORIG,1,http://www.accessdata.fda.gov/drugsatfda_docs/nda/2021/214900Orig1s000TOC.html
1ba454e231568f911cd63a55,68008,212122,ORIG,1,http://www.accessdata.fda.gov/drugsatfda_docs/nda/2021/212122Orig1s000TOC.html
4fb4f89c6edafbeed753fdfa,68013,214047,ORIG,1,http://www.accessdata.fda.gov/drugsatfda_docs/nda/2021/214047Orig1s000TOC.html
22ccdbf4504dd090aff7f501,68043,208419,ORIG,1,http://www.accessdata.fda.gov/drugsatfda_docs/nda/2021/208419Orig1s000TOC.html
afbec54e67e6c43f1a438984,68046,211844,ORIG,1,http://www.accessdata.fda.gov/drugsatfda_docs/nda/2021/211844Orig1s000TOC.html
f3811a95bc2462d00faed96d,68080,214044,ORIG,1,http://www.accessdata.fda.gov/drugsatfda_docs/nda/2021/214044Orig1s000TOC.html
b7b934117525b6bcc5555b39,68081,212501,ORIG,1,http://www.accessdata.fda.gov/drugsatfda_docs/nda/2021/212501Orig1s000TOC.html
d44ec357b79af6d2b3a2c887,68094,214313,ORIG,1,http://www.accessdata.fda.gov/drugsatfda_docs/nda/2021/214313Orig1s000TOC.html
9123b21152b26d1180b38bb6,68096,211964,ORIG,1,http://www.accessdata.fda.gov/drugsatfda_docs/nda/2021/211964Orig1s000TOC.html
7cd293be678418ca8f61321c,68121,214517,ORIG,1,http://www.accessdata.fda.gov/drugsatfda_docs/nda/2021/214517Orig1s000TOC.html
9c80d8d24d876a485f208f24,68163,209511,ORIG,1,http://www.accessdata.fda.gov/drugsatfda_docs/nda/2021/209511Orig1s000TOC.html
fb85d4d5998a0c2e3a038381,68223,761179,ORIG,1,http://www.accessdata.fda.gov/drugsatfda_docs/nda/2021/761179Orig1s000TOC.html
d3ec643b5e65ae71046b68a9,68296,215341,ORIG,1,http://www.accessdata.fda.gov/drugsatfda_docs/nda/2021/215341Orig1s000TOC.html
b89b4040117626a4907b041e,68341,214429,ORIG,1,http://www.accessdata.fda.gov/drugsatfda_docs/nda/2021/214429Orig1s000TOC.html
731f9dd0796a6e933be9f1e7,68370,214783,ORIG,1,http://www.accessdata.fda.gov/drugsatfda_docs/nda/2021/214783Orig1s000TOC.html
7b672572dd562b758c591953,68390,761123,ORIG,1,http://www.accessdata.fda.gov/drugsatfda_docs/nda/2021/761123Orig1s000TOC.html
3ab8708e3d21a2144af77cfd,68404,215498,ORIG,1,http://www.accessdata.fda.gov/drugsatfda_docs/nda/2021/215498Orig1s000TOC.html
dfb6421aab171de1aff5d697,68441,212184,ORIG,1,https://www.accessdata.fda.gov/drugsatfda_docs/nda/2021/212184Orig1s000TOC.html
8bd7313c212cd987ff104061,68471,761223,ORIG,1,https://www.accessdata.fda.gov/drugsatfda_docs/nda/2021/761223Orig1s000TOC.html
0dd604dc9e187ab5449e6f85,68511,204957,ORIG,1,http://www.accessdata.fda.gov/drugsatfda_docs/nda/2021/204957Orig1s000TOC.html
9439d3792455f7a73edcfdd3,68528,761201,ORIG,1,http://www.accessdata.fda.gov/drugsatfda_docs/nda/2021/761201Orig1s000TOC.html
8f9262528559e5b21788a7ae,68549,761194,ORIG,1,http://www.accessdata.fda.gov/drugsatfda_docs/nda/2021/761194Orig1s000TOC.html
8415804f7736c1216e21d88b,68550,210933,ORIG,1,http://www.accessdata.fda.gov/drugsatfda_docs/nda/2021/210933Orig1s000TOC.html
0c3cab979f0fee0684f9bf3e,68566,215383,ORIG,1,https://www.accessdata.fda.gov/drugsatfda_docs/nda/2021/215383Orig1s000TOC.html
f274537e2cb2d51ff12c337e,68655,213876,ORIG,1,https://www.accessdata.fda.gov/drugsatfda_docs/nda/2021/213876Orig1s000TOC.html
34afadd39d56650fa4f24576,68656,214916,ORIG,1,https://www.accessdata.fda.gov/drugsatfda_docs/nda/2021/214916Orig1s000TOC.html
9fffa4dbc7beefae8da7fd8b,68714,202049,ORIG,1,https://www.accessdata.fda.gov/drugsatfda_docs/nda/2021/202049Orig1s000TOC.html
2bf7e2f775e8a9c6d747a2eb,68740,017862,SUPPL,61,https://www.accessdata.fda.gov/drugsatfda_docs/nda/2021/017862Orig1s061.pdf
fe5d7b89b5e98f5cc5216865,68741,017862,SUPPL,63,https://www.accessdata.fda.gov/drugsatfda_docs/nda/2021/017862Orig1s063.pdf
ffe2bec4db4e1713cba86bdd,68744,020193,SUPPL,15,https://www.accessdata.fda.gov/drugsatfda_docs/nda/2021/020193Orig1s015.pdf
90a0b882154065cbc7e85c7f,68745,020829,SUPPL,73,https://www.accessdata.fda.gov/drugsatfda_docs/nda/2021/020829Orig1s073.pdf
f8c70f5e8b01ead09d7fa665,68746,761177,ORIG,1,https://www.accessdata.fda.gov/drugsatfda_docs/nda/2021/761177Orig1s000TOC.html
26a71b62e078e5b0221994c0,68747,020903,SUPPL,13,https://www.accessdata.fda.gov/drugsatfda_docs/nda/2021/020903Orig1s013.pdf
e78da857fb12142caa977520,68751,020986,SUPPL,40,https://www.accessdata.fda.gov/drugsatfda_docs/nda/2021/020986Orig1s040.pdf
3414b0a32ee99d39a1a5e9a9,68753,020986,SUPPL,47,https://www.accessdata.fda.gov/drugsatfda_docs/nda/2021/020986Orig1s047.pdf
534abf4027561b555e85a1c5,68755,021879,SUPPL,7,https://www.accessdata.fda.gov/drugsatfda_docs/nda/2021/021879Orig1s007.pdf
cb36886c7733ed508b9d3ac7,68756,020931,SUPPL,1,https://www.accessdata.fda.gov/drugsatfda_docs/nda/2021/020931Orig1s001.pdf
7fecc6b11a4ae7cadf53a056,68757,050514,SUPPL,9,https://www.accessdata.fda.gov/drugsatfda_docs/nda/2021/050514Orig1s009Lbl.pdf
e75e76b77fad255e769b6812,68758,083722,SUPPL,9,https://www.accessdata.fda.gov/drugsatfda_docs/nda/2021/083722Orig1s009.pdf
d43cdf9a114e2b0120d727f8,68759,083722,SUPPL,11,https://www.accessdata.fda.gov/drugsatfda_docs/nda/2021/083722Orig1s011.pdf
df92419779ef6da66f026aee,68760,125387,SUPPL,61,https://www.accessdata.fda.gov/drugsatfda_docs/nda/2021/125387Orig1s061.pdf
b26c8045d0a69666d84c5001,68761,202293,SUPPL,18,https://www.accessdata.fda.gov/drugsatfda_docs/nda/2021/202293Orig1s018.pdf
7d71222acb3eb6ea169a87a4,68762,203133,ORIG,1,https://www.accessdata.fda.gov/drugsatfda_docs/nda/2021/203133Orig1s000Approv.pdf
105ec1ae30389de81ebc7c35,68763,203433,SUPPL,2,https://www.accessdata.fda.gov/drugsatfda_docs/nda/2021/203433Orig1s002.pdf
66d871fed124842afd86a104,68764,204042,SUPPL,27,https://www.accessdata.fda.gov/drugsatfda_docs/nda/2021/204042Orig1s027.pdf
5f7fc9795e4c72f5ad175ada,68765,206073,SUPPL,17,https://www.accessdata.fda.gov/drugsatfda_docs/nda/2021/206073Orig1s017.pdf
f2a9181de72f4795f50abf03,68766,206073,SUPPL,21,https://www.accessdata.fda.gov/drugsatfda_docs/nda/2021/206073Orig1s021.pdf
65eccb1fe352da2473b47741,68767,207981,SUPPL,9,https://www.accessdata.fda.gov/drugsatfda_docs/nda/2021/207981Orig1s009.pdf
c5f14faa78b10f32be3ad449,68768,210189,ORIG,1,https://www.accessdata.fda.gov/drugsatfda_docs/nda/2021/210189Orig1s000BioEq.pdf
03788b6c67ef02b37c53e799,68778,203340,SUPPL,11,https://www.accessdata.fda.gov/drugsatfda_docs/nda/2021/203340Orig1s011.pdf
38f855db9af7cc6e68aee627,68780,211801,SUPPL,3,https://www.accessdata.fda.gov/drugsatfda_docs/nda/2021/211801Orig1s003.pdf
9af94db8f6b9d9fb7c45f124,68781,761044,SUPPL,3,https://www.accessdata.fda.gov/drugsatfda_docs/nda/2021/761044Orig1s003.pdf
9a0937f27a1b8c581272ffd6,68800,125522,ORIG,2,https://www.accessdata.fda.gov/drugsatfda_docs/nda/2021/125522Orig2s000TOC.html
dbad4d8b1cd2fca01e5f2eb4,68828,761202,ORIG,1,https://www.accessdata.fda.gov/drugsatfda_docs/nda/2021/761202Orig1s000TOC.html
3910cc037ad93bb32aeeece2,68889,212045,ORIG,1,https://www.accessdata.fda.gov/drugsatfda_docs/nda/2021/212045Orig1s000TOC.html
c2abf3496e056e86a7c951be,68890,202293,SUPPL,24,https://www.accessdata.fda.gov/drugsatfda_docs/nda/2021/202293Orig1s024TOC.html
3da22d1dae6b8905f6bf7730,68891,202293,ORIG,1,http://www.accessdata.fda.gov/drugsatfda_docs/nda/2014/202293Orig1s000TOC.html
d6d4b193a48d3d84f424bb5e,68912,215025,ORIG,1,https://www.accessdata.fda.gov/drugsatfda_docs/nda/2021/215025Orig1s000TOC.html
0b7b4c4dd9859c12832da79f,68913,761208,ORIG,1,https://www.accessdata.fda.gov/drugsatfda_docs/nda/2021/761208Orig1s000TOC.html
d61eb73a4df0969563c46712,68964,214253,ORIG,1,https://www.accessdata.fda.gov/drugsatfda_docs/nda/2021/214253Orig1s000TOC.html
a69aa9b34481a8438a9db956,68994,215310,ORIG,1,https://www.accessdata.fda.gov/drugsatfda_docs/nda/2021/215310Orig1s000TOC.html
75e4d4d12bc7e4ec5a30076b,69080,213072,ORIG,1,https://www.accessdata.fda.gov/drugsatfda_docs/nda/2021/213072Orig1s000TOC.html
057c732d496c3600406f2e56,69081,211488,ORIG,1,https://www.accessdata.fda.gov/drugsatfda_docs/nda/2021/211488Orig1s000TOC.html
f30fd238c09e4cf1f1a958c4,69131,214275,ORIG,1,https://www.accessdata.fda.gov/drugsatfda_docs/nda/2021/214275Orig1s000TOC.html
64f25f1417403e2bfc567df3,69181,215206,ORIG,1,https://www.accessdata.fda.gov/drugsatfda_docs/nda/2021/215206Orig1s000TOC.html
19cbf15b87e7fbf401484c1a,69223,214487,ORIG,1,https://www.accessdata.fda.gov/drugsatfda_docs/nda/2021/214487Orig1s000TOC.html
477d5412dcbbdeff487c52e1,69268,206610,ORIG,1,https://www.accessdata.fda.gov/drugsatfda_docs/nda/2021/206610Orig1s000TOC.html
8ff1d4007354a5acf13188d7,69282,212035,ORIG,1,https://www.accessdata.fda.gov/drugsatfda_docs/nda/2021/212035Orig1s000TOC.html
b96e25b9d31e64be3ef1ba33,69283,215110,ORIG,1,https://www.accessdata.fda.gov/drugsatfda_docs/nda/2021/215110Orig1s000TOC.html
d009b39a9734c6027e51db81,69327,213536,ORIG,1,https://www.accessdata.fda.gov/drugsatfda_docs/nda/2021/213536Orig1s000TOC.html
45a9315fd18ee0946aa421ab,69368,214770,ORIG,1,https://www.accessdata.fda.gov/drugsatfda_docs/nda/2021/214770Orig1s000TOC.html
5a36906153ac406ab1d31cb7,69369,021342,ORIG,1,https://www.accessdata.fda.gov/drugsatfda_docs/nda/2002/21-342_Levothyroxine.html
a870886260f790b270ae059e,69413,215358,ORIG,2,"https://www.accessdata.fda.gov/drugsatfda_docs/nda/2021/215358Orig1s000,Orig2s000TOC.html"
d3902aab83d50038db110f6c,69421,214187,ORIG,1,https://www.accessdata.fda.gov/drugsatfda_docs/nda/2021/214187Orig1s000TOC.html
49277f9b06d02679e053bc85,69427,213422,ORIG,1,https://www.accessdata.fda.gov/drugsatfda_docs/nda/2021/213422Orig1s000TOC.html
c072f8d6575abbdad1d0623a,69506,011909,SUPPL,30,https://www.accessdata.fda.gov/drugsatfda_docs/nda/2021/011909Orig1s030.pdf
248fceb50b264735279eefdb,69507,022387,SUPPL,17,https://www.accessdata.fda.gov/drugsatfda_docs/nda/2021/022387Orig1s017.pdf
4063accad0f62896c247c3dd,69508,125085,SUPPL,331,https://www.accessdata.fda.gov/drugsatfda_docs/nda/2021/125085Orig1s331.pdf
99bad6bfebb47a83dc4f4cec,69509,125409,SUPPL,109,https://www.accessdata.fda.gov/drugsatfda_docs/nda/2021/125409Orig1s109.pdf
13f5f321fd67741cd7235f2d,69510,125166,SUPPL,422,https://www.accessdata.fda.gov/drugsatfda_docs/nda/2021/125166Orig1s422.pdf
cd3ea0644274bab075064214,69511,203756,SUPPL,8,https://www.accessdata.fda.gov/drugsatfda_docs/nda/2021/203756Orig1s008.pdf
243e10c77d6ea5b9462dd5f8,69524,214662,ORIG,1,https://www.accessdata.fda.gov/drugsatfda_docs/nda/2021/214662Orig1s000TOC.html
36007696f42115a52aebd80a,69541,761166,ORIG,1,http://www.accessdata.fda.gov/drugsatfda_docs/nda/2021/761166Orig1s000TOC.html
207aef4c86a18244acac77fe,69646,021318,SUPPL,56,https://www.accessdata.fda.gov/drugsatfda_docs/nda/2021/021318Orig1s056.pdf
912f1f1c8dc9fcd1a7332f72,69647,021318,SUPPL,53,https://www.accessdata.fda.gov/drugsatfda_docs/nda/2021/021318Orig1s053.pdf
a0201ec90e0843e479ba6a8a,69648,125377,SUPPL,106,https://www.accessdata.fda.gov/drugsatfda_docs/nda/2021/125377Orig1s106.pdf
0acc073f491416090e7c09f5,69649,201355,ORIG,1,https://www.accessdata.fda.gov/drugsatfda_docs/nda/2021/201355Orig1s000.pdf
ccee276c9d8ba7450514b684,69650,202293,SUPPL,20,https://www.accessdata.fda.gov/drugsatfda_docs/nda/2021/202293Orig1s020.pdf
15cf45768b2f57bd1563349d,69651,205552,SUPPL,2,https://www.accessdata.fda.gov/drugsatfda_docs/nda/2021/205552Orig1s002.pdf
699619a4959aa188eee4c84b,69652,208702,ORIG,1,https://www.accessdata.fda.gov/drugsatfda_docs/nda/2021/208702Orig1s000.pdf
fc2c67487b845dab3296db99,69653,212156,ORIG,1,https://www.accessdata.fda.gov/drugsatfda_docs/nda/2021/212156Orig1s000TOC.html
1c96d980ce50205710ef6130,69744,215596,ORIG,1,https://www.accessdata.fda.gov/drugsatfda_docs/nda/2021/215596Orig1s000TOC.html
c7752b847ac906c72fc1c3c4,69746,214907,ORIG,1,https://www.accessdata.fda.gov/drugsatfda_docs/nda/2021/214907Orig1s000TOC.html
243336ac74eecbd3d90533c3,69747,214938,ORIG,1,https://www.accessdata.fda.gov/drugsatfda_docs/nda/2021/214938Orig1s000TOC.html
9fa8bcefb088ae9b4cfc8dba,69772,215256,ORIG,1,https://www.accessdata.fda.gov/drugsatfda_docs/nda/2021/215256Orig1s000TOC.html
2068896b5cec682c2ee21b14,69802,214460,ORIG,1,"http://www.accessdata.fda.gov/drugsatfda_docs/nda/2021/214460Orig1s000, 214461Orig1s000TOC.html"
2068896b5cec682c2ee21b14,69803,214461,ORIG,1,"http://www.accessdata.fda.gov/drugsatfda_docs/nda/2021/214460Orig1s000, 214461Orig1s000TOC.html"
edbf6f5dd2ec445c2011b291,69865,761224,ORIG,1,https://www.accessdata.fda.gov/drugsatfda_docs/nda/2022/761224Orig1s000TOC.html
1ecef18127ff317dccc3afbc,69894,761216,ORIG,1,https://www.accessdata.fda.gov/drugsatfda_docs/nda/2022/761216Orig1s000TOC.html
d785bfb6d3057bca7b1e43ed,69909,761195,ORIG,1,https://www.accessdata.fda.gov/drugsatfda_docs/nda/2022/761195Orig1s000TOC.html
c71a1f2a17fcbaeda3d740d5,69936,214012,ORIG,1,https://www.accessdata.fda.gov/drugsatfda_docs/nda/2022/214012Orig1s000TOC.html
df637bd2635ae9340375e702,69964,761180,ORIG,1,https://www.accessdata.fda.gov/drugsatfda_docs/nda/2022/761180Orig1s000TOC.html
a8636994b59e9bb57e24fbd6,69976,213801,ORIG,1,https://www.accessdata.fda.gov/drugsatfda_docs/nda/2022/213801Orig1s000TOC.html
9e406d3d91cbf3bfbb03a01d,69987,761215,ORIG,1,https://www.accessdata.fda.gov/drugsatfda_docs/nda/2022/761215Orig1s000TOC.html
282e071d22d4075b5151f74f,70051,215143,ORIG,1,https://www.accessdata.fda.gov/drugsatfda_docs/nda/2022/215143Orig1s000TOC.html
f299a364875ea26ed48c0e4a,70093,202439,SUPPL,35,https://www.accessdata.fda.gov/drugsatfda_docs/nda/2022/202439Orig1s035.pdf
75215eacd734a78b171dca1c,70139,213871,ORIG,1,https://www.accessdata.fda.gov/drugsatfda_docs/nda/2022/213871Orig1s000TOC.html
f5e2dd3b2041353d0d901030,70155,214985,ORIG,1,https://www.accessdata.fda.gov/drugsatfda_docs/nda/2022/214985Orig1s000TOC.html
cfb8595d7c6ec488f83f4e03,70238,761228,ORIG,1,https://www.accessdata.fda.gov/drugsatfda_docs/nda/2022/761228Orig1s000TOC.html
340259b381c6943244aaf97b,70263,213895,ORIG,1,https://www.accessdata.fda.gov/drugsatfda_docs/nda/2022/213895Orig1s000TOC.html
a4f9ffbc999c2ec4b71131ee,70274,761235,ORIG,1,https://www.accessdata.fda.gov/drugsatfda_docs/nda/2022/761235Orig1s000TOC.html
3e78c819c1cd40531376b7c2,70346,214787,SUPPL,10,https://www.accessdata.fda.gov/drugsatfda_docs/nda/2022/214787Orig1s010.pdf
f37ba7efd0233a5664713a94,70401,761164,ORIG,1,https://www.accessdata.fda.gov/drugsatfda_docs/nda/2022/761164Orig1s000TOC.html
f762fb976ebd1e4ed9a0c171,70547,216196,ORIG,1,https://www.accessdata.fda.gov/drugsatfda_docs/nda/2022/216196Orig1s000TOC.html
e08012b0c37ce7a069022688,70567,210526,ORIG,1,https://www.accessdata.fda.gov/drugsatfda_docs/nda/2022/210526Orig1s000TOC.html
795728ef1ab6a6dcf49e5763,70634,208712,ORIG,1,https://www.accessdata.fda.gov/drugsatfda_docs/nda/2022/208712Orig1s000TOC.html
05fa3de54f6792dd8cee2c21,70655,214962,ORIG,2,https://www.accessdata.fda.gov/drugsatfda_docs/nda/2022/214962Orig2s000TOC.html
7aa901d702129faf4aa9dac0,70678,214358,ORIG,1,https://www.accessdata.fda.gov/drugsatfda_docs/nda/2022/214358Orig1s000TOC.html
3236f2786c78c87cf593b21e,70686,215395,ORIG,1,http://www.accessdata.fda.gov/drugsatfda_docs/nda/2022/215395Orig1s000TOC.html
d80c6a3bdf01689395fddb46,70687,211988,ORIG,1,https://www.accessdata.fda.gov/drugsatfda_docs/nda/2022/211988Orig1s000TOC.html
3ce6f8b76d7ccab9274cb9c1,70717,020688,SUPPL,32,https://www.accessdata.fda.gov/drugsatfda_docs/nda/2020/020688Orig1s032.pdf
89db30cee3f5a2b75f24f46c,70718,021545,SUPPL,22,https://www.accessdata.fda.gov/drugsatfda_docs/nda/2022/021545Orig1s022.pdf
f7ab6c6f3e5ee5d843cf1c3c,70719,091640,ORIG,1,https://www.accessdata.fda.gov/drugsatfda_docs/nda/2022/091640Orig1_Approval_pkg.pdf
2419343bdfa6193ae401a49a,70724,209500,SUPPL,5,https://www.accessdata.fda.gov/drugsatfda_docs/nda/2022/209500Orig1s005_Redacted.pdf
95304a8d44ec02e6cd790af3,70725,209500,SUPPL,6,https://www.accessdata.fda.gov/drugsatfda_docs/nda/2022/209500Orig1s006_Redacted.pdf
35d20038d8974fc6c9142a4f,70726,761055,SUPPL,12,https://www.accessdata.fda.gov/drugsatfda_docs/nda/2022/761055Orig1s012.pdf
0644a32f0f3d3b8ef24c4e97,70728,204447,SUPPL,9,https://www.accessdata.fda.gov/drugsatfda_docs/nda/2017/204447Orig1s009.pdf
0cab1d07731f49d78403996f,70729,204447,SUPPL,17,https://www.accessdata.fda.gov/drugsatfda_docs/nda/2018/204447Orig1s017.pdf
cc43e1fda85cf37017b1c71b,70730,204447,SUPPL,20,https://www.accessdata.fda.gov/drugsatfda_docs/nda/2020/204447Orig1s020.pdf
79ac1c74bb21dc76e4ae79eb,70731,206276,SUPPL,5,https://www.accessdata.fda.gov/drugsatfda_docs/nda/2020/206276Orig1s005.pdf
f7dba8fcc74fac6b5eec9932,70736,761082,ORIG,1,https://www.accessdata.fda.gov/drugsatfda_docs/nda/2022/761082Orig1s000TOC.html
b9b861e89aecf6474ef64efd,70751,215904,ORIG,1,https://www.accessdata.fda.gov/drugsatfda_docs/nda/2022/215904Orig1s000TOC.html
273d9fff3802c585438dda71,70774,761234,ORIG,1,https://www.accessdata.fda.gov/drugsatfda_docs/nda/2022/761234Orig1s000TOC.html
ed5cb3a56f9d721a5a2ba385,70785,215457,ORIG,1,https://www.accessdata.fda.gov/drugsatfda_docs/nda/2022/215457Orig1s000TOC.html
d30a818d57d0f7dddd6992c4,70788,215833,ORIG,1,https://www.accessdata.fda.gov/drugsatfda_docs/nda/2022/215833Orig1s000TOC.html
4440f20adbbabbbaf61dd4be,70814,210735,ORIG,1,https://www.accessdata.fda.gov/drugsatfda_docs/nda/2022/210735Orig1s000TOC.html
3bb9a67400169dff5c5ad863,70817,022371,ORIG,1,https://www.accessdata.fda.gov/drugsatfda_docs/nda/2009/022371s000_astepro_toc.html
d2f442f2be6edc9190cb27a5,70961,214965,ORIG,1,https://www.accessdata.fda.gov/drugsatfda_docs/nda/2022/214965Orig1s000TOC.html
a8fc4fa93609d346fc178e5e,70962,213872,ORIG,1,https://www.accessdata.fda.gov/drugsatfda_docs/nda/2022/213872Orig1s000TOC.html
725e9dbab994859307f42e68,70994,215401,ORIG,1,https://www.accessdata.fda.gov/drugsatfda_docs/nda/2022/215401Orig1s000TOC.html
e5eba5ae6bdf35a461a09b50,71009,215859,ORIG,1,https://www.accessdata.fda.gov/drugsatfda_docs/nda/2022/215859Orig1s000TOC.html
519c6f299f72e032075e94d3,71026,214028,ORIG,1,https://www.accessdata.fda.gov/drugsatfda_docs/nda/2022/214028Orig1s000TOC.html
ee2f9562b6d63c4145a4e639,71036,761231,ORIG,1,https://www.accessdata.fda.gov/drugsatfda_docs/nda/2022/761231Orig1s000TOC.html
89fe1985c74fa61a2c23d180,71037,215888,ORIG,1,https://www.accessdata.fda.gov/drugsatfda_docs/nda/2022/215888Orig1s000TOC.html
1854d1df32a8a84f6e45f11b,71048,215413,ORIG,1,https://www.accessdata.fda.gov/drugsatfda_docs/nda/2022/215413Orig1s000TOC.html
66dc04e268cb818dccc22ac5,71049,212125,ORIG,1,https://www.accessdata.fda.gov/drugsatfda_docs/nda/2022/212125Orig1s000TOC.html
15179622b1b3dfefc5c14b03,71053,210282,ORIG,1,https://www.accessdata.fda.gov/drugsatfda_docs/nda/2022/210282Orig1s000TOC.html
38509aed3b411245f7c65ac4,71069,213218,ORIG,1,https://www.accessdata.fda.gov/drugsatfda_docs/nda/2022/213218Orig1s000TOC.html
104ea432254a3aa76c028a10,71095,213478,ORIG,1,https://www.accessdata.fda.gov/drugsatfda_docs/nda/2022/213478Orig1s000TOC.html
c41b5e55e8b5debb7049b522,71163,204803,ORIG,1,https://www.accessdata.fda.gov/drugsatfda_docs/nda/2022/204803Orig1s000TOC.html
8d6dab888870f5538f74c299,71164,214869,ORIG,1,https://www.accessdata.fda.gov/drugsatfda_docs/nda/2022/214869Orig1s000TOC.html
27464b2684eebed0853651de,71182,215650,ORIG,1,https://www.accessdata.fda.gov/drugsatfda_docs/nda/2022/215650Orig1s000TOC.html
b3f73a6728d7459f819a16e8,71200,215841,ORIG,1,https://www.accessdata.fda.gov/drugsatfda_docs/nda/2022/215841Orig1s000TOC.html
32b5496abd6bb7c9909e9758,71206,213978,ORIG,1,https://www.accessdata.fda.gov/drugsatfda_docs/nda/2022/213978Orig1s000TOC.html
2938aeb82566a8c4583f2ec2,71255,215152,ORIG,1,"https://www.accessdata.fda.gov/drugsatfda_docs/nda/2022/215152Orig1s000,215153Orig1s000TOC.html"
2938aeb82566a8c4583f2ec2,71256,215153,ORIG,1,"https://www.accessdata.fda.gov/drugsatfda_docs/nda/2022/215152Orig1s000,215153Orig1s000TOC.html"
4c69d8933a97783849f9dc63,71259,207949,ORIG,1,https://www.accessdata.fda.gov/drugsatfda_docs/nda/2022/207949Orig1s000TOC.html
39df076611052c1fb424a4d5,71261,214998,ORIG,1,https://www.accessdata.fda.gov/drugsatfda_docs/nda/2022/214998Orig1s000TOC.html
9028457e35a3c32a18900878,71266,050708,SUPPL,53,https://www.accessdata.fda.gov/drugsatfda_docs/nda/2022/050708Orig1s053; 050709Orig1s045; 210115Orig1s005.pdf
9028457e35a3c32a18900878,71267,050709,SUPPL,45,https://www.accessdata.fda.gov/drugsatfda_docs/nda/2022/050708Orig1s053; 050709Orig1s045; 210115Orig1s005.pdf
9028457e35a3c32a18900878,71268,210115,SUPPL,5,https://www.accessdata.fda.gov/drugsatfda_docs/nda/2022/050708Orig1s053; 050709Orig1s045; 210115Orig1s005.pdf
46a17406554cbaa7a79ec7a0,71307,215866,ORIG,1,https://www.accessdata.fda.gov/drugsatfda_docs/nda/2022/215866Orig1s000TOC.html
a319c3576d8632001d738426,71399,215272,ORIG,1,https://www.accessdata.fda.gov/drugsatfda_docs/nda/2022/215272Orig1s000TOC.html
790c7b4f9be13faa7edcc36a,71420,215133,ORIG,2,"https://www.accessdata.fda.gov/drugsatfda_docs/nda/2022/215133Orig1s000,215133Orig2TOC.html"
790c7b4f9be13faa7edcc36a,71421,215133,ORIG,1,"https://www.accessdata.fda.gov/drugsatfda_docs/nda/2022/215133Orig1s000,215133Orig2TOC.html"
cac980b6651b26b9c59fb5eb,71451,214787,SUPPL,11,https://www.accessdata.fda.gov/drugsatfda_docs/nda/2022/214787Orig1s011.pdf
4de25e9f7274e2b803b97a2a,71466,208289,SUPPL,6,https://www.accessdata.fda.gov/drugsatfda_docs/nda/2022/208289Orig1s006.pdf
00202911012b276ae602773a,71467,208891,ORIG,1,https://www.accessdata.fda.gov/drugsatfda_docs/nda/2022/208891Orig1s000.pdf
04cb7165262b96a8a3fcdb73,71468,209241,SUPPL,16,https://www.accessdata.fda.gov/drugsatfda_docs/nda/2022/209241Orig1s016.pdf
cc50d9e59b606b4cb277010e,71469,211988,SUPPL,5,https://www.accessdata.fda.gov/drugsatfda_docs/nda/2022/211988Orig1s005.pdf
720e922f005b910a74768bde,71470,125514,SUPPL,47,https://www.accessdata.fda.gov/drugsatfda_docs/nda/2022/125514Orig1s047.pdf
b201bc900d5b820fd9d5c312,71471,021318,SUPPL,54,https://www.accessdata.fda.gov/drugsatfda_docs/nda/2022/021318Orig1s054.pdf
9fffe2001d19591a206d50f5,71472,090589,ORIG,1,https://www.accessdata.fda.gov/drugsatfda_docs/nda/2022/090589Orig1s000.pdf
73203bcbc13a60689fb6aa73,71473,125085,SUPPL,319,https://www.accessdata.fda.gov/drugsatfda_docs/nda/2022/125085Orig1s319.pdf
f79bcf14e6a4e00e2c700258,71474,207868,ORIG,1,https://www.accessdata.fda.gov/drugsatfda_docs/nda/2022/207868Orig1s000.pdf
a177f5d7823ab9a390b60b39,71475,214826,ORIG,1,https://www.accessdata.fda.gov/drugsatfda_docs/nda/2022/214826Orig1s000TOC.html
c5a7af273e72b7804279c37c,71488,203858,SUPPL,23,https://www.accessdata.fda.gov/drugsatfda_docs/nda/2022/203858Orig1s023.pdf
4863b1fdd5764edd4aceb970,71489,205832,SUPPL,12,https://www.accessdata.fda.gov/drugsatfda_docs/nda/2022/205832Orig1s012.pdf
33e5339335e34d52f8e506ec,71490,021290,SUPPL,43,https://www.accessdata.fda.gov/drugsatfda_docs/nda/2022/021290Orig1s043.pdf
2b3a49fbefe3fd57c31a295c,71491,022580,SUPPL,20,https://www.accessdata.fda.gov/drugsatfda_docs/nda/2022/022580Orig1s020.pdf
5d4e4b9eaeb36050f17d2246,71492,209713,SUPPL,3,https://www.accessdata.fda.gov/drugsatfda_docs/nda/2022/209713Orig1s003.pdf
57f17a7eda71cfeac12db00e,71519,214324,ORIG,1,https://www.accessdata.fda.gov/drugsatfda_docs/nda/2022/214324Orig1s000TOC.html
aea4016f5922d321d7217f23,71520,215309,ORIG,1,https://www.accessdata.fda.gov/drugsatfda_docs/nda/2022/215309Orig1s000TOC.html
ce335aa1abe82f2359dd0414,71537,125472,SUPPL,44,http://www.accessdata.fda.gov/drugsatfda_docs/nda/2021/125472Orig1s044.pdf
ab20bbc9441a0cf9c5a7c8df,71538,215515,ORIG,1,https://www.accessdata.fda.gov/drugsatfda_docs/nda/2022/215515Orig1s000TOC.html
dde7be61a654b07b1360ebe2,71544,216157,ORIG,1,https://www.accessdata.fda.gov/drugsatfda_docs/nda/2022/216157Orig1s000TOC.html
3cebc2b66d28d5aa046ecb84,71554,213426,ORIG,1,https://www.accessdata.fda.gov/drugsatfda_docs/nda/2022/213426Orig1s000TOC.html
5f3ce77b88f4568b1b30d9cc,71555,761084,ORIG,1,https://www.accessdata.fda.gov/drugsatfda_docs/nda/2022/761084Orig1s000TOC.html
9ecbe3660749a754cdaefe2b,71575,212854,ORIG,1,https://www.accessdata.fda.gov/drugsatfda_docs/nda/2022/212854Orig1s000TOC.html
074d66943c572d289b4691f4,71605,214902,ORIG,1,https://www.accessdata.fda.gov/drugsatfda_docs/nda/2022/214902Orig1s000TOC.html
5d776ddbc58e3abc9711af2f,71635,215019,ORIG,1,https://www.accessdata.fda.gov/drugsatfda_docs/nda/2022/215019Orig1s000TOC.html
4d88c88665ef9b2b80dd6156,71649,761055,SUPPL,40,https://www.accessdata.fda.gov/drugsatfda_docs/nda/2022/761055Orig1s040.pdf
a10b426579a9cf4f7688f927,71662,215422,ORIG,1,https://www.accessdata.fda.gov/drugsatfda_docs/nda/2022/215422Orig1s000TOC.html
904ee78346b4d2aaceddd3cb,71699,214032,ORIG,1,https://www.accessdata.fda.gov/drugsatfda_docs/nda/2022/214032Orig1s000TOC.html
420bf6b2dc6f51b3a9266e52,71706,215252,ORIG,1,https://www.accessdata.fda.gov/drugsatfda_docs/nda/2022/215252Orig1s000TOC.html
dd20155d0334a2ef1f9c921e,71716,214679,ORIG,1,https://www.accessdata.fda.gov/drugsatfda_docs/nda/2022/214679Orig1s000TOC.html
73423a3aea565c17e87b9f2d,71774,215602,ORIG,1,https://www.accessdata.fda.gov/drugsatfda_docs/nda/2022/215602Orig1s000TOC.html
da71d5a78c7f627f2fb84c45,71846,214518,ORIG,1,https://www.accessdata.fda.gov/drugsatfda_docs/nda/2022/214518Orig1s000TOC.html
4187af8ffc0dab6fdb8dcf46,71865,213645,ORIG,1,https://www.accessdata.fda.gov/drugsatfda_docs/nda/2022/213645Orig1s000TOC.html
0d8abd7eefe681c94c1cb9d1,71872,761165,ORIG,1,https://www.accessdata.fda.gov/drugsatfda_docs/nda/2022/761165Orig1s000TOC.html
9b4a8864cbee57471148fd62,71873,213436,ORIG,1,https://www.accessdata.fda.gov/drugsatfda_docs/nda/2022/213436Orig1s000TOC.html
1aff24affa451bbd55837c11,71874,215423,ORIG,1,https://www.accessdata.fda.gov/drugsatfda_docs/nda/2022/215423Orig1s000TOC.html
db2d1a37a7a755b652c6be84,71895,021346,SUPPL,48,http://www.accessdata.fda.gov/drugsatfda_docs/nda/2013/021346Orig1s048.pdf
f7e5d00c75e02789093d5d31,71897,021346,SUPPL,49,http://www.accessdata.fda.gov/drugsatfda_docs/nda/2013/021346Orig1s049.pdf
17ce01d2cb7344203627bc6f,71902,021346,SUPPL,50,http://www.accessdata.fda.gov/drugsatfda_docs/nda/2013/021346Orig1s050.pdf
a93df929b5b690a9a335d45e,71905,021346,SUPPL,54,http://www.accessdata.fda.gov/drugsatfda_docs/nda/2016/021346Orig1s054.pdf
afa029463da7ddf955018dbb,71907,021346,SUPPL,55,http://www.accessdata.fda.gov/drugsatfda_docs/nda/2016/021346Orig1s055.pdf
6a54f59a64a2dd0cee82b95d,71909,021346,SUPPL,56,http://www.accessdata.fda.gov/drugsatfda_docs/nda/2017/021346Orig1s056.pdf
9b1f728ddb3c28ea7a58f5d0,71910,021346,SUPPL,58,http://www.accessdata.fda.gov/drugsatfda_docs/nda/2018/021346Orig1s058.pdf
94b35c8247e2d910f6219cc3,71912,021346,SUPPL,59,http://www.accessdata.fda.gov/drugsatfda_docs/nda/2018/021346Orig1s059.pdf
b1a9504b6aebf49dd47f967b,71914,021346,SUPPL,60,http://www.accessdata.fda.gov/drugsatfda_docs/nda/2019/021346Orig1s060.pdf
8f289473dd0c6eec7ebf78f2,71916,021346,SUPPL,61,http://www.accessdata.fda.gov/drugsatfda_docs/nda/2021/021346Orig1s061.pdf
7ce2acaa902f91ef7de9fc63,71917,021346,SUPPL,62,http://www.accessdata.fda.gov/drugsatfda_docs/nda/2019/021346Orig1s062.pdf
dcdd6d7d1c34af439968337c,71919,021346,SUPPL,63,http://www.accessdata.fda.gov/drugsatfda_docs/nda/2020/021346Orig1s063.pdf
737fbfd341cf01f93f606d07,71921,021346,SUPPL,64,http://www.accessdata.fda.gov/drugsatfda_docs/nda/2021/021346Orig1s064.pdf
f50db13be08b5be595539238,71933,021346,SUPPL,52,http://www.accessdata.fda.gov/drugsatfda_docs/nda/2014/021346Orig1s052.pdf
d4adbf484e9ba2a558c6afa4,71934,021346,SUPPL,51,http://www.accessdata.fda.gov/drugsatfda_docs/nda/2014/021346Orig1s051.pdf
0202cd25f5449ca8e50609a9,71935,021529,SUPPL,7,http://www.accessdata.fda.gov/drugsatfda_docs/nda/2011/021529Orig1s007.pdf
8e28ab6ea72dfedfd52f1069,71970,213312,ORIG,1,https://www.accessdata.fda.gov/drugsatfda_docs/nda/2022/213312Orig1s000TOC.html
ca6e0104141cc61c50292fd8,72048,215499,ORIG,1,https://www.accessdata.fda.gov/drugsatfda_docs/nda/2022/215499Orig1s000TOC.html
fea52f0ae3bc09f906bb7133,72049,215712,ORIG,1,https://www.accessdata.fda.gov/drugsatfda_docs/nda/2022/215712Orig1s000TOC.html
4cdbae648e21e581e3e6bbad,72063,021514,SUPPL,17,https://www.accessdata.fda.gov/drugsatfda_docs/nda/2022/021514Orig1s017.pdf
fa53c164993e3588b7dfad03,72071,761261,ORIG,1,https://www.accessdata.fda.gov/drugsatfda_docs/nda/2022/761261Orig1s000TOC.html
53b740cec4c05f0fdf9df159,72094,203214,SUPPL,18,https://www.accessdata.fda.gov/drugsatfda_docs/nda/2022/203214Orig1s018.pdf
9b07a0d0e6f27f40a1c02c77,72095,021529,SUPPL,18,https://www.accessdata.fda.gov/drugsatfda_docs/nda/2022/021529Orig1s018.pdf
3541cf8c81f018a3df326450,72096,021529,SUPPL,8,https://www.accessdata.fda.gov/drugsatfda_docs/nda/2022/021529Orig1s008.pdf
c2efc11d5e988558a2f1c48c,72097,021529,SUPPL,11,https://www.accessdata.fda.gov/drugsatfda_docs/nda/2022/021529Orig1s011.pdf
32c74d26cfa15629a2721e8c,72098,021529,SUPPL,1,https://www.accessdata.fda.gov/drugsatfda_docs/nda/2022/021529Orig1s001.pdf
2b2a05150830bcd1d0ac3f7b,72099,021529,SUPPL,4,https://www.accessdata.fda.gov/drugsatfda_docs/nda/2022/021529Orig1s004.pdf
0d2c8743262d468c24b291ed,72102,022388,ORIG,1,https://www.accessdata.fda.gov/drugsatfda_docs/nda/2022/022388Orig1s000TOC.html
9bd5535f1c2af226bad5587f,72128,761197,ORIG,1,https://www.accessdata.fda.gov/drugsatfda_docs/nda/2022/761197Orig1s000TOC.html
4c671908121699480077b57c,72203,761244,ORIG,1,https://www.accessdata.fda.gov/drugsatfda_docs/nda/2022/761244Orig1s000TOC.html
1c8e9b6dfa69e99c3053cd60,72204,214410,ORIG,2,https://www.accessdata.fda.gov/drugsatfda_docs/nda/2022/214410Orig2s000TOC.html
3d05846b0c60a5e28e513dba,72235,211950,ORIG,1,https://www.accessdata.fda.gov/drugsatfda_docs/nda/2022/211950Orig1s000TOC.html
9240a3acc83eae6ad4d275c8,72248,214133,ORIG,1,https://www.accessdata.fda.gov/drugsatfda_docs/nda/2022/214133Orig1s000TOC.html
64e0276ebafbba2b947c6d81,72258,761127,ORIG,1,https://www.accessdata.fda.gov/drugsatfda_docs/nda/2022/761127Orig1s000TOC.html
99391553c23a2cf7924f90a0,72261,022231,ORIG,1,https://www.accessdata.fda.gov/drugsatfda_docs/nda/2022/022231Orig1s000TOC.html
011f5b4773457d2757e4d346,72293,761148,ORIG,1,https://www.accessdata.fda.gov/drugsatfda_docs/nda/2022/761148Orig1s000TOC.html
adc7cc3ef22c689ed43a21db,72312,021196,SUPPL,30,https://www.accessdata.fda.gov/drugsatfda_docs/nda/2022/021196Orig1s030.pdf
3554b185e01c60a9a753acfc,72313,019591,SUPPL,23,https://www.accessdata.fda.gov/drugsatfda_docs/nda/2022/019591Orig1s023.pdf
c8bd271c6b4bf39849e758e2,72322,214958,ORIG,1,https://www.accessdata.fda.gov/drugsatfda_docs/nda/2022/214958Orig1s000TOC.html
2d943d95876f4f2638955d6e,72323,214919,ORIG,1,https://www.accessdata.fda.gov/drugsatfda_docs/nda/2022/214919Orig1s000TOC.html
ad09e7a37d8620e85c19ac9b,72346,214439,ORIG,1,https://www.accessdata.fda.gov/drugsatfda_docs/nda/2022/214439Orig1s000TOC.html
63aeebcc042202f3cd047dd9,72403,214581,ORIG,1,https://www.accessdata.fda.gov/drugsatfda_docs/nda/2022/214581Orig1s000TOC.html
91114b572440c8467f25d0aa,72411,021035,SUPPL,102,https://www.accessdata.fda.gov/drugsatfda_docs/nda/2022/021035Orig1s102.pdf
ebb308f1d5715d0ef20c21f5,72412,019591,SUPPL,26,https://www.accessdata.fda.gov/drugsatfda_docs/nda/2022/019591Orig1s026;s028.pdf
ebb308f1d5715d0ef20c21f5,72413,019591,SUPPL,28,https://www.accessdata.fda.gov/drugsatfda_docs/nda/2022/019591Orig1s026;s028.pdf
9c9c4bf11c50c603f5a16c49,72414,022074,SUPPL,7,https://www.accessdata.fda.gov/drugsatfda_docs/nda/2022/022074Orig1s007.pdf
659c245f9e31e8b5bbf0f917,72415,022544,SUPPL,27,https://www.accessdata.fda.gov/drugsatfda_docs/nda/2022/022544Orig1s027.pdf
100f2553b87c245629d08c7f,72416,019591,SUPPL,14,https://www.accessdata.fda.gov/drugsatfda_docs/nda/2022/019591Orig1s014;s017.pdf
100f2553b87c245629d08c7f,72417,019591,SUPPL,17,https://www.accessdata.fda.gov/drugsatfda_docs/nda/2022/019591Orig1s014;s017.pdf
639d2c8fac3b8ba1e4f5c5e8,72418,019591,SUPPL,22,https://www.accessdata.fda.gov/drugsatfda_docs/nda/2022/019591Orig1s022.pdf
7929b9ae6c16fd380c417afd,72419,019591,SUPPL,25,https://www.accessdata.fda.gov/drugsatfda_docs/nda/2022/019591Orig1s025.pdf
b4bea68eed9158f396e5dff0,72420,019591,SUPPL,27,https://www.accessdata.fda.gov/drugsatfda_docs/nda/2022/019591Orig1s027.pdf
d3369252f7ad874af68324bb,72421,019591,SUPPL,30,https://www.accessdata.fda.gov/drugsatfda_docs/nda/2022/019591Orig1s030.pdf
16e7e8dd465f81b1e4fe95a5,72422,019591,SUPPL,20,https://www.accessdata.fda.gov/drugsatfda_docs/nda/2022/019591Orig1s020.pdf
dbaa24cfe14213933d8c9be4,72425,215092,ORIG,1,https://www.accessdata.fda.gov/drugsatfda_docs/nda/2022/215092Orig1s000TOC.html
617a6df4517a0b9e04618cc0,72429,216986,ORIG,1,https://www.accessdata.fda.gov/drugsatfda_docs/nda/2022/216986Orig1s000TOC.html
591f2aaf18bf95ddfe80f241,72430,215935,ORIG,1,https://www.accessdata.fda.gov/drugsatfda_docs/nda/2022/215935Orig1s000TOC.html
7fe9a2100aeb7bb9d40a51bd,72479,215428,ORIG,1,https://www.accessdata.fda.gov/drugsatfda_docs/nda/2022/215428Orig1s000TOC.html
a78669f952f5856d2abe3029,72483,216660,ORIG,1,https://www.accessdata.fda.gov/drugsatfda_docs/nda/2022/216660Orig1s000TOC.html
45fff6549846000cddca76e8,72506,213581,ORIG,1,https://www.accessdata.fda.gov/drugsatfda_docs/nda/2022/213581Orig1s000TOC.html
db4a9394fb9f55ae7d167105,72556,216018,ORIG,1,https://www.accessdata.fda.gov/drugsatfda_docs/nda/2022/216018Orig1s000TOC.html
7f9364f75f50556df432d02e,72565,761289,ORIG,1,https://www.accessdata.fda.gov/drugsatfda_docs/nda/2022/761289Orig1s000TOC.html
3c581bc00d22e8bf9ede5878,72579,214801,ORIG,1,https://www.accessdata.fda.gov/drugsatfda_docs/nda/2022/214801Orig1s000TOC.html
214e59f0227397e234536c1c,72587,215000,ORIG,1,https://www.accessdata.fda.gov/drugsatfda_docs/nda/2022/215000Orig1s000TOC.html
04d562138790c95893d9fab3,72620,761173,ORIG,1,https://www.accessdata.fda.gov/drugsatfda_docs/nda/2022/761173Orig1s000TOC.html
f639e1d9697133ea68aad492,72663,215809,ORIG,1,https://www.accessdata.fda.gov/drugsatfda_docs/nda/2022/215809Orig1s000TOC.html
2045af4071ce906bd31cb7e3,72664,215039,ORIG,1,https://www.accessdata.fda.gov/drugsatfda_docs/nda/2022/215039Orig1s000TOC.html
576ce0d4f114edf6e59f4aee,72665,212304,ORIG,1,https://www.accessdata.fda.gov/drugsatfda_docs/nda/2022/212304Orig1s000TOC.html
b7c5e5b6c65b07e4881703aa,72683,761291,ORIG,1,https://www.accessdata.fda.gov/drugsatfda_docs/nda/2022/761291Orig1s000TOC.html
1262fa0710f2fb31687f4450,72794,214657,ORIG,1,https://www.accessdata.fda.gov/drugsatfda_docs/nda/2022/214657Orig1s000TOC.html
80ce3dc13c3d6aa9fd122e23,72801,761310,ORIG,1,https://www.accessdata.fda.gov/drugsatfda_docs/nda/2022/761310Orig1s000TOC.html
6a580d75210a76de079e013a,72803,209191,ORIG,1,https://www.accessdata.fda.gov/drugsatfda_docs/nda/2022/209191Orig1s000TOC.html
2d7c7c53c9975d22286c83f0,72839,022074,SUPPL,17,https://www.accessdata.fda.gov/drugsatfda_docs/nda/2022/022074Orig1s017.pdf
c30c00c979cf812f9af7b69d,72840,206829,SUPPL,8,https://www.accessdata.fda.gov/drugsatfda_docs/nda/2022/206829Orig1s008.pdf
0ed21cf57a175e44e1d84ef2,72841,211243,SUPPL,6,https://www.accessdata.fda.gov/drugsatfda_docs/nda/2022/211243Orig1s006.pdf
4c2210ea2d2ccb6df55a3937,72842,212608,SUPPL,6,https://www.accessdata.fda.gov/drugsatfda_docs/nda/2022/212608Orig1s006.pdf
fff9970b3cbcdb2957add1be,72843,021689,SUPPL,14,https://www.accessdata.fda.gov/drugsatfda_docs/nda/2022/021689Orig1s014.pdf
a8f437769de8685d4c129813,72844,022074,SUPPL,11,https://www.accessdata.fda.gov/drugsatfda_docs/nda/2022/022074Orig1s011.pdf
94c51bd1f5099a33c12339bd,72845,761105,SUPPL,9,"https://www.accessdata.fda.gov/drugsatfda_docs/nda/2022/761105Orig1s009,s010.pdf"
94c51bd1f5099a33c12339bd,72846,761105,SUPPL,10,"https://www.accessdata.fda.gov/drugsatfda_docs/nda/2022/761105Orig1s009,s010.pdf"
60733f0da5205913523d433b,72872,761268,ORIG,1,https://www.accessdata.fda.gov/drugsatfda_docs/nda/2022/761268Orig1s000TOC.html
b8f1ad3b563bc70d3f339d48,72904,215985,ORIG,1,https://www.accessdata.fda.gov/drugsatfda_docs/nda/2022/215985Orig1s000TOC.html
815dfc6ec415a2c520b6fd90,72987,213953,ORIG,1,https://www.accessdata.fda.gov/drugsatfda_docs/nda/2022/213953Orig1s000TOC.html
150f5e1eb56cd28d2c6344ae,73009,761215,ORIG,2,https://www.accessdata.fda.gov/drugsatfda_docs/nda/2022/761215Orig2s000TOC.html
67571a2b123ebcca1974d579,73024,215814,ORIG,1,https://www.accessdata.fda.gov/drugsatfda_docs/nda/2022/215814Orig1s000TOC.html
b29db36e2092294a861dc02e,73084,208746,ORIG,1,https://www.accessdata.fda.gov/drugsatfda_docs/nda/2023/208746Orig1s000TOC.html
f5f01e71cc241cf3bb2c5ba1,73089,761183,ORIG,1,https://www.accessdata.fda.gov/drugsatfda_docs/nda/2023/761183Orig1s000TOC.html
d98a0d37add04501ddc79580,73101,020687,SUPPL,25,https://www.accessdata.fda.gov/drugsatfda_docs/nda/2023/020687Orig1s025.pdf
61f05992cb24ded7a73f6c08,73138,211746,ORIG,1,https://www.accessdata.fda.gov/drugsatfda_docs/nda/2023/211746Orig1s000TOC.html
9874a101463aadcc659ec13c,73141,216340,ORIG,1,https://www.accessdata.fda.gov/drugsatfda_docs/nda/2023/216340Orig1s000TOC.html
4d58b1bfcdd16d8c64f79526,73160,210830,ORIG,1,https://www.accessdata.fda.gov/drugsatfda_docs/nda/2023/210830Orig1s000.pdf
76e60e9e92c8617e006942e3,73161,022548,SUPPL,2,https://www.accessdata.fda.gov/drugsatfda_docs/nda/2023/022548Orig1s002.pdf
ff0daf53d02030a875ccb1ed,73263,215390,ORIG,1,https://www.accessdata.fda.gov/drugsatfda_docs/nda/2023/215390Orig1s000TOC.html
ff0daf53d02030a875ccb1ed,73264,215390,ORIG,1,https://www.accessdata.fda.gov/drugsatfda_docs/nda/2023/215390Orig1s000TOC.html
758805f1f8dcfe875cc953e6,73281,214375,ORIG,1,https://www.accessdata.fda.gov/drugsatfda_docs/nda/2023/214375Orig1s000TOC.html
f2e5a18634177c3ecea4e1ca,73286,125514,SUPPL,56,https://www.accessdata.fda.gov/drugsatfda_docs/nda/2023/125514Orig1s056.pdf
313b55c5caf9a5f7a6289446,73287,211243,SUPPL,4,https://www.accessdata.fda.gov/drugsatfda_docs/nda/2023/211243Orig1s004.pdf
5ef2f16fbc90485f397a4cef,73288,214585,ORIG,1,https://www.accessdata.fda.gov/drugsatfda_docs/nda/2023/214585Orig1s000.pdf
5ef2f16fbc90485f397a4cef,73289,214585,ORIG,1,https://www.accessdata.fda.gov/drugsatfda_docs/nda/2023/214585Orig1s000.pdf
a6666223471eac353b86e118,73290,212690,SUPPL,6,https://www.accessdata.fda.gov/drugsatfda_docs/nda/2023/212690Orig1s006.pdf
9b51357c395b450d641ec4f4,73291,125514,SUPPL,55,https://www.accessdata.fda.gov/drugsatfda_docs/nda/2023/125514Orig1s055.pdf
d09cca9fc769f1aa47715a9b,73377,761192,ORIG,1,https://www.accessdata.fda.gov/drugsatfda_docs/nda/2023/761192Orig1s000TOC.html
a8db31160db85d0e77c1e46a,73383,215973,ORIG,1,"https://www.accessdata.fda.gov/drugsatfda_docs/nda/2023/215973,215974Orig1s000TOC.html"
a8db31160db85d0e77c1e46a,73384,215974,ORIG,1,"https://www.accessdata.fda.gov/drugsatfda_docs/nda/2023/215973,215974Orig1s000TOC.html"
4dc57e85a1a82a0fe685f603,73385,761269,ORIG,1,https://www.accessdata.fda.gov/drugsatfda_docs/nda/2023/761269Orig1s000TOC.html
1e92b0bfa7e3223de33943f8,73390,761238,ORIG,1,https://www.accessdata.fda.gov/drugsatfda_docs/nda/2023/761238Orig1s000TOC.html
2b5a9f3cd52cd37a5a4fcf16,73391,214993,ORIG,1,https://www.accessdata.fda.gov/drugsatfda_docs/nda/2023/214993Orig1s000TOC.html
d91087a17f97f014bbc77c19,73419,761255,ORIG,1,https://www.accessdata.fda.gov/drugsatfda_docs/nda/2023/761255Orig1s000TOC.html
2945f3b458fff0dc40323ba6,73446,761263,ORIG,1,https://www.accessdata.fda.gov/drugsatfda_docs/nda/2023/761263Orig1s000TOC.html
24fdacc992c257d86e23da56,73455,214510,ORIG,1,https://www.accessdata.fda.gov/drugsatfda_docs/nda/2023/214510Orig1s000TOC.html
24e284dd6bdecfcaaf8c993e,73512,213260,ORIG,1,https://www.accessdata.fda.gov/drugsatfda_docs/nda/2023/213260Orig1s000TOC.html
84f0203fd71203ae1d6a919e,73513,050616,SUPPL,1,https://www.accessdata.fda.gov/drugsatfda_docs/nda/2023/050616Orig1s001.pdf
22fb78694752f959f71cde63,73514,050616,SUPPL,2,https://www.accessdata.fda.gov/drugsatfda_docs/nda/2023/050616Orig1s002.pdf
92bc97407be4123c6eac30e1,73515,050616,SUPPL,3,https://www.accessdata.fda.gov/drugsatfda_docs/nda/2023/050616Orig1s003pdf
ace50ef56887ba5e129589cc,73516,050616,SUPPL,5,https://www.accessdata.fda.gov/drugsatfda_docs/nda/2023/050616Orig1s005.pdf
7f127998fd2e05b1e5a7908f,73517,050616,SUPPL,7,https://www.accessdata.fda.gov/drugsatfda_docs/nda/2023/050616Orig1s007.pdf
8372181b588483eda63c0190,73518,050616,SUPPL,8,https://www.accessdata.fda.gov/drugsatfda_docs/nda/2023/050616Orig1s008.pdf
ce026b58b902eee2c8ec2e38,73519,050616,SUPPL,10,https://www.accessdata.fda.gov/drugsatfda_docs/nda/2023/050616Orig1s010.pdf
1354f8a01e5549cb18c87369,73520,050616,SUPPL,11,https://www.accessdata.fda.gov/drugsatfda_docs/nda/2023/050616Orig1s011.pdf
a6bd4ae1c290799b2c3681ed,73521,050616,SUPPL,15,https://www.accessdata.fda.gov/drugsatfda_docs/nda/2023/050616Orig1s015.pdf
af6c5cdf2a35e4d67db4ab58,73522,050616,SUPPL,18,https://www.accessdata.fda.gov/drugsatfda_docs/nda/2023/050616Orig1s018.pdf
396c51a5ecf91d4d88de05e5,73523,204629,SUPPL,33,https://www.accessdata.fda.gov/drugsatfda_docs/nda/2023/204629Orig1s033.pdf
a9105c943597b2f1cecee4cb,73561,214522,ORIG,1,https://www.accessdata.fda.gov/drugsatfda_docs/nda/2023/214522Orig1s000TOC.html
a1d3e3a69fe2daab63093944,73562,214373,ORIG,1,https://www.accessdata.fda.gov/drugsatfda_docs/nda/2023/214373Orig1s000TOC.html
a50f7c693674a4f1d4c9b85b,73587,208088,ORIG,1,http://www.accessdata.fda.gov/drugsatfda_docs/nda/2023/208088Orig1s000TOC.html
22cdb6830fc6b214b51dd8be,73595,008372,SUPPL,45,https://www.accessdata.fda.gov/drugsatfda_docs/nda/2023/008372Orig1s045.pdf
ecef80649e57683e68f0c52f,73601,216059,ORIG,1,https://www.accessdata.fda.gov/drugsatfda_docs/nda/2023/216059Orig1s000TOC.html
dc71dc5b7664a947b9720353,73619,216318,ORIG,1,https://www.accessdata.fda.gov/drugsatfda_docs/nda/2023/216318Orig1s000TOC.html
26d088e0f53169a08a2e4bc8,73636,215429,ORIG,2,"https://www.accessdata.fda.gov/drugsatfda_docs/nda/2023/215152Orig1s000,215153Orig1s000TOC.html"
26d088e0f53169a08a2e4bc8,73637,215429,ORIG,1,"https://www.accessdata.fda.gov/drugsatfda_docs/nda/2023/215152Orig1s000,215153Orig1s000TOC.html"
d41415e37f1456438e8ec8a6,73639,217639,ORIG,1,https://www.accessdata.fda.gov/drugsatfda_docs/nda/2023/217639Orig1s000TOC.html
7e9f98e41dbb93647440f478,73662,020896,SUPPL,51,"https://www.accessdata.fda.gov/drugsatfda_docs/nda/2023/020896Orig1s044,s045,s046,s047,s048,s049,s050,s051.pdf"
7e9f98e41dbb93647440f478,73663,020896,SUPPL,50,"https://www.accessdata.fda.gov/drugsatfda_docs/nda/2023/020896Orig1s044,s045,s046,s047,s048,s049,s050,s051.pdf"
7e9f98e41dbb93647440f478,73664,020896,SUPPL,49,"https://www.accessdata.fda.gov/drugsatfda_docs/nda/2023/020896Orig1s044,s045,s046,s047,s048,s049,s050,s051.pdf"
7e9f98e41dbb93647440f478,73665,020896,SUPPL,48,"https://www.accessdata.fda.gov/drugsatfda_docs/nda/2023/020896Orig1s044,s045,s046,s047,s048,s049,s050,s051.pdf"
7e9f98e41dbb93647440f478,73666,020896,SUPPL,47,"https://www.accessdata.fda.gov/drugsatfda_docs/nda/2023/020896Orig1s044,s045,s046,s047,s048,s049,s050,s051.pdf"
7e9f98e41dbb93647440f478,73667,020896,SUPPL,46,"https://www.accessdata.fda.gov/drugsatfda_docs/nda/2023/020896Orig1s044,s045,s046,s047,s048,s049,s050,s051.pdf"
7e9f98e41dbb93647440f478,73668,020896,SUPPL,44,"https://www.accessdata.fda.gov/drugsatfda_docs/nda/2023/020896Orig1s044,s045,s046,s047,s048,s049,s050,s051.pdf"
7e9f98e41dbb93647440f478,73669,020896,SUPPL,45,"https://www.accessdata.fda.gov/drugsatfda_docs/nda/2023/020896Orig1s044,s045,s046,s047,s048,s049,s050,s051.pdf"
36ea71b9e88902a507b29dda,73670,050616,SUPPL,6,https://www.accessdata.fda.gov/drugsatfda_docs/nda/2023/050616Orig1s006.pdf
018ea343fcfce5dbe909d3de,73675,216951,ORIG,1,https://www.accessdata.fda.gov/drugsatfda_docs/nda/2023/216951Orig1s000TOC.html
1d383e65d98c30f94da2dc35,73712,215446,ORIG,1,https://www.accessdata.fda.gov/drugsatfda_docs/nda/2023/215446Orig1s000TOC.html
7529bfabca3af3b443d3f1d3,73718,021845,SUPPL,25,https://www.accessdata.fda.gov/drugsatfda_docs/nda/2023/021845Orig1s025.pdf
772e7fc6a5ff729cdae1d887,73739,214218,ORIG,1,https://www.accessdata.fda.gov/drugsatfda_docs/nda/2023/214218Orig1s000TOC.html
acb7e6346d4861d757297503,73749,216513,ORIG,1,https://www.accessdata.fda.gov/drugsatfda_docs/nda/2023/216513Orig1s000TOC.html
1bc4c5e97422f6411e23344e,73781,761278,ORIG,1,https://www.accessdata.fda.gov/drugsatfda_docs/nda/2023/761278Orig1s000TOC.html
8061f13f5241096b4f9126cc,73802,216285,ORIG,1,https://www.accessdata.fda.gov/drugsatfda_docs/nda/2023/216285Orig1s000TOC.html
d7bd84b208735819d7e13b72,73803,761262,ORIG,1,https://www.accessdata.fda.gov/drugsatfda_docs/nda/2023/761262Orig1s000TOC.html
fa383362ce525857ed02a872,73836,020687,SUPPL,26,https://www.accessdata.fda.gov/drugsatfda_docs/nda/2023/020687Orig1s026.pdf
c75389ac4bcf15f78babea2f,73842,061212,SUPPL,4,https://www.accessdata.fda.gov/drugsatfda_docs/nda/2023/061212Orig1s004.pdf
e9d9e567bd2094871be5bfad,73843,061212,SUPPL,5,https://www.accessdata.fda.gov/drugsatfda_docs/nda/2023/061212Orig1s005.pdf
326deffbca262d97cf26a1b1,73844,061212,SUPPL,6,"https://www.accessdata.fda.gov/drugsatfda_docs/nda/2023/061212Orig1s006,007.pdf"
326deffbca262d97cf26a1b1,73845,061212,SUPPL,7,"https://www.accessdata.fda.gov/drugsatfda_docs/nda/2023/061212Orig1s006,007.pdf"
aa73cc04170b480c4ab9c3c8,73846,061212,SUPPL,8,https://www.accessdata.fda.gov/drugsatfda_docs/nda/2023/061212Orig1s008.pdf
72aa822b4b3e59860f7c253c,73847,061212,SUPPL,9,https://www.accessdata.fda.gov/drugsatfda_docs/nda/2023/061212Orig1s009.pdf
13e7ffb65d235c635c113091,73849,061212,SUPPL,12,https://www.accessdata.fda.gov/drugsatfda_docs/nda/2023/061212Orig1s012.pdf
e5f90add09f87631d46d6500,73850,761061,SUPPL,7,https://www.accessdata.fda.gov/drugsatfda_docs/nda/2023/761061Orig1s007.pdf
3fc36708e99d3e321bada01e,73907,216718,ORIG,1,https://www.accessdata.fda.gov/drugsatfda_docs/nda/2023/216718Orig1s000TOC.html
0899d100e63f6d1007c7b315,73923,216386,ORIG,1,https://www.accessdata.fda.gov/drugsatfda_docs/nda/2023/216386Orig1s000TOC.html
0902c60a6aeed4e849c66172,73952,217026,ORIG,1,https://www.accessdata.fda.gov/drugsatfda_docs/nda/2023/217026Orig1s000TOC.html
9cddf41325a63342aa528487,73955,206497,ORIG,1,https://www.accessdata.fda.gov/drugsatfda_docs/nda/2023/206497Orig1s000.pdf
7e477b6bd94d4dcb95f92065,73956,207500,SUPPL,13,https://www.accessdata.fda.gov/drugsatfda_docs/nda/2023/207500Orig1s013.pdf
fe7f7a8300757234584e2c66,73957,212122,SUPPL,4,https://www.accessdata.fda.gov/drugsatfda_docs/nda/2023/212122Orig1s004.pdf
b3e4432e8cec060f3ba4921c,73958,021549,SUPPL,10,https://www.accessdata.fda.gov/drugsatfda_docs/nda/2023/021549Orig1s010.pdf
df7025974e49ae73d99c5fb3,73959,125514,SUPPL,65,https://www.accessdata.fda.gov/drugsatfda_docs/nda/2023/125514Orig1s065.pdf
10bbb5b6544b172bdb838ae2,74007,208969,ORIG,1,https://www.accessdata.fda.gov/drugsatfda_docs/nda/2023/208969Orig1s000TOC.html
322bcdc75016860d285d8ac0,74014,217417,ORIG,1,https://www.accessdata.fda.gov/drugsatfda_docs/nda/2023/217417Orig1s000TOC.html
01a58847d32cafd2917a7ab7,74015,761334,ORIG,1,https://www.accessdata.fda.gov/drugsatfda_docs/nda/2023/761334Orig1s000TOC.html
a0581dd6dc0d10db0aee7d21,74016,208411,SUPPL,6,https://www.accessdata.fda.gov/drugsatfda_docs/nda/2023/208411Orig1s006TOC.html
9145f9eb25b0470bc2fdeb02,74028,206968,ORIG,1,https://www.accessdata.fda.gov/drugsatfda_docs/nda/2023/206968Orig1s000TOC.html
ed7f174af2455bf1e5c5c5de,74029,215760,ORIG,1,https://www.accessdata.fda.gov/drugsatfda_docs/nda/2023/215760Orig1s000TOC.html
32a18fe709faa56f298060b5,74034,217759,ORIG,1,https://www.accessdata.fda.gov/drugsatfda_docs/nda/2023/217759Orig1s000TOC.html
f1446c917f4b4caf87ba177a,74041,016466,SUPPL,32,https://www.accessdata.fda.gov/drugsatfda_docs/nda/2023/016466Orig1s032.pdf
d3799ec9addaa36ea62f47b0,74042,016466,SUPPL,45,https://www.accessdata.fda.gov/drugsatfda_docs/nda/2023/016466Orig1s045.pdf
3cd6ca9c9a48cf946b66b667,74043,206890,ORIG,1,https://www.accessdata.fda.gov/drugsatfda_docs/nda/2023/206890Orig1s000.pdf
44ffb8da9b0d1c8b2e78e316,74046,207231,ORIG,1,https://www.accessdata.fda.gov/drugsatfda_docs/nda/2023/207231Orig1s000.pdf
81ec0d03b71c1908b688b153,74047,211654,ORIG,1,https://www.accessdata.fda.gov/drugsatfda_docs/nda/2023/211654Orig1s000.pdf
b249e5a78a402f9c2b99c4a6,74059,214273,ORIG,1,https://www.accessdata.fda.gov/drugsatfda_docs/nda/2023/214273Orig1s000TOC.html
2f6e3363204a832e7401ed62,74070,216903,ORIG,1,https://www.accessdata.fda.gov/drugsatfda_docs/nda/2023/216903Orig1s000TOC.html
9e5a028c600aaf051775c018,74117,214070,ORIG,1,https://www.accessdata.fda.gov/drugsatfda_docs/nda/2023/214070Orig1s000TOC.html
604be18fb706369397b764d8,74166,211875,ORIG,1,https://www.accessdata.fda.gov/drugsatfda_docs/nda/2023/211875Orig1s000TOC.html
741f2896056b049f033a7dad,74191,216117,ORIG,1,https://www.accessdata.fda.gov/drugsatfda_docs/nda/2023/216117Orig1s000TOC.html
de86f6841bb0f0af7d67d2ea,74206,206947,SUPPL,24,https://www.accessdata.fda.gov/drugsatfda_docs/nda/2023/206947Orig1s024.pdf
9281bdb1614074ef9c12be99,74207,207098,ORIG,1,https://www.accessdata.fda.gov/drugsatfda_docs/nda/2023/207098Orig1s000.pdf
6791bd00bbc97e79ced13c96,74208,125160,SUPPL,237,https://www.accessdata.fda.gov/drugsatfda_docs/nda/2023/125160Orig1s237.pdf
ea839290369081b5645cb7c0,74263,761270,ORIG,1,https://www.accessdata.fda.gov/drugsatfda_docs/nda/2023/761270Orig1s000TOC.html
85bf71eb391c78833f487842,74264,217514,ORIG,1,https://www.accessdata.fda.gov/drugsatfda_docs/nda/2023/217514Orig1s000TOC.html
b70afc4be3e3032188f8592b,74265,217513,ORIG,1,https://www.accessdata.fda.gov/drugsatfda_docs/nda/2023/217513Orig1s000TOC.html
b9b8cfddef9319aebd10495b,74266,215700,ORIG,1,https://www.accessdata.fda.gov/drugsatfda_docs/nda/2023/215700Orig1s000TOC.html
6d52d3562aa14a749367304c,74275,216264,ORIG,1,https://www.accessdata.fda.gov/drugsatfda_docs/nda/2023/216264Orig1s000TOC.html
013671e537d5974671ca34ae,74313,216387,ORIG,2,https://www.accessdata.fda.gov/drugsatfda_docs/nda/2023/216387Orig1Orig2s000TOC.html
013671e537d5974671ca34ae,74314,216387,ORIG,1,https://www.accessdata.fda.gov/drugsatfda_docs/nda/2023/216387Orig1Orig2s000TOC.html
82f837548da8bd468d616958,74346,215887,ORIG,1,https://www.accessdata.fda.gov/drugsatfda_docs/nda/2023/215887Orig1s000TOC.html
d8d7549bccaccbd4a67ed3af,74348,214408,ORIG,1,https://www.accessdata.fda.gov/drugsatfda_docs/nda/2023/214408Orig1s000TOC.html
60db6c8597c894c85c0815a7,74382,761324,ORIG,1,https://www.accessdata.fda.gov/drugsatfda_docs/nda/2023/761324Orig1s000TOC.html
f5d5bf98c404b61e25c5547b,74414,212937,ORIG,1,https://www.accessdata.fda.gov/drugsatfda_docs/nda/2023/212937Orig1s000TOC.html
b1c5c913fdaf8053b425e1ee,74454,217171,ORIG,1,https://www.accessdata.fda.gov/drugsatfda_docs/nda/2023/217171Orig1s000TOC.html
b8330bb4c4ad0930b5bc820a,74464,216023,ORIG,1,https://www.accessdata.fda.gov/drugsatfda_docs/nda/2023/216023Orig1s000TOC.html
c7de87bdbd029ac37bd1c8b1,74470,761161,ORIG,1,https://www.accessdata.fda.gov/drugsatfda_docs/nda/2023/761161Orig1s000TOC.html
90cd6d8302a041dd9f447896,74474,217003,ORIG,1,https://www.accessdata.fda.gov/drugsatfda_docs/nda/2023/217003Orig1s000TOC.html
7f6ec32f6a251b4e3201f52e,74548,216675,ORIG,1,https://www.accessdata.fda.gov/drugsatfda_docs/nda/2023/216675Orig1s000TOC.html
b26f62b974e2a9f94cc88c32,74567,216974,ORIG,1,https://www.accessdata.fda.gov/drugsatfda_docs/nda/2023/216974Orig1s000TOC.html
b758e4e9d12d9b8d82d18a12,74613,216203,ORIG,1,https://www.accessdata.fda.gov/drugsatfda_docs/nda/2023/216203Orig1s000TOC.html
a0d68b177132f514aa1f5dd7,74614,217188,ORIG,1,https://www.accessdata.fda.gov/drugsatfda_docs/nda/2023/217188Orig1s000TOC.html
7136bfabb508473544775397,74615,215441,ORIG,1,https://www.accessdata.fda.gov/drugsatfda_docs/nda/2023/215441Orig1s000TOC.html
2d5357d4c0b98de9cc29189b,74616,216578,ORIG,1,https://www.accessdata.fda.gov/drugsatfda_docs/nda/2023/216578Orig1s000TOC.html
0b3e980a33566c42d759cab6,74617,215331,ORIG,1,https://www.accessdata.fda.gov/drugsatfda_docs/nda/2023/215331Orig1s000TOC.html
9a16ec676311ff5e25f7e7b5,74642,216109,ORIG,1,https://www.accessdata.fda.gov/drugsatfda_docs/nda/2023/216109Orig1s000TOC.html
8e8998cfd0e5fdc1106d4aae,74647,215868,ORIG,1,https://www.accessdata.fda.gov/drugsatfda_docs/nda/2023/215868Orig1s000TOC.html
903c1fde41bcffcc322f926a,74648,207141,ORIG,1,https://www.accessdata.fda.gov/drugsatfda_docs/nda/2023/207141Orig1s000.pdf
ab6fe19a11da21be926a9f94,74649,103979,SUPPL,5309,https://www.accessdata.fda.gov/drugsatfda_docs/nda/2023/103979Orig1s5309.pdf
2390b8e08e8e26e90564bc76,74650,125514,SUPPL,9,https://www.accessdata.fda.gov/drugsatfda_docs/nda/2023/125514Orig1s009.pdf
0fdca2f450dbf776727b5c7f,74651,125514,SUPPL,52,https://www.accessdata.fda.gov/drugsatfda_docs/nda/2023/125514Orig1s052.pdf
4d4f0697963aa93c01f0f91f,74652,125554,SUPPL,22,https://www.accessdata.fda.gov/drugsatfda_docs/nda/2023/125554Orig1s022.pdf
a07736430c2b190ce6acd48c,74686,216457,ORIG,1,https://www.accessdata.fda.gov/drugsatfda_docs/nda/2023/216457Orig1s000TOC.html
e5cec9d7b12da5a11948bb72,74715,125554,SUPPL,80,https://www.accessdata.fda.gov/drugsatfda_docs/nda/2023/125554Orig1s080.pdf
3fc51742f65269e1ccd2702f,74716,125554,SUPPL,81,https://www.accessdata.fda.gov/drugsatfda_docs/nda/2023/125554Orig1s081.pdf
4c11980a2f2eb6c440265d60,74717,021572,SUPPL,8,https://www.accessdata.fda.gov/drugsatfda_docs/nda/2023/021572Orig1s008.pdf
a52606ed3d999de1c1ed6f89,74718,125085,SUPPL,332,https://www.accessdata.fda.gov/drugsatfda_docs/nda/2023/125085Orig1s332.pdf
4560d9a4c5514d35015901aa,74757,205394,ORIG,1,https://www.accessdata.fda.gov/drugsatfda_docs/nda/2023/205394Orig1s000TOC.html
f08059ff6304aad4a65ae617,74866,215830,ORIG,1,https://www.accessdata.fda.gov/drugsatfda_docs/nda/2023/215830Orig1s000TOC.html
5130b6008c7aedf1ead464e1,74880,021116,SUPPL,12,https://www.accessdata.fda.gov/drugsatfda_docs/nda/2023/021116Orig1s012.pdf
d1813182877c4671f04219f0,74881,761286,ORIG,1,https://www.accessdata.fda.gov/drugsatfda_docs/nda/2023/761286Orig1s000TOC.html
8b5290dd0237de0a5b0241d0,74890,211363,ORIG,1,https://www.accessdata.fda.gov/drugsatfda_docs/nda/2023/211363Orig1s000TOC.html
bbcb95c3a99a8d43444df25b,74899,215813,ORIG,1,https://www.accessdata.fda.gov/drugsatfda_docs/nda/2023/215813Orig1s000TOC.html
17445bab4e77055f63cf8673,74918,761184,ORIG,1,https://www.accessdata.fda.gov/drugsatfda_docs/nda/2023/761184Orig1s000TOC.html
7db30ede741e3b3c8028425e,74919,216227,ORIG,1,https://www.accessdata.fda.gov/drugsatfda_docs/nda/2023/216227Orig1s000TOC.html
3fb8f9dcca69faa2c07bc099,74969,202293,SUPPL,26,https://www.accessdata.fda.gov/drugsatfda_docs/nda/2023/202293Orig1s026.pdf
961a9bc3baa8a5f9648b5161,74970,204485,SUPPL,13,https://www.accessdata.fda.gov/drugsatfda_docs/nda/2023/204485Orig1s013.pdf
58a1d5fc7fa03539f212d660,74975,216185,ORIG,1,https://www.accessdata.fda.gov/drugsatfda_docs/nda/2023/216185Orig1s000TOC.html
919192b82712911db5d3d321,75002,761309,ORIG,1,https://www.accessdata.fda.gov/drugsatfda_docs/nda/2023/761309Orig1s000TOC.html
b8c3562d34e98434db226020,75020,204485,SUPPL,20,https://www.accessdata.fda.gov/drugsatfda_docs/nda/2023/204485Orig1s020.pdf
6d08b9c1b8545a8c349b3411,75021,125514,SUPPL,34,https://www.accessdata.fda.gov/drugsatfda_docs/nda/2023/125514Orig1s034.pdf
c88f99d41b928b0790cac9ec,75024,217470,ORIG,1,https://www.accessdata.fda.gov/drugsatfda_docs/nda/2023/217470Orig1s000TOC.html
f6d9bad8315aee721c36571f,75042,761219,ORIG,1,https://www.accessdata.fda.gov/drugsatfda_docs/nda/2023/761219Orig1s000TOC.html
aefcf3282a4d42ba3b2ae481,75066,216993,ORIG,1,https://www.accessdata.fda.gov/drugsatfda_docs/nda/2023/216993Orig1s000TOC.html
f9cf96b62eadd94158680b46,75093,761328,ORIG,1,https://www.accessdata.fda.gov/drugsatfda_docs/nda/2023/761328Orig1s000TOC.html
7294cb7c51057a18eb7cdc18,75094,212479,ORIG,4,"https://www.accessdata.fda.gov/drugsatfda_docs/nda/2023/212479Orig1,Orig2,Orig3,Orig4s000TOC.html"
7294cb7c51057a18eb7cdc18,75095,212479,ORIG,3,"https://www.accessdata.fda.gov/drugsatfda_docs/nda/2023/212479Orig1,Orig2,Orig3,Orig4s000TOC.html"
7294cb7c51057a18eb7cdc18,75096,212479,ORIG,2,"https://www.accessdata.fda.gov/drugsatfda_docs/nda/2023/212479Orig1,Orig2,Orig3,Orig4s000TOC.html"
7294cb7c51057a18eb7cdc18,75097,212479,ORIG,1,"https://www.accessdata.fda.gov/drugsatfda_docs/nda/2023/212479Orig1,Orig2,Orig3,Orig4s000TOC.html"
b4240d3fa272cfbc28c45d5b,75114,217603,ORIG,1,https://www.accessdata.fda.gov/drugsatfda_docs/nda/2023/217603Orig1s000TOC.html
5f68e742d1b5c94fd8e955b4,75115,215910,ORIG,1,https://www.accessdata.fda.gov/drugsatfda_docs/nda/2023/215910Orig1s000TOC.html
53f815abb28404ef44e35e4e,75199,213593,ORIG,1,https://www.accessdata.fda.gov/drugsatfda_docs/nda/2023/213593Orig1s000TOC.html
fcab6eb72c2495caff1327cf,75285,216403,ORIG,1,https://www.accessdata.fda.gov/drugsatfda_docs/nda/2023/216403Orig1s000TOC.html
c0c960d8ec4737abc324ae69,75305,214628,ORIG,1,https://www.accessdata.fda.gov/drugsatfda_docs/nda/2022/214628Orig1s000TOC.html
b1a72395255085e4cbd7fd47,75323,217369,ORIG,2,https://www.accessdata.fda.gov/drugsatfda_docs/nda/2023/217369Orig2s000TOC.html
9dd9cedbc9b5146603f4e270,75333,217722,ORIG,1,https://www.accessdata.fda.gov/drugsatfda_docs/nda/2023/217722Orig1s000TOC.html
90e47a80cd763c1ada832536,75344,217225,ORIG,1,https://www.accessdata.fda.gov/drugsatfda_docs/nda/2023/217225Orig1s000TOC.html
ebb5a5f5298867c595dcf690,75355,021537,SUPPL,19,https://www.accessdata.fda.gov/drugsatfda_docs/nda/2023/021537Orig1s019.pdf
62d34b04204f28f116c789c1,75357,761342,ORIG,1,https://www.accessdata.fda.gov/drugsatfda_docs/nda/2023/761342Orig1s000TOC.html
70d76640d1eeb9b055ba2f89,75377,215033,ORIG,1,https://www.accessdata.fda.gov/drugsatfda_docs/nda/2023/215033Orig1s000TOC.html
ac20e73b58d450305460d977,75391,216359,ORIG,1,https://www.accessdata.fda.gov/drugsatfda_docs/nda/2023/216359Orig1s000TOC.html
b42b3e64a7bb2cbe241db77f,75405,761345,ORIG,1,https://www.accessdata.fda.gov/drugsatfda_docs/nda/2023/761345Orig1s000TOC.html
3df790d8c731c7ff0483dde8,75489,215559,ORIG,1,https://www.accessdata.fda.gov/drugsatfda_docs/nda/2023/215559Orig1s000TOC.html
e89f5b6f842a9051a38bb4ca,75500,212209,ORIG,1,https://www.accessdata.fda.gov/drugsatfda_docs/nda/2023/212209Orig1s000TOC.html
531526c069bcb209ac568e4f,75510,125118,SUPPL,240,https://www.accessdata.fda.gov/drugsatfda_docs/nda/2023/125118Orig1s240.pdf
da9fb3fe376d603366d07a3c,75511,209376,SUPPL,2,https://www.accessdata.fda.gov/drugsatfda_docs/nda/2023/209376Orig1s002.pdf
982e1998465666afed261244,75517,761339,ORIG,1,https://www.accessdata.fda.gov/drugsatfda_docs/nda/2023/761339Orig1s000TOC.html
225870aed449496861d7004a,75518,215870,ORIG,1,https://www.accessdata.fda.gov/drugsatfda_docs/nda/2023/215870Orig1s000TOC.html
8a0854b0a3e1f0160fd2b43d,75519,216472,ORIG,1,https://www.accessdata.fda.gov/drugsatfda_docs/nda/2023/216472Orig1s000TOC.html
ef5bd0839931333b28e77a6a,75520,217415,ORIG,1,https://www.accessdata.fda.gov/drugsatfda_docs/nda/2023/217415Orig1s000TOC.html
cd015913b5027ac55a28a4ad,75522,217159,ORIG,1,https://www.accessdata.fda.gov/drugsatfda_docs/nda/2023/217159Orig1s000TOC.html
35e70ac9226122dbeac52680,75546,215352,ORIG,1,https://www.accessdata.fda.gov/drugsatfda_docs/nda/2023/215352Orig1s000TOC.html
0cfec17710abe69e3c8a63aa,75554,205422,SUPPL,9,https://www.accessdata.fda.gov/drugsatfda_docs/nda/2023/205422Orig1s009TOC.html
52aea2b3af0a796dd935059d,75592,021029,SUPPL,36,"http://www.accessdata.fda.gov/drugsatfda_docs/nda/2023/021029Orig1s036,037,038,022277Orig1s017,018,019TOC.html"
52aea2b3af0a796dd935059d,75593,021029,SUPPL,37,"http://www.accessdata.fda.gov/drugsatfda_docs/nda/2023/021029Orig1s036,037,038,022277Orig1s017,018,019TOC.html"
52aea2b3af0a796dd935059d,75594,021029,SUPPL,38,"http://www.accessdata.fda.gov/drugsatfda_docs/nda/2023/021029Orig1s036,037,038,022277Orig1s017,018,019TOC.html"
52aea2b3af0a796dd935059d,75595,022277,SUPPL,17,"http://www.accessdata.fda.gov/drugsatfda_docs/nda/2023/021029Orig1s036,037,038,022277Orig1s017,018,019TOC.html"
52aea2b3af0a796dd935059d,75596,022277,SUPPL,18,"http://www.accessdata.fda.gov/drugsatfda_docs/nda/2023/021029Orig1s036,037,038,022277Orig1s017,018,019TOC.html"
52aea2b3af0a796dd935059d,75597,022277,SUPPL,19,"http://www.accessdata.fda.gov/drugsatfda_docs/nda/2023/021029Orig1s036,037,038,022277Orig1s017,018,019TOC.html"
ca62b86f37fbd3e74c31f088,75602,214860,ORIG,1,https://www.accessdata.fda.gov/drugsatfda_docs/nda/2023/214860Orig1s000TOC.html
41f21e10230e9daf3438705b,75632,209899,SUPPL,1,https://www.accessdata.fda.gov/drugsatfda_docs/nda/2023/209899Orig1s001.pdf
e3c7e3081a1df18b212b9e14,75633,019758,SUPPL,36,https://www.accessdata.fda.gov/drugsatfda_docs/nda/2023/019758Orig1s036.pdf
039bb1c4c6f8b11d691b0910,75634,019758,SUPPL,34,https://www.accessdata.fda.gov/drugsatfda_docs/nda/2023/019758Orig1s034.pdf
1b5dfcdd4c150698c84dd701,75704,216686,ORIG,1,https://www.accessdata.fda.gov/drugsatfda_docs/nda/2023/216686Orig1s000TOC.html
2ff5dcf7bc03243b02e12b50,75705,761322,ORIG,1,https://www.accessdata.fda.gov/drugsatfda_docs/nda/2023/761322Orig1s000TOC.html
197f2fad7319adca7ebd0d72,75744,216820,ORIG,1,https://www.accessdata.fda.gov/drugsatfda_docs/nda/2023/216820Orig1s000TOC.html
729a16a47f49a720d11213a0,75787,216873,ORIG,1,http://www.accessdata.fda.gov/drugsatfda_docs/nda/2023/216873Orig1s000TOC.html
af0a906573874cd82c37b98f,75841,215842,ORIG,1,http://www.accessdata.fda.gov/drugsatfda_docs/nda/2023/215842Orig1s000TOC.html
2b49a657ce0fe4db417f5c7e,75935,019758,SUPPL,41,https://www.accessdata.fda.gov/drugsatfda_docs/nda/2023/019758Orig1s041.pdf
0d8c40b29376dc9fcd389416,75936,212608,SUPPL,13,https://www.accessdata.fda.gov/drugsatfda_docs/nda/2023/212608Orig1s013.pdf
520879b5d3f2aeff723a62d5,75990,215211,ORIG,1,https://www.accessdata.fda.gov/drugsatfda_docs/nda/2023/215211Orig1s000TOC.html
fe9f41a1d2ec2c6d63965545,75991,761204,ORIG,1,https://www.accessdata.fda.gov/drugsatfda_docs/nda/2023/761204Orig1s000TOC.html
723a8a839bec8bb09a524342,75996,211530,ORIG,1,https://www.accessdata.fda.gov/drugsatfda_docs/nda/2023/211530Orig1s000TOC.html
b0c086a3ba094b1c02beefbb,76005,214755,ORIG,1,https://www.accessdata.fda.gov/drugsatfda_docs/nda/2023/214755Orig1s000TOC.html
08fc0a7b76a9f52fece4a0f1,76039,021883,SUPPL,3,https://www.accessdata.fda.gov/drugsatfda_docs/nda/2023/021883Orig1s003.pdf
ebc6b6b6a52f9cfc9db1d03a,76040,103000,SUPPL,5320,https://www.accessdata.fda.gov/drugsatfda_docs/nda/2023/103000Orig1s5320.pdf
633d74ab43e9de51c840ff65,76087,040446,ORIG,1,https://www.accessdata.fda.gov/scripts/cder/rems/index.cfm?event=RemsDetails.page&REMS=17
9214664209304604589c0297,76384,210850,ORIG,1,https://www.accessdata.fda.gov/drugsatfda_docs/nda/2023/210850Orig1s000TOC.html
b1d959b827a73d06c8b1e634,76515,215239,ORIG,1,https://www.accessdata.fda.gov/drugsatfda_docs/nda/2023/215239Orig1s000TOC.html
373fae615f748aff89c7d137,76516,217660,ORIG,1,https://www.accessdata.fda.gov/drugsatfda_docs/nda/2023/217660Orig1s000TOC.html
cb256f56a270e174e79f3499,76519,761354,ORIG,1,https://www.accessdata.fda.gov/drugsatfda_docs/nda/2023/761354Orig1s000TOC.html
dbb7148111ad527ca4339fdc,76558,216834,ORIG,1,https://www.accessdata.fda.gov/drugsatfda_docs/nda/2023/216834Orig1s000TOC.html
14d2ad2d61e494ccdbc7f283,76566,216956,ORIG,1,https://www.accessdata.fda.gov/drugsatfda_docs/nda/2023/216956Orig1s000TOC.html
6ab11704351e48f73062778a,76573,125554,SUPPL,91,https://www.accessdata.fda.gov/drugsatfda_docs/nda/2023/125554Orig1s091.pdf
49aa37f20bfe8ac89a015251,76574,761139,SUPPL,21,https://www.accessdata.fda.gov/drugsatfda_docs/nda/2023/761139Orig1s021.pdf
9c64b7fd93103ead9b93a563,76589,214876,ORIG,1,https://www.accessdata.fda.gov/drugsatfda_docs/nda/2023/214876Orig1s000TOC.html
a22a4c0aed73be5b9fee507e,76666,761279,ORIG,1,https://www.accessdata.fda.gov/drugsatfda_docs/nda/2023/761279Orig1s000TOC.html
c715b6f34560c2e335545b18,76671,205437,SUPPL,11,https://www.accessdata.fda.gov/drugsatfda_docs/nda/2023/205437Orig1s011.pdf
a5dfa07db5503b7b7817441d,76672,021164,ORIG,1,https://www.accessdata.fda.gov/drugsatfda_docs/nda/2023/021164Orig1s000TOC.html
0d5b2f621554f6617a86e3cf,76705,761151,ORIG,1,https://www.accessdata.fda.gov/drugsatfda_docs/nda/2023/761151Orig1s000TOC.html
5cb3c0664efd071267c0d248,76717,217564,ORIG,1,https://www.accessdata.fda.gov/drugsatfda_docs/nda/2023/217564Orig1s000TOC.html
38f4821fbd1ff7ff8fb930aa,76718,761240,ORIG,1,https://www.accessdata.fda.gov/drugsatfda_docs/nda/2023/761240Orig1s000TOC.html
2f6048df07f2351e6d871dbd,76736,761143,SUPPL,23,https://www.accessdata.fda.gov/drugsatfda_docs/nda/2023/761143Orig1s023.pdf
4fb80bbdf491fa9f7a7552c9,76737,214012,SUPPL,9,https://www.accessdata.fda.gov/drugsatfda_docs/nda/2023/214012Orig1s009.pdf
880002ac61310ea3246f6f24,76738,021445,SUPPL,42,https://www.accessdata.fda.gov/drugsatfda_docs/nda/2023/021445Orig1s042.pdf
8aa2319b77bda98c1c9f1f38,76753,761134,ORIG,1,https://www.accessdata.fda.gov/drugsatfda_docs/nda/2023/761134Orig1s000TOC.html
80c28a42a6443dab51bcd62c,76765,125514,SUPPL,96,https://www.accessdata.fda.gov/drugsatfda_docs/nda/2023/125514Orig1s096.pdf
f5e1cb21e6966c6a7069b85a,76849,216078,ORIG,1,https://www.accessdata.fda.gov/drugsatfda_docs/nda/2023/216078Orig1s000TOC.html
cb630975b0725191df82ba4b,76850,214520,ORIG,1,https://www.accessdata.fda.gov/drugsatfda_docs/nda/2023/214520Orig1s000TOC.html
db4692ed00dc0dab68d90e27,76873,218197,ORIG,1,https://www.accessdata.fda.gov/drugsatfda_docs/nda/2023/218197Orig1s000TOC.html
b7c692697119884dfdbd77ea,77041,210274,ORIG,1,https://www.accessdata.fda.gov/drugsatfda_docs/nda/2023/210274Orig1s000TOC.html
f5cd45367cdf385e4d48a5ff,77042,215875,ORIG,1,https://www.accessdata.fda.gov/drugsatfda_docs/nda/2023/215875Orig1s000TOC.html
2153117386db2389684620dd,77097,209988,ORIG,1,https://www.accessdata.fda.gov/drugsatfda_docs/nda/2023/209988Orig1s000TOC.html
f3bbd73e521e5ce5c2cd9aa3,77150,217677,ORIG,1,https://www.accessdata.fda.gov/drugsatfda_docs/nda/2023/217677Orig1s000TOC.html
05aadc44a52c90b6ffa68c4e,77151,218276,ORIG,1,https://www.accessdata.fda.gov/drugsatfda_docs/nda/2023/218276Orig1s000TOC.html
cfe6e97343885bacbec01a15,77169,218213,ORIG,1,https://www.accessdata.fda.gov/drugsatfda_docs/nda/2023/218213Orig1s000TOC.html
de0e81d852d67fb2ec1f9df1,77189,216755,ORIG,1,https://www.accessdata.fda.gov/drugsatfda_docs/nda/2024/216755Orig1s000TOC.html
af44feca57cb0280cf5805ed,77197,217388,ORIG,1,https://www.accessdata.fda.gov/drugsatfda_docs/nda/2024/217388Orig1s000TOC.html
baa8a3db3f4c6e113b51f1b9,77203,214755,SUPPL,3,https://www.accessdata.fda.gov/drugsatfda_docs/nda/2024/214755Orig1s003.pdf
98ff09921616d82e4bc89129,77204,761097,SUPPL,3,https://www.accessdata.fda.gov/drugsatfda_docs/nda/2024/761097Orig1s003.pdf
38eda159d11afed3792ecba2,77205,215064,ORIG,1,https://www.accessdata.fda.gov/drugsatfda_docs/nda/2024/215064Orig1s000TOC.html
c787460815260418091d9e6a,77247,212905,ORIG,1,https://www.accessdata.fda.gov/drugsatfda_docs/nda/2024/212905Orig1s000TOC.html
8b5c1bb0891181579b171397,77289,018892,SUPPL,37,https://www.accessdata.fda.gov/drugsatfda_docs/nda/2024/018892Orig1s037.pdf
a8fea43e21d48c9451c86883,77290,018892,SUPPL,38,https://www.accessdata.fda.gov/drugsatfda_docs/nda/2024/018892Orig1s038.pdf
5ef5d34ce7c3e3cc0868ca66,77303,216354,ORIG,1,https://www.accessdata.fda.gov/drugsatfda_docs/nda/2024/216354Orig1s000TOC.html
da0b447fe087a9e15014f4f4,77372,211097,ORIG,1,https://www.accessdata.fda.gov/drugsatfda_docs/nda/2024/211097Orig1s000.pdf
9eacdea6c8d6e032b7474a2f,77373,125514,SUPPL,97,https://www.accessdata.fda.gov/drugsatfda_docs/nda/2024/125514Orig1s097.pdf
dd939895d286568f1b4b963b,77374,022542,SUPPL,6,https://www.accessdata.fda.gov/drugsatfda_docs/nda/2024/022542Orig1s006.pdf
4a5145a7dd45da1f17e59dce,77375,022542,SUPPL,7,https://www.accessdata.fda.gov/drugsatfda_docs/nda/2024/022542Orig1s007.pdf
d4aa6e2a78a864d2f6788a0f,77378,022542,SUPPL,8,https://www.accessdata.fda.gov/drugsatfda_docs/nda/2024/022542Orig1s008.pdf
ea3001f7c667b64b7dbfbc08,77379,022542,SUPPL,10,https://www.accessdata.fda.gov/drusgsatfda_docs/nda/2024/022542Orig1s010.pdf
92add29ec42680fa02db909c,77393,022335,ORIG,1,https://www.accessdata.fda.gov/drugsatfda_docs/nda/2024/022335Orig1s000TOC.html
1e7b1822d6602e64abcc2a90,77394,217424,ORIG,1,https://www.accessdata.fda.gov/drugsatfda_docs/nda/2024/217424Orig1s000TOC.html
6419df3fdceafc15fe427559,77400,216338,ORIG,1,https://www.accessdata.fda.gov/drugsatfda_docs/nda/2024/216338Orig1s000TOC.html
45ae240fa4f5cd80e8d1a3c4,77406,215344,ORIG,1,https://www.accessdata.fda.gov/drugsatfda_docs/nda/2024/215344Orig1s000TOC.html
e2eaac718ab5a72b2a40e43e,77411,761285,ORIG,1,"https://www.accessdata.fda.gov/drugsatfda_docs/nda/2024/761285Orig1s000,761331Orig1s000TOC.html"
e2eaac718ab5a72b2a40e43e,77412,761331,ORIG,1,"https://www.accessdata.fda.gov/drugsatfda_docs/nda/2024/761285Orig1s000,761331Orig1s000TOC.html"
1fa46917da7695e24575cae9,77423,008975,SUPPL,8,https://www.accessdata.fda.gov/drugsatfda_docs/nda/2024/008975Orig1s008.pdf
dc6d3a86cdd7d5732a21d537,77427,216142,ORIG,1,https://www.accessdata.fda.gov/drugsatfda_docs/nda/2024/216142Orig1s000TOC.html
2a0b4d9cb67519411073212b,77459,217569,ORIG,1,https://www.accessdata.fda.gov/drugsatfda_docs/nda/2024/217569Orig1s000TOC.html
95fd78b08d26cace582245ce,77460,215179,ORIG,1,https://www.accessdata.fda.gov/drugsatfda_docs/nda/2024/215179Orig1s000TOC.html
ee9887efedb38dd3afc49250,77472,217110,ORIG,1,https://www.accessdata.fda.gov/drugsatfda_docs/nda/2024/217110Orig1s000TOC.html
d6275ff653ceefb86d88fe15,77492,216632,ORIG,1,https://www.accessdata.fda.gov/drugsatfda_docs/nda/2024/216632Orig1s000TOC.html
f96cc8a01d84e85885bff148,77507,217469,ORIG,1,https://www.accessdata.fda.gov/drugsatfda_docs/nda/2024/217469Orig1s000TOC.html
ec7ff9add9a5572e0bdc7bc7,77509,217006,ORIG,1,https://www.accessdata.fda.gov/drugsatfda_docs/nda/2024/217006Orig1s000TOC.html
94140603670e0edf969aa2b6,77635,217729,ORIG,1,https://www.accessdata.fda.gov/drugsatfda_docs/nda/2024/217729Orig1s000TOC.html
d258b193c85d3db1d1ab7edd,77689,209471,ORIG,1,https://www.accessdata.fda.gov/drugsatfda_docs/nda/2024/209471Orig1s000TOC.html
645742bc21f44ab9a5735476,77697,761121,SUPPL,8,https://www.accessdata.fda.gov/drugsatfda_docs/nda/2024/761121Orig1s008TOC.html
45fd9d1fa4cb3f9ca4c3dd73,77710,020246,SUPPL,62,https://www.accessdata.fda.gov/drugsatfda_docs/nda/2024/020246Orig1s060s062.pdf
45fd9d1fa4cb3f9ca4c3dd73,77711,020246,SUPPL,63,https://www.accessdata.fda.gov/drugsatfda_docs/nda/2024/020246Orig1s060s062.pdf
b1be824c544b16be7fec38da,77723,213586,ORIG,1,https://www.accessdata.fda.gov/drugsatfda_docs/nda/2024/213586Orig1s000TOC.html
c99b824a5d7888a4f6077c37,77724,212849,ORIG,1,https://www.accessdata.fda.gov/drugsatfda_docs/nda/2024/212849Orig1s000TOC.html
ab508e9fa7c0a6a6fc373909,77824,215212,ORIG,1,https://www.accessdata.fda.gov/drugsatfda_docs/nda/2024/215212Orig1s000TOC.html
37e4c68428bcc017b802b099,77849,217651,ORIG,1,https://www.accessdata.fda.gov/drugsatfda_docs/nda/2024/217651Orig1s000TOC.html
9d6d739dbc4c83c95258643f,77854,761304,ORIG,1,https://www.accessdata.fda.gov/drugsatfda_docs/nda/2024/761304Orig1s000TOC.html
07bd86d80df4254d16bcfb1f,77880,218550,ORIG,1,https://www.accessdata.fda.gov/drugsatfda_docs/nda/2024/218550Orig1s000TOC.html
78643f63682d0017c79e055f,77881,215721,ORIG,1,https://www.accessdata.fda.gov/drugsatfda_docs/nda/2024/215721Orig1s000TOC.html
e045b212465655c31b018ce1,77884,209190,ORIG,1,https://www.accessdata.fda.gov/drugsatfda_docs/nda/2024/209190Orig1s000.pdf
29987559a1699370003685c0,77885,211988,SUPPL,13,https://www.accessdata.fda.gov/drugsatfda_docs/nda/2024/211988Orig1s013.pdf
5718e3228800b4c7ece5ab0c,77886,210852,ORIG,1,https://www.accessdata.fda.gov/drugsatfda_docs/nda/2024/210852Orig1s000TOC.html
cdaf11a35b1a1b43bd862666,77887,214952,ORIG,1,https://www.accessdata.fda.gov/drugsatfda_docs/nda/2024/214952Orig1s000TOC.html
b455326bb56d234c700be2b9,77888,216165,ORIG,1,https://www.accessdata.fda.gov/drugsatfda_docs/nda/2024/216165Orig1s000TOC.html
5edc0c67f17b07a8e3af76a0,77889,217064,ORIG,1,https://www.accessdata.fda.gov/drugsatfda_docs/nda/2024/217064Orig1s000TOC.html
6ae78e2ef6801e22998573fd,77924,210136,ORIG,1,https://www.accessdata.fda.gov/drugsatfda_docs/nda/2024/210136Orig1s000TOC.html
b678038445e5f390acc809e9,77925,761225,ORIG,1,https://www.accessdata.fda.gov/drugsatfda_docs/nda/2024/761225Orig1s000TOC.html
ec9c631c6af7745fcc31e061,78014,125326,SUPPL,70,https://www.accessdata.fda.gov/drugsatfda_docs/nda/2024/125326Orig1s070.pdf
556de1ce552da90f0014a558,78073,761198,ORIG,1,https://www.accessdata.fda.gov/drugsatfda_docs/nda/2024/761198Orig1s000TOC.html
df78d8bf475135bb2276291b,78074,216579,ORIG,1,https://www.accessdata.fda.gov/drugsatfda_docs/nda/2024/216579Orig1s000TOC.html
3bdfff2d72e674297e91039a,78087,217150,ORIG,1,https://www.accessdata.fda.gov/drugsatfda_docs/nda/2024/217150Orig1s000TOC.html
75bc18b89dc10d9819874a2a,78096,761269,SUPPL,1,https://www.accessdata.fda.gov/drugsatfda_docs/nda/2024/761269Orig1s001.pdf
f5d7b4d89c2fbf2348d832c3,78106,761232,ORIG,1,https://www.accessdata.fda.gov/drugsatfda_docs/nda/2024/761232Orig1s000TOC.html
0760f77b238f0a04c15869aa,78137,761105,SUPPL,14,https://www.accessdata.fda.gov/drugsatfda_docs/nda/2024/761105Orig1s014.pdf
5004656d127a8c55d715f0a6,78148,217927,ORIG,1,https://www.accessdata.fda.gov/drugsatfda_docs/nda/2024/217927Orig1s000TOC.html
1927d743b9e9b9d3b1859e2a,78149,217806,ORIG,1,https://www.accessdata.fda.gov/drugsatfda_docs/nda/2024/217806Orig1s000TOC.html
f783134df89ef5f87800fb03,78157,761355,ORIG,1,https://www.accessdata.fda.gov/drugsatfda_docs/nda/2024/761355Orig1s000TOC.html
7181b0af82c4ae3f2870fcfc,78169,208434,SUPPL,15,https://www.accessdata.fda.gov/drugsatfda_docs/nda/2024/208434Orig1s015MultidisciplineR.pdf
4a04763eafd33999b3db103a,78204,217686,ORIG,1,https://www.accessdata.fda.gov/drugsatfda_docs/nda/2024/217686Orig1s000TOC.html
607eb2bfce1f40991767dda3,78205,217242,ORIG,1,https://www.accessdata.fda.gov/drugsatfda_docs/nda/2024/217242Orig1s000TOC.html
bd42934ab079ddb1e90b101b,78206,215192,ORIG,1,https://www.accessdata.fda.gov/drugsatfda_docs/nda/2024/215192Orig1s000TOC.html
b9487a141327f10440b97ef4,78303,211413,ORIG,1,https://www.accessdata.fda.gov/drugsatfda_docs/nda/2024/211413Orig1s000TOC.html
760b258dec340352fb589324,78334,217865,ORIG,1,https://www.accessdata.fda.gov/drugsatfda_docs/nda/2024/217865Orig1s000TOC.html
009ef96c688b8ae5b3c848a8,78347,213217,SUPPL,4,https://www.accessdata.fda.gov/drugsatfda_docs/nda/2024/213217Orig1s004.pdf
ac5a477e3173bf3c959c483d,78384,214511,ORIG,1,https://www.accessdata.fda.gov/drugsatfda_docs/nda/2024/214511Orig1s000TOC.html
6043cd94fde2b5142fdb0677,78401,218037,ORIG,1,https://www.accessdata.fda.gov/drugsatfda_docs/nda/2024/218037Orig1s000TOC.html
c3ba20570fcaadb1c446a6aa,78413,761363,ORIG,1,https://www.accessdata.fda.gov/drugsatfda_docs/nda/2024/761363Orig1s000TOC.html
1439ed9ae42d6dcbc5418c6c,78445,215151,ORIG,1,https://www.accessdata.fda.gov/drugsatfda_docs/nda/2024/215151Orig1s000TOC.html
fe35d7a63032f65c61db63af,78523,018730,ORIG,1,https://www.accessdata.fda.gov/drugsatfda_docs/nda/pre96/018731Orig1s000rev.pdf
5d2af1028f8b680e2df8e758,78539,761336,ORIG,1,https://www.accessdata.fda.gov/drugsatfda_docs/nda/2024/761336Orig1s000TOC.html
7089aeb2722afdcca5d44e9b,78540,218275,ORIG,1,https://www.accessdata.fda.gov/drugsatfda_docs/nda/2024/218275Orig1s000TOC.html
a52c3fbbc6c073f5d4e926db,78552,761255,ORIG,2,https://www.accessdata.fda.gov/drugsatfda_docs/nda/2024/761255Orig2s000TOC.html
d382de1961bccc37271e5b4d,78553,217700,ORIG,1,"https://www.accessdata.fda.gov/drugsatfda_docs/nda/2024/217700Orig1s000, 218033Orig1s000TOC.html"
d382de1961bccc37271e5b4d,78554,218033,ORIG,1,"https://www.accessdata.fda.gov/drugsatfda_docs/nda/2024/217700Orig1s000, 218033Orig1s000TOC.html"
6b6a53825900c941e634821a,78566,218709,ORIG,1,https://www.accessdata.fda.gov/drugsatfda_docs/nda/2024/218709Orig1s000TOC.html
7c441888016ac0f3fd80cd97,78575,018936,SUPPL,111,https://www.accessdata.fda.gov/drugsatfda_docs/nda/2024/018936Orig1s111.pdf
5dd624528aa0628c5356d161,78576,213217,SUPPL,7,https://www.accessdata.fda.gov/drugsatfda_docs/nda/2024/213217Orig1s007.pdf
9508b6c346bca2088b53dc1a,78608,216793,ORIG,1,https://www.accessdata.fda.gov/drugsatfda_docs/nda/2024/216793Orig1s000TOC.html
b5cd8b80667e742f703df913,78609,217836,ORIG,1,https://www.accessdata.fda.gov/drugsatfda_docs/nda/2024/217836Orig1s000TOC.html
6b3c0703b435fc0007fd5f26,78763,761299,ORIG,1,https://www.accessdata.fda.gov/drugsatfda_docs/nda/2024/761299Orig1s000TOC.html
e3e4c4e033e72147dcadc420,78807,215500,ORIG,1,https://www.accessdata.fda.gov/drugsatfda_docs/nda/2024/215500Orig1s000TOC.html
2f5b1689efe8a63a53c794e1,78850,216774,ORIG,1,https://www.accessdata.fda.gov/drugsatfda_docs/nda/2024/216774Orig1s000TOC.html
845849dffdffee2e6f271e6b,78860,217785,ORIG,1,https://www.accessdata.fda.gov/drugsatfda_docs/nda/2024/217785Orig1s000TOC.html
584fe00452257318559a51c1,78878,761275,ORIG,1,https://www.accessdata.fda.gov/drugsatfda_docs/nda/2024/761275Orig1s000TOC.html
ae54aacc0695fdad473dea97,78885,761343,ORIG,1,https://www.accessdata.fda.gov/drugsatfda_docs/nda/2024/761343Orig1s000TOC.html
563ca3edf93d0e8e108b390e,78914,761362,ORIG,1,https://www.accessdata.fda.gov/drugsatfda_docs/nda/2024/761362Orig1s000TOC.html
52773b584105e5182a6dcffa,78915,761344,ORIG,1,https://www.accessdata.fda.gov/drugsatfda_docs/nda/2024/761344Orig1s000TOC.html
bbedcf35fe46e58e8d7d79b1,78921,215430,ORIG,1,https://www.accessdata.fda.gov/drugsatfda_docs/nda/2024/215430Orig1s000TOC.html
0750cd0f2f6ea58faaa4788b,78973,216743,ORIG,1,https://www.accessdata.fda.gov/drugsatfda_docs/nda/2024/216743Orig1s000TOC.html
28be62331fe4b24dd7581ce6,78983,217779,ORIG,1,https://www.accessdata.fda.gov/drugsatfda_docs/nda/2024/217779Orig1s000TOC.html
b742cb436b44ee143d808cc5,78995,211675,SUPPL,4,https://www.accessdata.fda.gov/drugsatfda_docs/nda/2024/211675Orig1s004.pdf
0640da0d4c35e2a7195acac5,78996,215727,ORIG,1,https://www.accessdata.fda.gov/drugsatfda_docs/nda/2024/215727Orig1s000TOC.html
c7591c71c916f84331e49275,79108,217347,ORIG,1,https://www.accessdata.fda.gov/drugsatfda_docs/nda/2024/217347Orig1s000TOC.html
1870a93bae6c30875f2a6b80,79127,217389,ORIG,1,https://www.accessdata.fda.gov/drugsatfda_docs/nda/2024/217389Orig1s000TOC.html
7518aa4f69963503ccc11c28,79194,218860,ORIG,1,https://www.accessdata.fda.gov/drugsatfda_docs/nda/2024/218860Orig1s000TOC.html
447856a724cad132aa2fcbf7,79247,761248,ORIG,1,https://www.accessdata.fda.gov/drugsatfda_docs/nda/2024/761248Orig1s000TOC.html
d26a9b84a976538c3cfd9d3f,79255,761388,ORIG,1,https://www.accessdata.fda.gov/drugsatfda_docs/nda/2024/761388Orig1s000TOC.html
7fe4cfa639037d6198438bbf,79310,204311,ORIG,1,https://www.accessdata.fda.gov/drugsatfda_docs/nda/2024/204311Orig1s000TOC.html
23d5e72d81db38d3a2a1941c,79315,208708,SUPPL,16,https://www.accessdata.fda.gov/drugsatfda_docs/nda/2024/208708Orig1s016.pdf
3ea5d327ccf320327a2d2b6c,79316,213950,ORIG,1,https://www.accessdata.fda.gov/drugsatfda_docs/nda/2024/213950Orig1s000.pdf
86ed8e41d4bb27b0451ff6af,79319,215040,ORIG,1,https://www.accessdata.fda.gov/drugsatfda_docs/nda/2024/215040Orig1s000TOC.html
bb91848eea15206510a38950,79324,201848,ORIG,1,https://www.accessdata.fda.gov/drugsatfda_docs/nda/2024/201848Orig1s000TOC.html
fa20f074e40c2422cac25ac9,79346,761346,ORIG,1,https://www.accessdata.fda.gov/drugsatfda_docs/nda/2024/761346Orig1s000TOC.html
00fe33e264a92b1655a21fb2,79399,761133,ORIG,1,https://www.accessdata.fda.gov/drugsatfda_docs/nda/2024/761133Orig1s000TOC.html
ab44fd751bbbb4e507609ff5,79452,213976,ORIG,1,https://www.accessdata.fda.gov/drugsatfda_docs/nda/2024/213976Orig1s000TOC.html
37e1a803ba42d0795bee1c20,79463,215487,ORIG,1,https://www.accessdata.fda.gov/drugsatfda_docs/nda/2024/215487Orig1s000TOC.html
bd9434451febeab98cc3c533,79464,217900,ORIG,1,https://www.accessdata.fda.gov/drugsatfda_docs/nda/2024/217900Orig1s000TOC.html
62f4c14b6b51fea028c3dc6d,79491,218784,ORIG,1,https://www.accessdata.fda.gov/drugsatfda_docs/nda/2024/218784Orig1s000TOC.html
f764ff1063028cda4521904d,79552,761349,ORIG,1,https://www.accessdata.fda.gov/drugsatfda_docs/nda/2024/761349Orig1s000TOC.html
7eaf8794f0ebc1afc09666bc,79565,216490,ORIG,1,https://www.accessdata.fda.gov/drugsatfda_docs/nda/2024/216490Orig1s000TOC.html
f97937f3a26eda99dcddf113,79570,761390,ORIG,1,https://www.accessdata.fda.gov/drugsatfda_docs/nda/2024/761390Orig1s000TOC.html
3303bd44c9dde4f5688c83b4,79581,213931,ORIG,1,https://www.accessdata.fda.gov/drugsatfda_docs/nda/2024/213931Orig1s000TOC.html
2dda88c2fc291ce30b53e568,79627,761411,ORIG,1,https://www.accessdata.fda.gov/drugsatfda_docs/nda/2024/761411Orig1s000TOC.html
ba27af9cbdab1fda10553b9b,79628,219008,ORIG,1,https://www.accessdata.fda.gov/drugsatfda_docs/nda/2024/219008Orig1s000TOC.html
3f108c7dd31acc4603eba3c8,79629,217899,ORIG,1,https://www.accessdata.fda.gov/drugsatfda_docs/nda/2024/217899Orig1s000TOC.html
b296e621b0e98b60315f818c,79641,090724,SUPPL,6,https://www.accessdata.fda.gov/drugsatfda_docs/nda/2024/090724Orig1s006.pdf
689e2c20d1b8bda91aeea24f,79703,215320,ORIG,1,https://www.accessdata.fda.gov/drugsatfda_docs/nda/2024/215320Orig1s000TOC.html
778276d9d198d928a7f8fa2e,79704,218591,ORIG,1,"https://www.accessdata.fda.gov/drugsatfda_docs/nda/2024/218591Orig1s000,207620Orig1s025TOC.html"
778276d9d198d928a7f8fa2e,79705,207620,SUPPL,25,"https://www.accessdata.fda.gov/drugsatfda_docs/nda/2024/218591Orig1s000,207620Orig1s025TOC.html"
fb5e0199eb39ff973a3b3605,79731,217645,ORIG,1,https://www.accessdata.fda.gov/drugsatfda_docs/nda/2024/217645Orig1s000TOC.html
3c5252d42e7c656a6b62a2a6,79744,216099,ORIG,1,https://www.accessdata.fda.gov/drugsatfda_docs/nda/2024/216099Orig1s000TOC.html
dd5cc211fd7380414e73b79e,79754,217512,ORIG,1,https://www.accessdata.fda.gov/drugsatfda_docs/nda/2024/217512Orig1s000TOC.html
57cb94dc43ae57fdd04a8a96,79793,216482,ORIG,1,https://www.accessdata.fda.gov/drugsatfda_docs/nda/2024/216482Orig1s000TOC.html
d108e4330bbc8a4c00cce0bc,79802,217439,ORIG,1,https://www.accessdata.fda.gov/drugsatfda_docs/nda/2024/217439Orig1s000TOC.html
82ea72df085813e9c170eec1,79819,217812,ORIG,1,https://www.accessdata.fda.gov/drugsatfda_docs/nda/2024/217812Orig1s000TOC.html
5708e3e2aa5d6c425b348f1d,79820,761350,ORIG,1,https://www.accessdata.fda.gov/drugsatfda_docs/nda/2024/761350Orig1s000TOC.html
efa9fbf3f3f100633c447278,79841,211566,ORIG,1,https://www.accessdata.fda.gov/drugsatfda_docs/nda/2024/211566Orig1s000TOC.html
24d77ed667a976fdde3135a7,79901,219132,ORIG,1,https://www.accessdata.fda.gov/drugsatfda_docs/nda/2024/219132Orig1s000TOC.html
25f5255604200981c93891de,79902,761306,ORIG,1,https://www.accessdata.fda.gov/drugsatfda_docs/nda/2024/761306Orig1s000TOC.html
f63414369568066c7441210d,79915,209903,SUPPL,10,https://www.accessdata.fda.gov/drugsatfda_docs/nda/2024/209903Orig1s010.pdf
2442773c416d105f3e436b9d,79982,215168,ORIG,1,https://www.accessdata.fda.gov/drugsatfda_docs/nda/2024/215168Orig1s000TOC.html
ce83abe24b3108ef46543f47,79983,218490,ORIG,1,https://www.accessdata.fda.gov/drugsatfda_docs/nda/2024/218490Orig1s000TOC.html
b94993c0cf6aa106632c3c67,80000,761358,ORIG,1,https://www.accessdata.fda.gov/drugsatfda_docs/nda/2024/761358Orig1s000TOC.html
59e2b03328b56400f63c661f,80001,214927,ORIG,1,https://www.accessdata.fda.gov/drugsatfda_docs/nda/2024/214927Orig1s000TOC.html
5d712bb0b445bd36f846dacd,80153,007513,SUPPL,38,https://www.accessdata.fda.gov/drugsatfda_docs/nda/2024/007513Orig1s038.pdf
052693185466fd10f62e8ac2,80154,008107,SUPPL,55,https://www.accessdata.fda.gov/drugsatfda_docs/nda/2003/008107Orig1s055.pdf
386b34275670f109148a26fb,80155,018896,SUPPL,11,https://www.accessdata.fda.gov/drugsatfda_docs/nda/2024/18896Orig1s011.pdf
1537bc54dcc38edc7a72188c,80156,018896,SUPPL,12,https://www.accessdata.fda.gov/drugsatfda_docs/nda/2024/18896Orig1s012.pdf
ac10dbe0f3892735294683d3,80157,020216,SUPPL,43,https://www.accessdata.fda.gov/drugsatfda_docs/nda/2024/20216Orig1s043.pdf
8ea697fc4df80ad06840ee52,80158,020449,SUPPL,84,https://www.accessdata.fda.gov/drugsatfda_docs/nda/2024/20449Orig1s084.pdf
4f46a889a10d838af92b647b,80159,020747,SUPPL,50,https://www.accessdata.fda.gov/drugsatfda_docs/nda/2024/020747Orig1s050.pdf
a82ecb99381e8fc3a79cfdb4,80160,021752,SUPPL,60,https://www.accessdata.fda.gov/drugsatfda_docs/nda/2024/21752Orig1s060.pdf
1d3405650f5056b64adf6503,80161,022496,SUPPL,37,https://www.accessdata.fda.gov/drugsatfda_docs/nda/2024/22496Orig1s037.pdf
ffe6c6421cb6822737a0b621,80162,022526,SUPPL,8,https://www.accessdata.fda.gov/drugsatfda_docs/nda/2024/22526Orig1s008.pdf
af2dcbeecc5afe1330202ba9,80163,022526,SUPPL,9,https://www.accessdata.fda.gov/drugsatfda_docs/nda/2024/22526Orig1s009.pdf
15438dec7f394159f40d7b7d,80164,204630,SUPPL,23,https://www.accessdata.fda.gov/drugsatfda_docs/nda/2024/204630Orig1s023.pdf
b3bd7ae39e842426d92b565a,80165,209112,SUPPL,8,https://www.accessdata.fda.gov/drugsatfda_docs/nda/2024/209112Orig1s008.pdf
722d4c6e285ce839d2a2809f,80167,215256,SUPPL,11,https://www.accessdata.fda.gov/drugsatfda_docs/nda/2024/215256Orig1s011.pdf
d5c12fe4ff6f478a4f0eb5f5,80168,216158,ORIG,1,https://www.accessdata.fda.gov/drugsatfda_docs/nda/2024/216158Orig1s000TOC.html
a64945545ef380b61a6e4a11,80169,219249,ORIG,1,https://www.accessdata.fda.gov/drugsatfda_docs/nda/2024/219249Orig1s000TOC.html
b3bd7ae39e842426d92b565a,80170,209112,SUPPL,8,https://www.accessdata.fda.gov/drugsatfda_docs/nda/2024/209112Orig1s008.pdf
741bf1393f8789baac92ccad,80171,209112,SUPPL,9,https://www.accessdata.fda.gov/drugsatfda_docs/nda/2024/209112Orig1s009.pdf
5dd4e3e39dbc5fd80d5424ed,80192,761369,ORIG,1,https://www.accessdata.fda.gov/drugsatfda_docs/nda/2024/761369Orig1s000TOC.html
035c6e3d4e90abf0e3199efc,80194,216340,SUPPL,5,https://www.accessdata.fda.gov/drugsatfda_docs/nda/2024/216340Orig1s005.pdf
f9eb960ca2a9cde02aa9fe83,80234,761365,ORIG,1,https://www.accessdata.fda.gov/drugsatfda_docs/nda/2024/761365Orig1s000TOC.html
9754b6afebc9ace7905b66c6,80273,218718,ORIG,1,https://www.accessdata.fda.gov/drugsatfda_docs/nda/2024/218718Orig1s000TOC.html
042360cfe1490b7c95b8d524,80417,216593,ORIG,1,https://www.accessdata.fda.gov/drugsatfda_docs/nda/2024/216593Orig1s000TOC.html
042360cfe1490b7c95b8d524,80418,216593,ORIG,1,https://www.accessdata.fda.gov/drugsatfda_docs/nda/2024/216593Orig1s000TOC.html
7b31f5f7321c4fba3795477c,80451,218213,SUPPL,1,https://www.accessdata.fda.gov/drugsatfda_docs/nda/2024/218213Orig1s001.pdf
08d53e4c74622a536aaaa2d2,80478,761274,ORIG,1,https://www.accessdata.fda.gov/drugsatfda_docs/nda/2024/761274Orig1s000TOC.html
01d971fd52661b327c3d3a21,80488,214755,SUPPL,7,https://www.accessdata.fda.gov/drugsatfda_docs/nda/2024/214755Orig1s007.pdf
db12b113c90a25b2961258f6,80489,215866,SUPPL,2,https://www.accessdata.fda.gov/drugsatfda_docs/nda/2024/215866Orig1s002.pdf
e367aade9628a0bce3b9d10e,80490,761143,SUPPL,24,https://www.accessdata.fda.gov/drugsatfda_docs/nda/2024/761143Orig1s024MedR.pdf
f2dfddf84a25318ba9d48e23,80535,213972,ORIG,1,https://www.accessdata.fda.gov/drugsatfda_docs/nda/2024/213972Orig1s000TOC.html
c8d795926d94352496b489de,80556,218944,ORIG,1,https://www.accessdata.fda.gov/drugsatfda_docs/nda/2024/218944Orig1s000TOC.html
1058c4fc662ab9d97c161765,80557,761416,ORIG,1,https://www.accessdata.fda.gov/drugsatfda_docs/nda/2024/761416Orig1s000TOC.html
c49c03b844c9d31225228602,80605,218010,ORIG,1,http://www.accessdata.fda.gov/drugsatfda_docs/nda/2024/218010Orig1s000TOC.html
9efce011e0b5cf24a91ead5a,80658,216540,ORIG,1,https://www.accessdata.fda.gov/drugsatfda_docs/nda/2024/216540Orig1s000TOC.html
606bba3159e5a2d33df7d32a,80659,217202,ORIG,1,https://www.accessdata.fda.gov/drugsatfda_docs/nda/2024/217202Orig1s000TOC.html
e104d6e92300eaeabd2dc3d2,80739,216016,ORIG,1,"https://www.accessdata.fda.gov/drugsatfda_docs/nda/2024/216016Orig1s000,216017Orig1s000TOC.html"
e104d6e92300eaeabd2dc3d2,80740,216017,ORIG,1,"https://www.accessdata.fda.gov/drugsatfda_docs/nda/2024/216016Orig1s000,216017Orig1s000TOC.html"
25a75244854483f6cd003489,80811,761352,ORIG,1,https://www.accessdata.fda.gov/drugsatfda_docs/nda/2025/761352Orig1s000TOC.html
ad8526d29171159ff2965244,80818,219016,ORIG,1,https://www.accessdata.fda.gov/drugsatfda_docs/nda/2025/219016Orig1s000TOC.html
7e360489512e38d4ab36258b,80823,216655,ORIG,1,https://www.accessdata.fda.gov/drugsatfda_docs/nda/2025/216655Orig1s000TOC.html
c9f99628c2417fa3a1bcdd11,80830,761297,ORIG,1,https://www.accessdata.fda.gov/drugsatfda_docs/nda/2025/761297Orig1s000TOC.html
b26167240aa473b5983d5cd0,80832,218808,ORIG,1,"https://www.accessdata.fda.gov/drugsatfda_docs/nda/2025/218808Orig1s000,218820Orig1s000TOC.html"
b26167240aa473b5983d5cd0,80833,218820,ORIG,1,"https://www.accessdata.fda.gov/drugsatfda_docs/nda/2025/218808Orig1s000,218820Orig1s000TOC.html"
1a155d84889cdf8026d80b11,80846,217581,ORIG,1,https://www.accessdata.fda.gov/drugsatfda_docs/nda/2025/217581Orig1s000tOC.html
1a155d84889cdf8026d80b11,80847,217581,ORIG,1,https://www.accessdata.fda.gov/drugsatfda_docs/nda/2025/217581Orig1s000tOC.html
5d31cd7495ebf741ebffdef0,80848,019758,SUPPL,61,https://www.accessdata.fda.gov/drugsatfda_docs/nda/2025/019758Orig1s061.pdf
e1782ec9b4f556991404752d,80849,019758,SUPPL,90,https://www.accessdata.fda.gov/drugsatfda_docs/nda/2025/019758Orig1s090.pdf
94949a835f16003f901a9dc0,80850,019758,SUPPL,98,https://www.accessdata.fda.gov/drugsatfda_docs/nda/2025/019758Orig1s098.pdf
e7b8b351b5545df49918d77d,80851,201094,ORIG,1,https://www.accessdata.fda.gov/drugsatfda_docs/nda/2025/201094Orig1s000.pdf
0d4b2a7f80ea9916a2163bdc,80852,761139,SUPPL,28,https://www.accessdata.fda.gov/drugsatfda_docs/nda/2025/761139Orig1s028.pdf
caf50efc40415dd621f098a0,80855,218171,ORIG,1,https://www.accessdata.fda.gov/drugsatfda_docs/nda/2025/218171Orig1s000TOC.html
30335193c34183e7578363e3,80909,218771,ORIG,1,https://www.accessdata.fda.gov/drugsatfda_docs/nda/2025/218771Orig1s000TOC.html
09d3d3f2f048f85c62d3a10f,80910,217933,ORIG,1,https://www.accessdata.fda.gov/drugsatfda_docs/nda/2025/217933Orig1s000TOC.html
33846b59d63a72a6e2e183ac,80918,218614,ORIG,1,https://www.accessdata.fda.gov/drugsatfda_docs/nda/2025/218614Orig1s000TOC.html
41a2d82bb4afe8963a56328d,80919,761315,ORIG,1,https://www.accessdata.fda.gov/drugsatfda_docs/nda/2025/761315Orig1s000TOC.html
c3c1281eda5e6d47676fcb5e,80920,761373,ORIG,1,"https://www.accessdata.fda.gov/drugsatfda_docs/nda/2025/761373Orig1s000,761425Orig1s000TOC.html"
c3c1281eda5e6d47676fcb5e,80921,761425,ORIG,1,"https://www.accessdata.fda.gov/drugsatfda_docs/nda/2025/761373Orig1s000,761425Orig1s000TOC.html"
5073746fc612ddfa7da2576b,80961,761333,ORIG,1,https://www.accessdata.fda.gov/drugsatfda_docs/nda/2025/761333Orig1s000TOC.html
79523599a14d67c2a8ad1a39,81022,215358,SUPPL,8,https://www.accessdata.fda.gov/drugsatfda_docs/nda/2025/215358Orig1s008TOC.html
226073fe1ec0e6c45c6cc15f,81117,218730,ORIG,1,https://www.accessdata.fda.gov/drugsatfda_docs/nda/2025/218730Orig1s000TOC.html
ca746196bb80a7ed6b960216,81269,761394,ORIG,1,https://www.accessdata.fda.gov/drugsatfda_docs/nda/2025/761394Orig1s000TOC.html
0ea4b8707468258e6855995d,81308,214759,ORIG,1,https://www.accessdata.fda.gov/drugsatfda_docs/nda/2025/214759Orig1s000TOC.html
d5e491f0818ab9edabcde262,81311,219209,ORIG,1,https://www.accessdata.fda.gov/drugsatfda_docs/nda/2025/219209Orig1s000TOC.html
914e2f1408bb8b7e87311b40,81374,218590,ORIG,1,https://www.accessdata.fda.gov/drugsatfda_docs/nda/2025/218590Orig1s000TOC.html
58aa2cc1434ee2087e27b3e5,81412,216483,ORIG,1,https://www.accessdata.fda.gov/drugsatfda_docs/nda/2025/216483Orig1s000TOC.html
abca71eda43882ef364d99f5,81435,021196,SUPPL,5,https://www.accessdata.fda.gov/drugsatfda_docs/nda/2005/021196s005.pdf
f6a8ea38240aec724b131ef4,81436,215503,ORIG,1,https://www.accessdata.fda.gov/drugsatfda_docs/nda/2025/215503Orig1s000edt.pdf
7caf538a40f2a3e0ea5594d9,81442,022137,SUPPL,15,https://www.accessdata.fda.gov/drugsatfda_docs/nda/2025/022137Orig1s015MultidisciplineR.pdf
ad58575616471715b9f83fd6,81443,761126,ORIG,1,https://www.accessdata.fda.gov/drugsatfda_docs/nda/2025/761126Orig1s000TOC.html
475e2d05b1f011096fc7faf4,81500,207970,ORIG,1,https://www.accessdata.fda.gov/drugsatfda_docs/nda/2025/207970Orig1s000TOC.html
5c548e55ace2c5791a121783,81541,125249,SUPPL,49,https://www.accessdata.fda.gov/drugsatfda_docs/nda/2025/125249Orig1s049.pdf
da0641fb74fea3859f0d43c4,81542,202827,ORIG,1,https://www.accessdata.fda.gov/drugsatfda_docs/nda/2025/202827Orig1s000.pdf
926216a7ff97d0268171b1db,81543,216235,ORIG,1,https://www.accessdata.fda.gov/drugsatfda_docs/nda/2025/216235Orig1s000.pdf
821d5f4e68acc3bdc7cf632e,81553,761340,ORIG,1,https://www.accessdata.fda.gov/drugsatfda_docs/nda/2025/761340Orig1s000TOC.html
88fd9d70130e21ee7aa7eb17,81610,219304,ORIG,1,https://www.accessdata.fda.gov/drugsatfda_docs/nda/2025/219304Orig1s000TOC.html
eb734db366c6cff2c016e398,81626,210661,ORIG,1,https://www.accessdata.fda.gov/drugsatfda_docs/nda/2025/210661Orig1s000TOC.html
e58854d6d7659db70c7d4bb0,81627,761378,ORIG,1,https://www.accessdata.fda.gov/drugsatfda_docs/nda/2025/761378Orig1s000TOC.html
1acf49eb623cb205240268df,81642,208627,SUPPL,7,https://www.accessdata.fda.gov/drugsatfda_docs/nda/2025/208627Orig1s007.pdf
84b247e05d974e99a9639ef5,81676,125504,SUPPL,63,https://www.accessdata.fda.gov/drugsatfda_docs/nda/2025/125504Orig1s063.pdf
de1b36a665ba4efa13cc16ce,81677,125504,SUPPL,73,https://www.accessdata.fda.gov/drugsatfda_docs/nda/2025/125504Orig1s073.pdf
2665c9ccb6215bd4c96b3def,81678,022032,SUPPL,24,https://www.accessdata.fda.gov/drugsatfda_docs/nda/2025/022032Orig1s024_Approval_Pkg.pdf
154ef0565bdc35251f093c2e,81690,761298,ORIG,1,https://www.accessdata.fda.gov/drugsatfda_docs/nda/2025/761298Orig1s000TOC.html
8a7e244e5bb99191fac17ee4,81691,219379,ORIG,1,"https://www.accessdata.fda.gov/drugsatfda_docs/nda/2025/219379Orig1s000,219389Orig1s000TOC.html"
8a7e244e5bb99191fac17ee4,81692,219379,ORIG,1,"https://www.accessdata.fda.gov/drugsatfda_docs/nda/2025/219379Orig1s000,219389Orig1s000TOC.html"
8a7e244e5bb99191fac17ee4,81693,219389,ORIG,1,"https://www.accessdata.fda.gov/drugsatfda_docs/nda/2025/219379Orig1s000,219389Orig1s000TOC.html"
2212a1243a7f5b3929c64455,81771,125268,SUPPL,167,https://www.accessdata.fda.gov/drugsatfda_docs/nda/2025/125268Orig1s167.pdf
70220f24bcfe16f20241bb15,81773,218160,ORIG,1,https://www.accessdata.fda.gov/drugsatfda_docs/nda/2025/218160Orig1s000TOC.html
0fcdc371824a2cd9b699fe02,81918,214938,SUPPL,2,http://www.accessdata.fda.gov/drugsatfda_docs/nda/2025/214938Orig1s002.pdf
e9ce938f7935dde77fcfdea3,81919,218424,ORIG,1,http://www.accessdata.fda.gov/drugsatfda_docs/nda/2025/218424Orig1s000TOC.html
615a7e2af046bc76a829e0bc,81920,218466,ORIG,1,http://www.accessdata.fda.gov/drugsatfda_docs/nda/2025/218466Orig1s000TOC.html
46f5e0b9265615ad1f992694,81921,761347,ORIG,1,http://www.accessdata.fda.gov/drugsatfda_docs/nda/2025/761347Orig1s000TOC.html
3d764d28d8f7980fba5332a4,81946,218230,ORIG,1,http://www.accessdata.fda.gov/drugsatfda_docs/nda/2025/218230Orig1s000TOC.html
c04e1db3b5b92d4b13d04877,81950,214697,ORIG,1,http://www.accessdata.fda.gov/drugsatfda_docs/nda/2025/214697Orig1s000TOC.html
75e4f52be3262491e8440330,81951,218347,ORIG,1,http://www.accessdata.fda.gov/drugsatfda_docs/nda/2025/218347Orig1s000TOC.html
d1efa6f5962fa12f2ed047d1,82051,761364,ORIG,1,http://www.accessdata.fda.gov/drugsatfda_docs/nda/2025/761364Orig1s000TOC.html
b0a3f26251e297e62a05c3a9,82078,214835,ORIG,1,http://www.accessdata.fda.gov/drugsatfda_docs/nda/2025/214835Orig1s000TOC.html
d34fbc758c2cfda6d6a5377e,82079,218527,ORIG,1,http://www.accessdata.fda.gov/drugsatfda_docs/nda/2025/218527Orig1s000TOC.html
71d6cc7f1c700f17d504e868,82126,219097,ORIG,1,http://www.accessdata.fda.gov/drugsatfda_docs/nda/2025/219097Orig1s000TOC.html
31bcdddaa2ba82f4ff015d90,82127,218390,ORIG,1,http://www.accessdata.fda.gov/drugsatfda_docs/nda/2025/218390Orig1s000TOC.html
a0177fbb7e276173d11ecbd7,82161,218772,ORIG,1,http://www.accessdata.fda.gov/drugsatfda_docs/nda/2025/218772Orig1s000TOC.html
d55eaa496be0250c083d23cd,82163,218710,ORIG,1,http://www.accessdata.fda.gov/drugsatfda_docs/nda/2025/218710Orig1s000TOC.html
62f39635698429459d7f4003,82167,761379,ORIG,1,http://www.accessdata.fda.gov/drugsatfda_docs/nda/2025/761379Orig1s000TOC.html
d0a5e674c108c4a74211d81e,82174,219019,ORIG,1,http://www.accessdata.fda.gov/drugsatfda_docs/nda/2025/219019Orig1s000TOC.html
096e896108aaa2f3274781ee,82175,761359,ORIG,1,http://www.accessdata.fda.gov/drugsatfda_docs/nda/2025/761359Orig1s000TOC.html
0e5a5ecc5bc18d8b957cda59,82187,216984,ORIG,1,http://www.accessdata.fda.gov/drugsatfda_docs/nda/2025/216984Orig1s000TOC.html
015436fd62ad3ddc8f0bcf6a,82198,216778,ORIG,1,http://www.accessdata.fda.gov/drugsatfda_docs/nda/2025/216778Orig1s000TOC.html
4f443073ff117c1cde7ef04b,82199,219208,ORIG,1,http://www.accessdata.fda.gov/drugsatfda_docs/nda/2025/219208Orig1s000TOC.html
2af403664d48cad0d4c14308,82202,217684,ORIG,1,http://www.accessdata.fda.gov/drugsatfda_docs/nda/2025/217684Orig1s000TOC.html
d19c9c871a6f847284497086,82203,217766,ORIG,1,http://www.accessdata.fda.gov/drugsatfda_docs/nda/2025/217766Orig1s000TOC.html
3e77709cb283039cf45de203,82213,761258,ORIG,1,http://www.accessdata.fda.gov/drugsatfda_docs/nda/2025/761258Orig1s000TOC.html
560ff85f86cd80ad83585b59,82309,761325,ORIG,1,https://www.accessdata.fda.gov/drugsatfda_docs/nda/2025/761325Orig1s000TOC.html
c89554fe784d350f2bfa9570,82321,218343,ORIG,1,https://www.accessdata.fda.gov/drugsatfda_docs/nda/2025/218343Orig1s000TOC.html
3d33d3bba5d893c127174401,82433,761430,ORIG,1,https://www.accessdata.fda.gov/drugsatfda_docs/nda/2025/761430Orig1s000TOC.html
d0ac75ff89bb2f1e6bc1e506,82434,216352,ORIG,1,https://www.accessdata.fda.gov/drugsatfda_docs/nda/2025/216352Orig1s000TOC.html
2dc5a5d8fbbceef3eb6af9fe,82445,218139,ORIG,1,https://www.accessdata.fda.gov/drugsatfda_docs/nda/2025/218139Orig1s000TOC.html
45e367076e50dc2459c0dc5d,82473,218549,ORIG,1,https://www.accessdata.fda.gov/drugsatfda_docs/nda/2025/218549Orig1s000TOC.html
e5cba586cdc52cef5fd184b5,82476,219141,ORIG,1,https://www.accessdata.fda.gov/drugsatfda_docs/nda/2025/219141Orig1s000TOC.html
0047176d02304cd2b0faecec,82482,761379,ORIG,2,https://www.accessdata.fda.gov/drugsatfda_docs/nda/2025/761379Orig2s000TOC.html
cb7905c88a5de02c854c8b08,82513,216962,ORIG,1,http://www.accessdata.fda.gov/drugsatfda_docs/nda/2025/216962Orig1s000TOC.html
da8f817088430ed5d315051f,82576,761384,ORIG,1,https://www.accessdata.fda.gov/drugsatfda_docs/nda/2025/761384Orig1s000TOC.html
269a1ca22c85df441f2e92e3,82589,218158,ORIG,1,http://www.accessdata.fda.gov/drugsatfda_docs/nda/2025/218158Orig1s000TOC.html
5ed1a2810fb44fd6213433e9,82627,219616,ORIG,1,https://www.accessdata.fda.gov/drugsatfda_docs/nda/2025/219616Orig1s000TOC.html
50c22d5448b29e300b142335,82667,217370,ORIG,1,https://www.accessdata.fda.gov/drugsatfda_docs/nda/2025/217370Orig1s000TOC.html
dd89e339e5b2fc4986fe4207,82718,761406,ORIG,2,https://www.accessdata.fda.gov/drugsatfda_docs/nda/2025/761406Orig1Orig2s000TOC.html
dd89e339e5b2fc4986fe4207,82719,761406,ORIG,1,https://www.accessdata.fda.gov/drugsatfda_docs/nda/2025/761406Orig1Orig2s000TOC.html
4e4eb185631e765d3ece918c,82724,219713,ORIG,1,https://www.accessdata.fda.gov/drugsatfda_docs/nda/2025/219713Orig1s000TOC.html
13963ee60b53cf9757c2086e,82761,761464,ORIG,1,https://www.accessdata.fda.gov/drugsatfda_docs/nda/2025/761464Orig1s000TOC.html
82a0696425ee30b175e69502,82800,020622,SUPPL,119,https://www.accessdata.fda.gov/drugsatfda_docs/nda/2025/020622Orig1s119.pdf
82a0696425ee30b175e69502,82801,020622,SUPPL,119,https://www.accessdata.fda.gov/drugsatfda_docs/nda/2025/020622Orig1s119.pdf
760773402750ecec441d2b43,82803,207981,SUPPL,12,https://www.accessdata.fda.gov/drugsatfda_docs/nda/2025/207981Orig1s012.pdf
e826ad751013739e2dde17ea,82804,208558,SUPPL,25,https://www.accessdata.fda.gov/drugsatfda_docs/nda/2025/208558Orig1s025.pdf
9445d91c0cabb2fe8485f605,82805,214665,SUPPL,9,https://www.accessdata.fda.gov/drugsatfda_docs/nda/2025/214665Orig1s009.pdf
7607b11f24f8749c04299d39,82806,016131,SUPPL,28,https://www.accessdata.fda.gov/drugsatfda_docs/nda/2025/016131Orig1s028.pdf
86edd4cc9704ec4cc1c635ce,82808,020622,SUPPL,118,https://www.accessdata.fda.gov/drugsatfda_docs/nda/2025/020622Orig1s118.pdf
4540ae1dc42925f54f78996a,82880,761432,ORIG,1,https://www.accessdata.fda.gov/drugsatfda_docs/nda/2025/761432Orig1s000TOC.html
3aee57bf9fc1dd670642f609,82881,219104,ORIG,1,https://www.accessdata.fda.gov/drugsatfda_docs/nda/2025/219104Orig1s000TOC.html
1104d04ed0485c531f811ff3,82891,761367,ORIG,1,https://www.accessdata.fda.gov/drugsatfda_docs/nda/2025/761367Orig1s000TOC.html
0fa2fdfd88b7e058c5fc6009,82913,761312,ORIG,1,https://www.accessdata.fda.gov/drugsatfda_docs/nda/2025/761312Orig1s000TOC.html
a893d8010ae44e279573f0e3,82944,761400,ORIG,1,https://www.accessdata.fda.gov/drugsatfda_docs/nda/2025/761400Orig1s000TOC.html
ffef411e28ef14ccc9e0f4f1,82966,218711,ORIG,1,https://www.accessdata.fda.gov/drugsatfda_docs/nda/2025/218711Orig1s000TOC.html
2480e23b075dd0dd7d93ec67,83024,218637,ORIG,1,https://www.accessdata.fda.gov/drugsatfda_docs/nda/2025/218637Orig1s000TOC.html
addf908e53539df2d2e6aa2e,83036,219839,ORIG,1,https://www.accessdata.fda.gov/drugsatfda_docs/nda/2025/219839Orig1s000TOC.html
590346f7246262cb50b08fa6,83059,219301,ORIG,1,https://www.accessdata.fda.gov/drugsatfda_docs/nda/2025/219301Orig1s000TOC.html
a77a20439c8abfb4b4cc0df1,83063,219122,ORIG,1,https://www.accessdata.fda.gov/drugsatfda_docs/nda/2025/219122Orig1s000TOC.html
aefdfe1cf115b3b776253f6b,83068,210496,SUPPL,17,https://www.accessdata.fda.gov/drugsatfda_docs/nda/2025/210496Orig1s017MultidisciplineR.pdf
294ce4308d2f1ddc1aeb2b00,83093,214876,SUPPL,3,"https://www.accessdata.fda.gov/drugsatfda_docs/nda/2025/214876Orig1s003Med,StatR.pdf"
61d6edbb2167b373e1229ec7,83095,213224,ORIG,1,https://www.accessdata.fda.gov/drugsatfda_docs/nda/2025/213224Orig1s000TOC.html
6ba032b886889401ce4dfba9,83124,211448,ORIG,1,https://www.accessdata.fda.gov/drugsatfda_docs/nda/2025/211448Orig1s000TOC.html
d06c3159651c3f2682335faf,83125,216190,ORIG,1,https://www.accessdata.fda.gov/drugsatfda_docs/nda/2025/216190Orig1s000TOC.html
9fe1f33a5f074d67168eb8ea,83167,218585,ORIG,1,https://www.accessdata.fda.gov/drugsatfda_docs/nda/2025/218585Orig1s000TOC.html
1da5114fab204070473b6794,83179,219155,ORIG,1,https://www.accessdata.fda.gov/drugsatfda_docs/nda/2025/219155Orig1s000TOC.html
f98e0da460feb9d8229f900e,83236,215431,ORIG,1,https://www.accessdata.fda.gov/drugsatfda_docs/nda/2025/215431Orig1s000TOC.html
dc5bda641a2c26bef8e8e963,83246,219876,ORIG,1,https://www.accessdata.fda.gov/drugsatfda_docs/nda/2025/219876Orig1s000TOC.html
a2b1366c415b5c72e62fe835,83247,219666,ORIG,1,https://www.accessdata.fda.gov/drugsatfda_docs/nda/2025/219666Orig1s000TOC.html
d1c46668e2726691ae4e8d04,83303,219847,ORIG,1,https://www.accessdata.fda.gov/drugsatfda_docs/nda/2025/219847Orig1s000TOC.html
00ba59cdf545f86ae176fa3b,83307,217673,ORIG,1,https://www.accessdata.fda.gov/drugsatfda_docs/nda/2025/217673Orig1s000TOC.html
95c1ee2b800bcdf196601a5d,83308,219042,ORIG,1,https://www.accessdata.fda.gov/drugsatfda_docs/nda/2025/219042Orig1s000TOC.html
fd39bfce43642253c4fb3f3f,83388,219285,ORIG,1,https://www.accessdata.fda.gov/drugsatfda_docs/nda/2025/219285Orig1s000TOC.html
cb237cba18dd50c241967772,83411,219840,ORIG,1,https://www.accessdata.fda.gov/drugsatfda_docs/nda/2025/219840Orig1s000TOC.html
c66720e614c9e7b5cfb0cc2a,83469,217630,ORIG,1,https://www.accessdata.fda.gov/drugsatfda_docs/nda/2025/217630Orig1s000TOC.html
d4965cfdd8902e2568c005a9,83572,219685,ORIG,1,https://www.accessdata.fda.gov/drugsatfda_docs/nda/2025/219685Orig1s000TOC.html
39094146f6fb161e92701b86,83584,761417,ORIG,1,https://www.accessdata.fda.gov/drugsatfda_docs/nda/2025/761417Orig1s000TOC.html
b82895c70234f1fe8833ff49,83629,219407,ORIG,1,https://www.accessdata.fda.gov/drugsatfda_docs/nda/2025/219407Orig1s000TOC.html
034bd217455477472e1c5783,83630,215244,ORIG,1,https://www.accessdata.fda.gov/drugsatfda_docs/nda/2025/215244Orig1s000TOC.html
1d8ab98b9d810df6fb16ba26,83645,216593,ORIG,2,https://www.accessdata.fda.gov/drugsatfda_docs/nda/2025/216593Orig2s000TOC.html
0442e3681b21ba6919bdfd20,83647,219015,ORIG,1,https://www.accessdata.fda.gov/drugsatfda_docs/nda/2025/219015Orig1s000TOC.html
cf818fb2bcf7a0dfd87bfc1b,83659,212782,ORIG,1,https://www.accessdata.fda.gov/drugsatfda_docs/nda/2025/212782Orig1s000TOC.html
d450961257e6189cfe59412a,83662,761467,ORIG,2,"https://www.accessdata.fda.gov/drugsatfda_docs/nda/2025/761467Orig1,Orig2s000TOC.html"
d450961257e6189cfe59412a,83663,761467,ORIG,1,"https://www.accessdata.fda.gov/drugsatfda_docs/nda/2025/761467Orig1,Orig2s000TOC.html"
0d1c9b40d848f1f0640285ff,83680,219293,ORIG,1,https://www.accessdata.fda.gov/drugsatfda_docs/nda/2025/219293Orig1s000TOC.html
5869738cfb38def6841578a7,83687,217604,ORIG,1,https://www.accessdata.fda.gov/drugsatfda_docs/nda/2025/217604Orig1s000TOC.html
3f04aa0604499ab8ab0f7cf0,83720,220073,ORIG,1,https://www.accessdata.fda.gov/drugsatfda_docs/nda/2025/220073Orig1s000TOC.html
da47023237107df7cfc101cf,83798,219531,ORIG,1,http://www.accessdata.fda.gov/drugsatfda_docs/nda/2025/219531Orig1s000TOC.html
1432a1db31432788fbbcdccf,83802,218643,ORIG,1,https://www.accessdata.fda.gov/drugsatfda_docs/nda/2025/218643Orig1s000TOC.html
abe6937d785cb5182c694c3e,83870,217186,ORIG,1,https://www.accessdata.fda.gov/drugsatfda_docs/nda/2025/217186Orig1s000TOC.html
694bb142d8389023a73feaee,83884,016084,SUPPL,52,https://www.accessdata.fda.gov/drugsatfda_docs/nda/2025/016084s51s52.pdf
694bb142d8389023a73feaee,83885,016084,SUPPL,51,https://www.accessdata.fda.gov/drugsatfda_docs/nda/2025/016084s51s52.pdf
712887138c30c71c8958d45f,83886,020272,SUPPL,88,https://www.accessdata.fda.gov/drugsatfda_docs/nda/2025/020272Orig1s88.pdf
712887138c30c71c8958d45f,83887,020272,SUPPL,88,https://www.accessdata.fda.gov/drugsatfda_docs/nda/2025/020272Orig1s88.pdf
088909e33d51703f932a6205,83888,020588,SUPPL,74,https://www.accessdata.fda.gov/drugsatfda_docs/nda/2025/020588Orig1s074.pdf
fb96c5e86d903da5734d53b8,83889,021346,SUPPL,65,https://www.accessdata.fda.gov/drugsatfda_docs/nda/2025/021346Orig1s065.pdf
42d43438a11f3bab7ad799b7,83891,021366,SUPPL,46,https://www.accessdata.fda.gov/drugsatfda_docs/nda/2025/021366Orig1s046.pdf
ec5eb1f3b1b938850f81a4ec,83892,021444,SUPPL,60,https://www.accessdata.fda.gov/drugsatfda_docs/nda/2025/021444Orig1s060.pdf
82dceed229bc21d2e5d529aa,83894,202192,SUPPL,17,https://www.accessdata.fda.gov/drugsatfda_docs/nda/2025/202192Orig1s017.pdf
95522cc720ec482c045b84e2,83895,214900,SUPPL,1,https://www.accessdata.fda.gov/drugsatfda_docs/nda/2025/214900Orig1s001.pdf
0bf5c125108b03a78b397ab4,83896,214900,SUPPL,2,https://www.accessdata.fda.gov/drugsatfda_docs/nda/2025/214900Orig1s002.pdf
0594d425ecc44e1c21a63c05,83897,761371,ORIG,1,https://www.accessdata.fda.gov/drugsatfda_docs/nda/2025/761371Orig1s000TOC.html
944ba5334db5232b44b258ba,83898,219070,ORIG,1,https://www.accessdata.fda.gov/drugsatfda_docs/nda/2025/219070Orig1s000TOC.html
cb2d0e9b74658145ebe8be99,83904,761391,ORIG,1,https://www.accessdata.fda.gov/drugsatfda_docs/nda/2025/761391Orig1s000TOC.html
a046b3522981f3e350537505,83915,218881,ORIG,1,https://www.accessdata.fda.gov/drugsatfda_docs/nda/2025/218881Orig1s000TOC.html
91b2bcb92d13179e02ca9911,83932,761338,ORIG,2,https://www.accessdata.fda.gov/drugsatfda_docs/nda/2025/761338Orig1Orig2s000TOC.html
91b2bcb92d13179e02ca9911,83933,761338,ORIG,1,https://www.accessdata.fda.gov/drugsatfda_docs/nda/2025/761338Orig1Orig2s000TOC.html
eab7dc181c8e9a3005086fd0,83973,761404,ORIG,1,https://www.accessdata.fda.gov/drugsatfda_docs/nda/2025/761404Orig1s000TOC.html
495912d116f3d7670674e527,83976,220020,ORIG,1,https://www.accessdata.fda.gov/drugsatfda_docs/nda/2025/220020Orig1s000TOC.html
248476d054d22ac2dd19c745,83977,220018,ORIG,1,https://www.accessdata.fda.gov/drugsatfda_docs/nda/2025/220018Orig1s000TOC.html
ee439465050e939f880a23d3,83992,761373,ORIG,2,"http://www.accessdata.fda.gov/drugsatfda_docs/nda/2025/761373Orig2s000,761425Orig2s000TOC.html"
ee439465050e939f880a23d3,83993,761425,ORIG,2,"http://www.accessdata.fda.gov/drugsatfda_docs/nda/2025/761373Orig2s000,761425Orig2s000TOC.html"
8fbb579d5fd885521a1600e0,84015,210745,ORIG,2,https://www.accessdata.fda.gov/drugsatfda_docs/nda/2025/210745Orig1s000Orig2s000TOC.html
8fbb579d5fd885521a1600e0,84037,210745,ORIG,1,https://www.accessdata.fda.gov/drugsatfda_docs/nda/2025/210745Orig1s000Orig2s000TOC.html
4baec6a09ad0fd51669d2471,84044,125522,SUPPL,45,https://www.accessdata.fda.gov/drugsatfda_docs/nda/2025/125522Orig1s045.pdf
73eebc89bddd7baff05089f2,84045,211796,ORIG,1,https://www.accessdata.fda.gov/drugsatfda_docs/nda/2025/211796Orig1s000.pdf
187f7b9b3632984eaa068238,84046,216848,ORIG,1,https://www.accessdata.fda.gov/drugsatfda_docs/nda/2025/216848Orig1s000_rev.pdf
961fd1687a7bf85fc3a77d19,84054,761404,ORIG,2,https://www.accessdata.fda.gov/drugsatfda_docs/nda/2025/761404Orig2s000TOC.html
c700921654dfefac38bb88bf,84055,214096,SUPPL,3,https://www.accessdata.fda.gov/drugsatfda_docs/nda/2025/214096Orig1s003.pdf
6ae4213e2b3b7f6ff9dfdf89,84098,218436,ORIG,1,https://www.accessdata.fda.gov/drugsatfda_docs/nda/2025/218436Orig1s000TOC.html
1b3b75bd0cc598acd4a15877,84099,218764,ORIG,1,https://www.accessdata.fda.gov/drugsatfda_docs/nda/2025/218764Orig1s000TOC.html
ac1a5b77fe046693cce341bb,84144,761381,ORIG,1,https://www.accessdata.fda.gov/drugsatfda_docs/nda/2025/761381Orig1s000TOC.html
995b0c4eef55d9e3c28600ac,84145,761429,ORIG,1,https://www.accessdata.fda.gov/drugsatfda_docs/nda/2025/761429Orig1s000TOC.html
c736f7506bd6ad7251a96658,84146,761380,ORIG,1,https://www.accessdata.fda.gov/drugsatfda_docs/nda/2025/761380Orig1s000TOC.html
d1be83f268a047d2afb3e7c5,84172,218038,ORIG,1,https://www.accessdata.fda.gov/drugsatfda_docs/nda/2025/218038Orig1s000TOC.html
7c1a4d3eb99e3c0125b9c093,84203,205894,ORIG,1,https://www.accessdata.fda.gov/drugsatfda_docs/nda/2026/205894Orig1s000.pdf
6d1b41c36371fd72dc89784a,84204,204017,SUPPL,4,https://www.accessdata.fda.gov/drugsatfda_docs/nda/2025/204017Orig1s004.pdf
5e8ab9fa3197970bbf8eec86,84205,202192,SUPPL,14,https://www.accessdata.fda.gov/drugsatfda_docs/nda/2025/202192Orig1s014.pdf
5e8ab9fa3197970bbf8eec86,84206,202192,SUPPL,14,https://www.accessdata.fda.gov/drugsatfda_docs/nda/2025/202192Orig1s014.pdf
2c7f9144bb0db634ecb0696e,84207,022291,SUPPL,21,https://www.accessdata.fda.gov/drugsatfda_docs/nda/2026/022291Orig1s021.pdf
1af81a1b9b63b684e3572ccd,84208,022291,SUPPL,12,https://www.accessdata.fda.gov/drugsatfda_docs/nda/2026/022291Orig1s012.pdf
4bba73590ec8d7633f7280bf,84209,214755,SUPPL,6,https://www.accessdata.fda.gov/drugsatfda_docs/nda/2025/214755Orig1s006.pdf
0a2c729a03b58e09b8126520,84210,214068,ORIG,1,https://www.accessdata.fda.gov/drugsatfda_docs/nda/2025/214068Orig1s000.pdf
d95a24b2c3ff8e5806afa243,84211,213748,ORIG,1,https://www.accessdata.fda.gov/drugsatfda_docs/nda/2025/213748Orig1s000.pdf
2de803eb4d9a0e896bff7e0a,84212,213719,ORIG,1,https://www.accessdata.fda.gov/drugsatfda_docs/nda/2025/213719Orig1s000.pdf
083a0fd910cf7b3c233a9865,84213,213676,ORIG,1,https://www.accessdata.fda.gov/drugsatfda_docs/nda/2025/213676Orig1s000.pdf
0bb4ddd0f489a9fa4856c05d,84269,761420,ORIG,1,https://www.accessdata.fda.gov/drugsatfda_docs/nda/2025/761420Orig1s000TOC.html
da3a3fb7d6bcd9da42450067,84319,761398,ORIG,2,https://www.accessdata.fda.gov/drugsatfda_docs/nda/2025/761398Orig2s000TOC.html
fba970558aa6c90357a052a6,84320,761398,ORIG,1,https://www.accessdata.fda.gov/drugsatfda_docs/nda/2025/761398Orig1s000TOC.html
c3147327c220e52f2a042c0c,84348,761436,ORIG,2,https://www.accessdata.fda.gov/drugsatfda_docs/nda/2025/761436Orig2s000TOC.html
6e77c8daba7511984fdb78df,84349,761436,ORIG,1,https://www.accessdata.fda.gov/drugsatfda_docs/nda/2025/761436Orig1s000TOC.html
202da5f779754118443640f2,84353,219469,ORIG,1,https://www.accessdata.fda.gov/drugsatfda_docs/nda/2025/219469Orig1s000TOC.html
9a838f06d7de4034be2882db,84354,219792,ORIG,1,https://www.accessdata.fda.gov/drugsatfda_docs/nda/2025/219792Orig1s000TOC.html
a072d1edf59b744897417107,84392,220305,ORIG,1,https://www.accessdata.fda.gov/drugsatfda_docs/nda/2025/220305Orig1s000TOC.html
b8350f8537a104d9efa7e721,84403,219947,ORIG,1,https://www.accessdata.fda.gov/drugsatfda_docs/nda/2025/219947Orig1s000TOC.html
e621c01e311a3b0587068d7d,84424,761444,ORIG,2,https://www.accessdata.fda.gov/drugsatfda_docs/nda/2025/761444Orig2s000TOC.html
9c003d71c670e3ea1c336ca4,84425,761444,ORIG,1,https://www.accessdata.fda.gov/drugsatfda_docs/nda/2025/761444Orig1s000TOC.html
cc2099e7c663833dccd6917e,84428,761392,ORIG,1,https://www.accessdata.fda.gov/drugsatfda_docs/nda/2025/761392Orig1s000Orig2s000TOC.html
cc2099e7c663833dccd6917e,84429,761392,ORIG,2,https://www.accessdata.fda.gov/drugsatfda_docs/nda/2025/761392Orig1s000Orig2s000TOC.html
948a8f3e270740bab1190264,84430,219972,ORIG,1,https://www.accessdata.fda.gov/drugsatfda_docs/nda/2025/219972Orig1s000TOC.html
a76d917f10788ddee974d30a,84491,761434,ORIG,1,https://www.accessdata.fda.gov/drugsatfda_docs/nda/2025/761434Orig1s000TOC.html
c4e8b4370f598a0390eb2492,84634,761377,ORIG,1,https://www.accessdata.fda.gov/drugsatfda_docs/nda/2026/761377Orig1s000TOC.html
2a36a222549170cfb1b30206,84669,218879,ORIG,1,https://www.accessdata.fda.gov/drugsatfda_docs/nda/2026/218879Orig1s000TOC.html
e34f080798a210d16cc31a08,84729,761427,ORIG,1,https://www.accessdata.fda.gov/drugsatfda_docs/nda/2026/761427Orig1s000TOC.html
a7a29571887bb563d20d362d,84733,219491,ORIG,1,https://www.accessdata.fda.gov/drugsatfda_docs/nda/2026/219491Orig1s000TOC.html
0c6315ed1993d016e82aab90,84774,219083,ORIG,1,https://www.accessdata.fda.gov/drugsatfda_docs/nda/2026/219083Orig1s000TOC.html
46f498715569ff141cc369f5,84829,218571,ORIG,1,https://www.accessdata.fda.gov/drugsatfda_docs/nda/2026/218571Orig1s000TOC.html
db8c740e472ae5b43a2ec256,84838,761458,ORIG,1,https://www.accessdata.fda.gov/drugsatfda_docs/nda/2026/761458Orig1s000TOC.html
aebf186f632f471a9ee4531a,84880,220152,ORIG,1,https://www.accessdata.fda.gov/drugsatfda_docs/nda/2026/220152Orig1s000TOC.html
1c9669b761dfb332274d372e,84887,219485,ORIG,1,https://www.accessdata.fda.gov/drugsatfda_docs/nda/2026/219485Orig1s000TOC.html
54cb3eb907f93b0b2e2c8e10,84888,219373,ORIG,1,https://www.accessdata.fda.gov/drugsatfda_docs/nda/2026/219373Orig1s000TOC.html
a517708fd243c2bd9bf183e1,84905,211759,ORIG,1,https://www.accessdata.fda.gov/drugsatfda_docs/nda/2026/211759Orig1s000TOC.html
4fbfe87899a1991b0137b54b,84906,218647,ORIG,1,https://www.accessdata.fda.gov/drugsatfda_docs/nda/2026/218647Orig1s000TOC.html
3c60fab81af93bae094324f8,84907,219488,ORIG,1,https://www.accessdata.fda.gov/drugsatfda_docs/nda/2026/219488Orig1s000TOC.html
3f750ae086131c59765a0425,84973,761439,ORIG,2,https://www.accessdata.fda.gov/drugsatfda_docs/nda/2026/761439Orig2s000TOC.html
14a16e4f60020d85536dcca5,84974,761439,ORIG,1,https://www.accessdata.fda.gov/drugsatfda_docs/nda/2026/761439Orig1s000TOC.html
d0e9caab186bb3c19bbdabec,85012,211241,ORIG,1,https://www.accessdata.fda.gov/drugsatfda_docs/nda/2026/211241Orig1s000TOC.html
217429b0afe86f0571fb6766,85024,761152,ORIG,1,https://www.accessdata.fda.gov/drugsatfda_docs/nda/2026/761152Orig1s000TOC.html
0b04211ff63457b2ae7031b6,85025,761498,ORIG,1,https://www.accessdata.fda.gov/drugsatfda_docs/nda/2026/761498Orig1s000TOC.html
c7b76bcdf1ab516716c417a9,85060,206056,ORIG,1,https://www.accessdata.fda.gov/drugsatfda_docs/nda/2026/206056Orig1s000TOC.html
3bcd6170fa3b9ecff1c02522,85098,218922,ORIG,1,https://www.accessdata.fda.gov/drugsatfda_docs/nda/2026/218922Orig1s000TOC.html
b557d23c6c0578e1e2d5e1fd,85107,216830,ORIG,1,https://www.accessdata.fda.gov/drugsatfda_docs/nda/2026/216830Orig1s000TOC.html
86dc60fe6f7935a360826318,85116,205437,SUPPL,7,https://www.accessdata.fda.gov/drugsatfda_docs/nda/2026/205437Orig1s007.pdf
58b55790e96511e6ef9c1a22,85117,216403,SUPPL,5,https://www.accessdata.fda.gov/drugsatfda_docs/nda/2026/216403Orig1s005.pdf
cc2317c4d6e817cd615e032c,85118,209637,SUPPL,32,https://www.accessdata.fda.gov/drugsatfda_docs/nda/2026/209637Orig1s032.pdf
18cc346bea4f7d876640d8cc,85119,209637,SUPPL,35,https://www.accessdata.fda.gov/drugsatfda_docs/nda/2026/209637Orig1s035.pdf
c7b06c281e18e60f6aeb2543,85120,212340,ORIG,1,https://www.accessdata.fda.gov/drugsatfda_docs/nda/2026/212340Orig1s000.pdf
ac233e4e0abf796ecc0e0115,85121,212608,SUPPL,7,https://www.accessdata.fda.gov/drugsatfda_docs/nda/2026/212608Orig1s007.pdf
178bda1df50e16edeb63386f,85122,090533,SUPPL,14,https://www.accessdata.fda.gov/drugsatfda_docs/nda/2026/090533Orig1s014.pdf
cff47ecd1ad5860d6decd20f,85123,090533,SUPPL,15,https://www.accessdata.fda.gov/drugsatfda_docs/nda/2026/090533Orig1s015.pdf
230523b2932679e7eed0312c,85124,103532,SUPPL,5194,https://www.accessdata.fda.gov/drugsatfda_docs/nda/2026/103532s5194.pdf
0df7e5c5c622ae98d44cd033,85138,125057,SUPPL,397,https://www.accessdata.fda.gov/drugsatfda_docs/nda/2026/125057Orig1s397.pdf
c3fb15d2bfeff10ddd118373,85141,204370,SUPPL,6,https://www.accessdata.fda.gov/drugsatfda_docs/nda/2026/204370Orig1s006.pdf
dc2879481d5e24b530a33c1c,85143,204370,SUPPL,9,https://www.accessdata.fda.gov/drugsatfda_docs/nda/2026/204370Orig1s009.pdf
a16964568ff1a68b2d336f08,85146,209637,SUPPL,37,https://www.accessdata.fda.gov/drugsatfda_docs/nda/2026/209637Orig1s037.pdf
b6c040f5967d53f1e5da23c5,85153,207606,ORIG,1,https://www.accessdata.fda.gov/drugsatfda_docs/nda/2026/207606Orig1s000.pdf
df2251039feb86c09200d59f,85170,219776,ORIG,1,https://www.accessdata.fda.gov/drugsatfda_docs/nda/2026/219776Orig1s000TOC.html
7ba176e59e1aac6fdbdb2216,85272,761212,ORIG,1,https://www.accessdata.fda.gov/drugsatfda_docs/nda/2026/761212Orig1s000TOC.html
7ba176e59e1aac6fdbdb2216,85273,761212,ORIG,1,https://www.accessdata.fda.gov/drugsatfda_docs/nda/2026/761212Orig1s000TOC.html
9e83c45a96a908de780be974,85313,220358,ORIG,1,https://www.accessdata.fda.gov/drugsatfda_docs/nda/2026/220358Orig1s000TOC.html
9e83c45a96a908de780be974,85314,220358,ORIG,1,https://www.accessdata.fda.gov/drugsatfda_docs/nda/2026/220358Orig1s000TOC.html
44917b2eb1919c13dcd7244f,85320,217906,ORIG,1,https://www.accessdata.fda.gov/drugsatfda_docs/nda/2026/217906Orig1s000TOC.html
8ba6fbc4f83c03488b0a0013,85372,219474,ORIG,1,https://www.accessdata.fda.gov/drugsatfda_docs/nda/2026/219474Orig1s000TOC.html
396960d49de45e2fa9819468,85526,216395,ORIG,1,https://www.accessdata.fda.gov/drugsatfda_docs/nda/2026/216395Orig1s000TOC.html
f60f9031219ff71f5ca6761e,85555,761399,ORIG,1,https://www.accessdata.fda.gov/drugsatfda_docs/nda/2026/761399Orig1s000TOC.html
a10c499f74d616d8c4bcbc3d,85556,761174,SUPPL,6,https://www.accessdata.fda.gov/drugsatfda_docs/nda/2026/761174Orig1s006.pdf
e293ff8db2c99ec88e685bc0,85557,219319,ORIG,1,https://www.accessdata.fda.gov/drugsatfda_docs/nda/2026/219319Orig1s000.pdf
ba8921c442d5e5c91c3e6e2c,85558,216935,ORIG,1,https://www.accessdata.fda.gov/drugsatfda_docs/nda/2026/216935Orig1s000.pdf
de3904310a1f8a01c175aec8,85559,213246,SUPPL,11,https://www.accessdata.fda.gov/drugsatfda_docs/nda/2026/213246Orig1s011.pdf
a64bfa39fd7ce98f1879e2cb,85560,213246,SUPPL,8,https://www.accessdata.fda.gov/drugsatfda_docs/nda/2026/213246Orig1s008.pdf
15b363ba7a6302aff245f401,85561,018342,SUPPL,15,https://www.accessdata.fda.gov/drugsatfda_docs/nda/2026/018342Orig1s015Unireview.pdf
b61ae22083ae49a58d34dc04,85617,217338,ORIG,1,https://www.accessdata.fda.gov/drugsatfda_docs/nda/2026/217338Orig1s000TOC.html
a7aaf763a146287b2b421746,85642,761211,ORIG,1,https://www.accessdata.fda.gov/drugsatfda_docs/nda/2026/761211Orig1s000TOC.html
04f7ad430dd4e6552783ccaa,85688,220149,ORIG,1,https://www.accessdata.fda.gov/drugsatfda_docs/nda/2026/220149Orig1s000TOC.html
f9ff03aeb8e7b05a0b5d4514,85734,216665,ORIG,1,https://www.accessdata.fda.gov/drugsatfda_docs/nda/2026/216665Orig1s000TOC.html
af20b002d5650fc8cff0dfc8,85742,219683,ORIG,1,https://www.accessdata.fda.gov/drugsatfda_docs/nda/2026/219683Orig1s000TOC.html
e666921e62b508e236efefb6,85752,761485,ORIG,1,https://www.accessdata.fda.gov/drugsatfda_docs/nda/2026/761485Orig1s000TOC.html
34681e2c3578b5d04dac59d7,85753,215400,ORIG,1,https://www.accessdata.fda.gov/drugsatfda_docs/nda/2026/215400Orig1s000TOC.html
d10788468170e51b7a553535,85778,220641,ORIG,1,https://www.accessdata.fda.gov/drugsatfda_docs/nda/2026/220641Orig1s000TOC.html
8d58fd4dcbb217af43432534,85828,218395,ORIG,1,https://www.accessdata.fda.gov/drugsatfda_docs/nda/2026/218395Orig1s000TOC.html
841af9dffcf1478bd7b4d0c3,85843,761449,ORIG,1,https://www.accessdata.fda.gov/drugsatfda_docs/nda/2026/761449Orig1s000TOC.html
571265a59db2092106e08e2c,85856,204640,SUPPL,2,https://www.accessdata.fda.gov/drugsatfda_docs/nda/2026/204640Orig1s002.pdf
05d4833eef2ce70d5e760b46,85857,211880,ORIG,1,https://www.accessdata.fda.gov/drugsatfda_docs/nda/2026/211880Orig1s000.pdf
3840ec0fda94ec7e20cb84d9,85858,215309,SUPPL,1,https://www.accessdata.fda.gov/drugsatfda_docs/nda/2026/215309Orig1s001.pdf
0036a87fcb3f2695a0a5dba2,85859,215383,SUPPL,6,https://www.accessdata.fda.gov/drugsatfda_docs/nda/2026/215383Orig1s006.pdf
41c2970667d7062695fc11a8,85860,217806,SUPPL,13,https://www.accessdata.fda.gov/drugsatfda_docs/nda/2026/217806Orig1s013.pdf
52f064185fe821239054f17d,85895,220295,ORIG,1,https://www.accessdata.fda.gov/drugsatfda_docs/nda/2026/220295Orig1s000TOC.html
1a3e3f5f034418fe60141871,85914,220934,ORIG,1,https://www.accessdata.fda.gov/drugsatfda_docs/nda/2026/220934Orig1s000TOC.html
727ad84403cabf7bbc18a1a4,85921,219164,ORIG,1,https://www.accessdata.fda.gov/drugsatfda_docs/nda/2026/219164Orig1s000TOC.html
79fafde42218c3c9dcd9f834,86056,216964,ORIG,1,https://www.accessdata.fda.gov/drugsatfda_docs/nda/2026/216964s000TOC.html
a5efbb387058d477a145dc31,86057,219835,ORIG,1,https://www.accessdata.fda.gov/drugsatfda_docs/nda/2026/219835Orig1s000TOC.html
aa41477e9c8ce7afcdd7b220,86134,204640,SUPPL,12,https://www.accessdata.fda.gov/drugsatfda_docs/nda/2026/204640Orig1s012.pdf
ea4690e2edb62a73e58e8c94,86135,761344,ORIG,1,https://www.accessdata.fda.gov/drugsatfda_docs/nda/2026/763144Orig1s001.pdf
163b9a9ad8854d1f865b7f27,86149,209190,ORIG,1,https://www.accessdata.fda.gov/drugsatfda_docs/nda/2026/209190Orig1s000.pdf
8f87cb08ac57e4f7c5f84ef9,86162,125289,SUPPL,157,https://www.accessdata.fda.gov/drugsatfda_docs/nda/2026/125289Orig1s157.pdf
9b467b13276d9ed84e316aad,86163,205029,SUPPL,10,https://www.accessdata.fda.gov/drugsatfda_docs/nda/2026/205029Orig1s010.pdf
c3ea098a4516abe9f56c9180,86164,208573,SUPPL,9,https://www.accessdata.fda.gov/drugsatfda_docs/nda/2026/208573Orig1s009.pdf
189848cb136d93cd6f98d35e,86165,208751,SUPPL,11,https://www.accessdata.fda.gov/drugsatfda_docs/nda/2026/208751Orig1s011.pdf
9d800c4d35e5c98f7a182926,86166,211172,SUPPL,4,https://www.accessdata.fda.gov/drugsatfda_docs/nda/2026/211172Orig1s004.pdf
7fb0fc11309ee4f2df02d11c,86167,212273,SUPPL,4,https://www.accessdata.fda.gov/drugsatfda_docs/nda/2026/212273Orig1s004.pdf
f8f1edd6af0e80060517c2f5,86168,761055,SUPPL,17,https://www.accessdata.fda.gov/drugsatfda_docs/nda/2026/761055Orig1s017.pdf
1d964b9d68c948b1015536c0,86180,020829,SUPPL,46,https://www.accessdata.fda.gov/drugsatfda_docs/nda/2026/20829Orig1s046.pdf
374e31567cacc0015896125d,86181,020829,SUPPL,55,https://www.accessdata.fda.gov/drugsatfda_docs/nda/2026/20829Orig1s055.pdf
ba0dfcc5aaf27898ed94d2f9,86182,021986,SUPPL,20,https://www.accessdata.fda.gov/drugsatfda_docs/nda/2026/21986Orig1s020.pdf
6c3e108b187d529d5cde9341,86183,022264,SUPPL,17,https://www.accessdata.fda.gov/drugsatfda_docs/nda/2026/022264Orig1s017.pdf
29e92e07237f78174401e2fa,86184,022264,SUPPL,21,https://www.accessdata.fda.gov/drugsatfda_docs/nda/2026/022264Orig1s021.pdf
a863669fd0aaa393fa346cc4,86185,022264,SUPPL,12,https://www.accessdata.fda.gov/drugsatfda_docs/nda/2026/022264Orig1s012.pdf
85f6a36d4093c2aed86bd604,86186,022264,SUPPL,11,https://www.accessdata.fda.gov/drugsatfda_docs/nda/2026/022264Orig1s011.pdf
b4229b927375df4d57e18828,86187,125388,SUPPL,108,https://www.accessdata.fda.gov/drugsatfda_docs/nda/2026/125388Orig1s108.pdf
0d5eec2192121e256eed9089,86188,022433,SUPPL,29,https://www.accessdata.fda.gov/drugsatfda_docs/nda/2026/022433Orig1s029.pdf
01226e52fc94171fc18eb0e1,86201,220711,ORIG,1,https://www.accessdata.fda.gov/drugsatfda_docs/nda/2026/220711Orig1s000TOC.html
59f79662c02efe5d7d948fde,86237,761183,SUPPL,10,https://www.accessdata.fda.gov/drugsatfda_docs/nda/2026/761183Orig1s010.pdf
e7e16611a18aa22404b3361a,86238,219878,ORIG,1,https://www.accessdata.fda.gov/drugsatfda_docs/nda/2026/219878Orig1s000TOC.html
153fd74ff00c4c3eec5a0428,86292,208159,SUPPL,2,https://www.accessdata.fda.gov/drugsatfda_docs/nda/2026/208159Orig1s002.pdf
388a411a6e72febcabee3811,86293,209092,SUPPL,25,https://www.accessdata.fda.gov/drugsatfda_docs/nda/2026/209092Orig1s025.pdf
388a411a6e72febcabee3811,86294,209092,SUPPL,25,https://www.accessdata.fda.gov/drugsatfda_docs/nda/2026/209092Orig1s025.pdf
c7ee6d8782508ff43c93e533,86295,125514,SUPPL,170,https://www.accessdata.fda.gov/drugsatfda_docs/nda/2026/125514Orig1s170.pdf
b3e0a62929ca6fec8dd77056,86297,214056,ORIG,1,https://www.accessdata.fda.gov/drugsatfda_docs/nda/2026/214056Orig1s000TOC.html
5280c9117577639129e52ca1,86300,761326,ORIG,2,https://www.accessdata.fda.gov/drugsatfda_docs/nda/2026/761326Orig2s000TOC.html
edb199df03d648ad9c0c9e05,86358,761460,ORIG,1,https://www.accessdata.fda.gov/drugsatfda_docs/nda/2026/761460Orig1s000TOC.html
a4756b42c00e9b63ba6cfccb,86419,220482,ORIG,1,https://www.accessdata.fda.gov/drugsatfda_docs/nda/2026/220482Orig1s000TOC.html
cff8c91ccbba1bf7ca39bd7d,86420,761468,ORIG,1,https://www.accessdata.fda.gov/drugsatfda_docs/nda/2026/761468Orig1s000TOC.html
7594cc435d859f80907090b3,86524,761530,ORIG,1,https://www.accessdata.fda.gov/drugsatfda_docs/nda/2026/761530Orig1s000TOC.html
4cd9979851e1b577c7f19d98,86525,219627,ORIG,1,https://www.accessdata.fda.gov/drugsatfda_docs/nda/2026/219627Orig1s000TOC.html
32e925902d47499ff73ead3a,86527,208232,ORIG,1,https://www.accessdata.fda.gov/drugsatfda_docs/nda/2021/208232Orig1s000TOC.html
bfc75a927fc4c2a8893e67a4,86528,125514,SUPPL,190,https://www.accessdata.fda.gov/drugsatfda_docs/nda/2026/125514Orig1s190.pdf
e106d5578cb67f2dd3e78343,86531,210365,SUPPL,5,"https://www.accessdata.fda.gov/drugsatfda_docs/nda/2026/210365Orig1s005,s006,s007.pdf"
e106d5578cb67f2dd3e78343,86532,210365,SUPPL,6,"https://www.accessdata.fda.gov/drugsatfda_docs/nda/2026/210365Orig1s005,s006,s007.pdf"
e106d5578cb67f2dd3e78343,86533,210365,SUPPL,7,"https://www.accessdata.fda.gov/drugsatfda_docs/nda/2026/210365Orig1s005,s006,s007.pdf"
d984dce84d2ca1105f18bdf0,86586,220442,ORIG,1,https://www.accessdata.fda.gov/drugsatfda_docs/NDA/2026/220442Orig1s000TOC.html
1814083778f367e210c108eb,86694,215793,ORIG,1,https://www.accessdata.fda.gov/drugsatfda_docs/nda/2026/215793Orig1s000TOC.html
8cc69dec9298338393e8b7ae,86764,215960,ORIG,1,https://www.accessdata.fda.gov/drugsatfda_docs/nda/2026/215960Orig1s000TOC.html
d646f09b262b9b4b38fb23b9,86766,220787,ORIG,1,https://www.accessdata.fda.gov/drugsatfda_docs/nda/2026/220787Orig1s000TOC.html
1873581e7f0fea716e2c4d60,86826,761175,ORIG,1,https://www.accessdata.fda.gov/drugsatfda_docs/nda/2026/761175Orig1s000TOC.html
ae2e2e5c9d74fbc65df8fefb,86830,215256,SUPPL,31,https://www.accessdata.fda.gov/drugsatfda_docs/nda/2026/215256Orig1s031.pdf
5d419e55cd61d2aa471ae494,86832,761061,SUPPL,21,https://www.accessdata.fda.gov/drugsatfda_docs/nda/2026/761061Orig1s021.pdf
4328c0f9aa2e22e141f9a80c,86834,018936,SUPPL,65,https://www.accessdata.fda.gov/drugsatfda_docs/nda/2026/018936Orig1s065.pdf
60e73563a9931f86f06122d3,86835,125514,SUPPL,180,https://www.accessdata.fda.gov/drugsatfda_docs/nda/2026/125514Orig1s180.pdf
ab065ff5e45518c2e1aa6cfc,86904,219908,ORIG,1,https://www.accessdata.fda.gov/drugsatfda_docs/nda/2026/219908Orig1s000TOC.html
29c4e59003da97bbabd4282d,86910,218785,ORIG,2,"https://www.accessdata.fda.gov/drugsatfda_docs/nda/2026/218785Orig1s000, 218785Orig2s000TOC.html"
50ce5a6bc79706a35676c3f3,86912,218785,ORIG,1,"https://www.accessdata.fda.gov/drugsatfda_docs/nda/2026/218785Orig1s000,218785Orig2s000TOC.html"
f4bd7d2a1d0fd34a4c458a86,87017,761320,ORIG,1,https://www.accessdata.fda.gov/drugsatfda_docs/nda/2026/761320Orig1s000TOC.html
ea51b00231de3e39522474ce,87018,220185,ORIG,1,https://www.accessdata.fda.gov/drugsatfda_docs/nda/2026/220185Orig1s000TOC.html
ac03686efae9e7501d6c7cb7,87019,218980,ORIG,1,https://www.accessdata.fda.gov/drugsatfda_docs/nda/2026/218980Orig1s000TOC.html
37bf59d168374d8826323b69,87032,761151,SUPPL,10,https://www.accessdata.fda.gov/drugsatfda_docs/nda/2026/761151Orig1s010.pdf
0193072d8c7f5f748c447e2b,87033,220848,ORIG,1,https://www.accessdata.fda.gov/drugsatfda_docs/nda/2026/220848Orig1s000TOC.html
f80855048fc6aa9b584d17e3,87035,202107,SUPPL,7,https://www.accessdata.fda.gov/drugsatfda_docs/nda/2026/202107Orig1s007.pdf
f9cf2faa5eba9c5375de6b2d,87036,202107,SUPPL,8,https://www.accessdata.fda.gov/drugsatfda_docs/nda/2026/202107Orig1s008.pdf
e615b9707c66b09ab7eeed11,87043,761486,ORIG,1,https://www.accessdata.fda.gov/drugsatfda_docs/nda/2026/761486Orig1s000TOC.html
89c20867b56d403826cf705f,87141,219423,ORIG,1,https://www.accessdata.fda.gov/drugsatfda_docs/nda/2026/219423Orig1s000TOC.html
350bf1a7a877091b1ad69b16,87173,218145,ORIG,1,https://www.accessdata.fda.gov/drugsatfda_docs/nda/2026/218145Orig1s000TOC.html
5e61ff6f85e4e5ff59d1b5d9,87174,217472,ORIG,1,https://www.accessdata.fda.gov/drugsatfda_docs/nda/2026/217472Orig1s000TOC.html
633e589724418241221f83ca,87182,219592,ORIG,1,https://www.accessdata.fda.gov/drugsatfda_docs/nda/2026/219592Orig1s000TOC.html
