document_id,url,pdf_page,terms,applications,lesson_hints,manual_status
00202911012b276ae602773a,https://www.accessdata.fda.gov/drugsatfda_docs/nda/2022/208891Orig1s000.pdf,854,may_proceed,208891,nonclinical-pkpd; cmc-material; cmc-controls,Unreviewed strong-term hit
00202911012b276ae602773a,https://www.accessdata.fda.gov/drugsatfda_docs/nda/2022/208891Orig1s000.pdf,944,may_proceed,208891,cmc-material; clinical,Unreviewed strong-term hit
00565e342bb02cfd37718584,https://www.accessdata.fda.gov/drugsatfda_docs/nda/2023/217513Orig1s000MultidisciplineR.pdf,128,investigator_brochure,217513,nonclinical-pkpd; cmc-material; cmc-controls; cmc-stability; clinical-dose,Unreviewed strong-term hit
00565e342bb02cfd37718584,https://www.accessdata.fda.gov/drugsatfda_docs/nda/2023/217513Orig1s000MultidisciplineR.pdf,129,investigator_brochure,217513,nonclinical-pkpd; clinical-dose,Unreviewed strong-term hit
00708f8645070e6792d19159,https://www.accessdata.fda.gov/drugsatfda_docs/nda/2021/214018Orig1s000IntegratedR.pdf,71,pre_ind,214018,nonclinical-pkpd; nonclinical-package; cmc-controls; clinical,Unreviewed strong-term hit
00708f8645070e6792d19159,https://www.accessdata.fda.gov/drugsatfda_docs/nda/2021/214018Orig1s000IntegratedR.pdf,168,ind_review,214018,nonclinical-safety,Unreviewed strong-term hit
00708f8645070e6792d19159,https://www.accessdata.fda.gov/drugsatfda_docs/nda/2021/214018Orig1s000IntegratedR.pdf,170,may_proceed,214018,nonclinical-pkpd; nonclinical-safety; clinical-dose,Unreviewed strong-term hit
00708f8645070e6792d19159,https://www.accessdata.fda.gov/drugsatfda_docs/nda/2021/214018Orig1s000IntegratedR.pdf,210,ind_review,214018,nonclinical-safety,Unreviewed strong-term hit
00708f8645070e6792d19159,https://www.accessdata.fda.gov/drugsatfda_docs/nda/2021/214018Orig1s000IntegratedR.pdf,213,may_proceed,214018,cmc-material,Unreviewed strong-term hit
00708f8645070e6792d19159,https://www.accessdata.fda.gov/drugsatfda_docs/nda/2021/214018Orig1s000IntegratedR.pdf,215,pre_ind,214018,nonclinical-safety,Unreviewed strong-term hit
00708f8645070e6792d19159,https://www.accessdata.fda.gov/drugsatfda_docs/nda/2021/214018Orig1s000IntegratedR.pdf,276,may_proceed,214018,nonclinical-safety; cmc-controls; clinical-dose,Unreviewed strong-term hit
00945678be2c7ff998228256,https://www.accessdata.fda.gov/drugsatfda_docs/nda/2020/209575Orig1s000MedR.pdf,28,pre_ind,209575,nonclinical-safety; cmc-controls,Unreviewed strong-term hit
00945678be2c7ff998228256,https://www.accessdata.fda.gov/drugsatfda_docs/nda/2020/209575Orig1s000MedR.pdf,29,pre_ind,209575,cmc-material,Unreviewed strong-term hit
00945678be2c7ff998228256,https://www.accessdata.fda.gov/drugsatfda_docs/nda/2020/209575Orig1s000MedR.pdf,30,pre_ind,209575,clinical,Unreviewed strong-term hit
00945678be2c7ff998228256,https://www.accessdata.fda.gov/drugsatfda_docs/nda/2020/209575Orig1s000MedR.pdf,33,clinical_hold,209575,clinical-dose,Unreviewed strong-term hit
00945678be2c7ff998228256,https://www.accessdata.fda.gov/drugsatfda_docs/nda/2020/209575Orig1s000MedR.pdf,34,clinical_hold,209575,clinical,Unreviewed strong-term hit
00945678be2c7ff998228256,https://www.accessdata.fda.gov/drugsatfda_docs/nda/2020/209575Orig1s000MedR.pdf,35,clinical_hold,209575,cmc-controls; clinical,Unreviewed strong-term hit
00ecbcba1dd6b30e6eafb3aa,https://www.accessdata.fda.gov/drugsatfda_docs/nda/2023/215559Orig1s000AdminCorres.pdf,6,clinical_hold,215559,clinical,Unreviewed strong-term hit
00ecbcba1dd6b30e6eafb3aa,https://www.accessdata.fda.gov/drugsatfda_docs/nda/2023/215559Orig1s000AdminCorres.pdf,8,clinical_hold,215559,clinical,Unreviewed strong-term hit
00ecbcba1dd6b30e6eafb3aa,https://www.accessdata.fda.gov/drugsatfda_docs/nda/2023/215559Orig1s000AdminCorres.pdf,39,pre_ind,215559,nonclinical-pkpd; nonclinical-safety; nonclinical-package,Unreviewed strong-term hit
00ecbcba1dd6b30e6eafb3aa,https://www.accessdata.fda.gov/drugsatfda_docs/nda/2023/215559Orig1s000AdminCorres.pdf,47,clinical_hold,215559,nonclinical-pharmacology,Unreviewed strong-term hit
00ecbcba1dd6b30e6eafb3aa,https://www.accessdata.fda.gov/drugsatfda_docs/nda/2023/215559Orig1s000AdminCorres.pdf,67,initial_ind; original_ind_review,215559,cmc-material,Unreviewed strong-term hit
01340b044de3f18e89de9cff,https://www.accessdata.fda.gov/drugsatfda_docs/nda/2025/210661Orig1s000AdminCorres.pdf,3,pre_ind,210661,,Unreviewed strong-term hit
01340b044de3f18e89de9cff,https://www.accessdata.fda.gov/drugsatfda_docs/nda/2025/210661Orig1s000AdminCorres.pdf,4,pre_ind,210661,nonclinical-safety; cmc-material; cmc-controls,Unreviewed strong-term hit
016a5e1521edc96ef167038c,https://www.accessdata.fda.gov/drugsatfda_docs/nda/2020/208352Orig1s000ChemR.pdf,13,initial_ind,208352,,Unreviewed strong-term hit
016a5e1521edc96ef167038c,https://www.accessdata.fda.gov/drugsatfda_docs/nda/2020/208352Orig1s000ChemR.pdf,62,initial_ind,208352,nonclinical-safety,Unreviewed strong-term hit
01e8d1b3a515b8fafc50abb1,"https://www.accessdata.fda.gov/drugsatfda_docs/nda/2021/215358Orig1s000,Orig2s000AdminCorres.pdf",2,clinical_hold,215358,nonclinical-pharmacology,Unreviewed strong-term hit
01e8d1b3a515b8fafc50abb1,"https://www.accessdata.fda.gov/drugsatfda_docs/nda/2021/215358Orig1s000,Orig2s000AdminCorres.pdf",13,clinical_hold,215358,nonclinical-pharmacology,Unreviewed strong-term hit
01eb464a7c45cb24d856e634,https://www.accessdata.fda.gov/drugsatfda_docs/nda/2021/761208Orig1s000MultidisciplineR.pdf,51,ind_review; initial_ind; original_ind_review,761208,nonclinical-safety,Unreviewed strong-term hit
0214e55d1610fb95da04939c,https://www.accessdata.fda.gov/drugsatfda_docs/nda/2025/219792Orig1s000IntegratedR.pdf,134,may_proceed; pre_ind,219792,nonclinical-pkpd; clinical; clinical-dose,Unreviewed strong-term hit
0214e55d1610fb95da04939c,https://www.accessdata.fda.gov/drugsatfda_docs/nda/2025/219792Orig1s000IntegratedR.pdf,141,investigator_brochure,219792,nonclinical-safety; cmc-material; cmc-controls,Unreviewed strong-term hit
025bded4fff8d6a6ba7bbba9,https://www.accessdata.fda.gov/drugsatfda_docs/nda/2023/217722Orig1s000AdminCorres.pdf,4,may_proceed,217722,cmc-material; cmc-controls; cmc-stability,Unreviewed strong-term hit
025bded4fff8d6a6ba7bbba9,https://www.accessdata.fda.gov/drugsatfda_docs/nda/2023/217722Orig1s000AdminCorres.pdf,6,pre_ind,217722,nonclinical-pkpd,Unreviewed strong-term hit
035c6e3d4e90abf0e3199efc,https://www.accessdata.fda.gov/drugsatfda_docs/nda/2024/216340Orig1s005.pdf,67,may_proceed,216340,nonclinical-safety,Unreviewed strong-term hit
036897f0d21141129955ff5e,https://www.accessdata.fda.gov/drugsatfda_docs/nda/2023/216686Orig1s000MultidisciplineR.pdf,37,pre_ind,216686,cmc-material; cmc-controls; cmc-stability,Unreviewed strong-term hit
03bb949033053a382e52e3cd,https://www.accessdata.fda.gov/drugsatfda_docs/nda/2020/211723Orig1s000AdminCorres.pdf,46,investigator_brochure,211723,nonclinical-pkpd; clinical,Unreviewed strong-term hit
0407690bd23763b6af616448,https://www.accessdata.fda.gov/drugsatfda_docs/nda/2026/220848Orig1s000AdminCorres.pdf,5,may_proceed,220848,nonclinical-pkpd; nonclinical-package,Unreviewed strong-term hit
0451c186dc11dd25c9d02676,https://www.accessdata.fda.gov/drugsatfda_docs/nda/2024/212849Orig1s000OtherR.pdf,39,pre_ind,212849,,Unreviewed strong-term hit
04690dfa75ae7b38c92446c7,https://www.accessdata.fda.gov/drugsatfda_docs/nda/2026/211241Orig1s000AdminCorres.pdf,18,clinical_hold; initial_ind,211241,,Unreviewed strong-term hit
04690dfa75ae7b38c92446c7,https://www.accessdata.fda.gov/drugsatfda_docs/nda/2026/211241Orig1s000AdminCorres.pdf,29,investigator_brochure,211241,nonclinical-safety,Unreviewed strong-term hit
046c6ee2614e93a52e585435,https://www.accessdata.fda.gov/drugsatfda_docs/nda/2022/215092Orig1s000CrossR.pdf,7,pre_ind,215092,,Unreviewed strong-term hit
04c95c6cbd7b14f8c3c52534,https://www.accessdata.fda.gov/drugsatfda_docs/nda/2025/218643Orig1s000MedR.pdf,15,pre_ind,218643,nonclinical-pkpd,Unreviewed strong-term hit
04c95c6cbd7b14f8c3c52534,https://www.accessdata.fda.gov/drugsatfda_docs/nda/2025/218643Orig1s000MedR.pdf,28,clinical_hold,218643,,Unreviewed strong-term hit
04c95c6cbd7b14f8c3c52534,https://www.accessdata.fda.gov/drugsatfda_docs/nda/2025/218643Orig1s000MedR.pdf,43,investigator_brochure,218643,,Unreviewed strong-term hit
051bcfeb5b3ea8f68d5f4e73,https://www.accessdata.fda.gov/drugsatfda_docs/nda/2023/211363Orig1s000AdminCorres.pdf,2,pre_ind,211363,,Unreviewed strong-term hit
051bcfeb5b3ea8f68d5f4e73,https://www.accessdata.fda.gov/drugsatfda_docs/nda/2023/211363Orig1s000AdminCorres.pdf,10,pre_ind,211363,,Unreviewed strong-term hit
05a88f47ca4a77959459502c,https://www.accessdata.fda.gov/drugsatfda_docs/nda/2024/761344Orig1s000MultidisciplineR.pdf,41,may_proceed,761344,cmc-controls,Unreviewed strong-term hit
05e295961cc9c77543fd5584,https://www.accessdata.fda.gov/drugsatfda_docs/nda/2020/209575Orig1s000ClinPharmR.pdf,26,pre_ind,209575,cmc-material,Unreviewed strong-term hit
060c26d4d97921136bafd754,https://www.accessdata.fda.gov/drugsatfda_docs/nda/2025/219972Orig1s000AdminCorres.pdf,22,clinical_hold,219972,nonclinical-pharmacology,Unreviewed strong-term hit
0629cd5640747fcb5e477755,https://www.accessdata.fda.gov/drugsatfda_docs/nda/2009/021324Orig1s008.pdf,38,pre_ind,021324,nonclinical-pkpd,Unreviewed strong-term hit
064492195fd45ffe9436bdfc,https://www.accessdata.fda.gov/drugsatfda_docs/nda/2023/211530Orig1s000MedR.pdf,3,initial_ind,211530,cmc-stability,Unreviewed strong-term hit
0644a32f0f3d3b8ef24c4e97,https://www.accessdata.fda.gov/drugsatfda_docs/nda/2017/204447Orig1s009.pdf,125,ind_review,204447,nonclinical-pkpd,Unreviewed strong-term hit
064812a541b66e9a9b83cfd0,https://www.accessdata.fda.gov/drugsatfda_docs/nda/2024/210852Orig1s000MedR.pdf,5,pre_ind,210852,cmc-controls,Unreviewed strong-term hit
066341f59e6e612da708fb73,https://www.accessdata.fda.gov/drugsatfda_docs/nda/2020/212614Orig1s000StatR.pdf,5,ind_review,212614,,Unreviewed strong-term hit
066341f59e6e612da708fb73,https://www.accessdata.fda.gov/drugsatfda_docs/nda/2020/212614Orig1s000StatR.pdf,6,ind_review,212614,,Unreviewed strong-term hit
06b500197f329bc363cf72d4,https://www.accessdata.fda.gov/drugsatfda_docs/nda/2021/215310Orig1s000OtherR.pdf,26,investigator_brochure,215310,,Unreviewed strong-term hit
06b509521dfc09b4777126b8,https://www.accessdata.fda.gov/drugsatfda_docs/nda/2024/215721Orig1s000MultidisciplineR.pdf,33,pre_ind,215721,cmc-material; cmc-controls,Unreviewed strong-term hit
06b509521dfc09b4777126b8,https://www.accessdata.fda.gov/drugsatfda_docs/nda/2024/215721Orig1s000MultidisciplineR.pdf,48,pre_ind,215721,,Unreviewed strong-term hit
06c91188104aaf87ca02e930,https://www.accessdata.fda.gov/drugsatfda_docs/nda/2022/214518Orig1s000OtherR.pdf,44,initial_ind; original_ind_review; pre_ind,214518,nonclinical-pkpd; cmc-material,Unreviewed strong-term hit
06dfb75152a8f5790df50719,https://www.accessdata.fda.gov/drugsatfda_docs/nda/2025/219407Orig1s000AdminCorres.pdf,21,may_proceed,219407,cmc-material; clinical,Unreviewed strong-term hit
0746a125fe80a23068495fe2,https://www.accessdata.fda.gov/drugsatfda_docs/nda/2022/213436Orig1s000AdminCorres.pdf,14,may_proceed,213436,,Unreviewed strong-term hit
075ade8ddb9697c7edea5bb8,https://www.accessdata.fda.gov/drugsatfda_docs/nda/2022/214801Orig1s000OtherR.pdf,50,investigator_brochure,214801,nonclinical-pkpd,Unreviewed strong-term hit
0784193e34b45777702ceab3,https://www.accessdata.fda.gov/drugsatfda_docs/nda/2021/761210Orig1s000MultidisciplineR.pdf,30,may_proceed,761210,cmc-material,Unreviewed strong-term hit
0784193e34b45777702ceab3,https://www.accessdata.fda.gov/drugsatfda_docs/nda/2021/761210Orig1s000MultidisciplineR.pdf,32,may_proceed,761210,,Unreviewed strong-term hit
0784193e34b45777702ceab3,https://www.accessdata.fda.gov/drugsatfda_docs/nda/2021/761210Orig1s000MultidisciplineR.pdf,60,initial_ind; original_ind_review,761210,nonclinical-pkpd; nonclinical-safety; nonclinical-package,Unreviewed strong-term hit
07e1b6ba2c977f4878318452,https://www.accessdata.fda.gov/drugsatfda_docs/nda/2023/209988Orig1s000OtherR.pdf,39,pre_ind,209988,cmc-material,Unreviewed strong-term hit
07e1b6ba2c977f4878318452,https://www.accessdata.fda.gov/drugsatfda_docs/nda/2023/209988Orig1s000OtherR.pdf,56,pre_ind,209988,,Unreviewed strong-term hit
07e949d73dfb4ae64900dc86,https://www.accessdata.fda.gov/drugsatfda_docs/nda/2022/215401Orig1s000MultidisciplineR.pdf,25,clinical_hold; may_proceed,215401,cmc-material,Unreviewed strong-term hit
0804d0d4c2de0e4dd844378b,https://www.accessdata.fda.gov/drugsatfda_docs/nda/2023/210850Orig1s000PharmR.pdf,7,pre_ind,210850,nonclinical-safety,Unreviewed strong-term hit
086e7260983071fd32aa099a,https://www.accessdata.fda.gov/drugsatfda_docs/nda/2023/211746Orig1s000AdminCorres.pdf,4,initial_ind,211746,,Unreviewed strong-term hit
086e7260983071fd32aa099a,https://www.accessdata.fda.gov/drugsatfda_docs/nda/2023/211746Orig1s000AdminCorres.pdf,20,pre_ind,211746,,Unreviewed strong-term hit
086e7260983071fd32aa099a,https://www.accessdata.fda.gov/drugsatfda_docs/nda/2023/211746Orig1s000AdminCorres.pdf,22,pre_ind,211746,nonclinical-safety; cmc-controls,Unreviewed strong-term hit
08fe70f78517f148640dbcf8,https://www.accessdata.fda.gov/drugsatfda_docs/nda/2020/212614Orig1s000MedR.pdf,30,pre_ind,212614,cmc-material,Unreviewed strong-term hit
09133fa67e7a537921438fe0,https://www.accessdata.fda.gov/drugsatfda_docs/nda/2020/213388Orig1s000ChemR.pdf,14,initial_ind,213388,cmc-controls,Unreviewed strong-term hit
092b908e772e633c72a38e2e,https://www.accessdata.fda.gov/drugsatfda_docs/nda/2020/213702Orig1s000RiskR.pdf,5,clinical_hold; pre_ind,213702,nonclinical-safety; clinical,Unreviewed strong-term hit
0a07373c1a1ce176206ddafd,https://www.accessdata.fda.gov/drugsatfda_docs/nda/2019/211349Orig1s001.pdf,48,initial_ind; may_proceed,211349,,Unreviewed strong-term hit
0a4cd4d491bc852394c6bed5,https://www.accessdata.fda.gov/drugsatfda_docs/nda/2021/761201Orig1s000ChemR.pdf,109,pre_ind,761201,cmc-material,Unreviewed strong-term hit
0ac35dd78d84ba3979b72649,https://www.accessdata.fda.gov/drugsatfda_docs/nda/2023/216117Orig1s000OtherR.pdf,19,pre_ind,216117,clinical-dose,Unreviewed strong-term hit
0ad7f8d22bec79e2b8b43b0c,https://www.accessdata.fda.gov/drugsatfda_docs/nda/2020/761171Orig1s000AdminCorres.pdf,4,initial_ind; pre_ind,761171,nonclinical-safety; clinical,Unreviewed strong-term hit
0ad7f8d22bec79e2b8b43b0c,https://www.accessdata.fda.gov/drugsatfda_docs/nda/2020/761171Orig1s000AdminCorres.pdf,5,clinical_hold,761171,nonclinical-pkpd; nonclinical-safety; cmc-material; clinical,Unreviewed strong-term hit
0ad7f8d22bec79e2b8b43b0c,https://www.accessdata.fda.gov/drugsatfda_docs/nda/2020/761171Orig1s000AdminCorres.pdf,15,pre_ind,761171,nonclinical-safety; nonclinical-package,Unreviewed strong-term hit
0ad7f8d22bec79e2b8b43b0c,https://www.accessdata.fda.gov/drugsatfda_docs/nda/2020/761171Orig1s000AdminCorres.pdf,45,pre_ind,761171,nonclinical-safety; cmc-controls,Unreviewed strong-term hit
0ad7f8d22bec79e2b8b43b0c,https://www.accessdata.fda.gov/drugsatfda_docs/nda/2020/761171Orig1s000AdminCorres.pdf,47,initial_ind,761171,nonclinical-pkpd; nonclinical-safety; nonclinical-package; cmc-material; cmc-controls; cmc-stability,Unreviewed strong-term hit
0ad7f8d22bec79e2b8b43b0c,https://www.accessdata.fda.gov/drugsatfda_docs/nda/2020/761171Orig1s000AdminCorres.pdf,48,initial_ind; investigator_brochure; original_ind_review,761171,nonclinical-pkpd; nonclinical-safety; cmc-material; cmc-controls; cmc-stability,Unreviewed strong-term hit
0b32eba9812da7355dcdbadf,https://www.accessdata.fda.gov/drugsatfda_docs/nda/2023/218213Orig1s000AdminCorres.pdf,13,investigator_brochure,218213,nonclinical-pkpd; nonclinical-safety; clinical,Unreviewed strong-term hit
0b32eba9812da7355dcdbadf,https://www.accessdata.fda.gov/drugsatfda_docs/nda/2023/218213Orig1s000AdminCorres.pdf,28,clinical_hold,218213,nonclinical-pharmacology,Unreviewed strong-term hit
0b32eba9812da7355dcdbadf,https://www.accessdata.fda.gov/drugsatfda_docs/nda/2023/218213Orig1s000AdminCorres.pdf,37,clinical_hold,218213,nonclinical-pharmacology,Unreviewed strong-term hit
0b4930010242793f902d5489,https://www.accessdata.fda.gov/drugsatfda_docs/nda/2020/761113Orig1s000MultidisciplineR.pdf,28,may_proceed; pre_ind,761113,nonclinical-pkpd; nonclinical-package; clinical-dose,Unreviewed strong-term hit
0b4930010242793f902d5489,https://www.accessdata.fda.gov/drugsatfda_docs/nda/2020/761113Orig1s000MultidisciplineR.pdf,103,investigator_brochure,761113,clinical,Unreviewed strong-term hit
0b72317aadc832ef8f9215e0,https://www.accessdata.fda.gov/drugsatfda_docs/nda/2022/208712Orig1s000RiskR.pdf,7,clinical_hold,208712,nonclinical-safety,Unreviewed strong-term hit
0b9975583fa1ee98f576ce3f,https://www.accessdata.fda.gov/drugsatfda_docs/nda/2024/218550Orig1s000MultidisciplineR.pdf,23,investigator_brochure,218550,,Unreviewed strong-term hit
0b9975583fa1ee98f576ce3f,https://www.accessdata.fda.gov/drugsatfda_docs/nda/2024/218550Orig1s000MultidisciplineR.pdf,26,initial_ind,218550,,Unreviewed strong-term hit
0b9975583fa1ee98f576ce3f,https://www.accessdata.fda.gov/drugsatfda_docs/nda/2024/218550Orig1s000MultidisciplineR.pdf,134,investigator_brochure,218550,,Unreviewed strong-term hit
0b9fad2c477a2aeeb3412e54,https://www.accessdata.fda.gov/drugsatfda_docs/nda/2021/214701Orig1s000AdminCorres.pdf,27,clinical_hold,214701,nonclinical-pharmacology,Unreviewed strong-term hit
0c07e37979d12e529bcb20cc,https://www.accessdata.fda.gov/drugsatfda_docs/nda/2023/215830Orig1s000MultidisciplineR.pdf,33,may_proceed; pre_ind,215830,nonclinical-pkpd,Unreviewed strong-term hit
0c0b917b08d7d24edcd69e96,https://www.accessdata.fda.gov/drugsatfda_docs/nda/2019/210854Orig1s001.pdf,172,initial_ind; pre_ind,210854,nonclinical-pharmacology,Unreviewed strong-term hit
0c3743f81ad5d86b1218b6cc,https://www.accessdata.fda.gov/drugsatfda_docs/nda/2025/218171Orig1s000AdminCorres.pdf,38,investigator_brochure,218171,nonclinical-safety; clinical,Unreviewed strong-term hit
0c3743f81ad5d86b1218b6cc,https://www.accessdata.fda.gov/drugsatfda_docs/nda/2025/218171Orig1s000AdminCorres.pdf,59,pre_ind,218171,,Unreviewed strong-term hit
0c5707cf8323c1da5ee47a93,https://www.accessdata.fda.gov/drugsatfda_docs/nda/2020/761154Orig1s000AdminCorres.pdf,10,initial_ind,761154,nonclinical-package; cmc-material; cmc-controls,Unreviewed strong-term hit
0c59b69077ac80dba590c463,https://www.accessdata.fda.gov/drugsatfda_docs/nda/2024/213931Orig1s000MultidisciplineR.pdf,34,ind_review,213931,nonclinical-safety,Unreviewed strong-term hit
0c8ee004656b5498c6aa433a,https://www.accessdata.fda.gov/drugsatfda_docs/nda/2026/761485Orig1s000AdminCorres.pdf,38,clinical_hold,761485,nonclinical-pharmacology,Unreviewed strong-term hit
0c8ee004656b5498c6aa433a,https://www.accessdata.fda.gov/drugsatfda_docs/nda/2026/761485Orig1s000AdminCorres.pdf,55,pre_ind,761485,nonclinical-safety,Unreviewed strong-term hit
0cd7599ea7a7666fdf8b37cc,https://www.accessdata.fda.gov/drugsatfda_docs/nda/2023/216227Orig1s000PharmR.pdf,13,pre_ind,216227,nonclinical-pkpd; nonclinical-safety; nonclinical-package; cmc-material,Unreviewed strong-term hit
0d34489bb3f6770744a31511,https://www.accessdata.fda.gov/drugsatfda_docs/nda/2020/210296Orig1s000MedR.pdf,16,initial_ind; original_ind_review; pre_ind,210296,nonclinical-pkpd; cmc-controls,Unreviewed strong-term hit
0d34489bb3f6770744a31511,https://www.accessdata.fda.gov/drugsatfda_docs/nda/2020/210296Orig1s000MedR.pdf,19,pre_ind,210296,nonclinical-pkpd,Unreviewed strong-term hit
0d40c9060b844dd63bb50a01,https://www.accessdata.fda.gov/drugsatfda_docs/nda/2025/217370Orig1s000IntegratedR.pdf,72,pre_ind,217370,cmc-material; cmc-controls,Unreviewed strong-term hit
0d5eec2192121e256eed9089,https://www.accessdata.fda.gov/drugsatfda_docs/nda/2026/022433Orig1s029.pdf,146,investigator_brochure,022433,,Unreviewed strong-term hit
0ded3bf058af98e10cf9124b,https://www.accessdata.fda.gov/drugsatfda_docs/nda/2024/217569Orig1s000OtherR.pdf,2,pre_ind,217569,cmc-material,Unreviewed strong-term hit
0dfad4228134403e290c369e,https://www.accessdata.fda.gov/drugsatfda_docs/nda/2020/209445Orig1s002.pdf,126,may_proceed,209445,clinical,Unreviewed strong-term hit
0dfecd315117a77ea30259c0,https://www.accessdata.fda.gov/drugsatfda_docs/nda/2020/211733Orig1s000MedR.pdf,18,pre_ind,211733,nonclinical-pharmacology; nonclinical-safety,Unreviewed strong-term hit
0dfecd315117a77ea30259c0,https://www.accessdata.fda.gov/drugsatfda_docs/nda/2020/211733Orig1s000MedR.pdf,78,pre_ind,211733,cmc-material,Unreviewed strong-term hit
0dfecd315117a77ea30259c0,https://www.accessdata.fda.gov/drugsatfda_docs/nda/2020/211733Orig1s000MedR.pdf,149,initial_ind,211733,cmc-material,Unreviewed strong-term hit
0e0ea87d063273585636938d,https://www.accessdata.fda.gov/drugsatfda_docs/nda/2022/761234Orig1s000AdminCorres.pdf,5,initial_ind,761234,,Unreviewed strong-term hit
0e0ea87d063273585636938d,https://www.accessdata.fda.gov/drugsatfda_docs/nda/2022/761234Orig1s000AdminCorres.pdf,6,may_proceed,761234,cmc-material; cmc-controls; clinical,Unreviewed strong-term hit
0e3f7cefd4ce15e4f005bbfe,https://www.accessdata.fda.gov/drugsatfda_docs/nda/2023/216340Orig1s000MultidisciplineR.pdf,33,initial_ind; may_proceed,216340,nonclinical-safety; clinical,Unreviewed strong-term hit
0e3f7cefd4ce15e4f005bbfe,https://www.accessdata.fda.gov/drugsatfda_docs/nda/2023/216340Orig1s000MultidisciplineR.pdf,57,initial_ind; original_ind_review,216340,nonclinical-pkpd,Unreviewed strong-term hit
0ea20a02c900ceb4ef495da6,https://www.accessdata.fda.gov/drugsatfda_docs/nda/2022/212304Orig1s000SumR.pdf,15,pre_ind,212304,cmc-material,Unreviewed strong-term hit
0f453d034f83b2a2ba91a539,https://www.accessdata.fda.gov/drugsatfda_docs/NDA/2026/220442Orig1s000MicroR.pdf,12,clinical_hold; initial_ind,220442,nonclinical-pkpd; nonclinical-safety,Unreviewed strong-term hit
0f939d5522a7ad4b6d65b434,https://www.accessdata.fda.gov/drugsatfda_docs/nda/2021/214622Orig1s000AdminCorres.pdf,23,investigator_brochure,214622,nonclinical-pkpd; nonclinical-safety; clinical,Unreviewed strong-term hit
0fdca2f450dbf776727b5c7f,https://www.accessdata.fda.gov/drugsatfda_docs/nda/2023/125514Orig1s052.pdf,120,initial_ind,125514,clinical,Unreviewed strong-term hit
0fdf9bff287f62c5fa201ac7,https://www.accessdata.fda.gov/drugsatfda_docs/nda/2024/214927Orig1s000IntegratedR.pdf,47,pre_ind,214927,nonclinical-package; clinical,Unreviewed strong-term hit
0fdf9bff287f62c5fa201ac7,https://www.accessdata.fda.gov/drugsatfda_docs/nda/2024/214927Orig1s000IntegratedR.pdf,48,initial_ind; may_proceed,214927,cmc-material,Unreviewed strong-term hit
0fdf9bff287f62c5fa201ac7,https://www.accessdata.fda.gov/drugsatfda_docs/nda/2024/214927Orig1s000IntegratedR.pdf,50,investigator_brochure,214927,nonclinical-safety; cmc-controls,Unreviewed strong-term hit
0fdf9bff287f62c5fa201ac7,https://www.accessdata.fda.gov/drugsatfda_docs/nda/2024/214927Orig1s000IntegratedR.pdf,131,pre_ind,214927,nonclinical-safety; nonclinical-package; clinical,Unreviewed strong-term hit
0fdf9bff287f62c5fa201ac7,https://www.accessdata.fda.gov/drugsatfda_docs/nda/2024/214927Orig1s000IntegratedR.pdf,132,initial_ind; may_proceed; pre_ind,214927,nonclinical-package; cmc-material; cmc-stability,Unreviewed strong-term hit
0fdf9bff287f62c5fa201ac7,https://www.accessdata.fda.gov/drugsatfda_docs/nda/2024/214927Orig1s000IntegratedR.pdf,238,may_proceed; pre_ind,214927,nonclinical-package; cmc-controls; clinical,Unreviewed strong-term hit
0fdf9bff287f62c5fa201ac7,https://www.accessdata.fda.gov/drugsatfda_docs/nda/2024/214927Orig1s000IntegratedR.pdf,240,investigator_brochure,214927,nonclinical-package; cmc-material; cmc-controls,Unreviewed strong-term hit
0fdf9bff287f62c5fa201ac7,https://www.accessdata.fda.gov/drugsatfda_docs/nda/2024/214927Orig1s000IntegratedR.pdf,428,ind_review,214927,nonclinical-safety,Unreviewed strong-term hit
0fdf9bff287f62c5fa201ac7,https://www.accessdata.fda.gov/drugsatfda_docs/nda/2024/214927Orig1s000IntegratedR.pdf,557,initial_ind; may_proceed,214927,cmc-material,Unreviewed strong-term hit
0fef380618363eec67afe624,https://www.accessdata.fda.gov/drugsatfda_docs/nda/2023/761240Orig1s000AdminCorres.pdf,2,clinical_hold,761240,nonclinical-pharmacology,Unreviewed strong-term hit
0fef380618363eec67afe624,https://www.accessdata.fda.gov/drugsatfda_docs/nda/2023/761240Orig1s000AdminCorres.pdf,80,clinical_hold,761240,nonclinical-pharmacology,Unreviewed strong-term hit
1020fdc6dc0332164f5073c5,https://www.accessdata.fda.gov/drugsatfda_docs/nda/2022/761180Orig1s000AdminCorres.pdf,16,may_proceed,761180,cmc-controls; cmc-stability,Unreviewed strong-term hit
107093930d86288cde034d96,https://www.accessdata.fda.gov/drugsatfda_docs/nda/2024/213586Orig1s000MultidisciplineR.pdf,106,pre_ind,213586,nonclinical-pkpd; cmc-material,Unreviewed strong-term hit
108cb6219dbf5e30ac4e522c,https://www.accessdata.fda.gov/drugsatfda_docs/nda/2025/219070Orig1s000IntegratedR.pdf,150,may_proceed; pre_ind,219070,cmc-material,Unreviewed strong-term hit
10935973603db4c6e512e968,https://www.accessdata.fda.gov/drugsatfda_docs/nda/2025/217604Orig1s000MedR.pdf,25,may_proceed; pre_ind,217604,cmc-material; cmc-controls,Unreviewed strong-term hit
10d88e52b43a984d324eac38,https://www.accessdata.fda.gov/drugsatfda_docs/nda/2021/214154Orig1s000OtherR.pdf,48,investigator_brochure,214154,nonclinical-pkpd,Unreviewed strong-term hit
10de1c9a14a0b816fbafeda0,https://www.accessdata.fda.gov/drugsatfda_docs/nda/2020/212157Orig1s000AdminCorres.pdf,41,may_proceed,212157,cmc-material; cmc-controls,Unreviewed strong-term hit
10de1c9a14a0b816fbafeda0,https://www.accessdata.fda.gov/drugsatfda_docs/nda/2020/212157Orig1s000AdminCorres.pdf,42,may_proceed,212157,cmc-material; cmc-stability,Unreviewed strong-term hit
10ec0a03a680425d626d418b,https://www.accessdata.fda.gov/drugsatfda_docs/nda/2025/219666Orig1s000IntegratedR.pdf,150,pre_ind,219666,cmc-material; clinical,Unreviewed strong-term hit
10ec0a03a680425d626d418b,https://www.accessdata.fda.gov/drugsatfda_docs/nda/2025/219666Orig1s000IntegratedR.pdf,151,clinical_hold,219666,nonclinical-package,Unreviewed strong-term hit
10ec0a03a680425d626d418b,https://www.accessdata.fda.gov/drugsatfda_docs/nda/2025/219666Orig1s000IntegratedR.pdf,303,ind_review,219666,nonclinical-safety,Unreviewed strong-term hit
10f3872b4143f080de889da6,https://www.accessdata.fda.gov/drugsatfda_docs/nda/2024/218709Orig1s000IntegratedR.pdf,108,may_proceed; pre_ind,218709,cmc-material; cmc-controls; cmc-stability; clinical,Unreviewed strong-term hit
112fdad2fabe2fa678513541,https://www.accessdata.fda.gov/drugsatfda_docs/nda/2022/761244Orig1s000AdminCorres.pdf,5,may_proceed; pre_ind,761244,,Unreviewed strong-term hit
112fdad2fabe2fa678513541,https://www.accessdata.fda.gov/drugsatfda_docs/nda/2022/761244Orig1s000AdminCorres.pdf,7,may_proceed,761244,,Unreviewed strong-term hit
11495999d568e453cae959a5,https://www.accessdata.fda.gov/drugsatfda_docs/nda/2023/208969Orig1s000PharmR.pdf,37,pre_ind,208969,nonclinical-pharmacology; nonclinical-package,Unreviewed strong-term hit
11b557d61c80a8aaa4424d0f,https://www.accessdata.fda.gov/drugsatfda_docs/nda/2024/215192Orig1s000IntegratedR.pdf,370,may_proceed; pre_ind,215192,cmc-material; clinical,Unreviewed strong-term hit
11b557d61c80a8aaa4424d0f,https://www.accessdata.fda.gov/drugsatfda_docs/nda/2024/215192Orig1s000IntegratedR.pdf,530,investigator_brochure,215192,clinical,Unreviewed strong-term hit
11c968a682b89e5c35929d0d,https://www.accessdata.fda.gov/drugsatfda_docs/nda/2021/213026Orig1s000MedR.pdf,3,clinical_hold,213026,,Unreviewed strong-term hit
11c968a682b89e5c35929d0d,https://www.accessdata.fda.gov/drugsatfda_docs/nda/2021/213026Orig1s000MedR.pdf,34,clinical_hold,213026,cmc-stability; clinical,Unreviewed strong-term hit
11c968a682b89e5c35929d0d,https://www.accessdata.fda.gov/drugsatfda_docs/nda/2021/213026Orig1s000MedR.pdf,59,may_proceed,213026,clinical,Unreviewed strong-term hit
11c968a682b89e5c35929d0d,https://www.accessdata.fda.gov/drugsatfda_docs/nda/2021/213026Orig1s000MedR.pdf,133,clinical_hold,213026,nonclinical-pkpd,Unreviewed strong-term hit
11e8df3c967db5c4ac36a01e,https://www.accessdata.fda.gov/drugsatfda_docs/nda/2024/210136Orig1s000StatR.pdf,33,clinical_hold; pre_ind,210136,cmc-material; clinical,Unreviewed strong-term hit
11e8df3c967db5c4ac36a01e,https://www.accessdata.fda.gov/drugsatfda_docs/nda/2024/210136Orig1s000StatR.pdf,34,clinical_hold,210136,nonclinical-safety,Unreviewed strong-term hit
12319d43e6b263f75319c4b4,https://www.accessdata.fda.gov/drugsatfda_docs/nda/2024/217388Orig1s000IntegratedR.pdf,35,pre_ind,217388,clinical,Unreviewed strong-term hit
12319d43e6b263f75319c4b4,https://www.accessdata.fda.gov/drugsatfda_docs/nda/2024/217388Orig1s000IntegratedR.pdf,37,pre_ind,217388,nonclinical-pharmacology,Unreviewed strong-term hit
12319d43e6b263f75319c4b4,https://www.accessdata.fda.gov/drugsatfda_docs/nda/2024/217388Orig1s000IntegratedR.pdf,148,investigator_brochure,217388,cmc-controls,Unreviewed strong-term hit
12385c1326b8f3bfbeaf630a,https://www.accessdata.fda.gov/drugsatfda_docs/nda/2024/219132Orig1s000IntegratedR.pdf,140,may_proceed,219132,nonclinical-pharmacology; nonclinical-package,Unreviewed strong-term hit
13009751374779e44d4f8ceb,https://www.accessdata.fda.gov/drugsatfda_docs/nda/2026/218145Orig1s000MultidisciplineR.pdf,17,investigator_brochure,218145,nonclinical-safety; nonclinical-package; clinical,Unreviewed strong-term hit
1321f1ebb24ffc83c81b745d,https://www.accessdata.fda.gov/drugsatfda_docs/nda/2026/761211Orig1s000AdminCorres.pdf,15,investigator_brochure,761211,,Unreviewed strong-term hit
1335afa1ed40995804938dbf,https://www.accessdata.fda.gov/drugsatfda_docs/nda/2026/220711Orig1s000ChemR.pdf,15,may_proceed,220711,cmc-material; cmc-controls; cmc-stability,Unreviewed strong-term hit
1376d895b8392133ff99bdbb,https://www.accessdata.fda.gov/drugsatfda_docs/nda/2023/216834Orig1s000IntegratedR.pdf,83,initial_ind,216834,nonclinical-pkpd,Unreviewed strong-term hit
139c98322e13f6a949e121a6,https://www.accessdata.fda.gov/drugsatfda_docs/nda/2021/761181Orig1s000AdminCorres.pdf,4,clinical_hold,761181,nonclinical-pharmacology; clinical,Unreviewed strong-term hit
139c98322e13f6a949e121a6,https://www.accessdata.fda.gov/drugsatfda_docs/nda/2021/761181Orig1s000AdminCorres.pdf,30,clinical_hold,761181,nonclinical-pharmacology,Unreviewed strong-term hit
13ce59b5d587173f92d85ce1,https://www.accessdata.fda.gov/drugsatfda_docs/nda/2023/217677Orig1s000MultidisciplineR.pdf,38,may_proceed; pre_ind,217677,clinical,Unreviewed strong-term hit
13e4742d0cacfeda25f67b8c,https://www.accessdata.fda.gov/drugsatfda_docs/nda/2022/215935Orig1s000IntegratedR.pdf,76,pre_ind,215935,,Unreviewed strong-term hit
13e4742d0cacfeda25f67b8c,https://www.accessdata.fda.gov/drugsatfda_docs/nda/2022/215935Orig1s000IntegratedR.pdf,89,investigator_brochure,215935,clinical,Unreviewed strong-term hit
13e94f2fa8ba25ef53ee7670,https://www.accessdata.fda.gov/drugsatfda_docs/nda/2023/217026Orig1s000OtherR.pdf,38,investigator_brochure,217026,nonclinical-pkpd,Unreviewed strong-term hit
13f5f321fd67741cd7235f2d,https://www.accessdata.fda.gov/drugsatfda_docs/nda/2021/125166Orig1s422.pdf,150,pre_ind,125166,,Unreviewed strong-term hit
14a5dea91275377332490805,https://www.accessdata.fda.gov/drugsatfda_docs/nda/2023/214993Orig1s000MultidisciplineR.pdf,51,pre_ind,214993,cmc-material,Unreviewed strong-term hit
14a5dea91275377332490805,https://www.accessdata.fda.gov/drugsatfda_docs/nda/2023/214993Orig1s000MultidisciplineR.pdf,91,pre_ind,214993,cmc-material; cmc-controls,Unreviewed strong-term hit
14aca43a1f56c8e0435441f2,https://www.accessdata.fda.gov/drugsatfda_docs/nda/2013/125433review.pdf,233,pre_ind,125433,nonclinical-pkpd; cmc-material,Unreviewed strong-term hit
14aca43a1f56c8e0435441f2,https://www.accessdata.fda.gov/drugsatfda_docs/nda/2013/125433review.pdf,287,pre_ind,125433,nonclinical-pkpd; cmc-material,Unreviewed strong-term hit
14bef9edf293e458bbbbf830,https://www.accessdata.fda.gov/drugsatfda_docs/nda/2022/761148Orig1s000OtherR.pdf,64,investigator_brochure,761148,,Unreviewed strong-term hit
153271236ebe521662e65ddc,https://www.accessdata.fda.gov/drugsatfda_docs/nda/2025/761384Orig1s000AdminCorres.pdf,27,clinical_hold,761384,,Unreviewed strong-term hit
153271236ebe521662e65ddc,https://www.accessdata.fda.gov/drugsatfda_docs/nda/2025/761384Orig1s000AdminCorres.pdf,51,clinical_hold,761384,nonclinical-pharmacology,Unreviewed strong-term hit
15c2d017d5125cc171d69d9e,https://www.accessdata.fda.gov/drugsatfda_docs/nda/2021/208232Orig1s000AdminCorres.pdf,27,clinical_hold; pre_ind,208232,nonclinical-pkpd; nonclinical-safety,Unreviewed strong-term hit
15c2d017d5125cc171d69d9e,https://www.accessdata.fda.gov/drugsatfda_docs/nda/2021/208232Orig1s000AdminCorres.pdf,53,clinical_hold; pre_ind,208232,nonclinical-package; cmc-material; cmc-controls,Unreviewed strong-term hit
15cf45768b2f57bd1563349d,https://www.accessdata.fda.gov/drugsatfda_docs/nda/2021/205552Orig1s002.pdf,73,investigator_brochure,205552,clinical,Unreviewed strong-term hit
15e804d16549fa419106a36e,https://www.accessdata.fda.gov/drugsatfda_docs/nda/2022/214902Orig1s000AdminCorres.pdf,4,may_proceed,214902,cmc-material; cmc-controls,Unreviewed strong-term hit
15f232db7168584c0f7e15a1,https://www.accessdata.fda.gov/drugsatfda_docs/nda/2024/209471Orig1s000MedR.pdf,17,ind_review; initial_ind; original_ind_review,209471,nonclinical-pkpd; nonclinical-safety,Unreviewed strong-term hit
15f232db7168584c0f7e15a1,https://www.accessdata.fda.gov/drugsatfda_docs/nda/2024/209471Orig1s000MedR.pdf,48,initial_ind; original_ind_review,209471,nonclinical-pkpd; cmc-material,Unreviewed strong-term hit
15f232db7168584c0f7e15a1,https://www.accessdata.fda.gov/drugsatfda_docs/nda/2024/209471Orig1s000MedR.pdf,55,investigator_brochure,209471,cmc-controls; clinical,Unreviewed strong-term hit
161a2a55495037ec6455a176,https://www.accessdata.fda.gov/drugsatfda_docs/nda/2023/761262Orig1s000IntegratedR.pdf,110,pre_ind,761262,nonclinical-pharmacology; cmc-material,Unreviewed strong-term hit
162a5b7ccf155d7fd1c4696f,https://www.accessdata.fda.gov/drugsatfda_docs/nda/2026/220149Orig1s000MultidisciplineR.pdf,40,pre_ind,220149,nonclinical-safety; clinical,Unreviewed strong-term hit
162a5b7ccf155d7fd1c4696f,https://www.accessdata.fda.gov/drugsatfda_docs/nda/2026/220149Orig1s000MultidisciplineR.pdf,41,may_proceed,220149,nonclinical-pkpd; nonclinical-safety; clinical,Unreviewed strong-term hit
162a5b7ccf155d7fd1c4696f,https://www.accessdata.fda.gov/drugsatfda_docs/nda/2026/220149Orig1s000MultidisciplineR.pdf,42,may_proceed,220149,clinical,Unreviewed strong-term hit
16b31c09b63240290c48d098,https://www.accessdata.fda.gov/drugsatfda_docs/nda/2026/219683Orig1s000MultidisciplineR.pdf,29,pre_ind,219683,cmc-stability,Unreviewed strong-term hit
17577d7c910787fae37e6b7d,https://www.accessdata.fda.gov/drugsatfda_docs/nda/2021/214846Orig1s000StatR.pdf,9,pre_ind,214846,cmc-material; clinical,Unreviewed strong-term hit
1782dec5f22ebdb2b61c6ff6,https://www.accessdata.fda.gov/drugsatfda_docs/nda/2022/214965Orig1s000IntegratedR.pdf,125,initial_ind; original_ind_review,214965,nonclinical-pkpd; nonclinical-safety; nonclinical-package; cmc-material,Unreviewed strong-term hit
1782dec5f22ebdb2b61c6ff6,https://www.accessdata.fda.gov/drugsatfda_docs/nda/2022/214965Orig1s000IntegratedR.pdf,126,initial_ind; original_ind_review,214965,nonclinical-pkpd; nonclinical-package,Unreviewed strong-term hit
1782dec5f22ebdb2b61c6ff6,https://www.accessdata.fda.gov/drugsatfda_docs/nda/2022/214965Orig1s000IntegratedR.pdf,163,may_proceed,214965,,Unreviewed strong-term hit
179263dcc990dc5b56d30a88,https://www.accessdata.fda.gov/drugsatfda_docs/nda/2025/218424Orig1s000StatR.pdf,8,initial_ind,218424,cmc-material; clinical,Unreviewed strong-term hit
17f7783e922115a577a58ef6,https://www.accessdata.fda.gov/drugsatfda_docs/nda/2023/761324Orig1s000MultidisciplineR.pdf,39,pre_ind,761324,cmc-material; cmc-controls,Unreviewed strong-term hit
18f3176f761479727189c883,https://www.accessdata.fda.gov/drugsatfda_docs/nda/2025/761391Orig1s000IntegratedR.pdf,131,may_proceed; pre_ind,761391,nonclinical-pkpd; cmc-controls,Unreviewed strong-term hit
1a217a2d3761a8f6aefc74c1,https://www.accessdata.fda.gov/drugsatfda_docs/nda/2024/218037Orig1s000AdminCorres.pdf,44,clinical_hold,218037,nonclinical-pharmacology,Unreviewed strong-term hit
1a9b893dcb07cf724f9b7a1f,https://www.accessdata.fda.gov/drugsatfda_docs/nda/2023/214408Orig1s000ChemR.pdf,36,pre_ind,214408,nonclinical-safety; cmc-material; cmc-controls; cmc-stability,Unreviewed strong-term hit
1af1f369403385dc687a2634,https://www.accessdata.fda.gov/drugsatfda_docs/nda/2024/216482Orig1s000MultidisciplineR.pdf,30,pre_ind,216482,nonclinical-pkpd; cmc-material; clinical,Unreviewed strong-term hit
1af1f369403385dc687a2634,https://www.accessdata.fda.gov/drugsatfda_docs/nda/2024/216482Orig1s000MultidisciplineR.pdf,31,pre_ind,216482,nonclinical-pkpd; cmc-material,Unreviewed strong-term hit
1af81a1b9b63b684e3572ccd,https://www.accessdata.fda.gov/drugsatfda_docs/nda/2026/022291Orig1s012.pdf,59,investigator_brochure,022291,,Unreviewed strong-term hit
1b882a3157d0a665e7538828,https://www.accessdata.fda.gov/drugsatfda_docs/nda/2023/217225Orig1s000PharmR.pdf,20,initial_ind,217225,nonclinical-pkpd; nonclinical-safety,Unreviewed strong-term hit
1b882a3157d0a665e7538828,https://www.accessdata.fda.gov/drugsatfda_docs/nda/2023/217225Orig1s000PharmR.pdf,22,initial_ind; pre_ind,217225,nonclinical-pkpd; nonclinical-safety,Unreviewed strong-term hit
1b882a3157d0a665e7538828,https://www.accessdata.fda.gov/drugsatfda_docs/nda/2023/217225Orig1s000PharmR.pdf,23,initial_ind,217225,nonclinical-pharmacology; nonclinical-safety,Unreviewed strong-term hit
1b882a3157d0a665e7538828,https://www.accessdata.fda.gov/drugsatfda_docs/nda/2023/217225Orig1s000PharmR.pdf,25,initial_ind,217225,nonclinical-safety,Unreviewed strong-term hit
1b882a3157d0a665e7538828,https://www.accessdata.fda.gov/drugsatfda_docs/nda/2023/217225Orig1s000PharmR.pdf,29,initial_ind,217225,nonclinical-safety,Unreviewed strong-term hit
1b882a3157d0a665e7538828,https://www.accessdata.fda.gov/drugsatfda_docs/nda/2023/217225Orig1s000PharmR.pdf,30,initial_ind,217225,nonclinical-pkpd,Unreviewed strong-term hit
1b882a3157d0a665e7538828,https://www.accessdata.fda.gov/drugsatfda_docs/nda/2023/217225Orig1s000PharmR.pdf,32,initial_ind,217225,nonclinical-safety; clinical-dose,Unreviewed strong-term hit
1b882a3157d0a665e7538828,https://www.accessdata.fda.gov/drugsatfda_docs/nda/2023/217225Orig1s000PharmR.pdf,34,ind_review; initial_ind; original_ind_review,217225,nonclinical-safety,Unreviewed strong-term hit
1b882a3157d0a665e7538828,https://www.accessdata.fda.gov/drugsatfda_docs/nda/2023/217225Orig1s000PharmR.pdf,35,ind_review; initial_ind; original_ind_review; pre_ind,217225,nonclinical-pkpd; nonclinical-safety; nonclinical-package; clinical-dose,Unreviewed strong-term hit
1b882a3157d0a665e7538828,https://www.accessdata.fda.gov/drugsatfda_docs/nda/2023/217225Orig1s000PharmR.pdf,36,ind_review; pre_ind,217225,nonclinical-pkpd; nonclinical-safety; clinical-dose,Unreviewed strong-term hit
1b882a3157d0a665e7538828,https://www.accessdata.fda.gov/drugsatfda_docs/nda/2023/217225Orig1s000PharmR.pdf,37,initial_ind,217225,nonclinical-pkpd; nonclinical-safety,Unreviewed strong-term hit
1b882a3157d0a665e7538828,https://www.accessdata.fda.gov/drugsatfda_docs/nda/2023/217225Orig1s000PharmR.pdf,40,initial_ind,217225,nonclinical-pkpd; nonclinical-safety,Unreviewed strong-term hit
1b882a3157d0a665e7538828,https://www.accessdata.fda.gov/drugsatfda_docs/nda/2023/217225Orig1s000PharmR.pdf,41,initial_ind,217225,nonclinical-pkpd; nonclinical-safety; nonclinical-package; clinical-dose,Unreviewed strong-term hit
1b882a3157d0a665e7538828,https://www.accessdata.fda.gov/drugsatfda_docs/nda/2023/217225Orig1s000PharmR.pdf,64,initial_ind,217225,nonclinical-pkpd; nonclinical-safety; cmc-material,Unreviewed strong-term hit
1b882a3157d0a665e7538828,https://www.accessdata.fda.gov/drugsatfda_docs/nda/2023/217225Orig1s000PharmR.pdf,66,initial_ind,217225,nonclinical-pkpd; nonclinical-safety; clinical-dose,Unreviewed strong-term hit
1b882a3157d0a665e7538828,https://www.accessdata.fda.gov/drugsatfda_docs/nda/2023/217225Orig1s000PharmR.pdf,91,initial_ind,217225,nonclinical-pkpd; nonclinical-safety; clinical,Unreviewed strong-term hit
1b882a3157d0a665e7538828,https://www.accessdata.fda.gov/drugsatfda_docs/nda/2023/217225Orig1s000PharmR.pdf,94,initial_ind,217225,nonclinical-pkpd; nonclinical-safety; clinical; clinical-dose,Unreviewed strong-term hit
1c1389163e676eb4103c1c7a,https://www.accessdata.fda.gov/drugsatfda_docs/nda/2025/761464Orig1s000AdminCorres.pdf,2,clinical_hold,761464,nonclinical-pharmacology,Unreviewed strong-term hit
1c1f2f096fbd7717f496f36b,https://www.accessdata.fda.gov/drugsatfda_docs/nda/2023/761151Orig1s000MultidisciplineR.pdf,194,may_proceed; pre_ind,761151,,Unreviewed strong-term hit
1c3afc484835d32e38b83192,https://www.accessdata.fda.gov/drugsatfda_docs/nda/2026/216964s000MicroR.pdf,23,clinical_hold,216964,nonclinical-pharmacology; nonclinical-safety,Unreviewed strong-term hit
1c3afc484835d32e38b83192,https://www.accessdata.fda.gov/drugsatfda_docs/nda/2026/216964s000MicroR.pdf,36,clinical_hold,216964,nonclinical-safety,Unreviewed strong-term hit
1c8c01b39270373deb442030,https://www.accessdata.fda.gov/drugsatfda_docs/nda/2026/216964s000OtherR.pdf,35,investigator_brochure,216964,nonclinical-pkpd; nonclinical-safety,Unreviewed strong-term hit
1c8c01b39270373deb442030,https://www.accessdata.fda.gov/drugsatfda_docs/nda/2026/216964s000OtherR.pdf,42,clinical_hold,216964,nonclinical-pkpd,Unreviewed strong-term hit
1c8c01b39270373deb442030,https://www.accessdata.fda.gov/drugsatfda_docs/nda/2026/216964s000OtherR.pdf,72,investigator_brochure,216964,nonclinical-pkpd; nonclinical-package,Unreviewed strong-term hit
1d524c2f7c40401341a5fd54,https://www.accessdata.fda.gov/drugsatfda_docs/nda/2020/211733Orig1s000StatR.pdf,7,pre_ind,211733,,Unreviewed strong-term hit
1dbcfc1599e66f37cd791d70,https://www.accessdata.fda.gov/drugsatfda_docs/nda/2021/214313Orig1s000ChemR.pdf,2,pre_ind,214313,,Unreviewed strong-term hit
1ddb7c5b7ca0c2da1e90307e,https://www.accessdata.fda.gov/drugsatfda_docs/nda/2025/215244Orig1s000IntegratedR.pdf,200,pre_ind,215244,clinical,Unreviewed strong-term hit
1e060845169c2c718b35ce69,https://www.accessdata.fda.gov/drugsatfda_docs/nda/2020/213150Orig1s000AdminCorres.pdf,5,pre_ind,213150,,Unreviewed strong-term hit
1e060845169c2c718b35ce69,https://www.accessdata.fda.gov/drugsatfda_docs/nda/2020/213150Orig1s000AdminCorres.pdf,6,pre_ind,213150,cmc-material; cmc-controls,Unreviewed strong-term hit
1e2f2fdfe1cc6e9d23dc1234,https://www.accessdata.fda.gov/drugsatfda_docs/nda/2022/215499Orig1s000AdminCorres.pdf,16,clinical_hold,215499,nonclinical-pharmacology; nonclinical-pkpd,Unreviewed strong-term hit
1e41d61579aeba82dc6997cb,https://www.accessdata.fda.gov/drugsatfda_docs/nda/2020/214121Orig1s000SumR.pdf,3,pre_ind,214121,nonclinical-package,Unreviewed strong-term hit
1e4e3777856010c369bb6017,https://www.accessdata.fda.gov/drugsatfda_docs/nda/2023/217159Orig1s000OtherR.pdf,28,investigator_brochure,217159,,Unreviewed strong-term hit
1e6b2281998ba7381a910d97,https://www.accessdata.fda.gov/drugsatfda_docs/nda/2024/217388Orig1s000OtherR.pdf,63,investigator_brochure,217388,,Unreviewed strong-term hit
1ec142f780ff1ab539d99faf,https://www.accessdata.fda.gov/drugsatfda_docs/nda/2022/213581Orig1s000MedR.pdf,12,pre_ind,213581,cmc-material,Unreviewed strong-term hit
1f75bb8c02865e9ca6ab64b1,https://www.accessdata.fda.gov/drugsatfda_docs/nda/2020/213388Orig1s000MultidisciplineR.pdf,33,pre_ind,213388,,Unreviewed strong-term hit
1fb7bf6963aedb26c24aa3be,https://www.accessdata.fda.gov/drugsatfda_docs/nda/2025/761432Orig1s000IntegratedR.pdf,81,investigator_brochure,761432,clinical,Unreviewed strong-term hit
1fb7bf6963aedb26c24aa3be,https://www.accessdata.fda.gov/drugsatfda_docs/nda/2025/761432Orig1s000IntegratedR.pdf,168,clinical_hold,761432,nonclinical-pkpd; nonclinical-safety; clinical,Unreviewed strong-term hit
1fb83aecf5df320e807d525f,https://www.accessdata.fda.gov/drugsatfda_docs/nda/2020/212576Orig1s000MultidisciplineR.pdf,33,initial_ind; pre_ind,212576,,Unreviewed strong-term hit
202c920dbbc9c6adc19269a7,https://www.accessdata.fda.gov/drugsatfda_docs/nda/2022/761216Orig1s000MultidisciplineR.pdf,31,pre_ind,761216,nonclinical-pkpd; nonclinical-safety; nonclinical-package,Unreviewed strong-term hit
2035fc28ce8d09fd219f2800,https://www.accessdata.fda.gov/drugsatfda_docs/nda/2022/215650Orig1s000AdminCorres.pdf,4,pre_ind,215650,cmc-material; cmc-stability,Unreviewed strong-term hit
2035fc28ce8d09fd219f2800,https://www.accessdata.fda.gov/drugsatfda_docs/nda/2022/215650Orig1s000AdminCorres.pdf,10,pre_ind,215650,cmc-material; cmc-controls; cmc-stability,Unreviewed strong-term hit
2040fa943faedf4e9cda12a7,https://www.accessdata.fda.gov/drugsatfda_docs/nda/2024/218784Orig1s000AdminCorres.pdf,29,clinical_hold,218784,nonclinical-pharmacology,Unreviewed strong-term hit
2040fa943faedf4e9cda12a7,https://www.accessdata.fda.gov/drugsatfda_docs/nda/2024/218784Orig1s000AdminCorres.pdf,50,investigator_brochure,218784,nonclinical-safety; nonclinical-package,Unreviewed strong-term hit
21287d398b1ed6244cc4ca46,https://www.accessdata.fda.gov/drugsatfda_docs/nda/2020/213150Orig1s000SumR.pdf,6,pre_ind,213150,nonclinical-safety; cmc-material,Unreviewed strong-term hit
2141e86776a3644de1907207,https://www.accessdata.fda.gov/drugsatfda_docs/nda/2024/217899Orig1s000OtherR.pdf,62,investigator_brochure,217899,cmc-controls; clinical,Unreviewed strong-term hit
2141e86776a3644de1907207,https://www.accessdata.fda.gov/drugsatfda_docs/nda/2024/217899Orig1s000OtherR.pdf,66,clinical_hold,217899,nonclinical-safety,Unreviewed strong-term hit
2141e86776a3644de1907207,https://www.accessdata.fda.gov/drugsatfda_docs/nda/2024/217899Orig1s000OtherR.pdf,67,clinical_hold,217899,nonclinical-safety,Unreviewed strong-term hit
2141e86776a3644de1907207,https://www.accessdata.fda.gov/drugsatfda_docs/nda/2024/217899Orig1s000OtherR.pdf,70,investigator_brochure,217899,nonclinical-pkpd; nonclinical-safety,Unreviewed strong-term hit
2146dbe99ae4b649687fb0a4,https://www.accessdata.fda.gov/drugsatfda_docs/nda/2023/217225Orig1s000AdminCorres.pdf,2,clinical_hold,217225,nonclinical-pharmacology,Unreviewed strong-term hit
2212a1243a7f5b3929c64455,https://www.accessdata.fda.gov/drugsatfda_docs/nda/2025/125268Orig1s167.pdf,56,pre_ind,125268,nonclinical-pkpd,Unreviewed strong-term hit
2212a1243a7f5b3929c64455,https://www.accessdata.fda.gov/drugsatfda_docs/nda/2025/125268Orig1s167.pdf,192,pre_ind,125268,,Unreviewed strong-term hit
2212a1243a7f5b3929c64455,https://www.accessdata.fda.gov/drugsatfda_docs/nda/2025/125268Orig1s167.pdf,211,pre_ind,125268,nonclinical-pkpd; nonclinical-package,Unreviewed strong-term hit
221a99bfeb447c0ed6c10064,https://www.accessdata.fda.gov/drugsatfda_docs/nda/2025/761398Orig2s000MultidisciplineR.pdf,37,pre_ind,761398,,Unreviewed strong-term hit
22274e13277edd7f183b66cd,https://www.accessdata.fda.gov/drugsatfda_docs/nda/2020/761154Orig1s000MultidisciplineR.pdf,23,pre_ind,761154,nonclinical-safety,Unreviewed strong-term hit
225acd117693acb73f7d4571,https://www.accessdata.fda.gov/drugsatfda_docs/nda/2022/215814Orig1s000MultidisciplineR.pdf,28,initial_ind; pre_ind,215814,clinical,Unreviewed strong-term hit
227dc6531e898ceed4f2fb98,https://www.accessdata.fda.gov/drugsatfda_docs/nda/2025/219019Orig1s000AdminCorres.pdf,32,pre_ind,219019,nonclinical-pharmacology; nonclinical-pkpd; nonclinical-safety; nonclinical-package; clinical,Unreviewed strong-term hit
22d6482db217ad45783eb4ea,https://www.accessdata.fda.gov/drugsatfda_docs/nda/2022/761231Orig1s000OtherR.pdf,40,initial_ind,761231,nonclinical-pkpd; nonclinical-safety,Unreviewed strong-term hit
22f57a159736f9c32a872dbe,https://www.accessdata.fda.gov/drugsatfda_docs/nda/2025/219042Orig1s000MultidisciplineR.pdf,17,investigator_brochure,219042,nonclinical-pkpd; nonclinical-safety; nonclinical-package; clinical-dose,Unreviewed strong-term hit
22f57a159736f9c32a872dbe,https://www.accessdata.fda.gov/drugsatfda_docs/nda/2025/219042Orig1s000MultidisciplineR.pdf,41,initial_ind; pre_ind,219042,nonclinical-pkpd; nonclinical-safety,Unreviewed strong-term hit
23410129d12fbde59561e986,https://www.accessdata.fda.gov/drugsatfda_docs/nda/2022/208712Orig1s000IntegratedR.pdf,20,clinical_hold,208712,clinical,Unreviewed strong-term hit
23410129d12fbde59561e986,https://www.accessdata.fda.gov/drugsatfda_docs/nda/2022/208712Orig1s000IntegratedR.pdf,22,clinical_hold,208712,nonclinical-pkpd,Unreviewed strong-term hit
23410129d12fbde59561e986,https://www.accessdata.fda.gov/drugsatfda_docs/nda/2022/208712Orig1s000IntegratedR.pdf,23,clinical_hold,208712,nonclinical-pkpd,Unreviewed strong-term hit
23410129d12fbde59561e986,https://www.accessdata.fda.gov/drugsatfda_docs/nda/2022/208712Orig1s000IntegratedR.pdf,24,clinical_hold,208712,clinical,Unreviewed strong-term hit
23410129d12fbde59561e986,https://www.accessdata.fda.gov/drugsatfda_docs/nda/2022/208712Orig1s000IntegratedR.pdf,29,clinical_hold,208712,nonclinical-pkpd; clinical,Unreviewed strong-term hit
23410129d12fbde59561e986,https://www.accessdata.fda.gov/drugsatfda_docs/nda/2022/208712Orig1s000IntegratedR.pdf,43,clinical_hold,208712,clinical,Unreviewed strong-term hit
23410129d12fbde59561e986,https://www.accessdata.fda.gov/drugsatfda_docs/nda/2022/208712Orig1s000IntegratedR.pdf,47,clinical_hold,208712,clinical,Unreviewed strong-term hit
23410129d12fbde59561e986,https://www.accessdata.fda.gov/drugsatfda_docs/nda/2022/208712Orig1s000IntegratedR.pdf,50,clinical_hold,208712,,Unreviewed strong-term hit
23410129d12fbde59561e986,https://www.accessdata.fda.gov/drugsatfda_docs/nda/2022/208712Orig1s000IntegratedR.pdf,51,clinical_hold,208712,,Unreviewed strong-term hit
23410129d12fbde59561e986,https://www.accessdata.fda.gov/drugsatfda_docs/nda/2022/208712Orig1s000IntegratedR.pdf,52,clinical_hold,208712,,Unreviewed strong-term hit
23410129d12fbde59561e986,https://www.accessdata.fda.gov/drugsatfda_docs/nda/2022/208712Orig1s000IntegratedR.pdf,53,clinical_hold,208712,,Unreviewed strong-term hit
23410129d12fbde59561e986,https://www.accessdata.fda.gov/drugsatfda_docs/nda/2022/208712Orig1s000IntegratedR.pdf,54,clinical_hold,208712,,Unreviewed strong-term hit
23410129d12fbde59561e986,https://www.accessdata.fda.gov/drugsatfda_docs/nda/2022/208712Orig1s000IntegratedR.pdf,55,clinical_hold,208712,,Unreviewed strong-term hit
23410129d12fbde59561e986,https://www.accessdata.fda.gov/drugsatfda_docs/nda/2022/208712Orig1s000IntegratedR.pdf,56,clinical_hold,208712,nonclinical-pkpd,Unreviewed strong-term hit
23410129d12fbde59561e986,https://www.accessdata.fda.gov/drugsatfda_docs/nda/2022/208712Orig1s000IntegratedR.pdf,57,clinical_hold,208712,,Unreviewed strong-term hit
23410129d12fbde59561e986,https://www.accessdata.fda.gov/drugsatfda_docs/nda/2022/208712Orig1s000IntegratedR.pdf,58,clinical_hold,208712,,Unreviewed strong-term hit
23410129d12fbde59561e986,https://www.accessdata.fda.gov/drugsatfda_docs/nda/2022/208712Orig1s000IntegratedR.pdf,59,clinical_hold,208712,,Unreviewed strong-term hit
23410129d12fbde59561e986,https://www.accessdata.fda.gov/drugsatfda_docs/nda/2022/208712Orig1s000IntegratedR.pdf,61,clinical_hold,208712,,Unreviewed strong-term hit
23410129d12fbde59561e986,https://www.accessdata.fda.gov/drugsatfda_docs/nda/2022/208712Orig1s000IntegratedR.pdf,62,clinical_hold,208712,,Unreviewed strong-term hit
23410129d12fbde59561e986,https://www.accessdata.fda.gov/drugsatfda_docs/nda/2022/208712Orig1s000IntegratedR.pdf,63,clinical_hold,208712,,Unreviewed strong-term hit
23410129d12fbde59561e986,https://www.accessdata.fda.gov/drugsatfda_docs/nda/2022/208712Orig1s000IntegratedR.pdf,64,clinical_hold,208712,,Unreviewed strong-term hit
23410129d12fbde59561e986,https://www.accessdata.fda.gov/drugsatfda_docs/nda/2022/208712Orig1s000IntegratedR.pdf,65,clinical_hold,208712,,Unreviewed strong-term hit
23410129d12fbde59561e986,https://www.accessdata.fda.gov/drugsatfda_docs/nda/2022/208712Orig1s000IntegratedR.pdf,66,clinical_hold,208712,,Unreviewed strong-term hit
23410129d12fbde59561e986,https://www.accessdata.fda.gov/drugsatfda_docs/nda/2022/208712Orig1s000IntegratedR.pdf,67,clinical_hold,208712,,Unreviewed strong-term hit
23410129d12fbde59561e986,https://www.accessdata.fda.gov/drugsatfda_docs/nda/2022/208712Orig1s000IntegratedR.pdf,78,clinical_hold,208712,nonclinical-pkpd,Unreviewed strong-term hit
23410129d12fbde59561e986,https://www.accessdata.fda.gov/drugsatfda_docs/nda/2022/208712Orig1s000IntegratedR.pdf,84,clinical_hold,208712,clinical,Unreviewed strong-term hit
23410129d12fbde59561e986,https://www.accessdata.fda.gov/drugsatfda_docs/nda/2022/208712Orig1s000IntegratedR.pdf,101,may_proceed,208712,nonclinical-pharmacology,Unreviewed strong-term hit
23410129d12fbde59561e986,https://www.accessdata.fda.gov/drugsatfda_docs/nda/2022/208712Orig1s000IntegratedR.pdf,102,clinical_hold,208712,nonclinical-pharmacology; nonclinical-safety,Unreviewed strong-term hit
23410129d12fbde59561e986,https://www.accessdata.fda.gov/drugsatfda_docs/nda/2022/208712Orig1s000IntegratedR.pdf,268,clinical_hold,208712,nonclinical-safety; clinical,Unreviewed strong-term hit
23410129d12fbde59561e986,https://www.accessdata.fda.gov/drugsatfda_docs/nda/2022/208712Orig1s000IntegratedR.pdf,275,clinical_hold,208712,,Unreviewed strong-term hit
23410129d12fbde59561e986,https://www.accessdata.fda.gov/drugsatfda_docs/nda/2022/208712Orig1s000IntegratedR.pdf,278,clinical_hold,208712,clinical,Unreviewed strong-term hit
23410129d12fbde59561e986,https://www.accessdata.fda.gov/drugsatfda_docs/nda/2022/208712Orig1s000IntegratedR.pdf,289,clinical_hold,208712,,Unreviewed strong-term hit
236c89c9f7f20187334b249e,"https://www.accessdata.fda.gov/drugsatfda_docs/nda/2024/217700Orig1s000, 218033Orig1s000MultidisciplineR.pdf",128,investigator_brochure,217700; 218033,clinical,Unreviewed strong-term hit
2370be38e08b26fa8940dd6b,https://www.accessdata.fda.gov/drugsatfda_docs/nda/2020/210875Orig1s000ClinPharmR.pdf,30,pre_ind,210875,nonclinical-pkpd; nonclinical-safety; cmc-material,Unreviewed strong-term hit
2390b8e08e8e26e90564bc76,https://www.accessdata.fda.gov/drugsatfda_docs/nda/2023/125514Orig1s009.pdf,66,pre_ind,125514,,Unreviewed strong-term hit
23aef432f0057596fb360f25,https://www.accessdata.fda.gov/drugsatfda_docs/nda/2023/217564Orig1s000MultidisciplineR.pdf,29,may_proceed,217564,nonclinical-pkpd,Unreviewed strong-term hit
2419343bdfa6193ae401a49a,https://www.accessdata.fda.gov/drugsatfda_docs/nda/2022/209500Orig1s005_Redacted.pdf,58,investigator_brochure; pre_ind,209500,nonclinical-package; clinical,Unreviewed strong-term hit
2419343bdfa6193ae401a49a,https://www.accessdata.fda.gov/drugsatfda_docs/nda/2022/209500Orig1s005_Redacted.pdf,78,pre_ind,209500,clinical,Unreviewed strong-term hit
2439ac58062d7afba109122f,https://www.accessdata.fda.gov/drugsatfda_docs/nda/2023/216078Orig1s000PharmR.pdf,7,pre_ind,216078,nonclinical-package; cmc-material; cmc-controls; cmc-stability,Unreviewed strong-term hit
2439ac58062d7afba109122f,https://www.accessdata.fda.gov/drugsatfda_docs/nda/2023/216078Orig1s000PharmR.pdf,11,pre_ind,216078,nonclinical-pkpd; nonclinical-safety; nonclinical-package; cmc-material; cmc-controls,Unreviewed strong-term hit
2483ecba4a6e0bde45342fc1,https://www.accessdata.fda.gov/drugsatfda_docs/nda/2021/215014Orig1s000IntegratedR.pdf,84,may_proceed,215014,nonclinical-pkpd; cmc-controls; clinical,Unreviewed strong-term hit
24b3724fbe462a8f473f6da3,https://www.accessdata.fda.gov/drugsatfda_docs/nda/2022/761164Orig1s000AdminCorres.pdf,35,clinical_hold,761164,nonclinical-pharmacology,Unreviewed strong-term hit
24d99d91476e24330b25ec3a,https://www.accessdata.fda.gov/drugsatfda_docs/nda/2026/220848Orig1s000MultidisciplineR.pdf,26,initial_ind; original_ind_review; pre_ind,220848,nonclinical-package; cmc-material,Unreviewed strong-term hit
24d99d91476e24330b25ec3a,https://www.accessdata.fda.gov/drugsatfda_docs/nda/2026/220848Orig1s000MultidisciplineR.pdf,27,may_proceed; pre_ind,220848,nonclinical-pkpd; nonclinical-package; cmc-material,Unreviewed strong-term hit
2508743ec5b935699eb722c0,https://www.accessdata.fda.gov/drugsatfda_docs/nda/2024/218860Orig1s000IntegratedR.pdf,170,may_proceed,218860,clinical,Unreviewed strong-term hit
250d1367972488d78e0b8fef,https://www.accessdata.fda.gov/drugsatfda_docs/nda/2025/217370Orig1s000AdminCorres.pdf,8,investigator_brochure,217370,nonclinical-pkpd,Unreviewed strong-term hit
251bca07613a6cbe0eca2825,https://www.accessdata.fda.gov/drugsatfda_docs/nda/2025/218549Orig1s000AdminCorres.pdf,4,pre_ind,218549,cmc-material; clinical,Unreviewed strong-term hit
251bca07613a6cbe0eca2825,https://www.accessdata.fda.gov/drugsatfda_docs/nda/2025/218549Orig1s000AdminCorres.pdf,9,pre_ind,218549,cmc-material; cmc-controls,Unreviewed strong-term hit
254269353b9995bd0b2dc7cf,https://www.accessdata.fda.gov/drugsatfda_docs/nda/2020/213036Orig1s000AdminCorres.pdf,12,investigator_brochure,213036,nonclinical-pkpd; clinical,Unreviewed strong-term hit
254269353b9995bd0b2dc7cf,https://www.accessdata.fda.gov/drugsatfda_docs/nda/2020/213036Orig1s000AdminCorres.pdf,39,clinical_hold,213036,nonclinical-pharmacology,Unreviewed strong-term hit
25508a190dc7c1a560c9647a,https://www.accessdata.fda.gov/drugsatfda_docs/nda/2025/214835Orig1s000MultidisciplineR.pdf,62,may_proceed; pre_ind,214835,nonclinical-pkpd; nonclinical-safety; cmc-material,Unreviewed strong-term hit
2583a59cf51d01cc5339920f,https://www.accessdata.fda.gov/drugsatfda_docs/nda/2021/214047Orig1s000MedR.pdf,2,pre_ind,214047,cmc-material; cmc-controls,Unreviewed strong-term hit
2585da54826b67e82c1a10d7,https://www.accessdata.fda.gov/drugsatfda_docs/nda/2020/761115Orig1s000AdminCorres.pdf,56,clinical_hold,761115,nonclinical-pharmacology,Unreviewed strong-term hit
2585da54826b67e82c1a10d7,https://www.accessdata.fda.gov/drugsatfda_docs/nda/2020/761115Orig1s000AdminCorres.pdf,71,initial_ind,761115,nonclinical-safety,Unreviewed strong-term hit
25a8cbfc63575957c095b530,https://www.accessdata.fda.gov/drugsatfda_docs/nda/2021/214377Orig1s000AdminCorres.pdf,42,investigator_brochure,214377,clinical,Unreviewed strong-term hit
263cf60dbaccbe99c6fdaa37,https://www.accessdata.fda.gov/drugsatfda_docs/nda/2026/220711Orig1s000AdminCorres.pdf,2,clinical_hold,220711,nonclinical-pharmacology,Unreviewed strong-term hit
2652d5101f9ee47db6f67836,https://www.accessdata.fda.gov/drugsatfda_docs/nda/2022/214962Orig2s000MedR.pdf,19,initial_ind; original_ind_review; pre_ind,214962,nonclinical-safety; cmc-controls,Unreviewed strong-term hit
2668410aa6ac059ac32884d9,https://www.accessdata.fda.gov/drugsatfda_docs/nda/2022/210735Orig1s000PharmR.pdf,22,pre_ind,210735,nonclinical-safety; nonclinical-package; cmc-material; cmc-controls,Unreviewed strong-term hit
267dbff8f06ae75857ae2557,https://www.accessdata.fda.gov/drugsatfda_docs/nda/2020/214621Orig1s000MultidisciplineR.pdf,46,initial_ind,214621,nonclinical-safety; nonclinical-package; cmc-material,Unreviewed strong-term hit
26e63ca7a04d4441ec69942f,https://www.accessdata.fda.gov/drugsatfda_docs/nda/2024/215064Orig1s000AdminCorres.pdf,4,pre_ind,215064,clinical,Unreviewed strong-term hit
26e63ca7a04d4441ec69942f,https://www.accessdata.fda.gov/drugsatfda_docs/nda/2024/215064Orig1s000AdminCorres.pdf,18,clinical_hold,215064,nonclinical-pharmacology,Unreviewed strong-term hit
27406b0714f02ed69ae1624a,https://www.accessdata.fda.gov/drugsatfda_docs/nda/2026/216964s000MultidisciplineR.pdf,16,clinical_hold,216964,nonclinical-pkpd; nonclinical-safety,Unreviewed strong-term hit
27406b0714f02ed69ae1624a,https://www.accessdata.fda.gov/drugsatfda_docs/nda/2026/216964s000MultidisciplineR.pdf,24,clinical_hold,216964,,Unreviewed strong-term hit
27406b0714f02ed69ae1624a,https://www.accessdata.fda.gov/drugsatfda_docs/nda/2026/216964s000MultidisciplineR.pdf,27,may_proceed,216964,clinical,Unreviewed strong-term hit
27406b0714f02ed69ae1624a,https://www.accessdata.fda.gov/drugsatfda_docs/nda/2026/216964s000MultidisciplineR.pdf,28,clinical_hold,216964,clinical,Unreviewed strong-term hit
27406b0714f02ed69ae1624a,https://www.accessdata.fda.gov/drugsatfda_docs/nda/2026/216964s000MultidisciplineR.pdf,107,clinical_hold,216964,,Unreviewed strong-term hit
27406b0714f02ed69ae1624a,https://www.accessdata.fda.gov/drugsatfda_docs/nda/2026/216964s000MultidisciplineR.pdf,111,clinical_hold,216964,,Unreviewed strong-term hit
27406b0714f02ed69ae1624a,https://www.accessdata.fda.gov/drugsatfda_docs/nda/2026/216964s000MultidisciplineR.pdf,113,clinical_hold,216964,nonclinical-pkpd; nonclinical-safety; clinical,Unreviewed strong-term hit
27406b0714f02ed69ae1624a,https://www.accessdata.fda.gov/drugsatfda_docs/nda/2026/216964s000MultidisciplineR.pdf,171,clinical_hold,216964,clinical,Unreviewed strong-term hit
27406b0714f02ed69ae1624a,https://www.accessdata.fda.gov/drugsatfda_docs/nda/2026/216964s000MultidisciplineR.pdf,176,clinical_hold,216964,nonclinical-pkpd; nonclinical-package; clinical,Unreviewed strong-term hit
27406b0714f02ed69ae1624a,https://www.accessdata.fda.gov/drugsatfda_docs/nda/2026/216964s000MultidisciplineR.pdf,241,clinical_hold,216964,nonclinical-pkpd,Unreviewed strong-term hit
2786a939701340f43daff0a2,https://www.accessdata.fda.gov/drugsatfda_docs/nda/2023/215390Orig1s000MultidisciplineR.pdf,32,pre_ind,215390,nonclinical-pkpd,Unreviewed strong-term hit
28380f8466965ceb63573101,https://www.accessdata.fda.gov/drugsatfda_docs/nda/2021/213378Orig1Orig2s000OtherR.pdf,99,investigator_brochure,213378,clinical,Unreviewed strong-term hit
285a0e48da2ff30b0d80531c,https://www.accessdata.fda.gov/drugsatfda_docs/nda/2025/218343Orig1s000AdminCorres.pdf,4,pre_ind,218343,cmc-material; cmc-controls,Unreviewed strong-term hit
28e5e7150eb0ad1f185f7158,https://www.accessdata.fda.gov/drugsatfda_docs/nda/2025/761297Orig1s000OtherR.pdf,28,investigator_brochure,761297,clinical,Unreviewed strong-term hit
28ee161459e8f7d615e5fa0c,https://www.accessdata.fda.gov/drugsatfda_docs/nda/2023/218276Orig1s000OtherR.pdf,29,pre_ind,218276,clinical,Unreviewed strong-term hit
292522d38231883700cfecad,https://www.accessdata.fda.gov/drugsatfda_docs/nda/2021/214662Orig1s000IntegratedR.pdf,111,may_proceed; pre_ind,214662,clinical,Unreviewed strong-term hit
292c40ef6e73c5c274ef3a2f,https://www.accessdata.fda.gov/drugsatfda_docs/nda/2024/217512Orig1s000SumR.pdf,9,pre_ind,217512,cmc-material; cmc-stability; clinical,Unreviewed strong-term hit
293dfad539217bf78f2e6733,https://www.accessdata.fda.gov/drugsatfda_docs/nda/2024/215727Orig1s000AdminCorres.pdf,4,pre_ind,215727,cmc-material,Unreviewed strong-term hit
293dfad539217bf78f2e6733,https://www.accessdata.fda.gov/drugsatfda_docs/nda/2024/215727Orig1s000AdminCorres.pdf,10,pre_ind,215727,cmc-material; cmc-controls; cmc-stability,Unreviewed strong-term hit
2a3fdaaa7de5a2302613cba1,https://www.accessdata.fda.gov/drugsatfda_docs/nda/2020/761142Orig1s000MedR.pdf,20,pre_ind,761142,,Unreviewed strong-term hit
2a789f768a6860c4f343ae2b,https://www.accessdata.fda.gov/drugsatfda_docs/nda/2025/761359Orig1s000AdminCorres.pdf,26,investigator_brochure,761359,cmc-material,Unreviewed strong-term hit
2a930bd93c87228963bf689b,https://www.accessdata.fda.gov/drugsatfda_docs/nda/2025/761297Orig1s000AdminCorres.pdf,5,may_proceed,761297,clinical-dose,Unreviewed strong-term hit
2ab4c90d461e8cb224ddcb0c,https://www.accessdata.fda.gov/drugsatfda_docs/nda/2020/211723Orig1s000MultidisciplineR.pdf,27,pre_ind,211723,,Unreviewed strong-term hit
2ab4c90d461e8cb224ddcb0c,https://www.accessdata.fda.gov/drugsatfda_docs/nda/2020/211723Orig1s000MultidisciplineR.pdf,28,clinical_hold,211723,nonclinical-pharmacology; clinical,Unreviewed strong-term hit
2ab4c90d461e8cb224ddcb0c,https://www.accessdata.fda.gov/drugsatfda_docs/nda/2020/211723Orig1s000MultidisciplineR.pdf,132,clinical_hold,211723,clinical,Unreviewed strong-term hit
2af383457caa078a0fae7caf,"https://www.accessdata.fda.gov/drugsatfda_docs/nda/2025/218808Orig1s000,218820Orig1s000AdminCorres.pdf",39,initial_ind,218808; 218820,cmc-material; clinical,Unreviewed strong-term hit
2aff4011904311219e7248df,https://www.accessdata.fda.gov/drugsatfda_docs/nda/2024/217424Orig1s000AdminCorres.pdf,23,may_proceed,217424,nonclinical-pkpd; cmc-material,Unreviewed strong-term hit
2b04699fd5b39ed443615d85,https://www.accessdata.fda.gov/drugsatfda_docs/nda/2021/214487Orig1s000MultidisciplineR.pdf,104,investigator_brochure,214487,nonclinical-safety; clinical,Unreviewed strong-term hit
2b04699fd5b39ed443615d85,https://www.accessdata.fda.gov/drugsatfda_docs/nda/2021/214487Orig1s000MultidisciplineR.pdf,430,pre_ind,214487,nonclinical-safety; cmc-material; clinical,Unreviewed strong-term hit
2b04699fd5b39ed443615d85,https://www.accessdata.fda.gov/drugsatfda_docs/nda/2021/214487Orig1s000MultidisciplineR.pdf,459,initial_ind; pre_ind,214487,nonclinical-pkpd,Unreviewed strong-term hit
2b04699fd5b39ed443615d85,https://www.accessdata.fda.gov/drugsatfda_docs/nda/2021/214487Orig1s000MultidisciplineR.pdf,468,pre_ind,214487,nonclinical-safety; nonclinical-package; cmc-material,Unreviewed strong-term hit
2b04699fd5b39ed443615d85,https://www.accessdata.fda.gov/drugsatfda_docs/nda/2021/214487Orig1s000MultidisciplineR.pdf,478,pre_ind,214487,nonclinical-pkpd; nonclinical-safety,Unreviewed strong-term hit
2b04699fd5b39ed443615d85,https://www.accessdata.fda.gov/drugsatfda_docs/nda/2021/214487Orig1s000MultidisciplineR.pdf,479,pre_ind,214487,nonclinical-pkpd; nonclinical-safety; clinical-dose,Unreviewed strong-term hit
2b04699fd5b39ed443615d85,https://www.accessdata.fda.gov/drugsatfda_docs/nda/2021/214487Orig1s000MultidisciplineR.pdf,483,may_proceed,214487,nonclinical-pharmacology; nonclinical-pkpd; nonclinical-safety; cmc-material; cmc-controls,Unreviewed strong-term hit
2b04699fd5b39ed443615d85,https://www.accessdata.fda.gov/drugsatfda_docs/nda/2021/214487Orig1s000MultidisciplineR.pdf,487,may_proceed,214487,nonclinical-pkpd; nonclinical-safety,Unreviewed strong-term hit
2b04699fd5b39ed443615d85,https://www.accessdata.fda.gov/drugsatfda_docs/nda/2021/214487Orig1s000MultidisciplineR.pdf,490,initial_ind; original_ind_review,214487,nonclinical-safety; cmc-material; cmc-controls,Unreviewed strong-term hit
2b04699fd5b39ed443615d85,https://www.accessdata.fda.gov/drugsatfda_docs/nda/2021/214487Orig1s000MultidisciplineR.pdf,534,ind_review,214487,nonclinical-safety,Unreviewed strong-term hit
2b04699fd5b39ed443615d85,https://www.accessdata.fda.gov/drugsatfda_docs/nda/2021/214487Orig1s000MultidisciplineR.pdf,535,ind_review; may_proceed,214487,nonclinical-pkpd; nonclinical-safety; cmc-material; cmc-controls,Unreviewed strong-term hit
2b04699fd5b39ed443615d85,https://www.accessdata.fda.gov/drugsatfda_docs/nda/2021/214487Orig1s000MultidisciplineR.pdf,539,may_proceed,214487,nonclinical-pkpd; nonclinical-safety,Unreviewed strong-term hit
2b04699fd5b39ed443615d85,https://www.accessdata.fda.gov/drugsatfda_docs/nda/2021/214487Orig1s000MultidisciplineR.pdf,542,ind_review,214487,nonclinical-pkpd; nonclinical-safety,Unreviewed strong-term hit
2b04699fd5b39ed443615d85,https://www.accessdata.fda.gov/drugsatfda_docs/nda/2021/214487Orig1s000MultidisciplineR.pdf,569,ind_review,214487,nonclinical-safety,Unreviewed strong-term hit
2b04699fd5b39ed443615d85,https://www.accessdata.fda.gov/drugsatfda_docs/nda/2021/214487Orig1s000MultidisciplineR.pdf,579,ind_review,214487,nonclinical-safety,Unreviewed strong-term hit
2b04699fd5b39ed443615d85,https://www.accessdata.fda.gov/drugsatfda_docs/nda/2021/214487Orig1s000MultidisciplineR.pdf,583,pre_ind,214487,nonclinical-pharmacology; nonclinical-safety,Unreviewed strong-term hit
2b6f20b5315739da7c5eafe2,https://www.accessdata.fda.gov/drugsatfda_docs/nda/2016/020781Orig1s017Rev.pdf,126,ind_review,020781,nonclinical-pkpd; cmc-material,Unreviewed strong-term hit
2ba1ac0d7fb6afd9ccd457ca,https://www.accessdata.fda.gov/drugsatfda_docs/nda/2021/215025Orig1s000ChemR.pdf,29,pre_ind,215025,cmc-material; cmc-controls,Unreviewed strong-term hit
2bbd5bf0c48d9649c3544878,https://www.accessdata.fda.gov/drugsatfda_docs/nda/2024/217469Orig1s000MultidisciplineR.pdf,179,pre_ind,217469,nonclinical-pharmacology; nonclinical-pkpd; cmc-material,Unreviewed strong-term hit
2c8aec073b9076580615ed0e,"https://www.accessdata.fda.gov/drugsatfda_docs/nda/2024/216016Orig1s000,216017Orig1s000MultidisciplineR.pdf",27,pre_ind,216016; 216017,,Unreviewed strong-term hit
2c8aec073b9076580615ed0e,"https://www.accessdata.fda.gov/drugsatfda_docs/nda/2024/216016Orig1s000,216017Orig1s000MultidisciplineR.pdf",28,pre_ind,216016; 216017,cmc-material; cmc-controls; clinical,Unreviewed strong-term hit
2c8f4ebd4cf1a05fcc4f2452,https://www.accessdata.fda.gov/drugsatfda_docs/nda/2022/214962Orig2s000ChemR.pdf,4,pre_ind,214962,,Unreviewed strong-term hit
2c9ce4eb717f1e4c04b77ea9,https://www.accessdata.fda.gov/drugsatfda_docs/nda/2026/761530Orig1s000MedR.pdf,16,pre_ind,761530,clinical,Unreviewed strong-term hit
2cc18219a279eff20c572540,https://www.accessdata.fda.gov/drugsatfda_docs/nda/2024/210136Orig1s000SumR.pdf,35,investigator_brochure,210136,nonclinical-pkpd; cmc-material,Unreviewed strong-term hit
2cc18219a279eff20c572540,https://www.accessdata.fda.gov/drugsatfda_docs/nda/2024/210136Orig1s000SumR.pdf,88,investigator_brochure,210136,nonclinical-pkpd; cmc-material,Unreviewed strong-term hit
2cc18219a279eff20c572540,https://www.accessdata.fda.gov/drugsatfda_docs/nda/2024/210136Orig1s000SumR.pdf,98,investigator_brochure,210136,cmc-material,Unreviewed strong-term hit
2cc18219a279eff20c572540,https://www.accessdata.fda.gov/drugsatfda_docs/nda/2024/210136Orig1s000SumR.pdf,151,investigator_brochure,210136,cmc-material,Unreviewed strong-term hit
2cc18219a279eff20c572540,https://www.accessdata.fda.gov/drugsatfda_docs/nda/2024/210136Orig1s000SumR.pdf,179,pre_ind,210136,nonclinical-safety; cmc-material; clinical,Unreviewed strong-term hit
2cc18219a279eff20c572540,https://www.accessdata.fda.gov/drugsatfda_docs/nda/2024/210136Orig1s000SumR.pdf,256,pre_ind,210136,nonclinical-safety; cmc-material; clinical,Unreviewed strong-term hit
2ce26e6d5cce1692655d94ed,https://www.accessdata.fda.gov/drugsatfda_docs/nda/2024/217389Orig1s000IntegratedR.pdf,77,may_proceed; pre_ind,217389,nonclinical-pkpd; nonclinical-safety; cmc-material; cmc-controls; clinical; clinical-dose,Unreviewed strong-term hit
2d356a4e587fe4dd8bac2a1a,https://www.accessdata.fda.gov/drugsatfda_docs/nda/2021/214047Orig1s000ClinPharmR.pdf,2,pre_ind,214047,,Unreviewed strong-term hit
2daa6b081fbf2fb78a69172d,https://www.accessdata.fda.gov/drugsatfda_docs/nda/2022/213581Orig1s000ClinPharmR.pdf,7,pre_ind,213581,nonclinical-pkpd; cmc-material,Unreviewed strong-term hit
2deb558571c9dfbe8cf7e829,https://www.accessdata.fda.gov/drugsatfda_docs/nda/2024/215721Orig1s000AdminCorres.pdf,8,pre_ind,215721,nonclinical-pkpd; nonclinical-safety; nonclinical-package; cmc-controls,Unreviewed strong-term hit
2deb558571c9dfbe8cf7e829,https://www.accessdata.fda.gov/drugsatfda_docs/nda/2024/215721Orig1s000AdminCorres.pdf,9,pre_ind,215721,,Unreviewed strong-term hit
2deb558571c9dfbe8cf7e829,https://www.accessdata.fda.gov/drugsatfda_docs/nda/2024/215721Orig1s000AdminCorres.pdf,32,pre_ind,215721,nonclinical-pkpd; nonclinical-safety; nonclinical-package; cmc-material; cmc-controls,Unreviewed strong-term hit
2e0fd203a0d0c7b80357d967,https://www.accessdata.fda.gov/drugsatfda_docs/nda/2022/214869Orig1s000MedR.pdf,12,may_proceed; pre_ind,214869,,Unreviewed strong-term hit
2e1be28eaef92c03f9cca1c1,https://www.accessdata.fda.gov/drugsatfda_docs/nda/2020/213433Orig1s000AdminCorres.pdf,4,may_proceed,213433,,Unreviewed strong-term hit
2e1be28eaef92c03f9cca1c1,https://www.accessdata.fda.gov/drugsatfda_docs/nda/2020/213433Orig1s000AdminCorres.pdf,8,pre_ind,213433,nonclinical-pkpd,Unreviewed strong-term hit
2e1be28eaef92c03f9cca1c1,https://www.accessdata.fda.gov/drugsatfda_docs/nda/2020/213433Orig1s000AdminCorres.pdf,21,pre_ind,213433,,Unreviewed strong-term hit
2e1be28eaef92c03f9cca1c1,https://www.accessdata.fda.gov/drugsatfda_docs/nda/2020/213433Orig1s000AdminCorres.pdf,22,may_proceed,213433,cmc-material; cmc-controls; cmc-stability,Unreviewed strong-term hit
2e1be28eaef92c03f9cca1c1,https://www.accessdata.fda.gov/drugsatfda_docs/nda/2020/213433Orig1s000AdminCorres.pdf,27,pre_ind,213433,,Unreviewed strong-term hit
2e3eee1ad89523198c23f22f,https://www.accessdata.fda.gov/drugsatfda_docs/nda/2021/214096Orig1s000MultidisciplineR.pdf,32,pre_ind,214096,,Unreviewed strong-term hit
2e3eee1ad89523198c23f22f,https://www.accessdata.fda.gov/drugsatfda_docs/nda/2021/214096Orig1s000MultidisciplineR.pdf,69,initial_ind; original_ind_review,214096,nonclinical-pkpd; nonclinical-safety; nonclinical-package,Unreviewed strong-term hit
2e61dcb3a8ed9a42cb86d5a0,https://www.accessdata.fda.gov/drugsatfda_docs/nda/2024/217785Orig1s000AdminCorres.pdf,2,clinical_hold,217785,nonclinical-pharmacology,Unreviewed strong-term hit
2e61dcb3a8ed9a42cb86d5a0,https://www.accessdata.fda.gov/drugsatfda_docs/nda/2024/217785Orig1s000AdminCorres.pdf,5,may_proceed,217785,,Unreviewed strong-term hit
2e61dcb3a8ed9a42cb86d5a0,https://www.accessdata.fda.gov/drugsatfda_docs/nda/2024/217785Orig1s000AdminCorres.pdf,39,investigator_brochure,217785,nonclinical-pkpd; nonclinical-safety,Unreviewed strong-term hit
2e78c821f3088c9dcac43a5b,https://www.accessdata.fda.gov/drugsatfda_docs/nda/2025/217673Orig1s000AdminCorres.pdf,29,investigator_brochure,217673,nonclinical-pkpd; cmc-material; clinical,Unreviewed strong-term hit
2e79cb963e543cbbed4dbea0,https://www.accessdata.fda.gov/drugsatfda_docs/nda/2020/213150Orig1s000ClinPharmR.pdf,11,pre_ind,213150,nonclinical-pkpd; nonclinical-package,Unreviewed strong-term hit
2e8c418a1f7f4158326d2ab7,https://www.accessdata.fda.gov/drugsatfda_docs/nda/2014/020622Orig1s089.pdf,94,investigator_brochure,020622,cmc-material; clinical,Unreviewed strong-term hit
2e8c418a1f7f4158326d2ab7,https://www.accessdata.fda.gov/drugsatfda_docs/nda/2014/020622Orig1s089.pdf,406,ind_review,020622,nonclinical-safety,Unreviewed strong-term hit
2e8c418a1f7f4158326d2ab7,https://www.accessdata.fda.gov/drugsatfda_docs/nda/2014/020622Orig1s089.pdf,488,ind_review,020622,nonclinical-pkpd,Unreviewed strong-term hit
2eb77d4060a6df63387fb078,https://www.accessdata.fda.gov/drugsatfda_docs/nda/2021/761166Orig1s000MedR.pdf,50,pre_ind,761166,nonclinical-pkpd,Unreviewed strong-term hit
2f3e739141fed240db4f2264,https://www.accessdata.fda.gov/drugsatfda_docs/nda/2025/219301Orig1s000IntegratedR.pdf,46,pre_ind,219301,nonclinical-pkpd; cmc-material,Unreviewed strong-term hit
2f3e739141fed240db4f2264,https://www.accessdata.fda.gov/drugsatfda_docs/nda/2025/219301Orig1s000IntegratedR.pdf,107,may_proceed; pre_ind,219301,nonclinical-pkpd; nonclinical-safety; nonclinical-package; cmc-material; cmc-controls; clinical,Unreviewed strong-term hit
2f3e739141fed240db4f2264,https://www.accessdata.fda.gov/drugsatfda_docs/nda/2025/219301Orig1s000IntegratedR.pdf,123,ind_review,219301,nonclinical-pharmacology; nonclinical-safety,Unreviewed strong-term hit
2f3e739141fed240db4f2264,https://www.accessdata.fda.gov/drugsatfda_docs/nda/2025/219301Orig1s000IntegratedR.pdf,124,ind_review,219301,nonclinical-pharmacology; nonclinical-safety,Unreviewed strong-term hit
2f3e739141fed240db4f2264,https://www.accessdata.fda.gov/drugsatfda_docs/nda/2025/219301Orig1s000IntegratedR.pdf,126,ind_review,219301,nonclinical-pharmacology; nonclinical-pkpd; nonclinical-safety,Unreviewed strong-term hit
2f3e739141fed240db4f2264,https://www.accessdata.fda.gov/drugsatfda_docs/nda/2025/219301Orig1s000IntegratedR.pdf,141,ind_review,219301,nonclinical-pharmacology; nonclinical-safety; nonclinical-package; clinical,Unreviewed strong-term hit
2f3e739141fed240db4f2264,https://www.accessdata.fda.gov/drugsatfda_docs/nda/2025/219301Orig1s000IntegratedR.pdf,142,ind_review,219301,nonclinical-pharmacology; nonclinical-pkpd; nonclinical-safety; nonclinical-package,Unreviewed strong-term hit
2f919df16289839905dde1fb,https://www.accessdata.fda.gov/drugsatfda_docs/nda/2026/217338Orig1s000MultidisciplineR.pdf,132,may_proceed,217338,nonclinical-pharmacology; cmc-material,Unreviewed strong-term hit
2fafe8bdf45c0f766c42f532,https://www.accessdata.fda.gov/drugsatfda_docs/nda/2023/216386Orig1s000MedR.pdf,21,pre_ind,216386,nonclinical-pkpd; nonclinical-safety; cmc-material; clinical-dose,Unreviewed strong-term hit
2fafe8bdf45c0f766c42f532,https://www.accessdata.fda.gov/drugsatfda_docs/nda/2023/216386Orig1s000MedR.pdf,22,initial_ind; pre_ind,216386,cmc-controls; clinical,Unreviewed strong-term hit
2fce628c362c7f258f163a9d,https://www.accessdata.fda.gov/drugsatfda_docs/nda/2026/761326Orig2s000MedR.pdf,20,pre_ind,761326,nonclinical-pkpd; cmc-controls,Unreviewed strong-term hit
2fce628c362c7f258f163a9d,https://www.accessdata.fda.gov/drugsatfda_docs/nda/2026/761326Orig2s000MedR.pdf,21,pre_ind,761326,nonclinical-pkpd; clinical,Unreviewed strong-term hit
2fce628c362c7f258f163a9d,https://www.accessdata.fda.gov/drugsatfda_docs/nda/2026/761326Orig2s000MedR.pdf,37,investigator_brochure,761326,nonclinical-pkpd; clinical,Unreviewed strong-term hit
2fce628c362c7f258f163a9d,https://www.accessdata.fda.gov/drugsatfda_docs/nda/2026/761326Orig2s000MedR.pdf,250,pre_ind,761326,nonclinical-package,Unreviewed strong-term hit
2fce628c362c7f258f163a9d,https://www.accessdata.fda.gov/drugsatfda_docs/nda/2026/761326Orig2s000MedR.pdf,251,clinical_hold,761326,nonclinical-pkpd,Unreviewed strong-term hit
2fce628c362c7f258f163a9d,https://www.accessdata.fda.gov/drugsatfda_docs/nda/2026/761326Orig2s000MedR.pdf,282,investigator_brochure,761326,clinical,Unreviewed strong-term hit
2fffa3514025e3887d3ed9e1,https://www.accessdata.fda.gov/drugsatfda_docs/nda/2024/761369Orig1s000OtherR.pdf,64,ind_review,761369,nonclinical-safety,Unreviewed strong-term hit
301cf6a19ea6592d83b951da,https://www.accessdata.fda.gov/drugsatfda_docs/nda/2025/761400Orig1s000OtherR.pdf,54,clinical_hold,761400,,Unreviewed strong-term hit
3023a5539761cc011e9eae8b,https://www.accessdata.fda.gov/drugsatfda_docs/nda/2022/213978Orig1s000SumR.pdf,6,initial_ind,213978,,Unreviewed strong-term hit
3069fca79dee75ff99b2006a,https://www.accessdata.fda.gov/drugsatfda_docs/nda/2023/217415Orig1s000SumR.pdf,2,pre_ind,217415,nonclinical-pharmacology; cmc-material,Unreviewed strong-term hit
30e672a2a5cf8cb4e9acb516,https://www.accessdata.fda.gov/drugsatfda_docs/nda/2021/215014Orig1s000OtherR.pdf,67,investigator_brochure,215014,nonclinical-pkpd,Unreviewed strong-term hit
30ee8c7219b99a34a8e25351,https://www.accessdata.fda.gov/drugsatfda_docs/nda/2020/761163Orig1s000MultidisciplineR.pdf,26,initial_ind,761163,cmc-material,Unreviewed strong-term hit
3146dadbe11a13db92ffb50f,https://www.accessdata.fda.gov/drugsatfda_docs/nda/2022/215515Orig1s000OtherR.pdf,60,investigator_brochure,215515,nonclinical-pkpd,Unreviewed strong-term hit
318d9bc117d6bf1351bba0bb,https://www.accessdata.fda.gov/drugsatfda_docs/nda/2023/210850Orig1s000MedR.pdf,8,pre_ind,210850,cmc-material,Unreviewed strong-term hit
31f6e88b93b591fe234eda57,https://www.accessdata.fda.gov/drugsatfda_docs/nda/2019/761034Orig1s019.pdf,82,investigator_brochure,761034,,Unreviewed strong-term hit
31ff05d54689e6e2313bf658,https://www.accessdata.fda.gov/drugsatfda_docs/nda/2025/761380Orig1s000AdminCorres.pdf,25,pre_ind,761380,,Unreviewed strong-term hit
31ff05d54689e6e2313bf658,https://www.accessdata.fda.gov/drugsatfda_docs/nda/2025/761380Orig1s000AdminCorres.pdf,27,pre_ind,761380,nonclinical-pharmacology; nonclinical-pkpd; nonclinical-safety; clinical-dose,Unreviewed strong-term hit
324013f2eeabf631cdbe1520,https://www.accessdata.fda.gov/drugsatfda_docs/nda/2023/217188Orig1s000OtherR.pdf,73,investigator_brochure,217188,nonclinical-pkpd; nonclinical-safety; nonclinical-package,Unreviewed strong-term hit
3269ee553861a3239ad63e15,https://www.accessdata.fda.gov/drugsatfda_docs/nda/2021/204957Orig1s000PharmR.pdf,33,initial_ind; original_ind_review,204957,nonclinical-safety; nonclinical-package; cmc-material; cmc-controls,Unreviewed strong-term hit
3269ee553861a3239ad63e15,https://www.accessdata.fda.gov/drugsatfda_docs/nda/2021/204957Orig1s000PharmR.pdf,43,clinical_hold; pre_ind,204957,nonclinical-safety; cmc-material; cmc-controls; clinical,Unreviewed strong-term hit
327848758b73accc6decd79e,https://www.accessdata.fda.gov/drugsatfda_docs/nda/2020/213591Orig1s000MultidisciplineR.pdf,26,may_proceed,213591,,Unreviewed strong-term hit
327848758b73accc6decd79e,https://www.accessdata.fda.gov/drugsatfda_docs/nda/2020/213591Orig1s000MultidisciplineR.pdf,27,pre_ind,213591,cmc-controls; cmc-stability; clinical,Unreviewed strong-term hit
327848758b73accc6decd79e,https://www.accessdata.fda.gov/drugsatfda_docs/nda/2020/213591Orig1s000MultidisciplineR.pdf,55,initial_ind; original_ind_review,213591,nonclinical-pkpd; nonclinical-safety; nonclinical-package,Unreviewed strong-term hit
328ecb187081f2c82ed8730f,https://www.accessdata.fda.gov/drugsatfda_docs/nda/2021/210864Orig1s000MedR.pdf,33,pre_ind,210864,,Unreviewed strong-term hit
328ecb187081f2c82ed8730f,https://www.accessdata.fda.gov/drugsatfda_docs/nda/2021/210864Orig1s000MedR.pdf,35,pre_ind,210864,nonclinical-safety; cmc-material; cmc-controls,Unreviewed strong-term hit
328ecb187081f2c82ed8730f,https://www.accessdata.fda.gov/drugsatfda_docs/nda/2021/210864Orig1s000MedR.pdf,40,pre_ind,210864,nonclinical-safety,Unreviewed strong-term hit
328ecb187081f2c82ed8730f,https://www.accessdata.fda.gov/drugsatfda_docs/nda/2021/210864Orig1s000MedR.pdf,52,pre_ind,210864,nonclinical-pkpd; nonclinical-safety; cmc-material,Unreviewed strong-term hit
32f4db4e46fe24e2507dc4c7,https://www.accessdata.fda.gov/drugsatfda_docs/nda/2025/761392Orig1s000Orig2s000MultidisciplineR.pdf,37,pre_ind,761392,nonclinical-pkpd,Unreviewed strong-term hit
32f4db4e46fe24e2507dc4c7,https://www.accessdata.fda.gov/drugsatfda_docs/nda/2025/761392Orig1s000Orig2s000MultidisciplineR.pdf,38,may_proceed; pre_ind,761392,cmc-material,Unreviewed strong-term hit
331440e6f4677c52d819cd68,https://www.accessdata.fda.gov/drugsatfda_docs/nda/2022/215712Orig1s000AdminCorres.pdf,15,pre_ind,215712,,Unreviewed strong-term hit
3375827d97ac5b5701f4c58b,https://www.accessdata.fda.gov/drugsatfda_docs/nda/2023/212209Orig1s000PharmR.pdf,16,pre_ind,212209,nonclinical-pkpd; nonclinical-safety; cmc-material,Unreviewed strong-term hit
343a26d6ad315c566abbd5cb,https://www.accessdata.fda.gov/drugsatfda_docs/nda/2023/215910Orig1s000MedR.pdf,24,may_proceed; pre_ind,215910,,Unreviewed strong-term hit
3441b7f30ebbf4ffabfb4b70,https://www.accessdata.fda.gov/drugsatfda_docs/nda/2024/217899Orig1s000IntegratedR.pdf,36,clinical_hold,217899,,Unreviewed strong-term hit
3441b7f30ebbf4ffabfb4b70,https://www.accessdata.fda.gov/drugsatfda_docs/nda/2024/217899Orig1s000IntegratedR.pdf,78,clinical_hold,217899,,Unreviewed strong-term hit
3441b7f30ebbf4ffabfb4b70,https://www.accessdata.fda.gov/drugsatfda_docs/nda/2024/217899Orig1s000IntegratedR.pdf,126,clinical_hold,217899,clinical,Unreviewed strong-term hit
3441b7f30ebbf4ffabfb4b70,https://www.accessdata.fda.gov/drugsatfda_docs/nda/2024/217899Orig1s000IntegratedR.pdf,155,may_proceed; pre_ind,217899,nonclinical-pharmacology; clinical,Unreviewed strong-term hit
3441b7f30ebbf4ffabfb4b70,https://www.accessdata.fda.gov/drugsatfda_docs/nda/2024/217899Orig1s000IntegratedR.pdf,157,clinical_hold,217899,clinical,Unreviewed strong-term hit
3441b7f30ebbf4ffabfb4b70,https://www.accessdata.fda.gov/drugsatfda_docs/nda/2024/217899Orig1s000IntegratedR.pdf,158,clinical_hold,217899,nonclinical-pkpd,Unreviewed strong-term hit
3441b7f30ebbf4ffabfb4b70,https://www.accessdata.fda.gov/drugsatfda_docs/nda/2024/217899Orig1s000IntegratedR.pdf,285,may_proceed,217899,nonclinical-pkpd; clinical,Unreviewed strong-term hit
3462d613c8eeb72a47df34f1,https://www.accessdata.fda.gov/drugsatfda_docs/nda/2024/217347Orig1s000OtherR.pdf,136,investigator_brochure,217347,nonclinical-pkpd,Unreviewed strong-term hit
34aa90347b17102bae2c4e74,https://www.accessdata.fda.gov/drugsatfda_docs/nda/2022/214657Orig1s000AdminCorres.pdf,4,pre_ind,214657,cmc-material; cmc-controls,Unreviewed strong-term hit
34cfc36012e37e37441414ab,https://www.accessdata.fda.gov/drugsatfda_docs/nda/2020/214787Orig1s000MicroR.pdf,3,pre_ind,214787,nonclinical-pkpd,Unreviewed strong-term hit
34cfc36012e37e37441414ab,https://www.accessdata.fda.gov/drugsatfda_docs/nda/2020/214787Orig1s000MicroR.pdf,12,initial_ind; original_ind_review,214787,clinical,Unreviewed strong-term hit
3504bfe345ff6eca36bd94af,https://www.accessdata.fda.gov/drugsatfda_docs/nda/2023/216359Orig1s000SumR.pdf,4,pre_ind,216359,nonclinical-pkpd; cmc-material; cmc-controls; cmc-stability,Unreviewed strong-term hit
352f6befb306ff06930e1fbe,https://www.accessdata.fda.gov/drugsatfda_docs/nda/2022/216660Orig1s000AdminCorres.pdf,39,clinical_hold,216660,nonclinical-pharmacology,Unreviewed strong-term hit
3542587c5fc39d9fe8fa35f6,https://www.accessdata.fda.gov/drugsatfda_docs/nda/2021/210933Orig1s000OtherR.pdf,20,investigator_brochure,210933,cmc-stability; clinical,Unreviewed strong-term hit
35469b115814c766125b0cb1,https://www.accessdata.fda.gov/drugsatfda_docs/nda/2021/214377Orig1s000IntegratedR.pdf,88,initial_ind; pre_ind,214377,,Unreviewed strong-term hit
35676ce697500779a1b8218a,https://www.accessdata.fda.gov/drugsatfda_docs/nda/2025/761430Orig1s000IntegratedR.pdf,152,pre_ind,761430,nonclinical-pkpd; nonclinical-package; cmc-material,Unreviewed strong-term hit
359d85758484b7944dce5426,https://www.accessdata.fda.gov/drugsatfda_docs/nda/2020/210875Orig1s000MedR.pdf,75,pre_ind,210875,,Unreviewed strong-term hit
359d85758484b7944dce5426,https://www.accessdata.fda.gov/drugsatfda_docs/nda/2020/210875Orig1s000MedR.pdf,125,pre_ind,210875,,Unreviewed strong-term hit
35c7333f1a51146f2f19466a,"https://www.accessdata.fda.gov/drugsatfda_docs/nda/2024/217700Orig1s000, 218033Orig1s000AdminCorres.pdf",31,investigator_brochure,217700; 218033,nonclinical-pkpd,Unreviewed strong-term hit
35c7333f1a51146f2f19466a,"https://www.accessdata.fda.gov/drugsatfda_docs/nda/2024/217700Orig1s000, 218033Orig1s000AdminCorres.pdf",52,clinical_hold,217700; 218033,nonclinical-pharmacology,Unreviewed strong-term hit
35ff55f24e37cf7477c357e2,https://www.accessdata.fda.gov/drugsatfda_docs/nda/2025/761352Orig1s000AdminCorres.pdf,29,clinical_hold,761352,nonclinical-pharmacology,Unreviewed strong-term hit
3649c9b6f4f16279fb152af8,https://www.accessdata.fda.gov/drugsatfda_docs/nda/2025/218614Orig1s000OtherR.pdf,55,pre_ind,218614,nonclinical-package; clinical,Unreviewed strong-term hit
366c5e51794fd7a5a3be5625,https://www.accessdata.fda.gov/drugsatfda_docs/nda/2023/215446Orig1s000PharmR.pdf,7,pre_ind,215446,nonclinical-pharmacology; nonclinical-pkpd; nonclinical-safety; cmc-material; cmc-controls,Unreviewed strong-term hit
36d727d8a963cbe1c2cae4f0,https://www.accessdata.fda.gov/drugsatfda_docs/nda/2022/761195Orig1s000IntegratedR.pdf,95,initial_ind,761195,cmc-controls; cmc-stability; clinical,Unreviewed strong-term hit
36d727d8a963cbe1c2cae4f0,https://www.accessdata.fda.gov/drugsatfda_docs/nda/2022/761195Orig1s000IntegratedR.pdf,96,may_proceed,761195,nonclinical-safety,Unreviewed strong-term hit
37bf59d168374d8826323b69,https://www.accessdata.fda.gov/drugsatfda_docs/nda/2026/761151Orig1s010.pdf,76,may_proceed,761151,nonclinical-pkpd; clinical,Unreviewed strong-term hit
37c5442d9be3714cedf8f623,https://www.accessdata.fda.gov/drugsatfda_docs/nda/2025/219015Orig1s000AdminCorres.pdf,21,may_proceed; pre_ind,219015,nonclinical-safety; clinical,Unreviewed strong-term hit
37fda2d68d69c8e8d40a8f04,https://www.accessdata.fda.gov/drugsatfda_docs/nda/2024/215727Orig1s000OtherR.pdf,5,pre_ind,215727,,Unreviewed strong-term hit
37fda2d68d69c8e8d40a8f04,https://www.accessdata.fda.gov/drugsatfda_docs/nda/2024/215727Orig1s000OtherR.pdf,8,pre_ind,215727,,Unreviewed strong-term hit
389107412e61ca6f6c20d104,https://www.accessdata.fda.gov/drugsatfda_docs/nda/2024/761369Orig1s000AdminCorres.pdf,2,clinical_hold,761369,nonclinical-pharmacology,Unreviewed strong-term hit
38a34e44f38115a02328c69d,https://www.accessdata.fda.gov/drugsatfda_docs/nda/2022/215457Orig1s000PharmR.pdf,19,pre_ind,215457,nonclinical-pkpd; nonclinical-safety; nonclinical-package; cmc-material; cmc-controls; cmc-stability,Unreviewed strong-term hit
38c34f6480b3834116881084,https://www.accessdata.fda.gov/drugsatfda_docs/nda/2022/215888Orig1s000OtherR.pdf,99,investigator_brochure,215888,nonclinical-pkpd,Unreviewed strong-term hit
38e3cc7f595755e97bc0848b,https://www.accessdata.fda.gov/drugsatfda_docs/nda/2023/208969Orig1s000ChemR.pdf,29,pre_ind,208969,,Unreviewed strong-term hit
38e3cc7f595755e97bc0848b,https://www.accessdata.fda.gov/drugsatfda_docs/nda/2023/208969Orig1s000ChemR.pdf,35,pre_ind,208969,,Unreviewed strong-term hit
393080c12a9b767096cc2201,https://www.accessdata.fda.gov/drugsatfda_docs/nda/2021/761174Orig1s000AdminCorres.pdf,33,clinical_hold,761174,nonclinical-pharmacology,Unreviewed strong-term hit
39819094c92a8cc756d73cfc,https://www.accessdata.fda.gov/drugsatfda_docs/NDA/2026/220442Orig1s000SumR.pdf,30,clinical_hold; initial_ind; original_ind_review,220442,,Unreviewed strong-term hit
3a26aeaecf6800f9ce99b2e4,https://www.accessdata.fda.gov/drugsatfda_docs/nda/2023/216386Orig1s000AdminCorres.pdf,4,pre_ind,216386,nonclinical-safety; nonclinical-package,Unreviewed strong-term hit
3a30d72d3aaaef401fa8495b,https://www.accessdata.fda.gov/drugsatfda_docs/nda/2024/761198Orig1s000ChemR.pdf,2,pre_ind,761198,cmc-material,Unreviewed strong-term hit
3af9593bf4f7b46a91c6f367,https://www.accessdata.fda.gov/drugsatfda_docs/nda/2025/216190Orig1s000SumR.pdf,9,pre_ind,216190,cmc-material; cmc-stability,Unreviewed strong-term hit
3b0ed025969958efe2587ac2,https://www.accessdata.fda.gov/drugsatfda_docs/nda/2024/218784Orig1s000OtherR.pdf,11,investigator_brochure,218784,nonclinical-pkpd,Unreviewed strong-term hit
3b41b04edf8da6f86be925be,https://www.accessdata.fda.gov/drugsatfda_docs/nda/2021/213498Orig1s000PharmR.pdf,15,pre_ind,213498,cmc-material; cmc-controls,Unreviewed strong-term hit
3b5bf3bb0c6b2a0738587215,https://www.accessdata.fda.gov/drugsatfda_docs/nda/2023/214510Orig1s000MultidisciplineR.pdf,26,initial_ind; original_ind_review; pre_ind,214510,cmc-material,Unreviewed strong-term hit
3b5bf3bb0c6b2a0738587215,https://www.accessdata.fda.gov/drugsatfda_docs/nda/2023/214510Orig1s000MultidisciplineR.pdf,64,investigator_brochure,214510,nonclinical-pkpd; clinical,Unreviewed strong-term hit
3c31f214fce5acdb1d706f02,https://www.accessdata.fda.gov/drugsatfda_docs/nda/2023/215239Orig1s000OtherR.pdf,74,investigator_brochure,215239,nonclinical-pkpd; cmc-material,Unreviewed strong-term hit
3c4bee158edec9eaa3b38b62,https://www.accessdata.fda.gov/drugsatfda_docs/nda/2024/210852Orig1s000CrossR.pdf,18,pre_ind,210852,nonclinical-safety; cmc-material; cmc-controls; cmc-stability,Unreviewed strong-term hit
3c4db78732be20aa70a64b04,https://www.accessdata.fda.gov/drugsatfda_docs/nda/2024/219008Orig1s000AdminCorres.pdf,5,investigator_brochure; pre_ind,219008,nonclinical-safety; cmc-controls,Unreviewed strong-term hit
3c4db78732be20aa70a64b04,https://www.accessdata.fda.gov/drugsatfda_docs/nda/2024/219008Orig1s000AdminCorres.pdf,7,investigator_brochure,219008,,Unreviewed strong-term hit
3c4db78732be20aa70a64b04,https://www.accessdata.fda.gov/drugsatfda_docs/nda/2024/219008Orig1s000AdminCorres.pdf,19,clinical_hold,219008,nonclinical-safety; nonclinical-package; clinical,Unreviewed strong-term hit
3c64d9afcbcc6cb39568db3b,https://www.accessdata.fda.gov/drugsatfda_docs/nda/2025/219019Orig1s000IntegratedR.pdf,139,clinical_hold,219019,cmc-controls,Unreviewed strong-term hit
3c64d9afcbcc6cb39568db3b,https://www.accessdata.fda.gov/drugsatfda_docs/nda/2025/219019Orig1s000IntegratedR.pdf,325,ind_review,219019,nonclinical-safety; nonclinical-package,Unreviewed strong-term hit
3ce216689a1a31676fda275b,https://www.accessdata.fda.gov/drugsatfda_docs/nda/2018/125557Orig1s013.pdf,91,pre_ind,125557,clinical,Unreviewed strong-term hit
3ce216689a1a31676fda275b,https://www.accessdata.fda.gov/drugsatfda_docs/nda/2018/125557Orig1s013.pdf,117,investigator_brochure,125557,,Unreviewed strong-term hit
3da2fe7256ab16ecf4b6d477,https://www.accessdata.fda.gov/drugsatfda_docs/nda/2021/211488Orig1s000MultidisciplineR.pdf,24,may_proceed; pre_ind,211488,cmc-material; cmc-controls,Unreviewed strong-term hit
3db698cf0ac3b9ab514dc132,https://www.accessdata.fda.gov/drugsatfda_docs/nda/2025/219685Orig1s000IntegratedR.pdf,101,clinical_hold,219685,nonclinical-pkpd; nonclinical-safety; cmc-material; cmc-controls,Unreviewed strong-term hit
3e3ead46025e00310aa821f1,https://www.accessdata.fda.gov/drugsatfda_docs/nda/2025/213224Orig1s000SumR.pdf,14,pre_ind,213224,nonclinical-safety; cmc-material,Unreviewed strong-term hit
3e5dd552eb7434b9aea2926d,https://www.accessdata.fda.gov/drugsatfda_docs/nda/2022/215395Orig1s000MultidisciplineR.pdf,17,pre_ind,215395,cmc-material,Unreviewed strong-term hit
3ee6dc08ca75aacacc8a4dda,https://www.accessdata.fda.gov/drugsatfda_docs/nda/2023/761345Orig1s000AdminCorres.pdf,15,clinical_hold,761345,nonclinical-pharmacology,Unreviewed strong-term hit
3ee6dc08ca75aacacc8a4dda,https://www.accessdata.fda.gov/drugsatfda_docs/nda/2023/761345Orig1s000AdminCorres.pdf,53,investigator_brochure,761345,,Unreviewed strong-term hit
3f02d1fe81e85b4332f99a00,https://www.accessdata.fda.gov/drugsatfda_docs/nda/2023/216951Orig1s000IntegratedR.pdf,229,initial_ind,216951,nonclinical-pkpd,Unreviewed strong-term hit
3f02d1fe81e85b4332f99a00,https://www.accessdata.fda.gov/drugsatfda_docs/nda/2023/216951Orig1s000IntegratedR.pdf,230,pre_ind,216951,nonclinical-pkpd; nonclinical-safety; clinical-dose,Unreviewed strong-term hit
3f07f3fd712714ab5ed2d96c,https://www.accessdata.fda.gov/drugsatfda_docs/nda/2020/761146Orig1s000MultidisciplineR.pdf,25,may_proceed; pre_ind,761146,nonclinical-pharmacology,Unreviewed strong-term hit
3f26daba49ec97b04a7bd1ed,https://www.accessdata.fda.gov/drugsatfda_docs/nda/2026/211241Orig1s000IntegratedR.pdf,124,clinical_hold,211241,cmc-material; cmc-controls; clinical,Unreviewed strong-term hit
3f26daba49ec97b04a7bd1ed,https://www.accessdata.fda.gov/drugsatfda_docs/nda/2026/211241Orig1s000IntegratedR.pdf,226,ind_review,211241,nonclinical-safety,Unreviewed strong-term hit
3f6180dc96deb2af34da01d8,https://www.accessdata.fda.gov/drugsatfda_docs/nda/2023/216834Orig1s000OtherR.pdf,4,ind_review,216834,nonclinical-pkpd; nonclinical-safety,Unreviewed strong-term hit
3fb8f9dcca69faa2c07bc099,https://www.accessdata.fda.gov/drugsatfda_docs/nda/2023/202293Orig1s026.pdf,132,may_proceed,202293,,Unreviewed strong-term hit
3fc51742f65269e1ccd2702f,https://www.accessdata.fda.gov/drugsatfda_docs/nda/2023/125554Orig1s081.pdf,165,investigator_brochure,125554,clinical,Unreviewed strong-term hit
3fc51742f65269e1ccd2702f,https://www.accessdata.fda.gov/drugsatfda_docs/nda/2023/125554Orig1s081.pdf,167,investigator_brochure,125554,cmc-controls; clinical,Unreviewed strong-term hit
3fc51742f65269e1ccd2702f,https://www.accessdata.fda.gov/drugsatfda_docs/nda/2023/125554Orig1s081.pdf,281,investigator_brochure,125554,,Unreviewed strong-term hit
3fe5958c166bdb7d36ebfb6b,https://www.accessdata.fda.gov/drugsatfda_docs/nda/2024/217347Orig1s000MultidisciplineR.pdf,30,may_proceed; pre_ind,217347,nonclinical-safety; cmc-controls,Unreviewed strong-term hit
4091a0561bcbaf159c38b1f7,https://www.accessdata.fda.gov/drugsatfda_docs/nda/2023/216264Orig1s000AdminCorres.pdf,33,pre_ind,216264,nonclinical-safety,Unreviewed strong-term hit
4091a0561bcbaf159c38b1f7,https://www.accessdata.fda.gov/drugsatfda_docs/nda/2023/216264Orig1s000AdminCorres.pdf,37,pre_ind,216264,nonclinical-package,Unreviewed strong-term hit
40c8a912d10023e08a2c939e,https://www.accessdata.fda.gov/drugsatfda_docs/nda/2020/213969Orig1s000IntegratedR.pdf,36,pre_ind,213969,cmc-material; clinical-dose,Unreviewed strong-term hit
40c8a912d10023e08a2c939e,https://www.accessdata.fda.gov/drugsatfda_docs/nda/2020/213969Orig1s000IntegratedR.pdf,38,pre_ind,213969,clinical,Unreviewed strong-term hit
40c8a912d10023e08a2c939e,https://www.accessdata.fda.gov/drugsatfda_docs/nda/2020/213969Orig1s000IntegratedR.pdf,125,ind_review; initial_ind; pre_ind,213969,clinical,Unreviewed strong-term hit
40c8a912d10023e08a2c939e,https://www.accessdata.fda.gov/drugsatfda_docs/nda/2020/213969Orig1s000IntegratedR.pdf,126,initial_ind; may_proceed; original_ind_review,213969,nonclinical-pkpd; clinical,Unreviewed strong-term hit
40c8a912d10023e08a2c939e,https://www.accessdata.fda.gov/drugsatfda_docs/nda/2020/213969Orig1s000IntegratedR.pdf,141,pre_ind,213969,nonclinical-safety; nonclinical-package; cmc-material; cmc-controls,Unreviewed strong-term hit
40c8a912d10023e08a2c939e,https://www.accessdata.fda.gov/drugsatfda_docs/nda/2020/213969Orig1s000IntegratedR.pdf,207,ind_review,213969,nonclinical-safety,Unreviewed strong-term hit
40d83eceab88f08f739cf757,https://www.accessdata.fda.gov/drugsatfda_docs/nda/2022/213436Orig1s000MedR.pdf,17,pre_ind,213436,nonclinical-safety,Unreviewed strong-term hit
40d83eceab88f08f739cf757,https://www.accessdata.fda.gov/drugsatfda_docs/nda/2022/213436Orig1s000MedR.pdf,18,initial_ind; pre_ind,213436,,Unreviewed strong-term hit
40d83eceab88f08f739cf757,https://www.accessdata.fda.gov/drugsatfda_docs/nda/2022/213436Orig1s000MedR.pdf,24,pre_ind,213436,nonclinical-pkpd; nonclinical-safety; cmc-material,Unreviewed strong-term hit
410bad3954dbb5f09ef2b41d,https://www.accessdata.fda.gov/drugsatfda_docs/nda/2020/213969Orig1s000RiskR.pdf,5,pre_ind,213969,nonclinical-pkpd; nonclinical-safety; nonclinical-package; cmc-controls; cmc-stability; clinical-dose,Unreviewed strong-term hit
41532d606503c933c0262f1b,https://www.accessdata.fda.gov/drugsatfda_docs/nda/2024/216158Orig1s000IntegratedR.pdf,169,clinical_hold,216158,nonclinical-pkpd; nonclinical-safety; nonclinical-package; cmc-controls; clinical; clinical-dose,Unreviewed strong-term hit
41532d606503c933c0262f1b,https://www.accessdata.fda.gov/drugsatfda_docs/nda/2024/216158Orig1s000IntegratedR.pdf,170,clinical_hold,216158,nonclinical-pkpd; nonclinical-safety; nonclinical-package; clinical-dose,Unreviewed strong-term hit
41532d606503c933c0262f1b,https://www.accessdata.fda.gov/drugsatfda_docs/nda/2024/216158Orig1s000IntegratedR.pdf,330,investigator_brochure,216158,nonclinical-pkpd; nonclinical-safety,Unreviewed strong-term hit
4155ba35f7f9014ee22aad09,https://www.accessdata.fda.gov/drugsatfda_docs/nda/2024/216632Orig1s000AdminCorres.pdf,13,pre_ind,216632,nonclinical-pkpd,Unreviewed strong-term hit
4155ba35f7f9014ee22aad09,https://www.accessdata.fda.gov/drugsatfda_docs/nda/2024/216632Orig1s000AdminCorres.pdf,14,pre_ind,216632,nonclinical-pkpd; nonclinical-safety,Unreviewed strong-term hit
41c2970667d7062695fc11a8,https://www.accessdata.fda.gov/drugsatfda_docs/nda/2026/217806Orig1s013.pdf,131,ind_review,217806,cmc-stability,Unreviewed strong-term hit
41c2970667d7062695fc11a8,https://www.accessdata.fda.gov/drugsatfda_docs/nda/2026/217806Orig1s013.pdf,231,ind_review,217806,cmc-stability,Unreviewed strong-term hit
41c7b7df866653c93ec64994,https://www.accessdata.fda.gov/drugsatfda_docs/nda/2023/761192Orig1s000OtherR.pdf,19,investigator_brochure,761192,nonclinical-pkpd,Unreviewed strong-term hit
41c7ce3de12f9e66fbf861f8,https://www.accessdata.fda.gov/drugsatfda_docs/nda/2020/209472Orig1s000AdminCorres.pdf,3,pre_ind,209472,,Unreviewed strong-term hit
41ee0882d238c1171f2b95ce,https://www.accessdata.fda.gov/drugsatfda_docs/nda/2021/761166Orig1s000ClinPharmR.pdf,10,initial_ind,761166,nonclinical-pharmacology; nonclinical-pkpd; cmc-material,Unreviewed strong-term hit
41f21e10230e9daf3438705b,https://www.accessdata.fda.gov/drugsatfda_docs/nda/2023/209899Orig1s001.pdf,69,may_proceed; pre_ind,209899,nonclinical-pkpd; clinical,Unreviewed strong-term hit
41f4c8c23ebe334acd367f62,https://www.accessdata.fda.gov/drugsatfda_docs/nda/2025/761338Orig1Orig2s000AdminCorres.pdf,50,may_proceed,761338,cmc-stability,Unreviewed strong-term hit
41f4c8c23ebe334acd367f62,https://www.accessdata.fda.gov/drugsatfda_docs/nda/2025/761338Orig1Orig2s000AdminCorres.pdf,61,may_proceed,761338,cmc-controls,Unreviewed strong-term hit
41f80f4ebb791dd6ee42470f,https://www.accessdata.fda.gov/drugsatfda_docs/nda/2024/218490Orig1s000IntegratedR.pdf,104,ind_review,218490,nonclinical-safety,Unreviewed strong-term hit
4200ae4f5e7814b62f50632a,https://www.accessdata.fda.gov/drugsatfda_docs/nda/2023/215887Orig1s000IntegratedR.pdf,176,initial_ind; original_ind_review; pre_ind,215887,nonclinical-pkpd; nonclinical-safety,Unreviewed strong-term hit
420e4f8b723ebbe52bda7f7f,https://www.accessdata.fda.gov/drugsatfda_docs/nda/2025/211448Orig1s000MultidisciplineR.pdf,38,pre_ind,211448,cmc-material; cmc-stability,Unreviewed strong-term hit
420e4f8b723ebbe52bda7f7f,https://www.accessdata.fda.gov/drugsatfda_docs/nda/2025/211448Orig1s000MultidisciplineR.pdf,46,pre_ind,211448,nonclinical-pkpd; cmc-material,Unreviewed strong-term hit
4234dadc5e6e366b6f32c9a8,https://www.accessdata.fda.gov/drugsatfda_docs/nda/2026/217906Orig1s000MultidisciplineR.pdf,27,pre_ind,217906,cmc-controls,Unreviewed strong-term hit
4234dadc5e6e366b6f32c9a8,https://www.accessdata.fda.gov/drugsatfda_docs/nda/2026/217906Orig1s000MultidisciplineR.pdf,28,ind_review; may_proceed,217906,clinical,Unreviewed strong-term hit
4234dadc5e6e366b6f32c9a8,https://www.accessdata.fda.gov/drugsatfda_docs/nda/2026/217906Orig1s000MultidisciplineR.pdf,94,ind_review,217906,,Unreviewed strong-term hit
424bdfd7ca6a9b37d556fe4b,https://www.accessdata.fda.gov/drugsatfda_docs/nda/2021/211964Orig1s000IntegratedR.pdf,34,pre_ind,211964,nonclinical-pkpd; nonclinical-safety; nonclinical-package; cmc-material; clinical-dose,Unreviewed strong-term hit
424bdfd7ca6a9b37d556fe4b,https://www.accessdata.fda.gov/drugsatfda_docs/nda/2021/211964Orig1s000IntegratedR.pdf,133,pre_ind,211964,nonclinical-pkpd,Unreviewed strong-term hit
427963af6b8953a6726c1862,https://www.accessdata.fda.gov/drugsatfda_docs/nda/2025/217186Orig1s000OtherR.pdf,17,investigator_brochure,217186,,Unreviewed strong-term hit
427963af6b8953a6726c1862,https://www.accessdata.fda.gov/drugsatfda_docs/nda/2025/217186Orig1s000OtherR.pdf,37,investigator_brochure,217186,nonclinical-pkpd; cmc-material,Unreviewed strong-term hit
42865bba72ed5258b224a6f0,https://www.accessdata.fda.gov/drugsatfda_docs/nda/2025/219293Orig1s000PharmR.pdf,2,pre_ind,219293,nonclinical-safety; nonclinical-package; cmc-material; cmc-controls,Unreviewed strong-term hit
42b75333f1a325b9f513f42a,https://www.accessdata.fda.gov/drugsatfda_docs/nda/2023/216873Orig1s000AdminCorres.pdf,25,investigator_brochure,216873,nonclinical-pkpd; clinical,Unreviewed strong-term hit
42d6237d99d04a07f99bb878,https://www.accessdata.fda.gov/drugsatfda_docs/nda/2024/217806Orig1s000MedR.pdf,30,pre_ind,217806,clinical,Unreviewed strong-term hit
43c35baa3c80fc8dabfe98d5,https://www.accessdata.fda.gov/drugsatfda_docs/nda/2022/210526Orig1s000MultidisciplineR.pdf,35,pre_ind,210526,nonclinical-pkpd; cmc-material; clinical,Unreviewed strong-term hit
43c35baa3c80fc8dabfe98d5,https://www.accessdata.fda.gov/drugsatfda_docs/nda/2022/210526Orig1s000MultidisciplineR.pdf,62,pre_ind,210526,,Unreviewed strong-term hit
440c2f5438a09147d0295064,https://www.accessdata.fda.gov/drugsatfda_docs/nda/2024/215430Orig1s000OtherR.pdf,110,investigator_brochure,215430,nonclinical-pkpd,Unreviewed strong-term hit
4422c4b01dbd6e9035083e75,https://www.accessdata.fda.gov/drugsatfda_docs/nda/2025/218590Orig1s000OtherR.pdf,8,pre_ind,218590,,Unreviewed strong-term hit
4448c5b351aac1641ca31fa5,https://www.accessdata.fda.gov/drugsatfda_docs/nda/2023/214860Orig1s000MultidisciplineR.pdf,27,initial_ind; original_ind_review,214860,nonclinical-safety; cmc-controls,Unreviewed strong-term hit
4448c5b351aac1641ca31fa5,https://www.accessdata.fda.gov/drugsatfda_docs/nda/2023/214860Orig1s000MultidisciplineR.pdf,61,initial_ind; original_ind_review,214860,,Unreviewed strong-term hit
4474373c795ad6980b2e82bb,https://www.accessdata.fda.gov/drugsatfda_docs/nda/2019/208215Orig1s012.pdf,76,pre_ind,208215,nonclinical-pkpd; clinical,Unreviewed strong-term hit
44b8db5cdd84e235e1ad2a64,https://www.accessdata.fda.gov/drugsatfda_docs/nda/2022/213426Orig1s000MedR.pdf,22,pre_ind,213426,cmc-material,Unreviewed strong-term hit
44b8db5cdd84e235e1ad2a64,https://www.accessdata.fda.gov/drugsatfda_docs/nda/2022/213426Orig1s000MedR.pdf,23,pre_ind,213426,nonclinical-pkpd; cmc-material,Unreviewed strong-term hit
45c586eb6827fdb273d14bb5,https://www.accessdata.fda.gov/drugsatfda_docs/nda/2021/213716Orig1s000MultidisciplineR.pdf,301,ind_review,213716,nonclinical-safety,Unreviewed strong-term hit
45c586eb6827fdb273d14bb5,https://www.accessdata.fda.gov/drugsatfda_docs/nda/2021/213716Orig1s000MultidisciplineR.pdf,303,may_proceed,213716,nonclinical-pkpd; nonclinical-safety; clinical; clinical-dose,Unreviewed strong-term hit
45c586eb6827fdb273d14bb5,https://www.accessdata.fda.gov/drugsatfda_docs/nda/2021/213716Orig1s000MultidisciplineR.pdf,307,investigator_brochure,213716,nonclinical-safety; nonclinical-package; clinical,Unreviewed strong-term hit
45deaef53b98d93d0e10159c,https://www.accessdata.fda.gov/drugsatfda_docs/nda/2025/218590Orig1s000AdminCorres.pdf,5,initial_ind; pre_ind,218590,nonclinical-pkpd,Unreviewed strong-term hit
45deaef53b98d93d0e10159c,https://www.accessdata.fda.gov/drugsatfda_docs/nda/2025/218590Orig1s000AdminCorres.pdf,27,initial_ind,218590,nonclinical-pkpd; nonclinical-safety; nonclinical-package,Unreviewed strong-term hit
462d6115d0192c370f3f9d7f,https://www.accessdata.fda.gov/drugsatfda_docs/nda/2016/021344Orig1s026.pdf,261,ind_review,021344,nonclinical-pkpd; nonclinical-safety,Unreviewed strong-term hit
4652087657cd9b80678a1c0f,https://www.accessdata.fda.gov/drugsatfda_docs/nda/2020/206966Orig1s000MedR.pdf,71,pre_ind,206966,nonclinical-pkpd; cmc-stability; clinical,Unreviewed strong-term hit
465d7848ee9680a7830a37f2,https://www.accessdata.fda.gov/drugsatfda_docs/nda/2023/761238Orig1s000OtherR.pdf,66,investigator_brochure,761238,clinical,Unreviewed strong-term hit
4677b76e41fb0f75b03f180e,https://www.accessdata.fda.gov/drugsatfda_docs/nda/2019/125057Orig1s393.pdf,225,initial_ind,125057,cmc-material; cmc-controls,Unreviewed strong-term hit
47b63aff619c15e20ad260fd,https://www.accessdata.fda.gov/drugsatfda_docs/nda/2021/213876Orig1s000SumR.pdf,12,pre_ind,213876,nonclinical-pkpd; nonclinical-safety; cmc-material,Unreviewed strong-term hit
47cec7f501d9b025fd1fa96c,https://www.accessdata.fda.gov/drugsatfda_docs/nda/2024/215064Orig1s000MultidisciplineR.pdf,14,pre_ind,215064,clinical,Unreviewed strong-term hit
47cec7f501d9b025fd1fa96c,https://www.accessdata.fda.gov/drugsatfda_docs/nda/2024/215064Orig1s000MultidisciplineR.pdf,55,pre_ind,215064,nonclinical-pkpd; nonclinical-safety; cmc-material; cmc-controls,Unreviewed strong-term hit
47cec7f501d9b025fd1fa96c,https://www.accessdata.fda.gov/drugsatfda_docs/nda/2024/215064Orig1s000MultidisciplineR.pdf,56,may_proceed,215064,nonclinical-pkpd; nonclinical-safety; cmc-material,Unreviewed strong-term hit
47cec7f501d9b025fd1fa96c,https://www.accessdata.fda.gov/drugsatfda_docs/nda/2024/215064Orig1s000MultidisciplineR.pdf,93,pre_ind,215064,nonclinical-pharmacology; clinical,Unreviewed strong-term hit
47cec7f501d9b025fd1fa96c,https://www.accessdata.fda.gov/drugsatfda_docs/nda/2024/215064Orig1s000MultidisciplineR.pdf,94,pre_ind,215064,nonclinical-safety; clinical,Unreviewed strong-term hit
47dbd8d290f8995e4aab4a9f,https://www.accessdata.fda.gov/drugsatfda_docs/nda/2015/204042Orig1s013.pdf,70,investigator_brochure,204042,nonclinical-pkpd,Unreviewed strong-term hit
4855f00f54f151872059047c,https://www.accessdata.fda.gov/drugsatfda_docs/nda/2023/215352Orig1s000PharmR.pdf,13,initial_ind; pre_ind,215352,nonclinical-safety; nonclinical-package; cmc-controls,Unreviewed strong-term hit
4855f00f54f151872059047c,https://www.accessdata.fda.gov/drugsatfda_docs/nda/2023/215352Orig1s000PharmR.pdf,14,initial_ind; pre_ind,215352,,Unreviewed strong-term hit
4863b1fdd5764edd4aceb970,https://www.accessdata.fda.gov/drugsatfda_docs/nda/2022/205832Orig1s012.pdf,55,may_proceed; pre_ind,205832,clinical,Unreviewed strong-term hit
489b1be7c6f575d124d63c87,https://www.accessdata.fda.gov/drugsatfda_docs/nda/2021/214487Orig1s000OtherR.pdf,72,investigator_brochure,214487,nonclinical-pkpd,Unreviewed strong-term hit
48ab80dfa337412a8e1503fc,https://www.accessdata.fda.gov/drugsatfda_docs/nda/2025/214759Orig1s000AdminCorres.pdf,12,investigator_brochure,214759,nonclinical-pkpd; nonclinical-package; cmc-controls; clinical,Unreviewed strong-term hit
48ab80dfa337412a8e1503fc,https://www.accessdata.fda.gov/drugsatfda_docs/nda/2025/214759Orig1s000AdminCorres.pdf,27,investigator_brochure,214759,nonclinical-safety; nonclinical-package,Unreviewed strong-term hit
48c559c5c770e211528aad04,https://www.accessdata.fda.gov/drugsatfda_docs/nda/2023/761334Orig1s000MultidisciplineR.pdf,23,may_proceed,761334,nonclinical-safety; nonclinical-package; cmc-controls; clinical,Unreviewed strong-term hit
48c631ab85db28212c16095e,https://www.accessdata.fda.gov/drugsatfda_docs/nda/2024/210136Orig1s000PharmR.pdf,299,initial_ind; pre_ind,210136,nonclinical-pkpd; nonclinical-safety; nonclinical-package; cmc-material,Unreviewed strong-term hit
49405650a2f0bc8e1c2b1969,https://www.accessdata.fda.gov/drugsatfda_docs/nda/2022/214133Orig1s000MultidisciplineR.pdf,44,may_proceed,214133,nonclinical-pkpd; clinical,Unreviewed strong-term hit
495be59461caca7c82fe7edc,https://www.accessdata.fda.gov/drugsatfda_docs/nda/2021/209511Orig1s000AdminCorres.pdf,74,clinical_hold; initial_ind,209511,nonclinical-pkpd; nonclinical-safety; cmc-material; cmc-controls,Unreviewed strong-term hit
495c36ddf8638ccb6e503b40,https://www.accessdata.fda.gov/drugsatfda_docs/nda/2025/219304Orig1s000MultidisciplineR.pdf,32,may_proceed; pre_ind,219304,nonclinical-safety,Unreviewed strong-term hit
495c36ddf8638ccb6e503b40,https://www.accessdata.fda.gov/drugsatfda_docs/nda/2025/219304Orig1s000MultidisciplineR.pdf,169,initial_ind; original_ind_review,219304,clinical; clinical-dose,Unreviewed strong-term hit
499388c495d686f3ea0c839a,https://www.accessdata.fda.gov/drugsatfda_docs/nda/2020/206966Orig1s000StatR.pdf,5,initial_ind; pre_ind,206966,,Unreviewed strong-term hit
49cbcb4b4c84caa44e391d16,https://www.accessdata.fda.gov/drugsatfda_docs/nda/2022/215428Orig1s000MultidisciplineR.pdf,13,pre_ind,215428,nonclinical-pkpd; cmc-material; cmc-stability,Unreviewed strong-term hit
4a140aa166a58a946c1f0547,https://www.accessdata.fda.gov/drugsatfda_docs/nda/2024/215487Orig1s000ClinPharmR.pdf,5,pre_ind,215487,nonclinical-pkpd; nonclinical-safety,Unreviewed strong-term hit
4a589648c90a92a814b75fb3,https://www.accessdata.fda.gov/drugsatfda_docs/nda/2020/213702Orig1s000MultidisciplineR.pdf,25,clinical_hold; pre_ind,213702,nonclinical-pkpd; clinical,Unreviewed strong-term hit
4a589648c90a92a814b75fb3,https://www.accessdata.fda.gov/drugsatfda_docs/nda/2020/213702Orig1s000MultidisciplineR.pdf,26,clinical_hold,213702,clinical,Unreviewed strong-term hit
4a589648c90a92a814b75fb3,https://www.accessdata.fda.gov/drugsatfda_docs/nda/2020/213702Orig1s000MultidisciplineR.pdf,44,initial_ind,213702,nonclinical-pkpd; nonclinical-safety,Unreviewed strong-term hit
4a83ea11507b9f6d93a2d1f4,https://www.accessdata.fda.gov/drugsatfda_docs/nda/2023/217003Orig1s000ChemR.pdf,22,ind_review,217003,,Unreviewed strong-term hit
4ab5803dcb6ba8617893c074,https://www.accessdata.fda.gov/drugsatfda_docs/nda/2024/216540Orig1s000AdminCorres.pdf,5,may_proceed,216540,nonclinical-pkpd; nonclinical-package,Unreviewed strong-term hit
4b19c4398de8bad86d3953ba,https://www.accessdata.fda.gov/drugsatfda_docs/nda/2025/219839Orig1s000AdminCorres.pdf,2,clinical_hold,219839,nonclinical-pharmacology,Unreviewed strong-term hit
4bba73590ec8d7633f7280bf,https://www.accessdata.fda.gov/drugsatfda_docs/nda/2025/214755Orig1s006.pdf,300,may_proceed,214755,,Unreviewed strong-term hit
4bba73590ec8d7633f7280bf,https://www.accessdata.fda.gov/drugsatfda_docs/nda/2025/214755Orig1s006.pdf,301,may_proceed,214755,,Unreviewed strong-term hit
4be4ac6f42ae96d772a85428,https://www.accessdata.fda.gov/drugsatfda_docs/nda/2023/761339Orig1s000MultidisciplineR.pdf,31,initial_ind; may_proceed; original_ind_review; pre_ind,761339,,Unreviewed strong-term hit
4be5897f28528c33c65490df,https://www.accessdata.fda.gov/drugsatfda_docs/nda/2023/216185Orig1s000MedR.pdf,21,pre_ind,216185,nonclinical-pkpd; cmc-controls,Unreviewed strong-term hit
4becf9bf5ec963d1271a3f39,https://www.accessdata.fda.gov/drugsatfda_docs/nda/2022/761231Orig1s000MultidisciplineR.pdf,22,initial_ind,761231,cmc-controls,Unreviewed strong-term hit
4c2b585d7e999c7f0f32afc3,https://www.accessdata.fda.gov/drugsatfda_docs/nda/2012/202379Orig1s005.pdf,499,pre_ind,202379,,Unreviewed strong-term hit
4cd269cf652ca24c45ed790a,https://www.accessdata.fda.gov/drugsatfda_docs/nda/2022/213581Orig1s000SumR.pdf,7,pre_ind,213581,cmc-material,Unreviewed strong-term hit
4cfbf7f5f6f7173f05c788ed,https://www.accessdata.fda.gov/drugsatfda_docs/nda/2024/218010Orig1s000MedR.pdf,13,pre_ind,218010,cmc-material,Unreviewed strong-term hit
4d065773a78a0f6944853a30,https://www.accessdata.fda.gov/drugsatfda_docs/nda/2025/219122Orig1s000AdminCorres.pdf,3,pre_ind,219122,cmc-material,Unreviewed strong-term hit
4d4f0697963aa93c01f0f91f,https://www.accessdata.fda.gov/drugsatfda_docs/nda/2023/125554Orig1s022.pdf,75,initial_ind,125554,clinical,Unreviewed strong-term hit
4d4f0697963aa93c01f0f91f,https://www.accessdata.fda.gov/drugsatfda_docs/nda/2023/125554Orig1s022.pdf,105,may_proceed,125554,,Unreviewed strong-term hit
4d88c88665ef9b2b80dd6156,https://www.accessdata.fda.gov/drugsatfda_docs/nda/2022/761055Orig1s040.pdf,112,pre_ind,761055,,Unreviewed strong-term hit
4df37aef3be12ebaff1b6698,https://www.accessdata.fda.gov/drugsatfda_docs/nda/2025/761420Orig1s000MultidisciplineR.pdf,24,pre_ind,761420,cmc-material,Unreviewed strong-term hit
4df37aef3be12ebaff1b6698,https://www.accessdata.fda.gov/drugsatfda_docs/nda/2025/761420Orig1s000MultidisciplineR.pdf,26,may_proceed,761420,nonclinical-pkpd; cmc-material; clinical,Unreviewed strong-term hit
4e2e245fbb20bfa0ab43c4a6,https://www.accessdata.fda.gov/drugsatfda_docs/nda/2022/761310Orig1s000AdminCorres.pdf,58,investigator_brochure,761310,nonclinical-pkpd; cmc-controls; clinical,Unreviewed strong-term hit
4e2e245fbb20bfa0ab43c4a6,https://www.accessdata.fda.gov/drugsatfda_docs/nda/2022/761310Orig1s000AdminCorres.pdf,63,investigator_brochure,761310,nonclinical-pkpd; nonclinical-safety,Unreviewed strong-term hit
4e63185fec27bd4f7025187f,https://www.accessdata.fda.gov/drugsatfda_docs/nda/2020/761115Orig1s000MultidisciplineR.pdf,21,initial_ind; original_ind_review,761115,cmc-controls,Unreviewed strong-term hit
4e63185fec27bd4f7025187f,https://www.accessdata.fda.gov/drugsatfda_docs/nda/2020/761115Orig1s000MultidisciplineR.pdf,165,initial_ind; original_ind_review,761115,,Unreviewed strong-term hit
4e83a78d1d49b66a5dc5cf7b,https://www.accessdata.fda.gov/drugsatfda_docs/nda/2021/214793Orig1s000MultidisciplineR.pdf,27,pre_ind,214793,,Unreviewed strong-term hit
4f275019e7a9b4aedf6040c2,https://www.accessdata.fda.gov/drugsatfda_docs/nda/2025/214697Orig1s000AdminCorres.pdf,52,investigator_brochure; may_proceed,214697,nonclinical-pkpd; nonclinical-safety; nonclinical-package; cmc-material; cmc-stability,Unreviewed strong-term hit
4fa3e81cf3b1bbe76e2a0751,https://www.accessdata.fda.gov/drugsatfda_docs/nda/2023/214755Orig1s000MedR.pdf,25,pre_ind,214755,cmc-material,Unreviewed strong-term hit
4fb4963e2848c2d9eb613e45,https://www.accessdata.fda.gov/drugsatfda_docs/nda/2025/219070Orig1s000OtherR.pdf,38,ind_review,219070,cmc-material,Unreviewed strong-term hit
4fd8b802bc6a1b4b4de56f38,https://www.accessdata.fda.gov/drugsatfda_docs/nda/2022/214324Orig1s000AdminCorres.pdf,3,pre_ind,214324,cmc-material,Unreviewed strong-term hit
4fd8b802bc6a1b4b4de56f38,https://www.accessdata.fda.gov/drugsatfda_docs/nda/2022/214324Orig1s000AdminCorres.pdf,5,pre_ind,214324,nonclinical-pkpd; nonclinical-safety; cmc-material; cmc-controls,Unreviewed strong-term hit
4ff6660564f206250ed86f55,https://www.accessdata.fda.gov/drugsatfda_docs/nda/2023/215813Orig1s000AdminCorres.pdf,3,pre_ind,215813,,Unreviewed strong-term hit
50cb57c5a04156c33c6218b2,https://www.accessdata.fda.gov/drugsatfda_docs/nda/2025/219293Orig1s000AdminCorres.pdf,6,pre_ind,219293,nonclinical-pkpd; nonclinical-safety; nonclinical-package,Unreviewed strong-term hit
50de20007e22ff96e087b5d9,https://www.accessdata.fda.gov/drugsatfda_docs/nda/2025/217673Orig1s000IntegratedR.pdf,127,investigator_brochure,217673,cmc-material; cmc-controls; clinical,Unreviewed strong-term hit
50e22ccf020043e1b3eae41d,https://www.accessdata.fda.gov/drugsatfda_docs/nda/2020/213411Orig1s000AdminCorres.pdf,2,clinical_hold,213411,nonclinical-pharmacology,Unreviewed strong-term hit
50e22ccf020043e1b3eae41d,https://www.accessdata.fda.gov/drugsatfda_docs/nda/2020/213411Orig1s000AdminCorres.pdf,34,investigator_brochure,213411,nonclinical-pkpd; clinical,Unreviewed strong-term hit
511e73d3a0b2562a589260cf,https://www.accessdata.fda.gov/drugsatfda_docs/nda/2024/761344Orig1s000AdminCorres.pdf,2,clinical_hold,761344,nonclinical-pharmacology,Unreviewed strong-term hit
511fb87d6ff558dad367455e,https://www.accessdata.fda.gov/drugsatfda_docs/nda/2020/761163Orig1s000AdminCorres.pdf,29,clinical_hold,761163,nonclinical-pharmacology,Unreviewed strong-term hit
5134db47cd0786374ca5dc5f,https://www.accessdata.fda.gov/drugsatfda_docs/nda/2020/213736Orig1s000AdminCorres.pdf,10,initial_ind; may_proceed,213736,nonclinical-safety; cmc-controls; clinical,Unreviewed strong-term hit
5134db47cd0786374ca5dc5f,https://www.accessdata.fda.gov/drugsatfda_docs/nda/2020/213736Orig1s000AdminCorres.pdf,11,ind_review,213736,clinical,Unreviewed strong-term hit
5134db47cd0786374ca5dc5f,https://www.accessdata.fda.gov/drugsatfda_docs/nda/2020/213736Orig1s000AdminCorres.pdf,31,clinical_hold,213736,nonclinical-pharmacology,Unreviewed strong-term hit
5134db47cd0786374ca5dc5f,https://www.accessdata.fda.gov/drugsatfda_docs/nda/2020/213736Orig1s000AdminCorres.pdf,44,initial_ind; may_proceed,213736,clinical,Unreviewed strong-term hit
513f29a763393b035f1a7f8f,https://www.accessdata.fda.gov/drugsatfda_docs/nda/2024/215192Orig1s000OtherR.pdf,169,investigator_brochure,215192,nonclinical-pkpd,Unreviewed strong-term hit
517773328933685cb065dcf1,https://www.accessdata.fda.gov/drugsatfda_docs/nda/2024/761355Orig1s000StatR.pdf,11,pre_ind,761355,,Unreviewed strong-term hit
51b9ef387f80bac5e19f515a,https://www.accessdata.fda.gov/drugsatfda_docs/nda/2020/213411Orig1s000MultidisciplineR.pdf,26,may_proceed,213411,,Unreviewed strong-term hit
51b9ef387f80bac5e19f515a,https://www.accessdata.fda.gov/drugsatfda_docs/nda/2020/213411Orig1s000MultidisciplineR.pdf,55,initial_ind,213411,nonclinical-pkpd; nonclinical-safety,Unreviewed strong-term hit
51da10deb91cf2e49571b755,https://www.accessdata.fda.gov/drugsatfda_docs/nda/2026/215400Orig1s000MedR.pdf,17,pre_ind,215400,nonclinical-pkpd,Unreviewed strong-term hit
51da10deb91cf2e49571b755,https://www.accessdata.fda.gov/drugsatfda_docs/nda/2026/215400Orig1s000MedR.pdf,18,pre_ind,215400,nonclinical-package; cmc-material; cmc-controls; cmc-stability,Unreviewed strong-term hit
521054b5b28bae8cc3a7fea7,https://www.accessdata.fda.gov/drugsatfda_docs/nda/2020/206966Orig1s000SumR.pdf,12,pre_ind,206966,nonclinical-pkpd; nonclinical-safety; cmc-material; cmc-stability,Unreviewed strong-term hit
521054b5b28bae8cc3a7fea7,https://www.accessdata.fda.gov/drugsatfda_docs/nda/2020/206966Orig1s000SumR.pdf,15,initial_ind,206966,nonclinical-safety; cmc-material; cmc-controls; clinical-dose,Unreviewed strong-term hit
5234014a83141bea5e8c2c02,https://www.accessdata.fda.gov/drugsatfda_docs/nda/2021/213422Orig1s000AdminCorres.pdf,4,may_proceed; pre_ind,213422,,Unreviewed strong-term hit
5257915f7c13200b2b934140,https://www.accessdata.fda.gov/drugsatfda_docs/nda/2025/219208Orig1s000IntegratedR.pdf,196,investigator_brochure,219208,clinical,Unreviewed strong-term hit
5281fa201eeb370647ef5a3c,https://www.accessdata.fda.gov/drugsatfda_docs/nda/2025/219616Orig1s000MultidisciplineR.pdf,29,may_proceed,219616,nonclinical-safety; cmc-controls,Unreviewed strong-term hit
5281fa201eeb370647ef5a3c,https://www.accessdata.fda.gov/drugsatfda_docs/nda/2025/219616Orig1s000MultidisciplineR.pdf,30,pre_ind,219616,nonclinical-safety,Unreviewed strong-term hit
528cc6fe7f5f420ede774cf1,https://www.accessdata.fda.gov/drugsatfda_docs/nda/2020/201110Orig1s000MedR.pdf,41,investigator_brochure,201110,,Unreviewed strong-term hit
528cc6fe7f5f420ede774cf1,https://www.accessdata.fda.gov/drugsatfda_docs/nda/2020/201110Orig1s000MedR.pdf,219,initial_ind,201110,nonclinical-pkpd; nonclinical-safety; cmc-material; cmc-controls,Unreviewed strong-term hit
52a6ca044f8b1dd2f0f8fa39,https://www.accessdata.fda.gov/drugsatfda_docs/nda/2023/216359Orig1s000OtherR.pdf,8,pre_ind,216359,cmc-material; cmc-controls,Unreviewed strong-term hit
52a6ca044f8b1dd2f0f8fa39,https://www.accessdata.fda.gov/drugsatfda_docs/nda/2023/216359Orig1s000OtherR.pdf,57,pre_ind,216359,nonclinical-pkpd; cmc-material; clinical,Unreviewed strong-term hit
52a6ca044f8b1dd2f0f8fa39,https://www.accessdata.fda.gov/drugsatfda_docs/nda/2023/216359Orig1s000OtherR.pdf,67,pre_ind,216359,,Unreviewed strong-term hit
52a6ca044f8b1dd2f0f8fa39,https://www.accessdata.fda.gov/drugsatfda_docs/nda/2023/216359Orig1s000OtherR.pdf,79,pre_ind,216359,,Unreviewed strong-term hit
52b4be80389ee437afbc9d7b,https://www.accessdata.fda.gov/drugsatfda_docs/nda/2020/209405Orig1s000ChemR.pdf,4,pre_ind,209405,cmc-material; cmc-controls; cmc-stability,Unreviewed strong-term hit
52b4be80389ee437afbc9d7b,https://www.accessdata.fda.gov/drugsatfda_docs/nda/2020/209405Orig1s000ChemR.pdf,13,pre_ind,209405,,Unreviewed strong-term hit
52bf3b5930ad362e0d6ce6fc,https://www.accessdata.fda.gov/drugsatfda_docs/nda/2022/761235Orig1s000AdminCorres.pdf,52,investigator_brochure,761235,nonclinical-pkpd,Unreviewed strong-term hit
52ec7c45f10f57e342a89ae7,https://www.accessdata.fda.gov/drugsatfda_docs/nda/2020/212154Orig1s000MedR.pdf,19,pre_ind,212154,clinical-dose,Unreviewed strong-term hit
52ec7c45f10f57e342a89ae7,https://www.accessdata.fda.gov/drugsatfda_docs/nda/2020/212154Orig1s000MedR.pdf,26,pre_ind,212154,clinical,Unreviewed strong-term hit
53137020f8ac0ac4eb95c78e,https://www.accessdata.fda.gov/drugsatfda_docs/nda/2023/215441Orig1s000AdminCorres.pdf,3,pre_ind,215441,cmc-controls; cmc-stability,Unreviewed strong-term hit
53146843f3439999b043c6f1,https://www.accessdata.fda.gov/drugsatfda_docs/nda/2019/202806Orig1s002.pdf,59,pre_ind,202806,,Unreviewed strong-term hit
53146843f3439999b043c6f1,https://www.accessdata.fda.gov/drugsatfda_docs/nda/2019/202806Orig1s002.pdf,102,pre_ind,202806,nonclinical-pkpd; cmc-material,Unreviewed strong-term hit
531526c069bcb209ac568e4f,https://www.accessdata.fda.gov/drugsatfda_docs/nda/2023/125118Orig1s240.pdf,105,pre_ind,125118,cmc-material,Unreviewed strong-term hit
531526c069bcb209ac568e4f,https://www.accessdata.fda.gov/drugsatfda_docs/nda/2023/125118Orig1s240.pdf,106,may_proceed,125118,clinical,Unreviewed strong-term hit
531526c069bcb209ac568e4f,https://www.accessdata.fda.gov/drugsatfda_docs/nda/2023/125118Orig1s240.pdf,151,pre_ind,125118,clinical,Unreviewed strong-term hit
531526c069bcb209ac568e4f,https://www.accessdata.fda.gov/drugsatfda_docs/nda/2023/125118Orig1s240.pdf,186,may_proceed,125118,nonclinical-pkpd; cmc-material; clinical,Unreviewed strong-term hit
531526c069bcb209ac568e4f,https://www.accessdata.fda.gov/drugsatfda_docs/nda/2023/125118Orig1s240.pdf,380,may_proceed,125118,,Unreviewed strong-term hit
5317d93ee48c600d9790ae40,https://www.accessdata.fda.gov/drugsatfda_docs/nda/2020/214621Orig1s000ChemR.pdf,11,initial_ind,214621,,Unreviewed strong-term hit
5327d189cc5b6bfa52ad82b5,https://www.accessdata.fda.gov/drugsatfda_docs/nda/2020/201110Orig1s000ChemR.pdf,21,initial_ind,201110,cmc-controls; cmc-stability,Unreviewed strong-term hit
53b740cec4c05f0fdf9df159,https://www.accessdata.fda.gov/drugsatfda_docs/nda/2022/203214Orig1s018.pdf,100,pre_ind,203214,,Unreviewed strong-term hit
53c548e396fb7a67245aa859,https://www.accessdata.fda.gov/drugsatfda_docs/nda/2020/210875Orig1s000AdminCorres.pdf,21,pre_ind,210875,nonclinical-pkpd,Unreviewed strong-term hit
53c548e396fb7a67245aa859,https://www.accessdata.fda.gov/drugsatfda_docs/nda/2020/210875Orig1s000AdminCorres.pdf,22,pre_ind,210875,clinical,Unreviewed strong-term hit
53c548e396fb7a67245aa859,https://www.accessdata.fda.gov/drugsatfda_docs/nda/2020/210875Orig1s000AdminCorres.pdf,28,pre_ind,210875,nonclinical-pkpd; cmc-material,Unreviewed strong-term hit
54356dc33f44f7531359ad90,https://www.accessdata.fda.gov/drugsatfda_docs/nda/2026/761468Orig1s000AdminCorres.pdf,15,clinical_hold,761468,nonclinical-pharmacology,Unreviewed strong-term hit
54356dc33f44f7531359ad90,https://www.accessdata.fda.gov/drugsatfda_docs/nda/2026/761468Orig1s000AdminCorres.pdf,20,pre_ind,761468,nonclinical-pharmacology,Unreviewed strong-term hit
548ccf0b8b59d97355df0a3b,https://www.accessdata.fda.gov/drugsatfda_docs/nda/2023/761324Orig1s000AdminCorres.pdf,10,investigator_brochure,761324,,Unreviewed strong-term hit
5490e6ca398b9bf61f03d6e9,https://www.accessdata.fda.gov/drugsatfda_docs/nda/2023/215559Orig1s000RiskR.pdf,10,clinical_hold,215559,nonclinical-pkpd; nonclinical-safety; clinical,Unreviewed strong-term hit
54bee43862f7e2b061f63c66,https://www.accessdata.fda.gov/drugsatfda_docs/nda/2023/209988Orig1s000AdminCorres.pdf,4,pre_ind,209988,nonclinical-pkpd,Unreviewed strong-term hit
54bf359dc2b232e36092c3f6,https://www.accessdata.fda.gov/drugsatfda_docs/nda/2023/761262Orig1s000AdminCorres.pdf,5,initial_ind,761262,,Unreviewed strong-term hit
54bf359dc2b232e36092c3f6,https://www.accessdata.fda.gov/drugsatfda_docs/nda/2023/761262Orig1s000AdminCorres.pdf,24,investigator_brochure,761262,cmc-material,Unreviewed strong-term hit
54c30dec2dc028e03478e163,https://www.accessdata.fda.gov/drugsatfda_docs/nda/2013/125276Orig1s064.pdf,141,pre_ind,125276,nonclinical-safety,Unreviewed strong-term hit
54c39890a8c0df9cdb914b5a,https://www.accessdata.fda.gov/drugsatfda_docs/nda/2026/220711Orig1s000MultidisciplineR.pdf,23,may_proceed,220711,cmc-material; cmc-controls; cmc-stability; clinical,Unreviewed strong-term hit
5546a23593a80e558f21e4fb,https://www.accessdata.fda.gov/drugsatfda_docs/nda/2021/214429Orig1s000MultidisciplineR.pdf,49,pre_ind,214429,cmc-material,Unreviewed strong-term hit
5561a30914054dc0e490d196,https://www.accessdata.fda.gov/drugsatfda_docs/nda/2025/211448Orig1s000AdminCorres.pdf,4,pre_ind,211448,nonclinical-pkpd; cmc-material; cmc-stability,Unreviewed strong-term hit
5561a30914054dc0e490d196,https://www.accessdata.fda.gov/drugsatfda_docs/nda/2025/211448Orig1s000AdminCorres.pdf,10,pre_ind,211448,nonclinical-package; cmc-material; cmc-stability,Unreviewed strong-term hit
55efda3d516cc134abad83bc,https://www.accessdata.fda.gov/drugsatfda_docs/nda/2025/219155Orig1s000AdminCorres.pdf,12,pre_ind,219155,,Unreviewed strong-term hit
55efda3d516cc134abad83bc,https://www.accessdata.fda.gov/drugsatfda_docs/nda/2025/219155Orig1s000AdminCorres.pdf,37,pre_ind,219155,,Unreviewed strong-term hit
55f4396d370ee6dff225efe0,https://www.accessdata.fda.gov/drugsatfda_docs/nda/2026/215960Orig1s000IntegratedR.pdf,325,pre_ind,215960,nonclinical-pkpd; cmc-controls,Unreviewed strong-term hit
56164ae3b2af135cf7bb9e83,https://www.accessdata.fda.gov/drugsatfda_docs/nda/2023/761286Orig1s000AdminCorres.pdf,7,investigator_brochure,761286,nonclinical-package,Unreviewed strong-term hit
56544126938923e1995750e8,https://www.accessdata.fda.gov/drugsatfda_docs/nda/2021/214096Orig1s000AdminCorres.pdf,52,pre_ind,214096,,Unreviewed strong-term hit
56544126938923e1995750e8,https://www.accessdata.fda.gov/drugsatfda_docs/nda/2021/214096Orig1s000AdminCorres.pdf,54,investigator_brochure,214096,nonclinical-safety; cmc-material,Unreviewed strong-term hit
56544126938923e1995750e8,https://www.accessdata.fda.gov/drugsatfda_docs/nda/2021/214096Orig1s000AdminCorres.pdf,68,investigator_brochure,214096,nonclinical-pkpd; clinical,Unreviewed strong-term hit
565ff9135821a4c889f1623d,https://www.accessdata.fda.gov/drugsatfda_docs/nda/2020/210296Orig1s000SumR.pdf,13,pre_ind,210296,nonclinical-pkpd; nonclinical-safety; cmc-material; cmc-controls,Unreviewed strong-term hit
568f07f8f80c350b90133978,https://www.accessdata.fda.gov/drugsatfda_docs/nda/2021/214916Orig1s000AdminCorres.pdf,4,may_proceed,214916,clinical,Unreviewed strong-term hit
568f07f8f80c350b90133978,https://www.accessdata.fda.gov/drugsatfda_docs/nda/2021/214916Orig1s000AdminCorres.pdf,43,may_proceed,214916,nonclinical-pkpd,Unreviewed strong-term hit
5690bcf1ef31105bfc3a0045,https://www.accessdata.fda.gov/drugsatfda_docs/nda/2025/761394Orig1s000OtherR.pdf,30,investigator_brochure,761394,nonclinical-pharmacology; nonclinical-pkpd,Unreviewed strong-term hit
56948ceb96d51f1878cd0230,https://www.accessdata.fda.gov/drugsatfda_docs/nda/2022/212304Orig1s000MedR.pdf,55,may_proceed,212304,nonclinical-pkpd; cmc-material,Unreviewed strong-term hit
56ac0307fb25582e3e757332,https://www.accessdata.fda.gov/drugsatfda_docs/nda/2025/218730Orig1s000IntegratedR.pdf,146,may_proceed,218730,nonclinical-package; cmc-controls,Unreviewed strong-term hit
56ac0307fb25582e3e757332,https://www.accessdata.fda.gov/drugsatfda_docs/nda/2025/218730Orig1s000IntegratedR.pdf,147,may_proceed,218730,nonclinical-pkpd; nonclinical-package; clinical,Unreviewed strong-term hit
56ea7836fcb1a1ca1ec9ea45,https://www.accessdata.fda.gov/drugsatfda_docs/nda/2022/214902Orig1s000MultidisciplineR.pdf,31,may_proceed,214902,nonclinical-safety; cmc-material; clinical,Unreviewed strong-term hit
56ea7836fcb1a1ca1ec9ea45,https://www.accessdata.fda.gov/drugsatfda_docs/nda/2022/214902Orig1s000MultidisciplineR.pdf,95,investigator_brochure,214902,nonclinical-pkpd; clinical,Unreviewed strong-term hit
57374f2387624d52f019f84a,https://www.accessdata.fda.gov/drugsatfda_docs/nda/2020/209376Orig1s000AdminCorres.pdf,4,pre_ind,209376,cmc-controls; cmc-stability,Unreviewed strong-term hit
57374f2387624d52f019f84a,https://www.accessdata.fda.gov/drugsatfda_docs/nda/2020/209376Orig1s000AdminCorres.pdf,29,pre_ind,209376,cmc-material,Unreviewed strong-term hit
57374f2387624d52f019f84a,https://www.accessdata.fda.gov/drugsatfda_docs/nda/2020/209376Orig1s000AdminCorres.pdf,30,pre_ind,209376,cmc-material; cmc-controls; cmc-stability,Unreviewed strong-term hit
57374f2387624d52f019f84a,https://www.accessdata.fda.gov/drugsatfda_docs/nda/2020/209376Orig1s000AdminCorres.pdf,37,pre_ind,209376,,Unreviewed strong-term hit
57374f2387624d52f019f84a,https://www.accessdata.fda.gov/drugsatfda_docs/nda/2020/209376Orig1s000AdminCorres.pdf,40,pre_ind,209376,cmc-material; cmc-stability,Unreviewed strong-term hit
577de1582358b674b8c4fff2,https://www.accessdata.fda.gov/drugsatfda_docs/nda/2023/215446Orig1s000AdminCorres.pdf,8,pre_ind,215446,nonclinical-pkpd,Unreviewed strong-term hit
57ae249acd431a2440489ec7,https://www.accessdata.fda.gov/drugsatfda_docs/nda/2024/215344Orig1s000AdminCorres.pdf,4,may_proceed,215344,nonclinical-safety; cmc-material; clinical,Unreviewed strong-term hit
57ba098cabf78b730ba107e5,https://www.accessdata.fda.gov/drugsatfda_docs/nda/2026/215960Orig1s000ChemR.pdf,74,ind_review,215960,cmc-controls; cmc-stability,Unreviewed strong-term hit
57bcf8bcf228f4d5b327406c,https://www.accessdata.fda.gov/drugsatfda_docs/nda/2013/021998Orig1s002.pdf,460,ind_review,021998,nonclinical-pkpd,Unreviewed strong-term hit
57ff10514e1f723d8c5aba19,https://www.accessdata.fda.gov/drugsatfda_docs/nda/2026/219491Orig1s000OtherR.pdf,33,ind_review,219491,nonclinical-pharmacology; nonclinical-pkpd; nonclinical-safety,Unreviewed strong-term hit
57ff10514e1f723d8c5aba19,https://www.accessdata.fda.gov/drugsatfda_docs/nda/2026/219491Orig1s000OtherR.pdf,35,ind_review,219491,nonclinical-pkpd; nonclinical-safety; clinical-dose,Unreviewed strong-term hit
584f3db6225046d515a505f7,https://www.accessdata.fda.gov/drugsatfda_docs/nda/2013/125160Orig1s215.pdf,270,investigator_brochure,125160,,Unreviewed strong-term hit
58612192aa6b42fba9e43fa2,https://www.accessdata.fda.gov/drugsatfda_docs/nda/2026/218879Orig1s000MedR.pdf,22,clinical_hold; pre_ind,218879,nonclinical-package,Unreviewed strong-term hit
5870886154e4bf2ae645459c,https://www.accessdata.fda.gov/drugsatfda_docs/nda/2022/214028Orig1s000StatR.pdf,13,ind_review,214028,,Unreviewed strong-term hit
5870886154e4bf2ae645459c,https://www.accessdata.fda.gov/drugsatfda_docs/nda/2022/214028Orig1s000StatR.pdf,14,ind_review,214028,,Unreviewed strong-term hit
58a0a1b3fd4cdb1341511b40,https://www.accessdata.fda.gov/drugsatfda_docs/nda/2025/217630Orig1s000SumR.pdf,4,pre_ind,217630,nonclinical-pharmacology; cmc-material; cmc-controls,Unreviewed strong-term hit
58ed6a8c67ccf2ab570c8da5,https://www.accessdata.fda.gov/drugsatfda_docs/nda/2021/204629Orig1s003.pdf,89,initial_ind,204629,,Unreviewed strong-term hit
5972eb58ee58be8eb5e37afe,https://www.accessdata.fda.gov/drugsatfda_docs/nda/2020/761156Orig1s000SumR.pdf,10,pre_ind,761156,,Unreviewed strong-term hit
598698f03312b1340ef1677d,https://www.accessdata.fda.gov/drugsatfda_docs/nda/2023/218276Orig1s000IntegratedR.pdf,58,may_proceed,218276,,Unreviewed strong-term hit
598698f03312b1340ef1677d,https://www.accessdata.fda.gov/drugsatfda_docs/nda/2023/218276Orig1s000IntegratedR.pdf,69,may_proceed,218276,,Unreviewed strong-term hit
598698f03312b1340ef1677d,https://www.accessdata.fda.gov/drugsatfda_docs/nda/2023/218276Orig1s000IntegratedR.pdf,87,may_proceed,218276,,Unreviewed strong-term hit
598698f03312b1340ef1677d,https://www.accessdata.fda.gov/drugsatfda_docs/nda/2023/218276Orig1s000IntegratedR.pdf,153,may_proceed; pre_ind,218276,,Unreviewed strong-term hit
59a2afafba38e450e174974c,https://www.accessdata.fda.gov/drugsatfda_docs/nda/2025/215358Orig1s008AdminCorres.pdf,2,clinical_hold,215358,nonclinical-pharmacology,Unreviewed strong-term hit
59df1e4e7d4d1031f7350b28,https://www.accessdata.fda.gov/drugsatfda_docs/nda/2021/213498Orig1s000ClinPharmR.pdf,7,may_proceed,213498,nonclinical-pkpd,Unreviewed strong-term hit
59f699c70198e878c01d1696,https://www.accessdata.fda.gov/drugsatfda_docs/nda/2021/761210Orig1s000OtherR.pdf,25,pre_ind,761210,,Unreviewed strong-term hit
5a0320037917d6fd472d5c8a,https://www.accessdata.fda.gov/drugsatfda_docs/nda/2023/761269Orig1s000MedR.pdf,247,pre_ind,761269,nonclinical-pharmacology; clinical,Unreviewed strong-term hit
5ac0971cf6a858091bb98d7e,https://www.accessdata.fda.gov/drugsatfda_docs/nda/2025/219122Orig1s000MedR.pdf,11,pre_ind,219122,cmc-material,Unreviewed strong-term hit
5b137b9edcc8e2ea07ef7628,https://www.accessdata.fda.gov/drugsatfda_docs/nda/2022/215092Orig1s000MedR.pdf,16,pre_ind,215092,nonclinical-pkpd,Unreviewed strong-term hit
5b43dd1bdce22f660a7a7b3d,"https://www.accessdata.fda.gov/drugsatfda_docs/nda/2019/210259Orig1s006, s007.pdf",102,investigator_brochure,210259,clinical,Unreviewed strong-term hit
5b99b17db03d4f6f3890065c,https://www.accessdata.fda.gov/drugsatfda_docs/nda/2018/103362Orig1s5240.pdf,77,pre_ind,103362,nonclinical-pkpd; nonclinical-package,Unreviewed strong-term hit
5b99b17db03d4f6f3890065c,https://www.accessdata.fda.gov/drugsatfda_docs/nda/2018/103362Orig1s5240.pdf,231,pre_ind,103362,nonclinical-pkpd,Unreviewed strong-term hit
5b99b17db03d4f6f3890065c,https://www.accessdata.fda.gov/drugsatfda_docs/nda/2018/103362Orig1s5240.pdf,238,pre_ind,103362,,Unreviewed strong-term hit
5b99b17db03d4f6f3890065c,https://www.accessdata.fda.gov/drugsatfda_docs/nda/2018/103362Orig1s5240.pdf,244,pre_ind,103362,,Unreviewed strong-term hit
5b99b17db03d4f6f3890065c,https://www.accessdata.fda.gov/drugsatfda_docs/nda/2018/103362Orig1s5240.pdf,253,pre_ind,103362,,Unreviewed strong-term hit
5b99b17db03d4f6f3890065c,https://www.accessdata.fda.gov/drugsatfda_docs/nda/2018/103362Orig1s5240.pdf,258,pre_ind,103362,,Unreviewed strong-term hit
5b99b17db03d4f6f3890065c,https://www.accessdata.fda.gov/drugsatfda_docs/nda/2018/103362Orig1s5240.pdf,263,pre_ind,103362,,Unreviewed strong-term hit
5b99b17db03d4f6f3890065c,https://www.accessdata.fda.gov/drugsatfda_docs/nda/2018/103362Orig1s5240.pdf,268,pre_ind,103362,,Unreviewed strong-term hit
5bb562e39c13064e28541f4e,https://www.accessdata.fda.gov/drugsatfda_docs/nda/2024/761416Orig1s000MultidisciplineR.pdf,31,initial_ind,761416,cmc-controls; clinical,Unreviewed strong-term hit
5c3861d512107525c0b3d401,https://www.accessdata.fda.gov/drugsatfda_docs/nda/2023/210274Orig1s000ClinPharmR.pdf,5,pre_ind,210274,nonclinical-pkpd; cmc-material; cmc-controls,Unreviewed strong-term hit
5c548e55ace2c5791a121783,https://www.accessdata.fda.gov/drugsatfda_docs/nda/2025/125249Orig1s049.pdf,100,investigator_brochure,125249,clinical,Unreviewed strong-term hit
5c58acb8c8f263b3162ab3fd,https://www.accessdata.fda.gov/drugsatfda_docs/nda/2022/214958Orig1s000MultidisciplineR.pdf,49,may_proceed,214958,nonclinical-pkpd; nonclinical-package; clinical,Unreviewed strong-term hit
5c85ea87719c4f9e30dfe9fb,https://www.accessdata.fda.gov/drugsatfda_docs/nda/2020/208352Orig1s000AdminCorres.pdf,4,pre_ind,208352,cmc-material; cmc-controls,Unreviewed strong-term hit
5ca55768886988166650f418,https://www.accessdata.fda.gov/drugsatfda_docs/nda/2020/213721Orig1s000AdminCorres.pdf,5,pre_ind,213721,nonclinical-package,Unreviewed strong-term hit
5ca55768886988166650f418,https://www.accessdata.fda.gov/drugsatfda_docs/nda/2020/213721Orig1s000AdminCorres.pdf,24,clinical_hold,213721,,Unreviewed strong-term hit
5ca55768886988166650f418,https://www.accessdata.fda.gov/drugsatfda_docs/nda/2020/213721Orig1s000AdminCorres.pdf,33,pre_ind,213721,cmc-controls; clinical,Unreviewed strong-term hit
5ca55768886988166650f418,https://www.accessdata.fda.gov/drugsatfda_docs/nda/2020/213721Orig1s000AdminCorres.pdf,39,pre_ind,213721,,Unreviewed strong-term hit
5ca55768886988166650f418,https://www.accessdata.fda.gov/drugsatfda_docs/nda/2020/213721Orig1s000AdminCorres.pdf,41,pre_ind,213721,nonclinical-pkpd; nonclinical-safety; nonclinical-package; cmc-controls,Unreviewed strong-term hit
5ca55768886988166650f418,https://www.accessdata.fda.gov/drugsatfda_docs/nda/2020/213721Orig1s000AdminCorres.pdf,46,initial_ind; original_ind_review,213721,cmc-controls,Unreviewed strong-term hit
5ca55768886988166650f418,https://www.accessdata.fda.gov/drugsatfda_docs/nda/2020/213721Orig1s000AdminCorres.pdf,58,investigator_brochure,213721,nonclinical-pkpd; clinical,Unreviewed strong-term hit
5ca55768886988166650f418,https://www.accessdata.fda.gov/drugsatfda_docs/nda/2020/213721Orig1s000AdminCorres.pdf,60,initial_ind; original_ind_review,213721,cmc-material,Unreviewed strong-term hit
5cd5eda11a28ab48abf3c0d3,https://www.accessdata.fda.gov/drugsatfda_docs/nda/2022/022231Orig1s000IntegratedR.pdf,102,initial_ind,022231,,Unreviewed strong-term hit
5cd5eda11a28ab48abf3c0d3,https://www.accessdata.fda.gov/drugsatfda_docs/nda/2022/022231Orig1s000IntegratedR.pdf,146,pre_ind,022231,,Unreviewed strong-term hit
5cd5eda11a28ab48abf3c0d3,https://www.accessdata.fda.gov/drugsatfda_docs/nda/2022/022231Orig1s000IntegratedR.pdf,218,pre_ind,022231,nonclinical-pharmacology,Unreviewed strong-term hit
5cdde3f1852d42a454826764,https://www.accessdata.fda.gov/drugsatfda_docs/nda/2025/219685Orig1s000AdminCorres.pdf,4,clinical_hold,219685,nonclinical-safety,Unreviewed strong-term hit
5cf8b6625e1272e515d63b96,https://www.accessdata.fda.gov/drugsatfda_docs/nda/2024/217865Orig1s000OtherR.pdf,118,investigator_brochure,217865,nonclinical-pkpd,Unreviewed strong-term hit
5cfb9e5c6aeac23c40ed9083,https://www.accessdata.fda.gov/drugsatfda_docs/nda/2022/215515Orig1s000AdminCorres.pdf,42,investigator_brochure,215515,nonclinical-pkpd,Unreviewed strong-term hit
5d2e99b8b09d5bca7961a87a,https://www.accessdata.fda.gov/drugsatfda_docs/nda/2026/218571Orig1s000AdminCorres.pdf,9,pre_ind,218571,cmc-material,Unreviewed strong-term hit
5d2e99b8b09d5bca7961a87a,https://www.accessdata.fda.gov/drugsatfda_docs/nda/2026/218571Orig1s000AdminCorres.pdf,23,pre_ind,218571,cmc-material,Unreviewed strong-term hit
5d419e55cd61d2aa471ae494,https://www.accessdata.fda.gov/drugsatfda_docs/nda/2026/761061Orig1s021.pdf,216,pre_ind,761061,clinical,Unreviewed strong-term hit
5d419e55cd61d2aa471ae494,https://www.accessdata.fda.gov/drugsatfda_docs/nda/2026/761061Orig1s021.pdf,217,may_proceed,761061,nonclinical-pkpd; cmc-controls,Unreviewed strong-term hit
5d4a3117ab8fa3f492633aaa,https://www.accessdata.fda.gov/drugsatfda_docs/nda/2020/761156Orig1s000MedR.pdf,28,pre_ind,761156,,Unreviewed strong-term hit
5d4a3117ab8fa3f492633aaa,https://www.accessdata.fda.gov/drugsatfda_docs/nda/2020/761156Orig1s000MedR.pdf,29,initial_ind; may_proceed,761156,nonclinical-pkpd; clinical,Unreviewed strong-term hit
5d58baa3dbab4f7bb60ac7fd,https://www.accessdata.fda.gov/drugsatfda_docs/nda/2026/761439Orig1s000AdminCorres.pdf,7,clinical_hold,761439,cmc-material; cmc-controls; cmc-stability,Unreviewed strong-term hit
5d5c980e60f4d1f4ea38c3b1,https://www.accessdata.fda.gov/drugsatfda_docs/nda/2025/215244Orig1s000AdminCorres.pdf,6,pre_ind,215244,nonclinical-pkpd,Unreviewed strong-term hit
5d5c980e60f4d1f4ea38c3b1,https://www.accessdata.fda.gov/drugsatfda_docs/nda/2025/215244Orig1s000AdminCorres.pdf,22,pre_ind,215244,nonclinical-pkpd; clinical,Unreviewed strong-term hit
5d82a57bddebb8cd8c3e9860,https://www.accessdata.fda.gov/drugsatfda_docs/nda/2026/219164Orig1s000IntegratedR.pdf,109,pre_ind,219164,nonclinical-pkpd; clinical,Unreviewed strong-term hit
5d8bf8da22adc978eda51b91,https://www.accessdata.fda.gov/drugsatfda_docs/nda/2025/218343Orig1s000MultidisciplineR.pdf,25,pre_ind,218343,cmc-material,Unreviewed strong-term hit
5db8d664ca383775c9862309,https://www.accessdata.fda.gov/drugsatfda_docs/nda/2020/212155Orig1s000MultidisciplineR.pdf,16,pre_ind,212155,nonclinical-pharmacology; cmc-controls,Unreviewed strong-term hit
5db8d664ca383775c9862309,https://www.accessdata.fda.gov/drugsatfda_docs/nda/2020/212155Orig1s000MultidisciplineR.pdf,45,clinical_hold,212155,nonclinical-pkpd; clinical,Unreviewed strong-term hit
5ddd72ed2711965cce83784d,https://www.accessdata.fda.gov/drugsatfda_docs/nda/2025/210745Orig1s000Orig2s000MultidisciplineR.pdf,20,pre_ind,210745,cmc-material; cmc-stability,Unreviewed strong-term hit
5e7ed900a6a8034104cef27a,https://www.accessdata.fda.gov/drugsatfda_docs/nda/2024/761365Orig1s000MultidisciplineR.pdf,46,may_proceed; pre_ind,761365,cmc-controls,Unreviewed strong-term hit
5e8ab9fa3197970bbf8eec86,https://www.accessdata.fda.gov/drugsatfda_docs/nda/2025/202192Orig1s014.pdf,56,pre_ind,202192,,Unreviewed strong-term hit
5e8ab9fa3197970bbf8eec86,https://www.accessdata.fda.gov/drugsatfda_docs/nda/2025/202192Orig1s014.pdf,96,pre_ind,202192,,Unreviewed strong-term hit
5e8f5bbc5d62907326b16bfc,https://www.accessdata.fda.gov/drugsatfda_docs/nda/2024/210136Orig1s000MedR.pdf,146,clinical_hold,210136,cmc-controls,Unreviewed strong-term hit
5ee15aa2e61e8a9f841d8ac3,https://www.accessdata.fda.gov/drugsatfda_docs/nda/2013/125320Orig1s094.pdf,436,ind_review,125320,nonclinical-pkpd; nonclinical-safety,Unreviewed strong-term hit
5f364019e64b3e14e1f4845e,https://www.accessdata.fda.gov/drugsatfda_docs/nda/2026/761211Orig1s000OtherR.pdf,109,investigator_brochure,761211,,Unreviewed strong-term hit
5f748d8811e6d8a5e11cb658,https://www.accessdata.fda.gov/drugsatfda_docs/nda/2025/219209Orig1s000AdminCorres.pdf,48,clinical_hold,219209,nonclinical-pharmacology,Unreviewed strong-term hit
5f9502695418fd9bcc07f6a3,https://www.accessdata.fda.gov/drugsatfda_docs/nda/2022/761224Orig1s000ChemR.pdf,26,initial_ind; original_ind_review,761224,,Unreviewed strong-term hit
6079abde7e1c32bdb306a22f,https://www.accessdata.fda.gov/drugsatfda_docs/nda/2026/220787Orig1s000OtherR.pdf,50,investigator_brochure,220787,nonclinical-pkpd,Unreviewed strong-term hit
60ef1b4ef877fd76afc82ca2,https://www.accessdata.fda.gov/drugsatfda_docs/nda/2026/761326Orig2s000SumR.pdf,27,pre_ind,761326,nonclinical-pkpd; cmc-material; cmc-controls; cmc-stability; clinical,Unreviewed strong-term hit
6113bf78ff183c968d90dca0,https://www.accessdata.fda.gov/drugsatfda_docs/nda/2021/214187Orig1s000SumR.pdf,15,investigator_brochure,214187,cmc-material; cmc-controls; cmc-stability; clinical,Unreviewed strong-term hit
61be71edbaa028d6871bdacc,https://www.accessdata.fda.gov/drugsatfda_docs/nda/2021/214018Orig1s000AdminCorres.pdf,21,ind_review,214018,,Unreviewed strong-term hit
61eb828e508bfc779a6e3de7,https://www.accessdata.fda.gov/drugsatfda_docs/nda/2020/022341Orig1s027.pdf,483,investigator_brochure,022341,nonclinical-package; clinical,Unreviewed strong-term hit
6259c27f9d9db74d8ad8c195,https://www.accessdata.fda.gov/drugsatfda_docs/nda/2025/220305Orig1s000MultidisciplineR.pdf,31,clinical_hold,220305,,Unreviewed strong-term hit
62a6edf9d464a2c19b915d97,https://www.accessdata.fda.gov/drugsatfda_docs/nda/2022/215422Orig1s000PharmR.pdf,12,pre_ind,215422,nonclinical-pkpd; nonclinical-package,Unreviewed strong-term hit
62d245c4c017abb28410d61b,"https://www.accessdata.fda.gov/drugsatfda_docs/nda/2021/215358Orig1s000,Orig2s000MultidisciplineR.pdf",34,may_proceed,215358,cmc-material; clinical,Unreviewed strong-term hit
62d245c4c017abb28410d61b,"https://www.accessdata.fda.gov/drugsatfda_docs/nda/2021/215358Orig1s000,Orig2s000MultidisciplineR.pdf",168,investigator_brochure,215358,nonclinical-pkpd; clinical-dose,Unreviewed strong-term hit
62d6c244ae057e13f96ffce1,https://www.accessdata.fda.gov/drugsatfda_docs/nda/2025/218230Orig1s000IntegratedR.pdf,108,initial_ind; investigator_brochure; may_proceed; original_ind_review,218230,nonclinical-pkpd; nonclinical-safety; cmc-material; cmc-controls,Unreviewed strong-term hit
63a531e519fd659f7a9001d3,https://www.accessdata.fda.gov/drugsatfda_docs/nda/2022/214012Orig1s000MedR.pdf,8,investigator_brochure,214012,clinical,Unreviewed strong-term hit
63a531e519fd659f7a9001d3,https://www.accessdata.fda.gov/drugsatfda_docs/nda/2022/214012Orig1s000MedR.pdf,112,investigator_brochure,214012,clinical,Unreviewed strong-term hit
63a531e519fd659f7a9001d3,https://www.accessdata.fda.gov/drugsatfda_docs/nda/2022/214012Orig1s000MedR.pdf,137,pre_ind,214012,clinical,Unreviewed strong-term hit
63a531e519fd659f7a9001d3,https://www.accessdata.fda.gov/drugsatfda_docs/nda/2022/214012Orig1s000MedR.pdf,187,investigator_brochure,214012,,Unreviewed strong-term hit
63c3d7b798977faaba86b605,https://www.accessdata.fda.gov/drugsatfda_docs/nda/2022/216986Orig1s000AdminCorres.pdf,25,pre_ind,216986,nonclinical-package,Unreviewed strong-term hit
63fe2b467c9229d110dd2884,https://www.accessdata.fda.gov/drugsatfda_docs/nda/2023/216117Orig1s000ChemR.pdf,5,pre_ind,216117,nonclinical-safety; cmc-material; cmc-stability,Unreviewed strong-term hit
641ed1630cddd670b449e285,https://www.accessdata.fda.gov/drugsatfda_docs/nda/2023/215830Orig1s000AdminCorres.pdf,22,may_proceed,215830,nonclinical-safety; nonclinical-package; cmc-controls,Unreviewed strong-term hit
646ff2289c1fdfa7eb0d8178,https://www.accessdata.fda.gov/drugsatfda_docs/nda/2026/219491Orig1s000IntegratedR.pdf,114,pre_ind,219491,nonclinical-pkpd; cmc-material,Unreviewed strong-term hit
64ddad1171ea0d66a12f3f3a,https://www.accessdata.fda.gov/drugsatfda_docs/nda/2020/213535Orig1s000MedR.pdf,13,pre_ind,213535,,Unreviewed strong-term hit
64ddad1171ea0d66a12f3f3a,https://www.accessdata.fda.gov/drugsatfda_docs/nda/2020/213535Orig1s000MedR.pdf,24,pre_ind,213535,nonclinical-safety; clinical,Unreviewed strong-term hit
64ddad1171ea0d66a12f3f3a,https://www.accessdata.fda.gov/drugsatfda_docs/nda/2020/213535Orig1s000MedR.pdf,25,pre_ind,213535,nonclinical-safety; nonclinical-package; clinical,Unreviewed strong-term hit
64ddad1171ea0d66a12f3f3a,https://www.accessdata.fda.gov/drugsatfda_docs/nda/2020/213535Orig1s000MedR.pdf,52,pre_ind,213535,clinical,Unreviewed strong-term hit
64ddad1171ea0d66a12f3f3a,https://www.accessdata.fda.gov/drugsatfda_docs/nda/2020/213535Orig1s000MedR.pdf,53,pre_ind,213535,,Unreviewed strong-term hit
64ffac6f02977c6f03205e37,https://www.accessdata.fda.gov/drugsatfda_docs/nda/2025/761347Orig1s000MultidisciplineR.pdf,31,pre_ind,761347,nonclinical-package; clinical,Unreviewed strong-term hit
64ffac6f02977c6f03205e37,https://www.accessdata.fda.gov/drugsatfda_docs/nda/2025/761347Orig1s000MultidisciplineR.pdf,65,investigator_brochure,761347,,Unreviewed strong-term hit
650737954157ea8af9316ea7,https://www.accessdata.fda.gov/drugsatfda_docs/nda/2022/761164Orig1s000SumR.pdf,11,may_proceed,761164,nonclinical-package; cmc-controls,Unreviewed strong-term hit
653a8f42920489499d7e0c8c,https://www.accessdata.fda.gov/drugsatfda_docs/nda/2022/215457Orig1s000ClinPharmR.pdf,18,pre_ind,215457,nonclinical-pkpd,Unreviewed strong-term hit
65eff8055908723d26aef10f,https://www.accessdata.fda.gov/drugsatfda_docs/nda/2023/208088Orig1s000MultidisciplineR.pdf,160,initial_ind; pre_ind,208088,nonclinical-safety; nonclinical-package,Unreviewed strong-term hit
65eff8055908723d26aef10f,https://www.accessdata.fda.gov/drugsatfda_docs/nda/2023/208088Orig1s000MultidisciplineR.pdf,325,initial_ind; pre_ind,208088,nonclinical-pkpd; nonclinical-safety; nonclinical-package; cmc-material,Unreviewed strong-term hit
65eff8055908723d26aef10f,https://www.accessdata.fda.gov/drugsatfda_docs/nda/2023/208088Orig1s000MultidisciplineR.pdf,490,pre_ind,208088,nonclinical-pkpd; nonclinical-safety; clinical,Unreviewed strong-term hit
65f071fb0597701cacc2fa4d,https://www.accessdata.fda.gov/drugsatfda_docs/nda/2021/761143Orig1s000AdminCorres.pdf,2,clinical_hold,761143,nonclinical-pharmacology,Unreviewed strong-term hit
65f071fb0597701cacc2fa4d,https://www.accessdata.fda.gov/drugsatfda_docs/nda/2021/761143Orig1s000AdminCorres.pdf,13,pre_ind,761143,nonclinical-pkpd,Unreviewed strong-term hit
65f3c481bebb417812ca5098,https://www.accessdata.fda.gov/drugsatfda_docs/nda/2022/215859Orig1s000MedR.pdf,70,investigator_brochure,215859,nonclinical-pkpd,Unreviewed strong-term hit
65f657058e5497f5f373544e,https://www.accessdata.fda.gov/drugsatfda_docs/nda/2022/215272Orig1s000AdminCorres.pdf,8,ind_review,215272,cmc-material; cmc-controls; cmc-stability,Unreviewed strong-term hit
665b15e56e1648149c109bbe,https://www.accessdata.fda.gov/drugsatfda_docs/nda/2020/213535Orig1s000SumR.pdf,16,pre_ind,213535,nonclinical-pkpd,Unreviewed strong-term hit
665b15e56e1648149c109bbe,https://www.accessdata.fda.gov/drugsatfda_docs/nda/2020/213535Orig1s000SumR.pdf,23,pre_ind,213535,nonclinical-pkpd,Unreviewed strong-term hit
6694aa5be3b5d90ef5c4a9c4,https://www.accessdata.fda.gov/drugsatfda_docs/nda/2019/125160Orig1s213.pdf,292,investigator_brochure,125160,,Unreviewed strong-term hit
66a147c0aff3271f443c5142,https://www.accessdata.fda.gov/drugsatfda_docs/nda/2023/216513Orig1s000MultidisciplineR.pdf,16,pre_ind,216513,cmc-material; cmc-controls,Unreviewed strong-term hit
66a147c0aff3271f443c5142,https://www.accessdata.fda.gov/drugsatfda_docs/nda/2023/216513Orig1s000MultidisciplineR.pdf,19,pre_ind,216513,nonclinical-safety; nonclinical-package; cmc-material; clinical-dose,Unreviewed strong-term hit
66a147c0aff3271f443c5142,https://www.accessdata.fda.gov/drugsatfda_docs/nda/2023/216513Orig1s000MultidisciplineR.pdf,90,initial_ind; original_ind_review,216513,nonclinical-safety; cmc-material; cmc-controls,Unreviewed strong-term hit
66b8ceffd6b8fb82c81cee30,https://www.accessdata.fda.gov/drugsatfda_docs/nda/2020/761136Orig2s000StatR.pdf,8,clinical_hold; pre_ind,761136,nonclinical-package,Unreviewed strong-term hit
66c6e34789f23595dc199838,https://www.accessdata.fda.gov/drugsatfda_docs/nda/2024/217569Orig1s000AdminCorres.pdf,3,pre_ind,217569,cmc-material; cmc-controls; cmc-stability,Unreviewed strong-term hit
66d871fed124842afd86a104,https://www.accessdata.fda.gov/drugsatfda_docs/nda/2021/204042Orig1s027.pdf,124,investigator_brochure,204042,nonclinical-package; clinical,Unreviewed strong-term hit
6730b0f1a7d3fb5574c776a6,https://www.accessdata.fda.gov/drugsatfda_docs/nda/2026/761212Orig1s000MultidisciplineR.pdf,28,initial_ind; pre_ind,761212,nonclinical-pkpd; nonclinical-package; cmc-controls,Unreviewed strong-term hit
67816507b1ae95cdcbc6314b,https://www.accessdata.fda.gov/drugsatfda_docs/nda/2025/219407Orig1s000IntegratedR.pdf,362,may_proceed,219407,nonclinical-safety; cmc-controls; clinical-dose,Unreviewed strong-term hit
67816507b1ae95cdcbc6314b,https://www.accessdata.fda.gov/drugsatfda_docs/nda/2025/219407Orig1s000IntegratedR.pdf,367,may_proceed,219407,nonclinical-pharmacology; nonclinical-safety; nonclinical-package; cmc-material; cmc-controls; clinical-dose,Unreviewed strong-term hit
67816507b1ae95cdcbc6314b,https://www.accessdata.fda.gov/drugsatfda_docs/nda/2025/219407Orig1s000IntegratedR.pdf,398,may_proceed; pre_ind,219407,nonclinical-safety; nonclinical-package; cmc-material,Unreviewed strong-term hit
67bcdfa5d13aa9329d3c28c4,https://www.accessdata.fda.gov/drugsatfda_docs/nda/2025/217684Orig1s000MedR.pdf,18,pre_ind,217684,cmc-controls,Unreviewed strong-term hit
67ea86c300e69c4d74e5887c,https://www.accessdata.fda.gov/drugsatfda_docs/nda/2025/218637Orig1s000AdminCorres.pdf,7,pre_ind,218637,cmc-material; cmc-controls,Unreviewed strong-term hit
67f1c600ddd4291ed99f2ab1,https://www.accessdata.fda.gov/drugsatfda_docs/nda/2020/212154Orig1s000AdminCorres.pdf,5,pre_ind,212154,cmc-controls,Unreviewed strong-term hit
67f7882d08b7fb4baa55fc0a,https://www.accessdata.fda.gov/drugsatfda_docs/nda/2024/217785Orig1s000IntegratedR.pdf,50,may_proceed,217785,clinical,Unreviewed strong-term hit
67f7882d08b7fb4baa55fc0a,https://www.accessdata.fda.gov/drugsatfda_docs/nda/2024/217785Orig1s000IntegratedR.pdf,212,pre_ind,217785,nonclinical-safety; nonclinical-package; cmc-material; cmc-controls; cmc-stability; clinical,Unreviewed strong-term hit
67f7882d08b7fb4baa55fc0a,https://www.accessdata.fda.gov/drugsatfda_docs/nda/2024/217785Orig1s000IntegratedR.pdf,213,may_proceed,217785,nonclinical-safety; cmc-controls; clinical,Unreviewed strong-term hit
68326ed52c844aa8aa36b073,https://www.accessdata.fda.gov/drugsatfda_docs/nda/2021/761196Orig1s000AdminCorres.pdf,23,investigator_brochure,761196,nonclinical-pkpd; nonclinical-safety; clinical,Unreviewed strong-term hit
684e5304dccf8bd2a875f2f5,https://www.accessdata.fda.gov/drugsatfda_docs/nda/2022/214133Orig1s000AdminCorres.pdf,5,pre_ind,214133,,Unreviewed strong-term hit
685884236a93f736e201f9ed,https://www.accessdata.fda.gov/drugsatfda_docs/nda/2026/220358Orig1s000MultidisciplineR.pdf,24,pre_ind,220358,nonclinical-pkpd; nonclinical-safety; cmc-material,Unreviewed strong-term hit
685884236a93f736e201f9ed,https://www.accessdata.fda.gov/drugsatfda_docs/nda/2026/220358Orig1s000MultidisciplineR.pdf,25,initial_ind; may_proceed,220358,cmc-material; clinical,Unreviewed strong-term hit
686fbc827288e47adf6c1873,https://www.accessdata.fda.gov/drugsatfda_docs/nda/2025/220018Orig1s000AdminCorres.pdf,2,clinical_hold,220018,nonclinical-pharmacology; nonclinical-pkpd,Unreviewed strong-term hit
6921774ca96bb4dff44ce43d,https://www.accessdata.fda.gov/drugsatfda_docs/nda/2023/216359Orig1s000AdminCorres.pdf,25,investigator_brochure,216359,nonclinical-pkpd,Unreviewed strong-term hit
6921774ca96bb4dff44ce43d,https://www.accessdata.fda.gov/drugsatfda_docs/nda/2023/216359Orig1s000AdminCorres.pdf,30,investigator_brochure,216359,clinical,Unreviewed strong-term hit
69716e07534edfc0c5c48330,https://www.accessdata.fda.gov/drugsatfda_docs/nda/2026/219474Orig1s000MultidisciplineR.pdf,33,may_proceed,219474,nonclinical-pkpd,Unreviewed strong-term hit
69716e07534edfc0c5c48330,https://www.accessdata.fda.gov/drugsatfda_docs/nda/2026/219474Orig1s000MultidisciplineR.pdf,133,investigator_brochure,219474,nonclinical-pkpd,Unreviewed strong-term hit
6a5f93993ec9b070fb7e8603,https://www.accessdata.fda.gov/drugsatfda_docs/nda/2025/761258Orig1s000AdminCorres.pdf,2,clinical_hold,761258,nonclinical-pharmacology,Unreviewed strong-term hit
6a9143234f9feff36f3eff77,https://www.accessdata.fda.gov/drugsatfda_docs/nda/2023/761151Orig1s000AdminCorres.pdf,5,pre_ind,761151,,Unreviewed strong-term hit
6a9143234f9feff36f3eff77,https://www.accessdata.fda.gov/drugsatfda_docs/nda/2023/761151Orig1s000AdminCorres.pdf,6,may_proceed,761151,,Unreviewed strong-term hit
6a9143234f9feff36f3eff77,https://www.accessdata.fda.gov/drugsatfda_docs/nda/2023/761151Orig1s000AdminCorres.pdf,21,investigator_brochure,761151,nonclinical-pkpd; clinical,Unreviewed strong-term hit
6af81f042f673014cd6ee598,https://www.accessdata.fda.gov/drugsatfda_docs/nda/2026/761427Orig1s000OtherR.pdf,63,investigator_brochure,761427,nonclinical-pkpd,Unreviewed strong-term hit
6b5e64d045e82e4369dd4bc4,https://www.accessdata.fda.gov/drugsatfda_docs/nda/2022/204803Orig1s000PharmR.pdf,14,initial_ind,204803,cmc-material; cmc-controls,Unreviewed strong-term hit
6b5e64d045e82e4369dd4bc4,https://www.accessdata.fda.gov/drugsatfda_docs/nda/2022/204803Orig1s000PharmR.pdf,79,initial_ind,204803,nonclinical-pkpd; cmc-material; cmc-controls,Unreviewed strong-term hit
6bdfdb0f0ce43f9715b3ee07,https://www.accessdata.fda.gov/drugsatfda_docs/nda/2022/215985Orig1s000AdminCorres.pdf,28,may_proceed; pre_ind,215985,cmc-material; cmc-controls; cmc-stability,Unreviewed strong-term hit
6bdfdb0f0ce43f9715b3ee07,https://www.accessdata.fda.gov/drugsatfda_docs/nda/2022/215985Orig1s000AdminCorres.pdf,35,pre_ind,215985,nonclinical-pkpd; nonclinical-safety,Unreviewed strong-term hit
6bdfdb0f0ce43f9715b3ee07,https://www.accessdata.fda.gov/drugsatfda_docs/nda/2022/215985Orig1s000AdminCorres.pdf,41,may_proceed,215985,,Unreviewed strong-term hit
6c685cca74bbce045df09d8d,https://www.accessdata.fda.gov/drugsatfda_docs/nda/2023/761219Orig1s000MultidisciplineR.pdf,37,pre_ind,761219,nonclinical-safety; nonclinical-package; cmc-material; cmc-controls,Unreviewed strong-term hit
6c81e17e58230ed5513dc2cb,https://www.accessdata.fda.gov/drugsatfda_docs/nda/2020/214103Orig1s000IntegratedR.pdf,77,pre_ind,214103,nonclinical-pharmacology; nonclinical-safety; cmc-material,Unreviewed strong-term hit
6c8f4d79d8eb5cac809aabc1,https://www.accessdata.fda.gov/drugsatfda_docs/nda/2020/212950Orig1s000IntegratedR.pdf,120,may_proceed,212950,cmc-controls; clinical,Unreviewed strong-term hit
6d4b78453b2c03d7ab8c7c0d,https://www.accessdata.fda.gov/drugsatfda_docs/nda/2025/761315Orig1s000OtherR.pdf,6,clinical_hold,761315,cmc-material,Unreviewed strong-term hit
6d4b78453b2c03d7ab8c7c0d,https://www.accessdata.fda.gov/drugsatfda_docs/nda/2025/761315Orig1s000OtherR.pdf,7,clinical_hold,761315,,Unreviewed strong-term hit
6d4b78453b2c03d7ab8c7c0d,https://www.accessdata.fda.gov/drugsatfda_docs/nda/2025/761315Orig1s000OtherR.pdf,13,clinical_hold,761315,cmc-material,Unreviewed strong-term hit
6d4b78453b2c03d7ab8c7c0d,https://www.accessdata.fda.gov/drugsatfda_docs/nda/2025/761315Orig1s000OtherR.pdf,14,clinical_hold,761315,,Unreviewed strong-term hit
6d4b78453b2c03d7ab8c7c0d,https://www.accessdata.fda.gov/drugsatfda_docs/nda/2025/761315Orig1s000OtherR.pdf,115,clinical_hold,761315,,Unreviewed strong-term hit
6dcf3c51e0417dbbf1d92b6f,https://www.accessdata.fda.gov/drugsatfda_docs/nda/2020/211617Orig1s000AdminCorres.pdf,4,clinical_hold,211617,nonclinical-pharmacology,Unreviewed strong-term hit
6de73a65417a9c14169f51a5,https://www.accessdata.fda.gov/drugsatfda_docs/nda/2022/213872Orig1s000AdminCorres.pdf,3,pre_ind,213872,nonclinical-safety; cmc-material,Unreviewed strong-term hit
6e6f35a1dabfb9310b24f97e,https://www.accessdata.fda.gov/drugsatfda_docs/nda/2026/218395Orig1s000PharmR.pdf,52,pre_ind,218395,nonclinical-pkpd; nonclinical-safety; cmc-material; clinical,Unreviewed strong-term hit
6e6f35a1dabfb9310b24f97e,https://www.accessdata.fda.gov/drugsatfda_docs/nda/2026/218395Orig1s000PharmR.pdf,61,pre_ind,218395,nonclinical-pkpd; nonclinical-safety; cmc-material; cmc-controls; cmc-stability; clinical; clinical-dose,Unreviewed strong-term hit
6e6f35a1dabfb9310b24f97e,https://www.accessdata.fda.gov/drugsatfda_docs/nda/2026/218395Orig1s000PharmR.pdf,67,pre_ind,218395,nonclinical-safety; nonclinical-package; cmc-material; cmc-stability; clinical,Unreviewed strong-term hit
6ee7dfb9374c0077d1b404dd,https://www.accessdata.fda.gov/drugsatfda_docs/nda/2023/761269Orig1s000AdminCorres.pdf,38,initial_ind,761269,clinical,Unreviewed strong-term hit
6ef408fcd7805740a262c768,https://www.accessdata.fda.gov/drugsatfda_docs/nda/2020/213189Orig1s000AdminCorres.pdf,5,may_proceed,213189,cmc-material; cmc-controls; cmc-stability,Unreviewed strong-term hit
6ef408fcd7805740a262c768,https://www.accessdata.fda.gov/drugsatfda_docs/nda/2020/213189Orig1s000AdminCorres.pdf,15,may_proceed,213189,cmc-controls,Unreviewed strong-term hit
6ef408fcd7805740a262c768,https://www.accessdata.fda.gov/drugsatfda_docs/nda/2020/213189Orig1s000AdminCorres.pdf,35,may_proceed,213189,cmc-controls,Unreviewed strong-term hit
6f3c5f1a6febc4d87215d842,https://www.accessdata.fda.gov/drugsatfda_docs/nda/2022/022231Orig1s000OtherR.pdf,115,investigator_brochure,022231,clinical,Unreviewed strong-term hit
6f3c5f1a6febc4d87215d842,https://www.accessdata.fda.gov/drugsatfda_docs/nda/2022/022231Orig1s000OtherR.pdf,117,pre_ind,022231,nonclinical-pkpd,Unreviewed strong-term hit
6fc14c2d4aa78ce07101725f,https://www.accessdata.fda.gov/drugsatfda_docs/nda/2023/761345Orig1s000MultidisciplineR.pdf,43,initial_ind,761345,clinical,Unreviewed strong-term hit
6fc14c2d4aa78ce07101725f,https://www.accessdata.fda.gov/drugsatfda_docs/nda/2023/761345Orig1s000MultidisciplineR.pdf,44,may_proceed,761345,,Unreviewed strong-term hit
6fc9ac223d75bc0755580496,https://www.accessdata.fda.gov/drugsatfda_docs/nda/2024/217865Orig1s000IntegratedR.pdf,49,may_proceed,217865,nonclinical-pkpd; clinical,Unreviewed strong-term hit
6fc9ac223d75bc0755580496,https://www.accessdata.fda.gov/drugsatfda_docs/nda/2024/217865Orig1s000IntegratedR.pdf,130,initial_ind; pre_ind,217865,nonclinical-pkpd; clinical,Unreviewed strong-term hit
6fca1cc6ff9a15dbbd9c7408,https://www.accessdata.fda.gov/drugsatfda_docs/nda/2025/217684Orig1s000SumR.pdf,9,pre_ind,217684,nonclinical-safety; cmc-material; cmc-controls,Unreviewed strong-term hit
700420c90ebf3eadf6db9e86,https://www.accessdata.fda.gov/drugsatfda_docs/nda/2023/217188Orig1s000IntegratedR.pdf,183,clinical_hold; initial_ind; investigator_brochure; original_ind_review,217188,nonclinical-pkpd; clinical,Unreviewed strong-term hit
7066bcabfc61648b3d8ae06e,https://www.accessdata.fda.gov/drugsatfda_docs/nda/2022/214958Orig1s000AdminCorres.pdf,16,may_proceed,214958,cmc-controls; clinical,Unreviewed strong-term hit
7066bcabfc61648b3d8ae06e,https://www.accessdata.fda.gov/drugsatfda_docs/nda/2022/214958Orig1s000AdminCorres.pdf,28,may_proceed,214958,nonclinical-safety; nonclinical-package,Unreviewed strong-term hit
7092fcff6ba0aa5c020d5b8b,https://www.accessdata.fda.gov/drugsatfda_docs/nda/2020/214200Orig1s000SumR.pdf,21,pre_ind,214200,cmc-controls,Unreviewed strong-term hit
709d776297850556e2277d90,https://www.accessdata.fda.gov/drugsatfda_docs/nda/2021/204629Orig1s005.pdf,288,initial_ind,204629,nonclinical-safety; cmc-controls,Unreviewed strong-term hit
70aa0fdf0f34c46881f3324c,https://www.accessdata.fda.gov/drugsatfda_docs/nda/2022/214628Orig1s000AdminCorres.pdf,2,pre_ind,214628,,Unreviewed strong-term hit
70b700e2f0e5e0c07e776c6f,https://www.accessdata.fda.gov/drugsatfda_docs/nda/2024/761306Orig1s000AdminCorres.pdf,4,pre_ind,761306,,Unreviewed strong-term hit
70b700e2f0e5e0c07e776c6f,https://www.accessdata.fda.gov/drugsatfda_docs/nda/2024/761306Orig1s000AdminCorres.pdf,15,clinical_hold,761306,nonclinical-pharmacology,Unreviewed strong-term hit
70b700e2f0e5e0c07e776c6f,https://www.accessdata.fda.gov/drugsatfda_docs/nda/2024/761306Orig1s000AdminCorres.pdf,23,may_proceed; pre_ind,761306,,Unreviewed strong-term hit
70cdcda0be7c34e1eb93608a,https://www.accessdata.fda.gov/drugsatfda_docs/nda/2026/219474Orig1s000AdminCorres.pdf,4,may_proceed,219474,cmc-material; cmc-controls,Unreviewed strong-term hit
70cdcda0be7c34e1eb93608a,https://www.accessdata.fda.gov/drugsatfda_docs/nda/2026/219474Orig1s000AdminCorres.pdf,19,investigator_brochure,219474,nonclinical-pkpd; clinical,Unreviewed strong-term hit
70cdcda0be7c34e1eb93608a,https://www.accessdata.fda.gov/drugsatfda_docs/nda/2026/219474Orig1s000AdminCorres.pdf,39,investigator_brochure,219474,nonclinical-pkpd,Unreviewed strong-term hit
70dfde0ca3103586f4718e86,https://www.accessdata.fda.gov/drugsatfda_docs/nda/2024/761355Orig1s000PharmR.pdf,10,pre_ind,761355,nonclinical-pkpd; nonclinical-safety; cmc-material,Unreviewed strong-term hit
710fa9ccccd47add0612298e,https://www.accessdata.fda.gov/drugsatfda_docs/nda/2023/216340Orig1s000AdminCorres.pdf,35,clinical_hold,216340,nonclinical-pharmacology,Unreviewed strong-term hit
710fa9ccccd47add0612298e,https://www.accessdata.fda.gov/drugsatfda_docs/nda/2023/216340Orig1s000AdminCorres.pdf,40,investigator_brochure,216340,clinical-dose,Unreviewed strong-term hit
71b52998bcdf06defe6c6472,https://www.accessdata.fda.gov/drugsatfda_docs/nda/2025/220305Orig1s000OtherR.pdf,6,investigator_brochure,220305,nonclinical-pkpd,Unreviewed strong-term hit
71da1710e36055696c00c7c6,https://www.accessdata.fda.gov/drugsatfda_docs/nda/2024/217779Orig1s000ChemR.pdf,15,initial_ind,217779,cmc-material; cmc-controls; cmc-stability,Unreviewed strong-term hit
71fb3204803876f95331dbae,https://www.accessdata.fda.gov/drugsatfda_docs/nda/2026/218395Orig1s000SumR.pdf,16,initial_ind; may_proceed; pre_ind,218395,nonclinical-pkpd; nonclinical-safety; cmc-material; cmc-controls,Unreviewed strong-term hit
72a73a51c036cfecbb4b8dca,https://www.accessdata.fda.gov/drugsatfda_docs/nda/2023/216873Orig1s000IntegratedR.pdf,352,investigator_brochure,216873,cmc-material; clinical,Unreviewed strong-term hit
72ea05baa5b37e71b1e3c92e,https://www.accessdata.fda.gov/drugsatfda_docs/nda/2023/217564Orig1s000OtherR.pdf,18,investigator_brochure,217564,nonclinical-pkpd,Unreviewed strong-term hit
732f799ee5e5bf6deb85514a,https://www.accessdata.fda.gov/drugsatfda_docs/nda/2021/050718Orig1s006.pdf,167,initial_ind,050718,,Unreviewed strong-term hit
732f799ee5e5bf6deb85514a,https://www.accessdata.fda.gov/drugsatfda_docs/nda/2021/050718Orig1s006.pdf,174,initial_ind,050718,,Unreviewed strong-term hit
733d39a24e7b9453bdba9fed,https://www.accessdata.fda.gov/drugsatfda_docs/nda/2023/217225Orig1s000ClinPharmR.pdf,7,pre_ind,217225,cmc-controls,Unreviewed strong-term hit
73688727f8a9f6be946d8956,https://www.accessdata.fda.gov/drugsatfda_docs/nda/2026/220152Orig1s000OtherR.pdf,41,investigator_brochure,220152,nonclinical-pkpd; cmc-material,Unreviewed strong-term hit
739e604f4797566babe721bb,https://www.accessdata.fda.gov/drugsatfda_docs/nda/2024/214511Orig1s000OtherR.pdf,44,ind_review,214511,nonclinical-pkpd; nonclinical-safety; cmc-material,Unreviewed strong-term hit
739e604f4797566babe721bb,https://www.accessdata.fda.gov/drugsatfda_docs/nda/2024/214511Orig1s000OtherR.pdf,51,investigator_brochure,214511,,Unreviewed strong-term hit
73a54501486635b7eff81a5a,https://www.accessdata.fda.gov/drugsatfda_docs/nda/2024/210136Orig1s000AdminCorres.pdf,5,clinical_hold,210136,nonclinical-pkpd; nonclinical-safety; nonclinical-package; cmc-material; clinical,Unreviewed strong-term hit
73a54501486635b7eff81a5a,https://www.accessdata.fda.gov/drugsatfda_docs/nda/2024/210136Orig1s000AdminCorres.pdf,6,clinical_hold,210136,nonclinical-pkpd; nonclinical-safety; nonclinical-package; cmc-material,Unreviewed strong-term hit
73a54501486635b7eff81a5a,https://www.accessdata.fda.gov/drugsatfda_docs/nda/2024/210136Orig1s000AdminCorres.pdf,48,pre_ind,210136,nonclinical-pkpd; nonclinical-safety; nonclinical-package; cmc-material; clinical,Unreviewed strong-term hit
73a54501486635b7eff81a5a,https://www.accessdata.fda.gov/drugsatfda_docs/nda/2024/210136Orig1s000AdminCorres.pdf,49,pre_ind,210136,nonclinical-pkpd; nonclinical-safety; nonclinical-package; cmc-material,Unreviewed strong-term hit
73b9478e4a2a23f5ab9149c4,https://www.accessdata.fda.gov/drugsatfda_docs/nda/2023/216578Orig1s000AdminCorres.pdf,26,investigator_brochure,216578,nonclinical-pkpd,Unreviewed strong-term hit
73c23db6e0ed8660888da4c5,https://www.accessdata.fda.gov/drugsatfda_docs/nda/2023/217514Orig1s000MultidisciplineR.pdf,128,investigator_brochure,217514,nonclinical-pkpd; cmc-material; cmc-controls; cmc-stability; clinical-dose,Unreviewed strong-term hit
73c23db6e0ed8660888da4c5,https://www.accessdata.fda.gov/drugsatfda_docs/nda/2023/217514Orig1s000MultidisciplineR.pdf,129,investigator_brochure,217514,nonclinical-pkpd; clinical-dose,Unreviewed strong-term hit
73f5179f717d9010b5ebcd72,https://www.accessdata.fda.gov/drugsatfda_docs/nda/2021/213422Orig1s000MultidisciplineR.pdf,34,pre_ind,213422,nonclinical-pkpd; nonclinical-safety,Unreviewed strong-term hit
740bcc623025585565d130b1,https://www.accessdata.fda.gov/drugsatfda_docs/nda/2024/217900Orig1s000OtherR.pdf,18,pre_ind,217900,,Unreviewed strong-term hit
74982959b30d7bbac3a66d13,https://www.accessdata.fda.gov/drugsatfda_docs/nda/2021/215498Orig1s000IntegratedR.pdf,75,investigator_brochure,215498,,Unreviewed strong-term hit
74982959b30d7bbac3a66d13,https://www.accessdata.fda.gov/drugsatfda_docs/nda/2021/215498Orig1s000IntegratedR.pdf,116,investigator_brochure,215498,clinical-dose,Unreviewed strong-term hit
74982959b30d7bbac3a66d13,https://www.accessdata.fda.gov/drugsatfda_docs/nda/2021/215498Orig1s000IntegratedR.pdf,128,may_proceed,215498,cmc-material; cmc-controls,Unreviewed strong-term hit
74d07cdc756cadb874791c22,https://www.accessdata.fda.gov/drugsatfda_docs/nda/2025/216593Orig2s000ClinPharmR.pdf,9,pre_ind,216593,cmc-material,Unreviewed strong-term hit
74e3deedd4c04d1050168e02,https://www.accessdata.fda.gov/drugsatfda_docs/nda/2023/214755Orig1s000OtherR.pdf,24,pre_ind,214755,cmc-material,Unreviewed strong-term hit
752ab8da10f903ad2d59736f,https://www.accessdata.fda.gov/drugsatfda_docs/nda/2021/761109Orig1s000PharmR.pdf,10,pre_ind,761109,nonclinical-pkpd; nonclinical-safety; cmc-material; cmc-controls,Unreviewed strong-term hit
7536dd4400931a3e22e6e327,https://www.accessdata.fda.gov/drugsatfda_docs/nda/2022/215092Orig1s000SumR.pdf,7,pre_ind,215092,,Unreviewed strong-term hit
753bba5de618f749f39c096b,https://www.accessdata.fda.gov/drugsatfda_docs/nda/2024/761248Orig1s000PharmR.pdf,2,ind_review,761248,nonclinical-pharmacology; nonclinical-safety; nonclinical-package; clinical,Unreviewed strong-term hit
753bba5de618f749f39c096b,https://www.accessdata.fda.gov/drugsatfda_docs/nda/2024/761248Orig1s000PharmR.pdf,13,ind_review,761248,nonclinical-pkpd; nonclinical-safety,Unreviewed strong-term hit
75a4aa1f5408de6ebf3af24b,https://www.accessdata.fda.gov/drugsatfda_docs/nda/2022/204803Orig1s000MedR.pdf,33,clinical_hold,204803,nonclinical-pkpd; nonclinical-safety; cmc-material,Unreviewed strong-term hit
75a4aa1f5408de6ebf3af24b,https://www.accessdata.fda.gov/drugsatfda_docs/nda/2022/204803Orig1s000MedR.pdf,290,clinical_hold; pre_ind,204803,nonclinical-safety; cmc-material,Unreviewed strong-term hit
7605b2900306dbac1b206daa,https://www.accessdata.fda.gov/drugsatfda_docs/nda/2025/761391Orig1s000AdminCorres.pdf,5,may_proceed,761391,nonclinical-package,Unreviewed strong-term hit
7605b2900306dbac1b206daa,https://www.accessdata.fda.gov/drugsatfda_docs/nda/2025/761391Orig1s000AdminCorres.pdf,21,may_proceed; pre_ind,761391,nonclinical-pkpd; nonclinical-safety,Unreviewed strong-term hit
76382f8b2b4aae9c70618baa,https://www.accessdata.fda.gov/drugsatfda_docs/nda/2014/203441Orig1s002.pdf,281,ind_review,203441,nonclinical-pkpd; nonclinical-package,Unreviewed strong-term hit
773a2ddf72df4c9cd1a5cd98,https://www.accessdata.fda.gov/drugsatfda_docs/nda/2022/761291Orig1s000MultidisciplineR.pdf,247,investigator_brochure,761291,,Unreviewed strong-term hit
775ecc8152ff39750d65e760,https://www.accessdata.fda.gov/drugsatfda_docs/nda/2024/213976Orig1s000AdminCorres.pdf,42,clinical_hold,213976,nonclinical-pharmacology,Unreviewed strong-term hit
779c1c6d1fcd07b8aa45a2b9,https://www.accessdata.fda.gov/drugsatfda_docs/nda/2023/216718Orig1s000ClinPharmR.pdf,11,pre_ind,216718,nonclinical-pkpd; cmc-material,Unreviewed strong-term hit
77ab8b9a4d5b4254967c7c0f,https://www.accessdata.fda.gov/drugsatfda_docs/nda/2025/218549Orig1s000PharmR.pdf,7,pre_ind,218549,nonclinical-pharmacology; nonclinical-safety; cmc-controls; clinical-dose,Unreviewed strong-term hit
77b36adbc0a703a6b3171034,https://www.accessdata.fda.gov/drugsatfda_docs/nda/2025/217581Orig1s000AdminCorres.pdf,18,pre_ind,217581,cmc-material,Unreviewed strong-term hit
77e1aeb361a6108a7b583bfe,https://www.accessdata.fda.gov/drugsatfda_docs/nda/2022/215904Orig1s000PharmR.pdf,3,investigator_brochure,215904,nonclinical-pkpd; nonclinical-safety; cmc-controls,Unreviewed strong-term hit
780d98e63cc3e2a040380473,https://www.accessdata.fda.gov/drugsatfda_docs/nda/2021/761210Orig1s000AdminCorres.pdf,45,clinical_hold,761210,nonclinical-pharmacology,Unreviewed strong-term hit
78b2644ae5c3f1a617bbcc34,https://www.accessdata.fda.gov/drugsatfda_docs/nda/2025/216593Orig2s000CrossR.pdf,11,pre_ind,216593,,Unreviewed strong-term hit
78b786b89865afe2e1f56331,https://www.accessdata.fda.gov/drugsatfda_docs/nda/2025/761398Orig1s000MultidisciplineR.pdf,37,pre_ind,761398,,Unreviewed strong-term hit
78c109d57a8317e1116e4f8b,https://www.accessdata.fda.gov/drugsatfda_docs/nda/2021/214154Orig1s000ChemR.pdf,4,initial_ind,214154,cmc-material; cmc-controls,Unreviewed strong-term hit
78c109d57a8317e1116e4f8b,https://www.accessdata.fda.gov/drugsatfda_docs/nda/2021/214154Orig1s000ChemR.pdf,9,initial_ind,214154,cmc-material; cmc-controls,Unreviewed strong-term hit
79144f0015af8627c86c58eb,https://www.accessdata.fda.gov/drugsatfda_docs/nda/2026/219488Orig1s000AdminCorres.pdf,5,pre_ind,219488,,Unreviewed strong-term hit
79144f0015af8627c86c58eb,https://www.accessdata.fda.gov/drugsatfda_docs/nda/2026/219488Orig1s000AdminCorres.pdf,7,pre_ind,219488,nonclinical-safety,Unreviewed strong-term hit
793fd7746551833153e4b43f,https://www.accessdata.fda.gov/drugsatfda_docs/nda/2020/213969Orig1s000AdminCorres.pdf,18,clinical_hold,213969,nonclinical-pharmacology; cmc-stability,Unreviewed strong-term hit
79da289e4bf69a5547e56bd0,https://www.accessdata.fda.gov/drugsatfda_docs/nda/2026/761320Orig1s000StatR.pdf,26,pre_ind,761320,,Unreviewed strong-term hit
7a587825c6b40aa26a80624f,https://www.accessdata.fda.gov/drugsatfda_docs/nda/2024/216490Orig1s000MultidisciplineR.pdf,237,pre_ind,216490,cmc-material,Unreviewed strong-term hit
7a587825c6b40aa26a80624f,https://www.accessdata.fda.gov/drugsatfda_docs/nda/2024/216490Orig1s000MultidisciplineR.pdf,238,may_proceed,216490,clinical-dose,Unreviewed strong-term hit
7a7500752a017bac246bce76,https://www.accessdata.fda.gov/drugsatfda_docs/nda/2022/215515Orig1s000PharmR.pdf,14,initial_ind; pre_ind,215515,nonclinical-pkpd; nonclinical-package,Unreviewed strong-term hit
7acad37e0a0f0b9e8a281f09,https://www.accessdata.fda.gov/drugsatfda_docs/nda/2026/219083Orig1s000AdminCorres.pdf,38,initial_ind,219083,nonclinical-pkpd,Unreviewed strong-term hit
7b31f5f7321c4fba3795477c,https://www.accessdata.fda.gov/drugsatfda_docs/nda/2024/218213Orig1s001.pdf,78,initial_ind; pre_ind,218213,nonclinical-pkpd,Unreviewed strong-term hit
7b31f5f7321c4fba3795477c,https://www.accessdata.fda.gov/drugsatfda_docs/nda/2024/218213Orig1s001.pdf,79,initial_ind; pre_ind,218213,nonclinical-pkpd; nonclinical-package; cmc-material,Unreviewed strong-term hit
7b3399cb135323196ec3afd8,https://www.accessdata.fda.gov/drugsatfda_docs/nda/2025/219839Orig1s000OtherR.pdf,30,investigator_brochure,219839,nonclinical-pkpd,Unreviewed strong-term hit
7bb0e6ed01590cd3fa1bd964,https://www.accessdata.fda.gov/drugsatfda_docs/nda/2024/214511Orig1s000AdminCorres.pdf,19,investigator_brochure,214511,cmc-stability; clinical,Unreviewed strong-term hit
7bc01cfd57622bf3547bfb2b,https://www.accessdata.fda.gov/drugsatfda_docs/nda/2020/213246Orig1s000AdminCorres.pdf,32,clinical_hold,213246,,Unreviewed strong-term hit
7bc01cfd57622bf3547bfb2b,https://www.accessdata.fda.gov/drugsatfda_docs/nda/2020/213246Orig1s000AdminCorres.pdf,43,clinical_hold,213246,nonclinical-pharmacology; clinical,Unreviewed strong-term hit
7bc01cfd57622bf3547bfb2b,https://www.accessdata.fda.gov/drugsatfda_docs/nda/2020/213246Orig1s000AdminCorres.pdf,54,clinical_hold,213246,nonclinical-pharmacology,Unreviewed strong-term hit
7c4661ea9eaecc9669e9952a,https://www.accessdata.fda.gov/drugsatfda_docs/nda/2024/214927Orig1s000AdminCorres.pdf,15,clinical_hold,214927,nonclinical-pharmacology,Unreviewed strong-term hit
7c6abf65b70f6cf8a2edd215,https://www.accessdata.fda.gov/drugsatfda_docs/nda/2015/125433Orig1s14.pdf,115,pre_ind,125433,,Unreviewed strong-term hit
7c7d135aa9a17f6c98bd8cec,https://www.accessdata.fda.gov/drugsatfda_docs/nda/2022/761244Orig1s000MultidisciplineR.pdf,33,pre_ind,761244,,Unreviewed strong-term hit
7d0e95dc7c28b394014e1008,https://www.accessdata.fda.gov/drugsatfda_docs/nda/2017/125409Orig1s118.pdf,69,initial_ind; original_ind_review; pre_ind,125409,,Unreviewed strong-term hit
7d13ee0f27e599141471d39d,https://www.accessdata.fda.gov/drugsatfda_docs/nda/2023/215331Orig1s000AdminCorres.pdf,6,pre_ind,215331,cmc-material; cmc-controls; cmc-stability,Unreviewed strong-term hit
7d13ee0f27e599141471d39d,https://www.accessdata.fda.gov/drugsatfda_docs/nda/2023/215331Orig1s000AdminCorres.pdf,9,pre_ind,215331,cmc-material,Unreviewed strong-term hit
7d13ee0f27e599141471d39d,https://www.accessdata.fda.gov/drugsatfda_docs/nda/2023/215331Orig1s000AdminCorres.pdf,20,pre_ind,215331,nonclinical-safety; cmc-material,Unreviewed strong-term hit
7d13ee0f27e599141471d39d,https://www.accessdata.fda.gov/drugsatfda_docs/nda/2023/215331Orig1s000AdminCorres.pdf,24,ind_review,215331,nonclinical-safety; cmc-controls,Unreviewed strong-term hit
7d1af7aeb1f2426deb6542bc,https://www.accessdata.fda.gov/drugsatfda_docs/nda/2026/761427Orig1s000AdminCorres.pdf,5,pre_ind,761427,cmc-controls,Unreviewed strong-term hit
7d1af7aeb1f2426deb6542bc,https://www.accessdata.fda.gov/drugsatfda_docs/nda/2026/761427Orig1s000AdminCorres.pdf,22,investigator_brochure,761427,,Unreviewed strong-term hit
7d1af7aeb1f2426deb6542bc,https://www.accessdata.fda.gov/drugsatfda_docs/nda/2026/761427Orig1s000AdminCorres.pdf,39,pre_ind,761427,nonclinical-pkpd; cmc-controls,Unreviewed strong-term hit
7d1af7aeb1f2426deb6542bc,https://www.accessdata.fda.gov/drugsatfda_docs/nda/2026/761427Orig1s000AdminCorres.pdf,42,pre_ind,761427,nonclinical-safety; nonclinical-package; cmc-material; cmc-controls; cmc-stability,Unreviewed strong-term hit
7d1fa7c277cf6ffe23bd9659,https://www.accessdata.fda.gov/drugsatfda_docs/nda/2021/213072Orig1s000ClinPharmR.pdf,8,may_proceed,213072,nonclinical-pkpd,Unreviewed strong-term hit
7d86e909b49578dcdba0a9a0,https://www.accessdata.fda.gov/drugsatfda_docs/nda/2021/213498Orig1s000SumR.pdf,11,pre_ind,213498,nonclinical-package; clinical,Unreviewed strong-term hit
7d974ceab53e724c9f636257,https://www.accessdata.fda.gov/drugsatfda_docs/nda/2023/761342Orig1s000AdminCorres.pdf,12,investigator_brochure,761342,nonclinical-safety,Unreviewed strong-term hit
7d974ceab53e724c9f636257,https://www.accessdata.fda.gov/drugsatfda_docs/nda/2023/761342Orig1s000AdminCorres.pdf,39,clinical_hold,761342,nonclinical-pharmacology,Unreviewed strong-term hit
7d974ceab53e724c9f636257,https://www.accessdata.fda.gov/drugsatfda_docs/nda/2023/761342Orig1s000AdminCorres.pdf,75,pre_ind,761342,cmc-material; clinical,Unreviewed strong-term hit
7daf918d49ba2f2c94c6c9f0,https://www.accessdata.fda.gov/drugsatfda_docs/nda/2022/215809Orig1s000CrossR.pdf,8,may_proceed,215809,nonclinical-pkpd; cmc-material; cmc-controls,Unreviewed strong-term hit
7dcddca5cf2bc9fee28c93f1,https://www.accessdata.fda.gov/drugsatfda_docs/nda/2026/761530Orig1s000StatR.pdf,7,pre_ind,761530,cmc-controls; clinical,Unreviewed strong-term hit
7e0aed9bc13718262ece77ec,https://www.accessdata.fda.gov/drugsatfda_docs/nda/2026/761152Orig1s000IntegratedR.pdf,78,clinical_hold,761152,,Unreviewed strong-term hit
7e0aed9bc13718262ece77ec,https://www.accessdata.fda.gov/drugsatfda_docs/nda/2026/761152Orig1s000IntegratedR.pdf,213,may_proceed; pre_ind,761152,nonclinical-pkpd,Unreviewed strong-term hit
7e3e934ce0bb412cab7e567e,https://www.accessdata.fda.gov/drugsatfda_docs/nda/2021/204957Orig1s000ClinPharmR.pdf,8,pre_ind,204957,nonclinical-pkpd,Unreviewed strong-term hit
7e8eccd7bef880b68240e070,https://www.accessdata.fda.gov/drugsatfda_docs/nda/2020/761172Orig1s000AdminCorres.pdf,20,clinical_hold,761172,nonclinical-pharmacology,Unreviewed strong-term hit
7eb182ba6f0187dc37f2e608,https://www.accessdata.fda.gov/drugsatfda_docs/nda/2026/218647Orig1s000ClinPharmR.pdf,2,pre_ind,218647,cmc-material; cmc-controls,Unreviewed strong-term hit
7eb733824c570ebfd309d969,https://www.accessdata.fda.gov/drugsatfda_docs/nda/2023/761161Orig1s000MultidisciplineR.pdf,44,clinical_hold,761161,clinical,Unreviewed strong-term hit
7eb733824c570ebfd309d969,https://www.accessdata.fda.gov/drugsatfda_docs/nda/2023/761161Orig1s000MultidisciplineR.pdf,139,clinical_hold,761161,cmc-controls,Unreviewed strong-term hit
7eb733824c570ebfd309d969,https://www.accessdata.fda.gov/drugsatfda_docs/nda/2023/761161Orig1s000MultidisciplineR.pdf,283,clinical_hold,761161,,Unreviewed strong-term hit
7efe9fa1896e5acca384abfa,https://www.accessdata.fda.gov/drugsatfda_docs/nda/2022/215866Orig1s000MedR.pdf,74,investigator_brochure,215866,nonclinical-pkpd; nonclinical-package; clinical,Unreviewed strong-term hit
7f33458cd267d6ffd8b15441,https://www.accessdata.fda.gov/drugsatfda_docs/nda/2025/218772Orig1s000AdminCorres.pdf,4,initial_ind; may_proceed; pre_ind,218772,nonclinical-pkpd; cmc-material; cmc-controls; cmc-stability,Unreviewed strong-term hit
7f6d86e755ec5e25d1baa0fb,https://www.accessdata.fda.gov/drugsatfda_docs/nda/2025/216962Orig1s000MedR.pdf,109,pre_ind,216962,nonclinical-pkpd; cmc-material,Unreviewed strong-term hit
7fa09ad5727e8d49d17f6bf1,https://www.accessdata.fda.gov/drugsatfda_docs/nda/2023/206968Orig1s000ClinPharmR.pdf,3,pre_ind,206968,,Unreviewed strong-term hit
801736aa4859a2e00a9dfab1,https://www.accessdata.fda.gov/drugsatfda_docs/nda/2020/213189Orig1s000MultidisciplineR.pdf,27,may_proceed,213189,cmc-material; clinical,Unreviewed strong-term hit
8031f8c5126c3e9b65157c83,https://www.accessdata.fda.gov/drugsatfda_docs/nda/2020/213006Orig1s000PharmR.pdf,3,initial_ind,213006,nonclinical-pharmacology; nonclinical-pkpd; nonclinical-safety,Unreviewed strong-term hit
8031f8c5126c3e9b65157c83,https://www.accessdata.fda.gov/drugsatfda_docs/nda/2020/213006Orig1s000PharmR.pdf,18,initial_ind,213006,nonclinical-safety; cmc-controls,Unreviewed strong-term hit
8062d76052a26395282d606c,https://www.accessdata.fda.gov/drugsatfda_docs/nda/2023/761269Orig1s000PharmR.pdf,11,may_proceed; pre_ind,761269,nonclinical-safety; nonclinical-package; clinical,Unreviewed strong-term hit
808491d950fe6ce6e7bc6732,https://www.accessdata.fda.gov/drugsatfda_docs/nda/2020/213691Orig1s000AdminCorres.pdf,3,pre_ind,213691,cmc-material; cmc-controls; cmc-stability,Unreviewed strong-term hit
80c1393f03de4dddbeff08ab,https://www.accessdata.fda.gov/drugsatfda_docs/nda/2024/761358Orig1s000OtherR.pdf,15,ind_review,761358,,Unreviewed strong-term hit
80c5faa8b8630d1c583fb0cf,https://www.accessdata.fda.gov/drugsatfda_docs/nda/2020/214787Orig1s000SumR.pdf,8,clinical_hold,214787,nonclinical-safety; cmc-material; cmc-controls,Unreviewed strong-term hit
80c5faa8b8630d1c583fb0cf,https://www.accessdata.fda.gov/drugsatfda_docs/nda/2020/214787Orig1s000SumR.pdf,27,clinical_hold,214787,nonclinical-safety,Unreviewed strong-term hit
80c6bfd0c7189854fb1ab7f2,https://www.accessdata.fda.gov/drugsatfda_docs/nda/2024/761225Orig1s000AdminCorres.pdf,4,clinical_hold; pre_ind,761225,clinical,Unreviewed strong-term hit
80c6bfd0c7189854fb1ab7f2,https://www.accessdata.fda.gov/drugsatfda_docs/nda/2024/761225Orig1s000AdminCorres.pdf,7,initial_ind; original_ind_review; pre_ind,761225,clinical,Unreviewed strong-term hit
80d64fe4df62139c28f11c2c,https://www.accessdata.fda.gov/drugsatfda_docs/nda/2023/761278Orig1s000AdminCorres.pdf,46,pre_ind,761278,,Unreviewed strong-term hit
80d64fe4df62139c28f11c2c,https://www.accessdata.fda.gov/drugsatfda_docs/nda/2023/761278Orig1s000AdminCorres.pdf,48,pre_ind,761278,nonclinical-pkpd; clinical,Unreviewed strong-term hit
816dfd5543f8ac1c2e742cbb,https://www.accessdata.fda.gov/drugsatfda_docs/nda/2020/204017Orig1s000ChemR.pdf,23,initial_ind,204017,nonclinical-safety; cmc-controls,Unreviewed strong-term hit
8183f6358b454e34fd01b3df,https://www.accessdata.fda.gov/drugsatfda_docs/nda/2023/761279Orig1s000MultidisciplineR.pdf,62,initial_ind; may_proceed,761279,nonclinical-pkpd; clinical,Unreviewed strong-term hit
8183f6358b454e34fd01b3df,https://www.accessdata.fda.gov/drugsatfda_docs/nda/2023/761279Orig1s000MultidisciplineR.pdf,348,ind_review,761279,nonclinical-safety,Unreviewed strong-term hit
8183f6358b454e34fd01b3df,https://www.accessdata.fda.gov/drugsatfda_docs/nda/2023/761279Orig1s000MultidisciplineR.pdf,360,ind_review,761279,nonclinical-safety,Unreviewed strong-term hit
8183f6358b454e34fd01b3df,https://www.accessdata.fda.gov/drugsatfda_docs/nda/2023/761279Orig1s000MultidisciplineR.pdf,368,ind_review,761279,nonclinical-safety,Unreviewed strong-term hit
8183f6358b454e34fd01b3df,https://www.accessdata.fda.gov/drugsatfda_docs/nda/2023/761279Orig1s000MultidisciplineR.pdf,370,may_proceed,761279,nonclinical-pharmacology; nonclinical-safety; clinical-dose,Unreviewed strong-term hit
8183f6358b454e34fd01b3df,https://www.accessdata.fda.gov/drugsatfda_docs/nda/2023/761279Orig1s000MultidisciplineR.pdf,413,may_proceed,761279,nonclinical-safety; clinical-dose,Unreviewed strong-term hit
81ebd4561b6df4a93dd179cd,https://www.accessdata.fda.gov/drugsatfda_docs/nda/2021/212122Orig1s000MultidisciplineR.pdf,24,pre_ind,212122,,Unreviewed strong-term hit
81ebd4561b6df4a93dd179cd,https://www.accessdata.fda.gov/drugsatfda_docs/nda/2021/212122Orig1s000MultidisciplineR.pdf,218,pre_ind,212122,,Unreviewed strong-term hit
81f3513a16771fc9e9365a33,https://www.accessdata.fda.gov/drugsatfda_docs/nda/2010/021344Orig1s012.pdf,246,ind_review,021344,,Unreviewed strong-term hit
81f3513a16771fc9e9365a33,https://www.accessdata.fda.gov/drugsatfda_docs/nda/2010/021344Orig1s012.pdf,316,pre_ind,021344,cmc-material,Unreviewed strong-term hit
8239a9b3570f3afd6482ad09,https://www.accessdata.fda.gov/drugsatfda_docs/nda/2020/201110Orig1s000SumR.pdf,18,investigator_brochure,201110,,Unreviewed strong-term hit
8239a9b3570f3afd6482ad09,https://www.accessdata.fda.gov/drugsatfda_docs/nda/2020/201110Orig1s000SumR.pdf,31,initial_ind,201110,nonclinical-safety; cmc-material; cmc-controls,Unreviewed strong-term hit
8239a9b3570f3afd6482ad09,https://www.accessdata.fda.gov/drugsatfda_docs/nda/2020/201110Orig1s000SumR.pdf,36,investigator_brochure,201110,cmc-material,Unreviewed strong-term hit
82a54004f592ebe80b4aaed5,https://www.accessdata.fda.gov/drugsatfda_docs/nda/2025/761298Orig1s000MultidisciplineR.pdf,128,ind_review,761298,clinical,Unreviewed strong-term hit
82a54004f592ebe80b4aaed5,https://www.accessdata.fda.gov/drugsatfda_docs/nda/2025/761298Orig1s000MultidisciplineR.pdf,149,ind_review,761298,nonclinical-safety,Unreviewed strong-term hit
82a54004f592ebe80b4aaed5,https://www.accessdata.fda.gov/drugsatfda_docs/nda/2025/761298Orig1s000MultidisciplineR.pdf,154,ind_review,761298,nonclinical-safety,Unreviewed strong-term hit
82b9a449ae1cebc983ee7ba1,https://www.accessdata.fda.gov/drugsatfda_docs/nda/2025/218158Orig1s000AdminCorres.pdf,18,clinical_hold; initial_ind,218158,nonclinical-safety; nonclinical-package; cmc-material; cmc-controls; cmc-stability,Unreviewed strong-term hit
82e73dd47cce52d275e2b074,https://www.accessdata.fda.gov/drugsatfda_docs/nda/2023/215352Orig1s000MedR.pdf,37,initial_ind,215352,,Unreviewed strong-term hit
82fd9ac4a97d579bcb148a9b,https://www.accessdata.fda.gov/drugsatfda_docs/nda/2025/217186Orig1s000MedR.pdf,56,may_proceed,217186,cmc-controls,Unreviewed strong-term hit
831a003620b3feb229f96575,https://www.accessdata.fda.gov/drugsatfda_docs/nda/2020/210730Orig1s000MultidisciplineR.pdf,578,ind_review,210730,nonclinical-safety; cmc-material,Unreviewed strong-term hit
831c2ab49477146a142f69b0,https://www.accessdata.fda.gov/drugsatfda_docs/nda/2012/021344Orig1s020.pdf,130,ind_review,021344,nonclinical-safety,Unreviewed strong-term hit
8322d6edf84b19f9704f27b6,https://www.accessdata.fda.gov/drugsatfda_docs/nda/2025/761434Orig1s000IntegratedR.pdf,93,pre_ind,761434,cmc-material,Unreviewed strong-term hit
8363620977b39665416459a1,https://www.accessdata.fda.gov/drugsatfda_docs/nda/2022/215833Orig1s000AdminCorres.pdf,2,clinical_hold,215833,nonclinical-pharmacology,Unreviewed strong-term hit
8363620977b39665416459a1,https://www.accessdata.fda.gov/drugsatfda_docs/nda/2022/215833Orig1s000AdminCorres.pdf,79,investigator_brochure,215833,cmc-material; clinical,Unreviewed strong-term hit
83c21e117c561455414d53c6,https://www.accessdata.fda.gov/drugsatfda_docs/nda/2023/215842Orig1s000AdminCorres.pdf,17,investigator_brochure,215842,cmc-stability,Unreviewed strong-term hit
8423f2ea5de291ec14db4c3e,https://www.accessdata.fda.gov/drugsatfda_docs/nda/2020/761150Orig1s000MultidisciplineR.pdf,90,investigator_brochure,761150,clinical,Unreviewed strong-term hit
8463c722b02c8b82953b1993,https://www.accessdata.fda.gov/drugsatfda_docs/nda/2022/216196Orig1s000IntegratedR.pdf,128,may_proceed; pre_ind,216196,nonclinical-pkpd; nonclinical-safety; clinical,Unreviewed strong-term hit
848ce4f70b71afbcbd367636,https://www.accessdata.fda.gov/drugsatfda_docs/nda/2022/761195Orig1s000AdminCorres.pdf,33,initial_ind; may_proceed; original_ind_review,761195,,Unreviewed strong-term hit
849fdc8eff2c3c906d199047,https://www.accessdata.fda.gov/drugsatfda_docs/nda/2023/213260Orig1s000SumR.pdf,2,pre_ind,213260,cmc-controls,Unreviewed strong-term hit
849fdc8eff2c3c906d199047,https://www.accessdata.fda.gov/drugsatfda_docs/nda/2023/213260Orig1s000SumR.pdf,10,pre_ind,213260,cmc-controls,Unreviewed strong-term hit
84ccf2ea4fb6517e36f2efe6,https://www.accessdata.fda.gov/drugsatfda_docs/nda/2022/215039Orig1s000MultidisciplineR.pdf,29,pre_ind,215039,,Unreviewed strong-term hit
84ccf2ea4fb6517e36f2efe6,https://www.accessdata.fda.gov/drugsatfda_docs/nda/2022/215039Orig1s000MultidisciplineR.pdf,30,pre_ind,215039,clinical,Unreviewed strong-term hit
8507116cb704138d876150ec,https://www.accessdata.fda.gov/drugsatfda_docs/nda/2021/215310Orig1s000MultidisciplineR.pdf,45,initial_ind; original_ind_review,215310,nonclinical-pharmacology; nonclinical-safety,Unreviewed strong-term hit
85338fdd7d6ba872adf99bef,https://www.accessdata.fda.gov/drugsatfda_docs/nda/2023/216340Orig1s000ChemR.pdf,10,may_proceed,216340,cmc-material; cmc-stability,Unreviewed strong-term hit
85a3dfef2fa4b27f2e4005d9,https://www.accessdata.fda.gov/drugsatfda_docs/nda/2025/761430Orig1s000AdminCorres.pdf,16,pre_ind,761430,nonclinical-safety,Unreviewed strong-term hit
85ee85b9ff31b57364556b3d,https://www.accessdata.fda.gov/drugsatfda_docs/nda/2026/761439Orig2s000MultidisciplineR.pdf,36,clinical_hold; may_proceed,761439,nonclinical-pkpd; cmc-material; clinical,Unreviewed strong-term hit
85ee85b9ff31b57364556b3d,https://www.accessdata.fda.gov/drugsatfda_docs/nda/2026/761439Orig2s000MultidisciplineR.pdf,37,clinical_hold,761439,nonclinical-pkpd; nonclinical-package; clinical,Unreviewed strong-term hit
86007554c5406973188ffe52,https://www.accessdata.fda.gov/drugsatfda_docs/nda/2020/204017Orig1s000MedR.pdf,101,investigator_brochure,204017,clinical,Unreviewed strong-term hit
861d849413c657f088b11967,https://www.accessdata.fda.gov/drugsatfda_docs/nda/2023/217603Orig1s000MedR.pdf,12,pre_ind,217603,cmc-material; clinical,Unreviewed strong-term hit
86ddd0060ffaadf664004749,https://www.accessdata.fda.gov/drugsatfda_docs/nda/2022/215272Orig1s000OtherR.pdf,26,investigator_brochure,215272,nonclinical-pkpd,Unreviewed strong-term hit
86edd4cc9704ec4cc1c635ce,https://www.accessdata.fda.gov/drugsatfda_docs/nda/2025/020622Orig1s118.pdf,90,ind_review,020622,nonclinical-pkpd,Unreviewed strong-term hit
874bd23f4c84bf42f622246e,https://www.accessdata.fda.gov/drugsatfda_docs/nda/2021/213716Orig1s000OtherR.pdf,39,investigator_brochure,213716,nonclinical-pkpd,Unreviewed strong-term hit
878cfb2bda31ada39af1485c,https://www.accessdata.fda.gov/drugsatfda_docs/nda/2023/214993Orig1s000AdminCorres.pdf,3,pre_ind,214993,nonclinical-safety,Unreviewed strong-term hit
87908db5407031decfd9d945,https://www.accessdata.fda.gov/drugsatfda_docs/nda/2023/216059Orig1s000AdminCorres.pdf,12,investigator_brochure,216059,nonclinical-pkpd; clinical,Unreviewed strong-term hit
87fb0f8142e10f641a7c7e7c,https://www.accessdata.fda.gov/drugsatfda_docs/nda/2021/215383Orig1s000OtherR.pdf,31,investigator_brochure,215383,,Unreviewed strong-term hit
87fb0f8142e10f641a7c7e7c,https://www.accessdata.fda.gov/drugsatfda_docs/nda/2021/215383Orig1s000OtherR.pdf,44,investigator_brochure,215383,nonclinical-pkpd,Unreviewed strong-term hit
87fb0f8142e10f641a7c7e7c,https://www.accessdata.fda.gov/drugsatfda_docs/nda/2021/215383Orig1s000OtherR.pdf,70,investigator_brochure,215383,,Unreviewed strong-term hit
880002ac61310ea3246f6f24,https://www.accessdata.fda.gov/drugsatfda_docs/nda/2023/021445Orig1s042.pdf,106,ind_review,021445,nonclinical-pkpd,Unreviewed strong-term hit
881b923a123277de2f422419,https://www.accessdata.fda.gov/drugsatfda_docs/nda/2026/761530Orig1s000AdminCorres.pdf,12,clinical_hold,761530,nonclinical-pharmacology,Unreviewed strong-term hit
8822d88e0571b2410644ae1d,https://www.accessdata.fda.gov/drugsatfda_docs/nda/2025/761394Orig1s000MultidisciplineR.pdf,38,ind_review; pre_ind,761394,cmc-controls; cmc-stability,Unreviewed strong-term hit
8841ff1ef66385cf94aa5e4d,https://www.accessdata.fda.gov/drugsatfda_docs/nda/2026/219373Orig1s000PharmR.pdf,2,ind_review,219373,nonclinical-safety,Unreviewed strong-term hit
88545bbfdf5787cf5bab7ca4,https://www.accessdata.fda.gov/drugsatfda_docs/nda/2025/761400Orig1s000AdminCorres.pdf,20,investigator_brochure,761400,nonclinical-safety,Unreviewed strong-term hit
88545bbfdf5787cf5bab7ca4,https://www.accessdata.fda.gov/drugsatfda_docs/nda/2025/761400Orig1s000AdminCorres.pdf,21,investigator_brochure,761400,nonclinical-safety,Unreviewed strong-term hit
887092fe3fa628ca609d81f4,https://www.accessdata.fda.gov/drugsatfda_docs/nda/2026/215960Orig1s000OtherR.pdf,107,investigator_brochure,215960,nonclinical-pkpd,Unreviewed strong-term hit
890838840581c7e83a894fac,https://www.accessdata.fda.gov/drugsatfda_docs/nda/2025/761436Orig2s000MultidisciplineR.pdf,34,pre_ind,761436,,Unreviewed strong-term hit
890838840581c7e83a894fac,https://www.accessdata.fda.gov/drugsatfda_docs/nda/2025/761436Orig2s000MultidisciplineR.pdf,35,may_proceed,761436,cmc-stability; clinical,Unreviewed strong-term hit
8997594a1894a5f478c41603,https://www.accessdata.fda.gov/drugsatfda_docs/nda/2025/220020Orig1s000AdminCorres.pdf,2,clinical_hold,220020,nonclinical-pharmacology; nonclinical-pkpd,Unreviewed strong-term hit
89dc930e293a5ff1411c8c86,https://www.accessdata.fda.gov/drugsatfda_docs/nda/2024/212849Orig1s000AdminCorres.pdf,4,may_proceed; pre_ind,212849,nonclinical-pkpd,Unreviewed strong-term hit
89fa553473e65b53774303de,https://www.accessdata.fda.gov/drugsatfda_docs/nda/2024/212905Orig1s000AdminCorres.pdf,4,may_proceed,212905,,Unreviewed strong-term hit
89fa553473e65b53774303de,https://www.accessdata.fda.gov/drugsatfda_docs/nda/2024/212905Orig1s000AdminCorres.pdf,21,may_proceed,212905,nonclinical-safety; nonclinical-package; cmc-controls; cmc-stability,Unreviewed strong-term hit
89fa553473e65b53774303de,https://www.accessdata.fda.gov/drugsatfda_docs/nda/2024/212905Orig1s000AdminCorres.pdf,23,may_proceed,212905,,Unreviewed strong-term hit
8a28040b88452d70c575adc0,https://www.accessdata.fda.gov/drugsatfda_docs/nda/2025/218643Orig1s000StatR.pdf,7,pre_ind,218643,,Unreviewed strong-term hit
8a305ba751da3bcce631d89f,https://www.accessdata.fda.gov/drugsatfda_docs/nda/2024/761350Orig1s000MultidisciplineR.pdf,177,may_proceed,761350,nonclinical-pkpd; nonclinical-safety; cmc-material; clinical,Unreviewed strong-term hit
8a305ba751da3bcce631d89f,https://www.accessdata.fda.gov/drugsatfda_docs/nda/2024/761350Orig1s000MultidisciplineR.pdf,178,pre_ind,761350,nonclinical-pharmacology,Unreviewed strong-term hit
8a305ba751da3bcce631d89f,https://www.accessdata.fda.gov/drugsatfda_docs/nda/2024/761350Orig1s000MultidisciplineR.pdf,181,pre_ind,761350,nonclinical-pkpd; nonclinical-safety,Unreviewed strong-term hit
8a4e0061023d595e58846a02,https://www.accessdata.fda.gov/drugsatfda_docs/nda/2022/213978Orig1s000MedR.pdf,14,initial_ind,213978,cmc-material,Unreviewed strong-term hit
8a59c6e9b845edad0df70ec8,https://www.accessdata.fda.gov/drugsatfda_docs/nda/2020/761136Orig2s000MedR.pdf,25,clinical_hold; pre_ind,761136,,Unreviewed strong-term hit
8a62731db51fce01e4a412c1,https://www.accessdata.fda.gov/drugsatfda_docs/nda/2021/214429Orig1s000AdminCorres.pdf,10,pre_ind,214429,nonclinical-safety,Unreviewed strong-term hit
8a9cc4be8cb95963d3999e57,https://www.accessdata.fda.gov/drugsatfda_docs/nda/2021/209511Orig1s000MedR.pdf,28,pre_ind,209511,cmc-material,Unreviewed strong-term hit
8b25a023a315415e4b68cd90,https://www.accessdata.fda.gov/drugsatfda_docs/nda/2020/761156Orig1s000ClinPharmR.pdf,11,may_proceed,761156,nonclinical-pkpd; cmc-material; cmc-controls; clinical; clinical-dose,Unreviewed strong-term hit
8ba1305ddb03350dde8bbefc,https://www.accessdata.fda.gov/drugsatfda_docs/nda/2024/215500Orig1s000AdminCorres.pdf,35,clinical_hold,215500,nonclinical-pharmacology; nonclinical-safety,Unreviewed strong-term hit
8bacfd6351c77f8c99b260d0,https://www.accessdata.fda.gov/drugsatfda_docs/nda/2026/220185Orig1s000AdminCorres.pdf,26,clinical_hold,220185,nonclinical-pharmacology,Unreviewed strong-term hit
8bccdb29477b277a32ba5bd5,https://www.accessdata.fda.gov/drugsatfda_docs/nda/2024/216755Orig1s000MultidisciplineR.pdf,25,may_proceed,216755,cmc-material; cmc-controls,Unreviewed strong-term hit
8bd787adf192f8fbda0c0d7d,https://www.accessdata.fda.gov/drugsatfda_docs/nda/2024/218718Orig1s000MedR.pdf,10,investigator_brochure,218718,clinical,Unreviewed strong-term hit
8c3046e978d2bf3108028029,https://www.accessdata.fda.gov/drugsatfda_docs/nda/2021/214231Orig1s000MedR.pdf,25,may_proceed,214231,,Unreviewed strong-term hit
8c570bf7eb2ea79c48cea6a3,https://www.accessdata.fda.gov/drugsatfda_docs/nda/2021/202049Orig1s000MultidisciplineR.pdf,363,pre_ind,202049,nonclinical-safety,Unreviewed strong-term hit
8c570bf7eb2ea79c48cea6a3,https://www.accessdata.fda.gov/drugsatfda_docs/nda/2021/202049Orig1s000MultidisciplineR.pdf,375,pre_ind,202049,nonclinical-safety; cmc-material,Unreviewed strong-term hit
8c570bf7eb2ea79c48cea6a3,https://www.accessdata.fda.gov/drugsatfda_docs/nda/2021/202049Orig1s000MultidisciplineR.pdf,415,pre_ind,202049,nonclinical-safety; cmc-material,Unreviewed strong-term hit
8c570bf7eb2ea79c48cea6a3,https://www.accessdata.fda.gov/drugsatfda_docs/nda/2021/202049Orig1s000MultidisciplineR.pdf,423,initial_ind; may_proceed,202049,nonclinical-safety; clinical-dose,Unreviewed strong-term hit
8c79393585281bf555557069,https://www.accessdata.fda.gov/drugsatfda_docs/nda/2023/761240Orig1s000MultidisciplineR.pdf,74,may_proceed,761240,,Unreviewed strong-term hit
8c79393585281bf555557069,https://www.accessdata.fda.gov/drugsatfda_docs/nda/2023/761240Orig1s000MultidisciplineR.pdf,75,initial_ind; may_proceed; original_ind_review; pre_ind,761240,clinical,Unreviewed strong-term hit
8c79393585281bf555557069,https://www.accessdata.fda.gov/drugsatfda_docs/nda/2023/761240Orig1s000MultidisciplineR.pdf,76,pre_ind,761240,clinical,Unreviewed strong-term hit
8c79393585281bf555557069,https://www.accessdata.fda.gov/drugsatfda_docs/nda/2023/761240Orig1s000MultidisciplineR.pdf,93,initial_ind; original_ind_review,761240,nonclinical-pkpd; nonclinical-safety; nonclinical-package,Unreviewed strong-term hit
8c79393585281bf555557069,https://www.accessdata.fda.gov/drugsatfda_docs/nda/2023/761240Orig1s000MultidisciplineR.pdf,140,investigator_brochure,761240,clinical,Unreviewed strong-term hit
8caabf60622afa2ca4698053,https://www.accessdata.fda.gov/drugsatfda_docs/nda/2023/216472Orig1s000PharmR.pdf,8,initial_ind,216472,nonclinical-pkpd; nonclinical-safety; cmc-material,Unreviewed strong-term hit
8cce6f5108a4a251e8d5e0f9,https://www.accessdata.fda.gov/drugsatfda_docs/nda/2021/214900Orig1s000OtherR.pdf,56,investigator_brochure,214900,nonclinical-pkpd,Unreviewed strong-term hit
8d525250179cb0dc6517f7e7,https://www.accessdata.fda.gov/drugsatfda_docs/nda/2020/210089Orig1s000ChemR.pdf,21,pre_ind,210089,,Unreviewed strong-term hit
8d8cbfdcea3aeff15576a9c5,https://www.accessdata.fda.gov/drugsatfda_docs/nda/2021/213498Orig1s000MedR.pdf,23,initial_ind; original_ind_review; pre_ind,213498,nonclinical-pharmacology; nonclinical-pkpd; nonclinical-safety; cmc-material; clinical,Unreviewed strong-term hit
8dbedfbd979ba7d939ee4e40,https://www.accessdata.fda.gov/drugsatfda_docs/nda/2024/218010Orig1s000PharmR.pdf,5,pre_ind,218010,nonclinical-package; cmc-material; cmc-controls,Unreviewed strong-term hit
8dbedfbd979ba7d939ee4e40,https://www.accessdata.fda.gov/drugsatfda_docs/nda/2024/218010Orig1s000PharmR.pdf,14,pre_ind,218010,cmc-controls; cmc-stability,Unreviewed strong-term hit
8dbedfbd979ba7d939ee4e40,https://www.accessdata.fda.gov/drugsatfda_docs/nda/2024/218010Orig1s000PharmR.pdf,15,initial_ind; may_proceed; pre_ind,218010,cmc-material; cmc-controls; cmc-stability; clinical,Unreviewed strong-term hit
8dbedfbd979ba7d939ee4e40,https://www.accessdata.fda.gov/drugsatfda_docs/nda/2024/218010Orig1s000PharmR.pdf,18,pre_ind,218010,nonclinical-pharmacology; nonclinical-pkpd; nonclinical-safety; nonclinical-package,Unreviewed strong-term hit
8dbedfbd979ba7d939ee4e40,https://www.accessdata.fda.gov/drugsatfda_docs/nda/2024/218010Orig1s000PharmR.pdf,19,initial_ind,218010,nonclinical-pkpd; clinical,Unreviewed strong-term hit
8df979dd316a0712804dc1c6,https://www.accessdata.fda.gov/drugsatfda_docs/nda/2023/217417Orig1s000IntegratedR.pdf,118,may_proceed; pre_ind,217417,,Unreviewed strong-term hit
8e3198d6a4f38f1bc04b5472,https://www.accessdata.fda.gov/drugsatfda_docs/nda/2023/761183Orig1s000OtherR.pdf,63,investigator_brochure,761183,,Unreviewed strong-term hit
8e587d7ba287dae170961b4e,https://www.accessdata.fda.gov/drugsatfda_docs/nda/2024/215151Orig1s000IntegratedR.pdf,42,ind_review,215151,nonclinical-safety,Unreviewed strong-term hit
8e771c61dee41c7437f9c987,https://www.accessdata.fda.gov/drugsatfda_docs/nda/2024/217900Orig1s000RiskR.pdf,9,clinical_hold,217900,nonclinical-pkpd,Unreviewed strong-term hit
8e9f0645a2814860cfe1bcce,https://www.accessdata.fda.gov/drugsatfda_docs/nda/2020/209510Orig1s000AdminCorres.pdf,27,investigator_brochure,209510,nonclinical-pkpd; clinical,Unreviewed strong-term hit
8efb82666df70c4349e167de,https://www.accessdata.fda.gov/drugsatfda_docs/nda/2026/219164Orig1s000AdminCorres.pdf,34,pre_ind,219164,nonclinical-pkpd; nonclinical-safety,Unreviewed strong-term hit
8f25328ff77f9b4c2eac61e8,https://www.accessdata.fda.gov/drugsatfda_docs/nda/2025/220020Orig1s000IntegratedR.pdf,53,clinical_hold,220020,nonclinical-pkpd,Unreviewed strong-term hit
8f25328ff77f9b4c2eac61e8,https://www.accessdata.fda.gov/drugsatfda_docs/nda/2025/220020Orig1s000IntegratedR.pdf,73,clinical_hold,220020,nonclinical-pkpd,Unreviewed strong-term hit
8f25328ff77f9b4c2eac61e8,https://www.accessdata.fda.gov/drugsatfda_docs/nda/2025/220020Orig1s000IntegratedR.pdf,172,pre_ind,220020,nonclinical-pkpd,Unreviewed strong-term hit
8f25328ff77f9b4c2eac61e8,https://www.accessdata.fda.gov/drugsatfda_docs/nda/2025/220020Orig1s000IntegratedR.pdf,173,clinical_hold; may_proceed,220020,nonclinical-pkpd; nonclinical-package; cmc-stability; clinical,Unreviewed strong-term hit
8f25328ff77f9b4c2eac61e8,https://www.accessdata.fda.gov/drugsatfda_docs/nda/2025/220020Orig1s000IntegratedR.pdf,220,clinical_hold,220020,cmc-material,Unreviewed strong-term hit
8f6fe874edeea6e5ad7766ff,https://www.accessdata.fda.gov/drugsatfda_docs/nda/2013/021908Orig1s011.pdf,32,pre_ind,021908,,Unreviewed strong-term hit
8f6fe874edeea6e5ad7766ff,https://www.accessdata.fda.gov/drugsatfda_docs/nda/2013/021908Orig1s011.pdf,676,pre_ind,021908,,Unreviewed strong-term hit
8f6fe874edeea6e5ad7766ff,https://www.accessdata.fda.gov/drugsatfda_docs/nda/2013/021908Orig1s011.pdf,682,ind_review,021908,nonclinical-pkpd; nonclinical-safety,Unreviewed strong-term hit
8f95bc2bd9a9f18371bf790b,https://www.accessdata.fda.gov/drugsatfda_docs/NDA/2026/220442Orig1s000OtherR.pdf,48,investigator_brochure,220442,clinical,Unreviewed strong-term hit
8fad75ee2af7993f55430486,https://www.accessdata.fda.gov/drugsatfda_docs/nda/2023/217722Orig1s000OtherR.pdf,105,pre_ind,217722,,Unreviewed strong-term hit
8fae4fe2ffe4942cd46cd6ef,https://www.accessdata.fda.gov/drugsatfda_docs/nda/2023/214408Orig1s000AdminCorres.pdf,3,pre_ind,214408,,Unreviewed strong-term hit
8fae4fe2ffe4942cd46cd6ef,https://www.accessdata.fda.gov/drugsatfda_docs/nda/2023/214408Orig1s000AdminCorres.pdf,4,pre_ind,214408,cmc-material; cmc-controls,Unreviewed strong-term hit
8fb18f4030ad5512d16d60d5,https://www.accessdata.fda.gov/drugsatfda_docs/nda/2020/212520Orig1s000MedR.pdf,12,initial_ind,212520,nonclinical-safety; cmc-material,Unreviewed strong-term hit
90271ccd9478a49ee52f66bb,https://www.accessdata.fda.gov/drugsatfda_docs/nda/2023/217369Orig2s000IntegratedR.pdf,153,clinical_hold,217369,cmc-material,Unreviewed strong-term hit
90a0b882154065cbc7e85c7f,https://www.accessdata.fda.gov/drugsatfda_docs/nda/2021/020829Orig1s073.pdf,41,clinical_hold; may_proceed,020829,,Unreviewed strong-term hit
90b7fc336b94d79306d69734,https://www.accessdata.fda.gov/drugsatfda_docs/nda/2024/761365Orig1s000AdminCorres.pdf,26,pre_ind,761365,,Unreviewed strong-term hit
90d185fe33552a5cb7beff20,"https://www.accessdata.fda.gov/drugsatfda_docs/nda/2025/218808Orig1s000,218820Orig1s000OtherR.pdf",70,investigator_brochure,218808; 218820,nonclinical-pkpd,Unreviewed strong-term hit
90d707fafb10fc41e6bf0547,https://www.accessdata.fda.gov/drugsatfda_docs/nda/2025/219155Orig1s000OtherR.pdf,40,investigator_brochure,219155,nonclinical-pkpd,Unreviewed strong-term hit
90e4fbf28039dce2d26485e5,https://www.accessdata.fda.gov/drugsatfda_docs/nda/2023/214755Orig1s000AdminCorres.pdf,37,pre_ind,214755,nonclinical-pkpd; cmc-material,Unreviewed strong-term hit
90f5b19f70946457190183ce,https://www.accessdata.fda.gov/drugsatfda_docs/nda/2025/214697Orig1s000OtherR.pdf,143,ind_review; may_proceed,214697,nonclinical-pkpd; cmc-material; cmc-controls; cmc-stability,Unreviewed strong-term hit
90f5b19f70946457190183ce,https://www.accessdata.fda.gov/drugsatfda_docs/nda/2025/214697Orig1s000OtherR.pdf,185,clinical_hold,214697,nonclinical-safety; cmc-material,Unreviewed strong-term hit
9165af443a48cd1e344e9049,https://www.accessdata.fda.gov/drugsatfda_docs/nda/2015/125031Orig1s180.pdf,109,pre_ind,125031,nonclinical-package,Unreviewed strong-term hit
9165af443a48cd1e344e9049,https://www.accessdata.fda.gov/drugsatfda_docs/nda/2015/125031Orig1s180.pdf,156,pre_ind,125031,,Unreviewed strong-term hit
9165af443a48cd1e344e9049,https://www.accessdata.fda.gov/drugsatfda_docs/nda/2015/125031Orig1s180.pdf,166,pre_ind,125031,nonclinical-pkpd; cmc-material,Unreviewed strong-term hit
9165af443a48cd1e344e9049,https://www.accessdata.fda.gov/drugsatfda_docs/nda/2015/125031Orig1s180.pdf,170,pre_ind,125031,nonclinical-pkpd,Unreviewed strong-term hit
9165af443a48cd1e344e9049,https://www.accessdata.fda.gov/drugsatfda_docs/nda/2015/125031Orig1s180.pdf,221,pre_ind,125031,,Unreviewed strong-term hit
9165af443a48cd1e344e9049,https://www.accessdata.fda.gov/drugsatfda_docs/nda/2015/125031Orig1s180.pdf,249,pre_ind,125031,,Unreviewed strong-term hit
918bde3679c32ec77c0e0214,https://www.accessdata.fda.gov/drugsatfda_docs/nda/2021/761177Orig1s000AdminCorres.pdf,4,pre_ind,761177,nonclinical-pkpd,Unreviewed strong-term hit
918bde3679c32ec77c0e0214,https://www.accessdata.fda.gov/drugsatfda_docs/nda/2021/761177Orig1s000AdminCorres.pdf,19,pre_ind,761177,nonclinical-pkpd; cmc-material; cmc-controls,Unreviewed strong-term hit
918bde3679c32ec77c0e0214,https://www.accessdata.fda.gov/drugsatfda_docs/nda/2021/761177Orig1s000AdminCorres.pdf,29,pre_ind,761177,,Unreviewed strong-term hit
918bde3679c32ec77c0e0214,https://www.accessdata.fda.gov/drugsatfda_docs/nda/2021/761177Orig1s000AdminCorres.pdf,31,pre_ind,761177,nonclinical-pkpd; clinical,Unreviewed strong-term hit
91dff4a1ccabca1a2aa14707,https://www.accessdata.fda.gov/drugsatfda_docs/nda/2021/761194Orig1s000AdminCorres.pdf,25,clinical_hold,761194,nonclinical-pharmacology,Unreviewed strong-term hit
91dff4a1ccabca1a2aa14707,https://www.accessdata.fda.gov/drugsatfda_docs/nda/2021/761194Orig1s000AdminCorres.pdf,29,may_proceed,761194,cmc-stability,Unreviewed strong-term hit
91e5e649ec565b47abc5b105,https://www.accessdata.fda.gov/drugsatfda_docs/nda/2025/218160Orig1s000AdminCorres.pdf,29,clinical_hold,218160,,Unreviewed strong-term hit
91e5e649ec565b47abc5b105,https://www.accessdata.fda.gov/drugsatfda_docs/nda/2025/218160Orig1s000AdminCorres.pdf,40,clinical_hold,218160,nonclinical-pharmacology,Unreviewed strong-term hit
91e5e649ec565b47abc5b105,https://www.accessdata.fda.gov/drugsatfda_docs/nda/2025/218160Orig1s000AdminCorres.pdf,50,clinical_hold,218160,nonclinical-pharmacology; clinical,Unreviewed strong-term hit
92018f9281192390fb4bf263,https://www.accessdata.fda.gov/drugsatfda_docs/nda/2019/206321Orig1s004.pdf,39,pre_ind,206321,,Unreviewed strong-term hit
92018f9281192390fb4bf263,https://www.accessdata.fda.gov/drugsatfda_docs/nda/2019/206321Orig1s004.pdf,54,pre_ind,206321,,Unreviewed strong-term hit
923cbfb91eab9a33c7a4793e,https://www.accessdata.fda.gov/drugsatfda_docs/nda/2021/211964Orig1s000AdminCorres.pdf,36,pre_ind,211964,nonclinical-pkpd; cmc-material,Unreviewed strong-term hit
923cbfb91eab9a33c7a4793e,https://www.accessdata.fda.gov/drugsatfda_docs/nda/2021/211964Orig1s000AdminCorres.pdf,49,investigator_brochure,211964,nonclinical-pkpd; nonclinical-safety; nonclinical-package; clinical-dose,Unreviewed strong-term hit
923cbfb91eab9a33c7a4793e,https://www.accessdata.fda.gov/drugsatfda_docs/nda/2021/211964Orig1s000AdminCorres.pdf,52,pre_ind,211964,nonclinical-pkpd,Unreviewed strong-term hit
923e374b22fea460e1332533,https://www.accessdata.fda.gov/drugsatfda_docs/nda/2025/219685Orig1s000OtherR.pdf,45,pre_ind,219685,,Unreviewed strong-term hit
9260eafe287a958599c1da2d,https://www.accessdata.fda.gov/drugsatfda_docs/nda/2023/216993Orig1s000MultidisciplineR.pdf,41,initial_ind,216993,nonclinical-safety; clinical,Unreviewed strong-term hit
926d4dd03b46bfc936f7b8ca,https://www.accessdata.fda.gov/drugsatfda_docs/nda/2024/218860Orig1s000AdminCorres.pdf,28,may_proceed,218860,nonclinical-pkpd,Unreviewed strong-term hit
926d4dd03b46bfc936f7b8ca,https://www.accessdata.fda.gov/drugsatfda_docs/nda/2024/218860Orig1s000AdminCorres.pdf,40,may_proceed,218860,cmc-controls; clinical,Unreviewed strong-term hit
926d4dd03b46bfc936f7b8ca,https://www.accessdata.fda.gov/drugsatfda_docs/nda/2024/218860Orig1s000AdminCorres.pdf,44,may_proceed,218860,nonclinical-pharmacology,Unreviewed strong-term hit
929350c313d792b78073aeed,https://www.accessdata.fda.gov/drugsatfda_docs/nda/2023/215239Orig1s000AdminCorres.pdf,31,clinical_hold,215239,nonclinical-pharmacology,Unreviewed strong-term hit
92b8db0aac502e4811aedd54,https://www.accessdata.fda.gov/drugsatfda_docs/nda/2021/214783Orig1s000AdminCorres.pdf,4,pre_ind,214783,clinical,Unreviewed strong-term hit
92b8db0aac502e4811aedd54,https://www.accessdata.fda.gov/drugsatfda_docs/nda/2021/214783Orig1s000AdminCorres.pdf,13,investigator_brochure,214783,nonclinical-pkpd,Unreviewed strong-term hit
92b8db0aac502e4811aedd54,https://www.accessdata.fda.gov/drugsatfda_docs/nda/2021/214783Orig1s000AdminCorres.pdf,25,clinical_hold,214783,nonclinical-pharmacology,Unreviewed strong-term hit
9340abece647f6d4f2a69ff2,https://www.accessdata.fda.gov/drugsatfda_docs/nda/2020/761149Orig1s000MedR.pdf,23,initial_ind,761149,,Unreviewed strong-term hit
93a1ba81d225c18933fd0dd2,https://www.accessdata.fda.gov/drugsatfda_docs/nda/2020/213690Orig1s000MultidisciplineR.pdf,26,pre_ind,213690,nonclinical-pkpd; nonclinical-safety; cmc-material,Unreviewed strong-term hit
93a1ba81d225c18933fd0dd2,https://www.accessdata.fda.gov/drugsatfda_docs/nda/2020/213690Orig1s000MultidisciplineR.pdf,27,may_proceed; pre_ind,213690,nonclinical-pkpd; cmc-material,Unreviewed strong-term hit
93c2edb23033e2f581984a86,https://www.accessdata.fda.gov/drugsatfda_docs/nda/2023/210274Orig1s000ChemR.pdf,38,pre_ind,210274,nonclinical-safety; cmc-stability,Unreviewed strong-term hit
93c2edb23033e2f581984a86,https://www.accessdata.fda.gov/drugsatfda_docs/nda/2023/210274Orig1s000ChemR.pdf,57,pre_ind,210274,nonclinical-safety; cmc-stability,Unreviewed strong-term hit
93c2edb23033e2f581984a86,https://www.accessdata.fda.gov/drugsatfda_docs/nda/2023/210274Orig1s000ChemR.pdf,66,pre_ind,210274,cmc-material,Unreviewed strong-term hit
93c2edb23033e2f581984a86,https://www.accessdata.fda.gov/drugsatfda_docs/nda/2023/210274Orig1s000ChemR.pdf,81,pre_ind,210274,nonclinical-safety; cmc-stability,Unreviewed strong-term hit
93c2edb23033e2f581984a86,https://www.accessdata.fda.gov/drugsatfda_docs/nda/2023/210274Orig1s000ChemR.pdf,83,pre_ind,210274,cmc-material; cmc-controls,Unreviewed strong-term hit
93c2edb23033e2f581984a86,https://www.accessdata.fda.gov/drugsatfda_docs/nda/2023/210274Orig1s000ChemR.pdf,92,pre_ind,210274,cmc-material,Unreviewed strong-term hit
93c2edb23033e2f581984a86,https://www.accessdata.fda.gov/drugsatfda_docs/nda/2023/210274Orig1s000ChemR.pdf,95,pre_ind,210274,cmc-material,Unreviewed strong-term hit
944d0592ca8e106a126fe059,https://www.accessdata.fda.gov/drugsatfda_docs/nda/2022/761291Orig1s000AdminCorres.pdf,2,clinical_hold,761291,nonclinical-pharmacology,Unreviewed strong-term hit
95304a8d44ec02e6cd790af3,https://www.accessdata.fda.gov/drugsatfda_docs/nda/2022/209500Orig1s006_Redacted.pdf,58,investigator_brochure; pre_ind,209500,nonclinical-package; clinical,Unreviewed strong-term hit
95304a8d44ec02e6cd790af3,https://www.accessdata.fda.gov/drugsatfda_docs/nda/2022/209500Orig1s006_Redacted.pdf,78,pre_ind,209500,clinical,Unreviewed strong-term hit
953e1ccc63ff1c435e48c177,https://www.accessdata.fda.gov/drugsatfda_docs/nda/2023/216974Orig1s000OtherR.pdf,57,investigator_brochure,216974,nonclinical-pkpd,Unreviewed strong-term hit
957d054596d53a40ce7b750a,https://www.accessdata.fda.gov/drugsatfda_docs/nda/2023/761278Orig1s000IntegratedR.pdf,28,may_proceed; pre_ind,761278,nonclinical-pharmacology; nonclinical-safety,Unreviewed strong-term hit
957d054596d53a40ce7b750a,https://www.accessdata.fda.gov/drugsatfda_docs/nda/2023/761278Orig1s000IntegratedR.pdf,118,pre_ind,761278,nonclinical-safety; nonclinical-package; cmc-controls; cmc-stability,Unreviewed strong-term hit
957d054596d53a40ce7b750a,https://www.accessdata.fda.gov/drugsatfda_docs/nda/2023/761278Orig1s000IntegratedR.pdf,119,clinical_hold; may_proceed,761278,nonclinical-package,Unreviewed strong-term hit
95993c6fd5da99cc8d33638b,https://www.accessdata.fda.gov/drugsatfda_docs/nda/2024/218944Orig1s000MultidisciplineR.pdf,26,initial_ind; original_ind_review,218944,cmc-material; clinical-dose,Unreviewed strong-term hit
95993c6fd5da99cc8d33638b,https://www.accessdata.fda.gov/drugsatfda_docs/nda/2024/218944Orig1s000MultidisciplineR.pdf,27,pre_ind,218944,cmc-material; cmc-controls; cmc-stability,Unreviewed strong-term hit
95993c6fd5da99cc8d33638b,https://www.accessdata.fda.gov/drugsatfda_docs/nda/2024/218944Orig1s000MultidisciplineR.pdf,28,pre_ind,218944,cmc-material,Unreviewed strong-term hit
95993c6fd5da99cc8d33638b,https://www.accessdata.fda.gov/drugsatfda_docs/nda/2024/218944Orig1s000MultidisciplineR.pdf,29,pre_ind,218944,cmc-material,Unreviewed strong-term hit
959e4161831ba1ce08115310,https://www.accessdata.fda.gov/drugsatfda_docs/nda/2024/217064Orig1s000PharmR.pdf,13,initial_ind; pre_ind,217064,nonclinical-pkpd; nonclinical-safety; clinical,Unreviewed strong-term hit
959e4161831ba1ce08115310,https://www.accessdata.fda.gov/drugsatfda_docs/nda/2024/217064Orig1s000PharmR.pdf,14,initial_ind,217064,nonclinical-pkpd; nonclinical-safety; nonclinical-package; cmc-controls,Unreviewed strong-term hit
959e4161831ba1ce08115310,https://www.accessdata.fda.gov/drugsatfda_docs/nda/2024/217064Orig1s000PharmR.pdf,18,initial_ind,217064,nonclinical-safety; nonclinical-package,Unreviewed strong-term hit
95a16039af16d9081e191b11,https://www.accessdata.fda.gov/drugsatfda_docs/nda/2022/761228Orig1s000MultidisciplineR.pdf,27,initial_ind; may_proceed; original_ind_review,761228,,Unreviewed strong-term hit
95a16039af16d9081e191b11,https://www.accessdata.fda.gov/drugsatfda_docs/nda/2022/761228Orig1s000MultidisciplineR.pdf,127,investigator_brochure,761228,nonclinical-safety; clinical,Unreviewed strong-term hit
95a17faf9bcbe22f33fc810d,https://www.accessdata.fda.gov/drugsatfda_docs/nda/2021/215310Orig1s000ChemR.pdf,22,initial_ind,215310,cmc-material; cmc-controls; cmc-stability,Unreviewed strong-term hit
95a2945854e9ada0523d821e,"https://www.accessdata.fda.gov/drugsatfda_docs/nda/2025/219379Orig1s000,219389Orig1s000OtherR.pdf",20,investigator_brochure,219379; 219389,nonclinical-pkpd,Unreviewed strong-term hit
95ca8803557f0409930ff6b3,https://www.accessdata.fda.gov/drugsatfda_docs/nda/2022/208712Orig1s000AdminCorres.pdf,20,clinical_hold,208712,nonclinical-safety; clinical,Unreviewed strong-term hit
967154ca3e2d738edf352b17,https://www.accessdata.fda.gov/drugsatfda_docs/nda/2023/217722Orig1s000IntegratedR.pdf,81,may_proceed; pre_ind,217722,cmc-controls; cmc-stability,Unreviewed strong-term hit
967154ca3e2d738edf352b17,https://www.accessdata.fda.gov/drugsatfda_docs/nda/2023/217722Orig1s000IntegratedR.pdf,94,pre_ind,217722,nonclinical-safety; cmc-material; clinical,Unreviewed strong-term hit
967154ca3e2d738edf352b17,https://www.accessdata.fda.gov/drugsatfda_docs/nda/2023/217722Orig1s000IntegratedR.pdf,95,pre_ind,217722,nonclinical-pkpd; nonclinical-safety; cmc-material,Unreviewed strong-term hit
967154ca3e2d738edf352b17,https://www.accessdata.fda.gov/drugsatfda_docs/nda/2023/217722Orig1s000IntegratedR.pdf,96,pre_ind,217722,nonclinical-pkpd,Unreviewed strong-term hit
967154ca3e2d738edf352b17,https://www.accessdata.fda.gov/drugsatfda_docs/nda/2023/217722Orig1s000IntegratedR.pdf,134,pre_ind,217722,nonclinical-safety; cmc-material; clinical,Unreviewed strong-term hit
967154ca3e2d738edf352b17,https://www.accessdata.fda.gov/drugsatfda_docs/nda/2023/217722Orig1s000IntegratedR.pdf,149,pre_ind,217722,nonclinical-pkpd; nonclinical-safety; cmc-material; clinical,Unreviewed strong-term hit
969dd84149ae803e5a9c3209,https://www.accessdata.fda.gov/drugsatfda_docs/nda/2024/217900Orig1s000MultidisciplineR.pdf,23,clinical_hold,217900,nonclinical-pkpd,Unreviewed strong-term hit
969dd84149ae803e5a9c3209,https://www.accessdata.fda.gov/drugsatfda_docs/nda/2024/217900Orig1s000MultidisciplineR.pdf,24,clinical_hold,217900,nonclinical-pkpd; clinical,Unreviewed strong-term hit
969dd84149ae803e5a9c3209,https://www.accessdata.fda.gov/drugsatfda_docs/nda/2024/217900Orig1s000MultidisciplineR.pdf,36,initial_ind; pre_ind,217900,nonclinical-safety; nonclinical-package,Unreviewed strong-term hit
969dd84149ae803e5a9c3209,https://www.accessdata.fda.gov/drugsatfda_docs/nda/2024/217900Orig1s000MultidisciplineR.pdf,39,clinical_hold,217900,clinical,Unreviewed strong-term hit
969dd84149ae803e5a9c3209,https://www.accessdata.fda.gov/drugsatfda_docs/nda/2024/217900Orig1s000MultidisciplineR.pdf,151,clinical_hold,217900,nonclinical-pkpd,Unreviewed strong-term hit
969dd84149ae803e5a9c3209,https://www.accessdata.fda.gov/drugsatfda_docs/nda/2024/217900Orig1s000MultidisciplineR.pdf,200,clinical_hold,217900,,Unreviewed strong-term hit
969dd84149ae803e5a9c3209,https://www.accessdata.fda.gov/drugsatfda_docs/nda/2024/217900Orig1s000MultidisciplineR.pdf,203,clinical_hold,217900,nonclinical-pkpd,Unreviewed strong-term hit
96a7032ebf1f77d215fe4229,https://www.accessdata.fda.gov/drugsatfda_docs/nda/2022/214962Orig2s000SumR.pdf,7,pre_ind,214962,nonclinical-pkpd,Unreviewed strong-term hit
96aa96c6e0eb3bec5882ec11,https://www.accessdata.fda.gov/drugsatfda_docs/nda/2022/212304Orig1s000ClinPharmR.pdf,48,pre_ind,212304,nonclinical-pkpd; cmc-controls; cmc-stability,Unreviewed strong-term hit
96b535ecd116c65d96e7e190,https://www.accessdata.fda.gov/drugsatfda_docs/nda/2023/761286Orig1s000IntegratedR.pdf,56,pre_ind,761286,clinical,Unreviewed strong-term hit
96b535ecd116c65d96e7e190,https://www.accessdata.fda.gov/drugsatfda_docs/nda/2023/761286Orig1s000IntegratedR.pdf,72,pre_ind,761286,,Unreviewed strong-term hit
96b535ecd116c65d96e7e190,https://www.accessdata.fda.gov/drugsatfda_docs/nda/2023/761286Orig1s000IntegratedR.pdf,136,investigator_brochure,761286,,Unreviewed strong-term hit
96b535ecd116c65d96e7e190,https://www.accessdata.fda.gov/drugsatfda_docs/nda/2023/761286Orig1s000IntegratedR.pdf,159,initial_ind; pre_ind,761286,cmc-controls,Unreviewed strong-term hit
96d298d06fda32ce0100528d,https://www.accessdata.fda.gov/drugsatfda_docs/nda/2022/212304Orig1s000PharmR.pdf,8,pre_ind,212304,nonclinical-pkpd; nonclinical-safety; nonclinical-package; cmc-material; clinical-dose,Unreviewed strong-term hit
9723cc699c00eb8cc5a26f87,"https://www.accessdata.fda.gov/drugsatfda_docs/nda/2025/219379Orig1s000,219389Orig1s000MultidisciplineR.pdf",32,may_proceed; pre_ind,219379; 219389,cmc-controls; clinical,Unreviewed strong-term hit
9723cc699c00eb8cc5a26f87,"https://www.accessdata.fda.gov/drugsatfda_docs/nda/2025/219379Orig1s000,219389Orig1s000MultidisciplineR.pdf",36,pre_ind,219379; 219389,nonclinical-safety; nonclinical-package,Unreviewed strong-term hit
97637ac49275b650de222f91,https://www.accessdata.fda.gov/drugsatfda_docs/nda/2024/218275Orig1s000IntegratedR.pdf,60,may_proceed,218275,clinical,Unreviewed strong-term hit
97637ac49275b650de222f91,https://www.accessdata.fda.gov/drugsatfda_docs/nda/2024/218275Orig1s000IntegratedR.pdf,240,may_proceed,218275,nonclinical-pkpd; nonclinical-safety,Unreviewed strong-term hit
976c85e45b1a9fd3ea7c3ad0,https://www.accessdata.fda.gov/drugsatfda_docs/nda/2023/761183Orig1s000AdminCorres.pdf,35,clinical_hold,761183,nonclinical-pharmacology,Unreviewed strong-term hit
978ed6a0514b3acc9e68b964,https://www.accessdata.fda.gov/drugsatfda_docs/nda/2022/214801Orig1s000MultidisciplineR.pdf,35,clinical_hold; initial_ind,214801,clinical,Unreviewed strong-term hit
978ed6a0514b3acc9e68b964,https://www.accessdata.fda.gov/drugsatfda_docs/nda/2022/214801Orig1s000MultidisciplineR.pdf,37,clinical_hold,214801,clinical,Unreviewed strong-term hit
978ed6a0514b3acc9e68b964,https://www.accessdata.fda.gov/drugsatfda_docs/nda/2022/214801Orig1s000MultidisciplineR.pdf,190,investigator_brochure,214801,,Unreviewed strong-term hit
97914294628def99ef7fe9df,https://www.accessdata.fda.gov/drugsatfda_docs/nda/2017/125276Orig1s112.pdf,205,pre_ind,125276,,Unreviewed strong-term hit
97b4666314e0b40c01b46f92,https://www.accessdata.fda.gov/drugsatfda_docs/nda/2024/761355Orig1s000ClinPharmR.pdf,7,pre_ind,761355,nonclinical-pkpd,Unreviewed strong-term hit
97c7fce7550c22f9adce9aa0,https://www.accessdata.fda.gov/drugsatfda_docs/nda/2021/125276Orig1s131.pdf,203,pre_ind,125276,nonclinical-pharmacology,Unreviewed strong-term hit
97c7fce7550c22f9adce9aa0,https://www.accessdata.fda.gov/drugsatfda_docs/nda/2021/125276Orig1s131.pdf,226,pre_ind,125276,nonclinical-safety,Unreviewed strong-term hit
97cff51e0d368efb217d3898,https://www.accessdata.fda.gov/drugsatfda_docs/nda/2025/761258Orig1s000MultidisciplineR.pdf,33,may_proceed,761258,,Unreviewed strong-term hit
97cff51e0d368efb217d3898,https://www.accessdata.fda.gov/drugsatfda_docs/nda/2025/761258Orig1s000MultidisciplineR.pdf,34,may_proceed,761258,,Unreviewed strong-term hit
97cff51e0d368efb217d3898,https://www.accessdata.fda.gov/drugsatfda_docs/nda/2025/761258Orig1s000MultidisciplineR.pdf,43,initial_ind,761258,nonclinical-pharmacology; nonclinical-safety,Unreviewed strong-term hit
97cff51e0d368efb217d3898,https://www.accessdata.fda.gov/drugsatfda_docs/nda/2025/761258Orig1s000MultidisciplineR.pdf,298,may_proceed,761258,clinical,Unreviewed strong-term hit
97cff51e0d368efb217d3898,https://www.accessdata.fda.gov/drugsatfda_docs/nda/2025/761258Orig1s000MultidisciplineR.pdf,306,initial_ind,761258,nonclinical-pharmacology; nonclinical-safety,Unreviewed strong-term hit
983a9304068392418b546142,https://www.accessdata.fda.gov/drugsatfda_docs/nda/2026/219627Orig1s000MultidisciplineR.pdf,25,may_proceed; pre_ind,219627,nonclinical-package; cmc-controls; cmc-stability,Unreviewed strong-term hit
985594ded3a996cd6ce4c6c3,https://www.accessdata.fda.gov/drugsatfda_docs/nda/2026/216830Orig1s000AdminCorres.pdf,9,pre_ind,216830,,Unreviewed strong-term hit
9864419a026e4ab67f7aed67,https://www.accessdata.fda.gov/drugsatfda_docs/nda/2021/208232Orig1s000PharmR.pdf,22,initial_ind,208232,nonclinical-safety; cmc-material; cmc-controls,Unreviewed strong-term hit
9864419a026e4ab67f7aed67,https://www.accessdata.fda.gov/drugsatfda_docs/nda/2021/208232Orig1s000PharmR.pdf,25,clinical_hold,208232,nonclinical-safety; nonclinical-package; cmc-material; cmc-controls,Unreviewed strong-term hit
98b1cf539dcb380279ace19a,https://www.accessdata.fda.gov/drugsatfda_docs/nda/2020/205832Orig1s013.pdf,65,pre_ind,205832,nonclinical-package; clinical,Unreviewed strong-term hit
98c633be4229d15e25c76e9a,https://www.accessdata.fda.gov/drugsatfda_docs/nda/2025/219042Orig1s000OtherR.pdf,29,investigator_brochure,219042,nonclinical-pkpd; clinical-dose,Unreviewed strong-term hit
98ecc3ffedec24c270762dc8,https://www.accessdata.fda.gov/drugsatfda_docs/nda/2024/217242Orig1s000AdminCorres.pdf,5,pre_ind,217242,nonclinical-package; clinical,Unreviewed strong-term hit
9942379d65ae44823f92890c,https://www.accessdata.fda.gov/drugsatfda_docs/nda/2025/219019Orig1s000OtherR.pdf,33,clinical_hold,219019,nonclinical-pkpd; nonclinical-safety,Unreviewed strong-term hit
9942379d65ae44823f92890c,https://www.accessdata.fda.gov/drugsatfda_docs/nda/2025/219019Orig1s000OtherR.pdf,62,pre_ind,219019,nonclinical-safety; clinical,Unreviewed strong-term hit
9984a02c709fec30d656e72a,https://www.accessdata.fda.gov/drugsatfda_docs/nda/2024/216482Orig1s000AdminCorres.pdf,3,pre_ind,216482,nonclinical-safety; cmc-material,Unreviewed strong-term hit
9984a02c709fec30d656e72a,https://www.accessdata.fda.gov/drugsatfda_docs/nda/2024/216482Orig1s000AdminCorres.pdf,4,pre_ind,216482,nonclinical-safety; cmc-material,Unreviewed strong-term hit
998d7d95688b2e895ee6f76c,https://www.accessdata.fda.gov/drugsatfda_docs/nda/2025/216593Orig2s000MedR.pdf,24,pre_ind,216593,,Unreviewed strong-term hit
998d7d95688b2e895ee6f76c,https://www.accessdata.fda.gov/drugsatfda_docs/nda/2025/216593Orig2s000MedR.pdf,42,investigator_brochure,216593,nonclinical-pkpd; clinical,Unreviewed strong-term hit
998f4cb85b284a52f8ea8e60,https://www.accessdata.fda.gov/drugsatfda_docs/nda/2023/216117Orig1s000MultidisciplineR.pdf,12,pre_ind,216117,nonclinical-pkpd,Unreviewed strong-term hit
99bad6bfebb47a83dc4f4cec,https://www.accessdata.fda.gov/drugsatfda_docs/nda/2021/125409Orig1s109.pdf,73,ind_review,125409,nonclinical-pkpd,Unreviewed strong-term hit
99d4eda5232b2746b7060642,https://www.accessdata.fda.gov/drugsatfda_docs/nda/2026/219627Orig1s000RiskR.pdf,5,may_proceed,219627,,Unreviewed strong-term hit
9a21b119599e11cf272e01ec,https://www.accessdata.fda.gov/drugsatfda_docs/nda/2022/761173Orig1s000MultidisciplineR.pdf,18,pre_ind,761173,nonclinical-pkpd,Unreviewed strong-term hit
9af94db8f6b9d9fb7c45f124,https://www.accessdata.fda.gov/drugsatfda_docs/nda/2021/761044Orig1s003.pdf,101,may_proceed; pre_ind,761044,clinical,Unreviewed strong-term hit
9b4c4d5bc6fde838a5534ab9,https://www.accessdata.fda.gov/drugsatfda_docs/nda/2023/761134Orig1s000AdminCorres.pdf,31,pre_ind,761134,,Unreviewed strong-term hit
9b51357c395b450d641ec4f4,https://www.accessdata.fda.gov/drugsatfda_docs/nda/2023/125514Orig1s055.pdf,122,initial_ind,125514,,Unreviewed strong-term hit
9b51357c395b450d641ec4f4,https://www.accessdata.fda.gov/drugsatfda_docs/nda/2023/125514Orig1s055.pdf,164,investigator_brochure,125514,nonclinical-pharmacology; nonclinical-pkpd; clinical,Unreviewed strong-term hit
9b51357c395b450d641ec4f4,https://www.accessdata.fda.gov/drugsatfda_docs/nda/2023/125514Orig1s055.pdf,175,investigator_brochure,125514,,Unreviewed strong-term hit
9c2418fc8f4fb3ea170998ea,https://www.accessdata.fda.gov/drugsatfda_docs/nda/2021/214096Orig1s000ChemR.pdf,4,initial_ind,214096,cmc-material,Unreviewed strong-term hit
9c2418fc8f4fb3ea170998ea,https://www.accessdata.fda.gov/drugsatfda_docs/nda/2021/214096Orig1s000ChemR.pdf,9,initial_ind,214096,cmc-material; cmc-controls; cmc-stability,Unreviewed strong-term hit
9c351e2c0012feda48be28fc,https://www.accessdata.fda.gov/drugsatfda_docs/nda/2022/213871Orig1s000OtherR.pdf,75,investigator_brochure,213871,nonclinical-pkpd,Unreviewed strong-term hit
9c7ec37cb09a5fab6aa49db7,https://www.accessdata.fda.gov/drugsatfda_docs/nda/2020/209575Orig1s000SumR.pdf,3,pre_ind,209575,nonclinical-safety; cmc-material; cmc-stability,Unreviewed strong-term hit
9c7ec37cb09a5fab6aa49db7,https://www.accessdata.fda.gov/drugsatfda_docs/nda/2020/209575Orig1s000SumR.pdf,17,pre_ind,209575,clinical,Unreviewed strong-term hit
9cf25ff1f8021fabe1a2b69c,https://www.accessdata.fda.gov/drugsatfda_docs/nda/2022/213312Orig1s000IntegratedR.pdf,28,pre_ind,213312,nonclinical-pkpd; nonclinical-package; cmc-material; clinical-dose,Unreviewed strong-term hit
9cf25ff1f8021fabe1a2b69c,https://www.accessdata.fda.gov/drugsatfda_docs/nda/2022/213312Orig1s000IntegratedR.pdf,29,initial_ind; pre_ind,213312,nonclinical-pkpd; nonclinical-safety; nonclinical-package; cmc-controls; clinical,Unreviewed strong-term hit
9cf25ff1f8021fabe1a2b69c,https://www.accessdata.fda.gov/drugsatfda_docs/nda/2022/213312Orig1s000IntegratedR.pdf,42,initial_ind; original_ind_review,213312,nonclinical-pkpd; nonclinical-safety; nonclinical-package; clinical-dose,Unreviewed strong-term hit
9d2704089725fd2b61675b7e,https://www.accessdata.fda.gov/drugsatfda_docs/nda/2022/213895Orig1s000MultidisciplineR.pdf,48,pre_ind,213895,cmc-material,Unreviewed strong-term hit
9d5a2a0cad2c3634ba563921,https://www.accessdata.fda.gov/drugsatfda_docs/nda/2026/220152Orig1s000RiskR.pdf,5,clinical_hold,220152,nonclinical-pkpd; nonclinical-safety,Unreviewed strong-term hit
9d65f06c887442f9dfe3be71,https://www.accessdata.fda.gov/drugsatfda_docs/nda/2024/761358Orig1s000MultidisciplineR.pdf,47,initial_ind; may_proceed; pre_ind,761358,,Unreviewed strong-term hit
9d66d31caad96d2ca1dd3e74,https://www.accessdata.fda.gov/drugsatfda_docs/nda/2023/208969Orig1s000OtherR.pdf,139,pre_ind,208969,cmc-material,Unreviewed strong-term hit
9ddfcd9a0a520d669f0c92fb,https://www.accessdata.fda.gov/drugsatfda_docs/nda/2021/210864Orig1s000PharmR.pdf,7,pre_ind,210864,nonclinical-safety; cmc-material; cmc-stability,Unreviewed strong-term hit
9e754819b3b0f7f83b4a0260,https://www.accessdata.fda.gov/drugsatfda_docs/nda/2026/216665Orig1s000IntegratedR.pdf,194,pre_ind,216665,,Unreviewed strong-term hit
9eacdea6c8d6e032b7474a2f,https://www.accessdata.fda.gov/drugsatfda_docs/nda/2024/125514Orig1s097.pdf,128,investigator_brochure,125514,clinical,Unreviewed strong-term hit
9eacdea6c8d6e032b7474a2f,https://www.accessdata.fda.gov/drugsatfda_docs/nda/2024/125514Orig1s097.pdf,148,initial_ind,125514,clinical,Unreviewed strong-term hit
9ecfa41723dae9774cfd28be,https://www.accessdata.fda.gov/drugsatfda_docs/nda/2010/022331Orig1s001.pdf,70,pre_ind,022331,,Unreviewed strong-term hit
9f15e05c2787acd36c1436da,https://www.accessdata.fda.gov/drugsatfda_docs/nda/2022/214962Orig2s000AdminCorres.pdf,2,pre_ind,214962,,Unreviewed strong-term hit
9f15e05c2787acd36c1436da,https://www.accessdata.fda.gov/drugsatfda_docs/nda/2022/214962Orig2s000AdminCorres.pdf,3,pre_ind,214962,nonclinical-pkpd; clinical,Unreviewed strong-term hit
9f15e05c2787acd36c1436da,https://www.accessdata.fda.gov/drugsatfda_docs/nda/2022/214962Orig2s000AdminCorres.pdf,4,clinical_hold,214962,nonclinical-pkpd; clinical,Unreviewed strong-term hit
9f71b8213b2099b3935ef43f,https://www.accessdata.fda.gov/drugsatfda_docs/nda/2017/050718Orig1s046.pdf,206,ind_review,050718,nonclinical-pkpd,Unreviewed strong-term hit
9fc53f1107fc67a7c65e3c96,"https://www.accessdata.fda.gov/drugsatfda_docs/nda/2021/214460Orig1s000, 214461Orig1s000MedR.pdf",48,clinical_hold,214460; 214461,nonclinical-safety,Unreviewed strong-term hit
9fd4f97a1455cc8939fba70f,https://www.accessdata.fda.gov/drugsatfda_docs/nda/2023/216718Orig1s000MedR.pdf,21,pre_ind,216718,clinical-dose,Unreviewed strong-term hit
a02f95286fbd658cffb3d6fe,https://www.accessdata.fda.gov/drugsatfda_docs/nda/2024/217645Orig1s000MultidisciplineR.pdf,16,pre_ind,217645,nonclinical-package; cmc-material,Unreviewed strong-term hit
a09a6b8e552049b596453100,https://www.accessdata.fda.gov/drugsatfda_docs/nda/2021/204629Orig1s002.pdf,89,initial_ind,204629,,Unreviewed strong-term hit
a0fa073c0f19395e5cbc6055,https://www.accessdata.fda.gov/drugsatfda_docs/nda/2025/219972Orig1s000MultidisciplineR.pdf,37,initial_ind; may_proceed,219972,,Unreviewed strong-term hit
a0fa0d87825f04cf5fa9663b,https://www.accessdata.fda.gov/drugsatfda_docs/nda/2021/212501Orig1s000ChemR.pdf,38,pre_ind,212501,cmc-material; cmc-controls,Unreviewed strong-term hit
a1745d30a881a66820183154,https://www.accessdata.fda.gov/drugsatfda_docs/nda/2026/761468Orig1s000MicroR.pdf,15,initial_ind; original_ind_review; pre_ind,761468,cmc-controls,Unreviewed strong-term hit
a1ac3de7435eb0e96f60703a,https://www.accessdata.fda.gov/drugsatfda_docs/nda/2020/211616Orig1s000AdminCorres.pdf,3,clinical_hold,211616,nonclinical-pharmacology,Unreviewed strong-term hit
a1ac3de7435eb0e96f60703a,https://www.accessdata.fda.gov/drugsatfda_docs/nda/2020/211616Orig1s000AdminCorres.pdf,28,clinical_hold,211616,,Unreviewed strong-term hit
a1ac3de7435eb0e96f60703a,https://www.accessdata.fda.gov/drugsatfda_docs/nda/2020/211616Orig1s000AdminCorres.pdf,31,initial_ind,211616,nonclinical-pharmacology; nonclinical-package; clinical,Unreviewed strong-term hit
a1b2f277cc8407ed56bae23e,https://www.accessdata.fda.gov/drugsatfda_docs/nda/2025/219155Orig1s000IntegratedR.pdf,203,may_proceed; pre_ind,219155,nonclinical-pharmacology; nonclinical-pkpd; cmc-material,Unreviewed strong-term hit
a1e02d2b960f86c036a83e95,https://www.accessdata.fda.gov/drugsatfda_docs/nda/2025/761417Orig1s000AdminCorres.pdf,21,pre_ind,761417,,Unreviewed strong-term hit
a1e05222a649857cac3ce23e,https://www.accessdata.fda.gov/drugsatfda_docs/nda/2025/218158Orig1s000PharmR.pdf,26,initial_ind; pre_ind,218158,nonclinical-pkpd; nonclinical-safety; nonclinical-package; cmc-material; cmc-controls,Unreviewed strong-term hit
a1e05222a649857cac3ce23e,https://www.accessdata.fda.gov/drugsatfda_docs/nda/2025/218158Orig1s000PharmR.pdf,29,initial_ind,218158,nonclinical-pharmacology,Unreviewed strong-term hit
a1e05222a649857cac3ce23e,https://www.accessdata.fda.gov/drugsatfda_docs/nda/2025/218158Orig1s000PharmR.pdf,39,initial_ind,218158,,Unreviewed strong-term hit
a1e05222a649857cac3ce23e,https://www.accessdata.fda.gov/drugsatfda_docs/nda/2025/218158Orig1s000PharmR.pdf,49,initial_ind,218158,,Unreviewed strong-term hit
a1e05222a649857cac3ce23e,https://www.accessdata.fda.gov/drugsatfda_docs/nda/2025/218158Orig1s000PharmR.pdf,57,initial_ind,218158,nonclinical-safety; nonclinical-package; clinical-dose,Unreviewed strong-term hit
a2476eef9c89f7eec2e2deb2,https://www.accessdata.fda.gov/drugsatfda_docs/nda/2020/213411Orig1s000ChemR.pdf,7,may_proceed,213411,cmc-controls; cmc-stability,Unreviewed strong-term hit
a2476eef9c89f7eec2e2deb2,https://www.accessdata.fda.gov/drugsatfda_docs/nda/2020/213411Orig1s000ChemR.pdf,8,may_proceed,213411,cmc-controls; cmc-stability,Unreviewed strong-term hit
a2949b5530f14d4843d8728c,https://www.accessdata.fda.gov/drugsatfda_docs/nda/2026/761439Orig2s000AdminCorres.pdf,7,clinical_hold,761439,cmc-material; cmc-controls; cmc-stability,Unreviewed strong-term hit
a2b4e579fb765fb0fec74e26,https://www.accessdata.fda.gov/drugsatfda_docs/nda/2021/215383Orig1s000AdminCorres.pdf,46,pre_ind,215383,,Unreviewed strong-term hit
a2be55c8ef596acfad730039,https://www.accessdata.fda.gov/drugsatfda_docs/nda/2025/761394Orig1s000AdminCorres.pdf,44,pre_ind,761394,,Unreviewed strong-term hit
a2c8b8b9cbc48843c643d63a,https://www.accessdata.fda.gov/drugsatfda_docs/nda/2024/214927Orig1s000OtherR.pdf,83,investigator_brochure,214927,nonclinical-pkpd,Unreviewed strong-term hit
a362aca4b6f19cf2e6c1c1df,https://www.accessdata.fda.gov/drugsatfda_docs/nda/2026/761458Orig1s000MultidisciplineR.pdf,43,pre_ind,761458,cmc-material; cmc-controls; clinical,Unreviewed strong-term hit
a362aca4b6f19cf2e6c1c1df,https://www.accessdata.fda.gov/drugsatfda_docs/nda/2026/761458Orig1s000MultidisciplineR.pdf,109,pre_ind,761458,nonclinical-pkpd; nonclinical-safety; nonclinical-package,Unreviewed strong-term hit
a362aca4b6f19cf2e6c1c1df,https://www.accessdata.fda.gov/drugsatfda_docs/nda/2026/761458Orig1s000MultidisciplineR.pdf,110,may_proceed,761458,nonclinical-safety; cmc-material,Unreviewed strong-term hit
a362aca4b6f19cf2e6c1c1df,https://www.accessdata.fda.gov/drugsatfda_docs/nda/2026/761458Orig1s000MultidisciplineR.pdf,117,initial_ind; pre_ind,761458,nonclinical-pharmacology; nonclinical-pkpd; nonclinical-safety; cmc-material; cmc-stability,Unreviewed strong-term hit
a376b437410de8e6f7fa31bb,https://www.accessdata.fda.gov/drugsatfda_docs/nda/2025/218881Orig1s000MultidisciplineR.pdf,33,clinical_hold; may_proceed,218881,nonclinical-pharmacology; nonclinical-safety,Unreviewed strong-term hit
a382100646ccf1bd61e37497,https://www.accessdata.fda.gov/drugsatfda_docs/nda/2020/211616Orig1s000IntegratedR.pdf,119,clinical_hold,211616,clinical,Unreviewed strong-term hit
a382100646ccf1bd61e37497,https://www.accessdata.fda.gov/drugsatfda_docs/nda/2020/211616Orig1s000IntegratedR.pdf,303,initial_ind,211616,nonclinical-pkpd; nonclinical-safety; nonclinical-package,Unreviewed strong-term hit
a3967d0b6e6ac149f7f8f175,https://www.accessdata.fda.gov/drugsatfda_docs/nda/2022/761244Orig1s000OtherR.pdf,27,may_proceed,761244,,Unreviewed strong-term hit
a40d5105482a6f58ae21ec60,https://www.accessdata.fda.gov/drugsatfda_docs/nda/2021/214231Orig1s000AdminCorres.pdf,28,initial_ind; original_ind_review; pre_ind,214231,nonclinical-pkpd; nonclinical-safety; cmc-material; cmc-controls,Unreviewed strong-term hit
a45cf88f29d43e1a182a970a,https://www.accessdata.fda.gov/drugsatfda_docs/nda/2020/212801Orig1s000SumR.pdf,13,may_proceed,212801,clinical,Unreviewed strong-term hit
a4660af8ad6a2e9d1aa9ea3d,https://www.accessdata.fda.gov/drugsatfda_docs/nda/2024/215040Orig1s000OtherR.pdf,39,pre_ind,215040,,Unreviewed strong-term hit
a4b5efe9639e7063fac10500,https://www.accessdata.fda.gov/drugsatfda_docs/nda/2026/219491Orig1s000AdminCorres.pdf,32,initial_ind,219491,nonclinical-pkpd,Unreviewed strong-term hit
a61bafaf7e2992f8eb4f3ae6,https://www.accessdata.fda.gov/drugsatfda_docs/nda/2025/219042Orig1s000ChemR.pdf,4,may_proceed,219042,cmc-material,Unreviewed strong-term hit
a64bfa39fd7ce98f1879e2cb,https://www.accessdata.fda.gov/drugsatfda_docs/nda/2026/213246Orig1s008.pdf,88,ind_review,213246,cmc-material; clinical; clinical-dose,Unreviewed strong-term hit
a64bfa39fd7ce98f1879e2cb,https://www.accessdata.fda.gov/drugsatfda_docs/nda/2026/213246Orig1s008.pdf,89,investigator_brochure,213246,nonclinical-safety; clinical,Unreviewed strong-term hit
a64bfa39fd7ce98f1879e2cb,https://www.accessdata.fda.gov/drugsatfda_docs/nda/2026/213246Orig1s008.pdf,90,investigator_brochure,213246,,Unreviewed strong-term hit
a69356ccccc584b5662166a3,https://www.accessdata.fda.gov/drugsatfda_docs/nda/2020/213535Orig1s000AdminCorres.pdf,4,pre_ind,213535,nonclinical-safety,Unreviewed strong-term hit
a6d59e2cc86fc3f7b5c0f1e2,https://www.accessdata.fda.gov/drugsatfda_docs/nda/2026/220185Orig1s000MultidisciplineR.pdf,34,pre_ind,220185,nonclinical-pkpd; nonclinical-package; cmc-material; cmc-controls; cmc-stability; clinical,Unreviewed strong-term hit
a6ff63d8308f8fcdb574d6bc,https://www.accessdata.fda.gov/drugsatfda_docs/nda/2021/212994Orig1s000AdminCorres.pdf,4,pre_ind,212994,nonclinical-pkpd; nonclinical-package; cmc-material,Unreviewed strong-term hit
a71fe836a50673d4c365cb0d,https://www.accessdata.fda.gov/drugsatfda_docs/nda/2020/212608Orig1s000AdminCorres.pdf,35,may_proceed,212608,,Unreviewed strong-term hit
a71fe836a50673d4c365cb0d,https://www.accessdata.fda.gov/drugsatfda_docs/nda/2020/212608Orig1s000AdminCorres.pdf,51,may_proceed,212608,nonclinical-safety,Unreviewed strong-term hit
a71fe836a50673d4c365cb0d,https://www.accessdata.fda.gov/drugsatfda_docs/nda/2020/212608Orig1s000AdminCorres.pdf,60,investigator_brochure,212608,nonclinical-pkpd; clinical,Unreviewed strong-term hit
a7f5018c42c8209f82b39905,https://www.accessdata.fda.gov/drugsatfda_docs/nda/2020/212728Orig1s000MedR.pdf,22,initial_ind,212728,,Unreviewed strong-term hit
a7f5018c42c8209f82b39905,https://www.accessdata.fda.gov/drugsatfda_docs/nda/2020/212728Orig1s000MedR.pdf,110,ind_review,212728,nonclinical-pkpd,Unreviewed strong-term hit
a8163c288c738ad0e99ed432,https://www.accessdata.fda.gov/drugsatfda_docs/nda/2022/214801Orig1s000AdminCorres.pdf,4,clinical_hold,214801,cmc-material; clinical-dose,Unreviewed strong-term hit
a8163c288c738ad0e99ed432,https://www.accessdata.fda.gov/drugsatfda_docs/nda/2022/214801Orig1s000AdminCorres.pdf,25,clinical_hold,214801,nonclinical-pharmacology,Unreviewed strong-term hit
a8163c288c738ad0e99ed432,https://www.accessdata.fda.gov/drugsatfda_docs/nda/2022/214801Orig1s000AdminCorres.pdf,35,clinical_hold,214801,nonclinical-pkpd,Unreviewed strong-term hit
a8163c288c738ad0e99ed432,https://www.accessdata.fda.gov/drugsatfda_docs/nda/2022/214801Orig1s000AdminCorres.pdf,36,clinical_hold,214801,nonclinical-pharmacology; nonclinical-pkpd; nonclinical-safety; nonclinical-package; clinical-dose,Unreviewed strong-term hit
a82380357011dd0fa2f076e6,https://www.accessdata.fda.gov/drugsatfda_docs/nda/2021/761179Orig1s000MultidisciplineR.pdf,25,pre_ind,761179,nonclinical-pkpd; nonclinical-package,Unreviewed strong-term hit
a82380357011dd0fa2f076e6,https://www.accessdata.fda.gov/drugsatfda_docs/nda/2021/761179Orig1s000MultidisciplineR.pdf,96,investigator_brochure,761179,clinical,Unreviewed strong-term hit
a82606fdc23aa94767b506d8,https://www.accessdata.fda.gov/drugsatfda_docs/nda/2025/219209Orig1s000OtherR.pdf,69,investigator_brochure,219209,nonclinical-pkpd,Unreviewed strong-term hit
a85cb67af70c875c547f4715,https://www.accessdata.fda.gov/drugsatfda_docs/nda/2020/209376Orig1s000MultidisciplineR.pdf,12,pre_ind,209376,,Unreviewed strong-term hit
a85cb67af70c875c547f4715,https://www.accessdata.fda.gov/drugsatfda_docs/nda/2020/209376Orig1s000MultidisciplineR.pdf,30,pre_ind,209376,cmc-material,Unreviewed strong-term hit
a85cb67af70c875c547f4715,https://www.accessdata.fda.gov/drugsatfda_docs/nda/2020/209376Orig1s000MultidisciplineR.pdf,31,pre_ind,209376,nonclinical-safety,Unreviewed strong-term hit
a85cb67af70c875c547f4715,https://www.accessdata.fda.gov/drugsatfda_docs/nda/2020/209376Orig1s000MultidisciplineR.pdf,46,pre_ind,209376,,Unreviewed strong-term hit
a85cb67af70c875c547f4715,https://www.accessdata.fda.gov/drugsatfda_docs/nda/2020/209376Orig1s000MultidisciplineR.pdf,137,pre_ind,209376,nonclinical-safety; cmc-material; cmc-controls; clinical; clinical-dose,Unreviewed strong-term hit
a8c05aa40f40fc7ea468e293,https://www.accessdata.fda.gov/drugsatfda_docs/nda/2026/220358Orig1s000AdminCorres.pdf,7,pre_ind,220358,nonclinical-pkpd; nonclinical-safety; nonclinical-package,Unreviewed strong-term hit
a914f5759433ed660fc7deca,https://www.accessdata.fda.gov/drugsatfda_docs/nda/2022/761197Orig1s000PharmR.pdf,17,initial_ind; pre_ind,761197,nonclinical-safety; nonclinical-package,Unreviewed strong-term hit
a914f5759433ed660fc7deca,https://www.accessdata.fda.gov/drugsatfda_docs/nda/2022/761197Orig1s000PharmR.pdf,18,initial_ind; pre_ind,761197,nonclinical-pharmacology; nonclinical-safety; nonclinical-package; cmc-controls,Unreviewed strong-term hit
a914f5759433ed660fc7deca,https://www.accessdata.fda.gov/drugsatfda_docs/nda/2022/761197Orig1s000PharmR.pdf,47,initial_ind,761197,nonclinical-pkpd; nonclinical-safety; nonclinical-package,Unreviewed strong-term hit
a914f5759433ed660fc7deca,https://www.accessdata.fda.gov/drugsatfda_docs/nda/2022/761197Orig1s000PharmR.pdf,48,initial_ind,761197,nonclinical-package,Unreviewed strong-term hit
a93f2268c47171a12221a445,https://www.accessdata.fda.gov/drugsatfda_docs/nda/2026/217338Orig1s000NameR.pdf,36,ind_review,217338,,Unreviewed strong-term hit
aa291dc25f49df29999378cb,https://www.accessdata.fda.gov/drugsatfda_docs/nda/2023/761238Orig1s000AdminCorres.pdf,4,clinical_hold,761238,,Unreviewed strong-term hit
aa2e8cf2cb52ad3409649c44,https://www.accessdata.fda.gov/drugsatfda_docs/nda/2025/219876Orig1s000MultidisciplineR.pdf,31,may_proceed,219876,,Unreviewed strong-term hit
ab025ab29db6200f3c363595,https://www.accessdata.fda.gov/drugsatfda_docs/nda/2020/206966Orig1s000AdminCorres.pdf,4,clinical_hold; pre_ind,206966,nonclinical-safety,Unreviewed strong-term hit
ab025ab29db6200f3c363595,https://www.accessdata.fda.gov/drugsatfda_docs/nda/2020/206966Orig1s000AdminCorres.pdf,35,pre_ind,206966,,Unreviewed strong-term hit
ab025ab29db6200f3c363595,https://www.accessdata.fda.gov/drugsatfda_docs/nda/2020/206966Orig1s000AdminCorres.pdf,36,clinical_hold; pre_ind,206966,cmc-material; cmc-controls; cmc-stability,Unreviewed strong-term hit
ab025ab29db6200f3c363595,https://www.accessdata.fda.gov/drugsatfda_docs/nda/2020/206966Orig1s000AdminCorres.pdf,39,investigator_brochure,206966,nonclinical-pkpd; nonclinical-safety; nonclinical-package; cmc-material,Unreviewed strong-term hit
ab42abb6c4ccc7242b0e3341,https://www.accessdata.fda.gov/drugsatfda_docs/nda/2023/208969Orig1s000ClinPharmR.pdf,5,pre_ind,208969,nonclinical-pkpd,Unreviewed strong-term hit
abea17708e6d8e3f7f886650,https://www.accessdata.fda.gov/drugsatfda_docs/nda/2024/217686Orig1s000IntegratedR.pdf,110,may_proceed,217686,nonclinical-pkpd,Unreviewed strong-term hit
abea17708e6d8e3f7f886650,https://www.accessdata.fda.gov/drugsatfda_docs/nda/2024/217686Orig1s000IntegratedR.pdf,111,pre_ind,217686,nonclinical-safety,Unreviewed strong-term hit
ac233e4e0abf796ecc0e0115,https://www.accessdata.fda.gov/drugsatfda_docs/nda/2026/212608Orig1s007.pdf,58,may_proceed,212608,,Unreviewed strong-term hit
ac6d1647e1b0364cd3919036,https://www.accessdata.fda.gov/drugsatfda_docs/nda/2026/220185Orig1s000ChemR.pdf,4,initial_ind,220185,cmc-material,Unreviewed strong-term hit
ac6d1647e1b0364cd3919036,https://www.accessdata.fda.gov/drugsatfda_docs/nda/2026/220185Orig1s000ChemR.pdf,7,initial_ind,220185,cmc-material; cmc-controls,Unreviewed strong-term hit
acd5afa987fbad8e1e1928e0,https://www.accessdata.fda.gov/drugsatfda_docs/nda/2021/214916Orig1s000MultidisciplineR.pdf,117,investigator_brochure,214916,nonclinical-safety,Unreviewed strong-term hit
ad29523635baa6009ca8c4ec,https://www.accessdata.fda.gov/drugsatfda_docs/nda/2021/214900Orig1s000AdminCorres.pdf,26,pre_ind,214900,nonclinical-safety,Unreviewed strong-term hit
ad29523635baa6009ca8c4ec,https://www.accessdata.fda.gov/drugsatfda_docs/nda/2021/214900Orig1s000AdminCorres.pdf,35,investigator_brochure,214900,nonclinical-pkpd,Unreviewed strong-term hit
ad91f4f8e9cc79b82f73294e,https://www.accessdata.fda.gov/drugsatfda_docs/nda/2022/022388Orig1s000MedR.pdf,13,pre_ind,022388,nonclinical-pkpd; cmc-controls,Unreviewed strong-term hit
ada92feb08764ff628566f46,https://www.accessdata.fda.gov/drugsatfda_docs/nda/2025/761392Orig1s000Orig2s000AdminCorres.pdf,5,initial_ind; pre_ind,761392,cmc-material,Unreviewed strong-term hit
adc7cc3ef22c689ed43a21db,https://www.accessdata.fda.gov/drugsatfda_docs/nda/2022/021196Orig1s030.pdf,239,initial_ind,021196,nonclinical-pkpd,Unreviewed strong-term hit
ade9e6170ac525aa6dd7fd3b,https://www.accessdata.fda.gov/drugsatfda_docs/nda/2014/022315Orig1s009.pdf,91,initial_ind,022315,nonclinical-pkpd; nonclinical-package; cmc-controls,Unreviewed strong-term hit
ade9e6170ac525aa6dd7fd3b,https://www.accessdata.fda.gov/drugsatfda_docs/nda/2014/022315Orig1s009.pdf,135,initial_ind,022315,,Unreviewed strong-term hit
ade9e6170ac525aa6dd7fd3b,https://www.accessdata.fda.gov/drugsatfda_docs/nda/2014/022315Orig1s009.pdf,411,pre_ind,022315,nonclinical-pkpd; cmc-material,Unreviewed strong-term hit
ade9e6170ac525aa6dd7fd3b,https://www.accessdata.fda.gov/drugsatfda_docs/nda/2014/022315Orig1s009.pdf,525,ind_review,022315,nonclinical-pkpd; nonclinical-safety,Unreviewed strong-term hit
ae81a415598761b2edd2b2d2,"https://www.accessdata.fda.gov/drugsatfda_docs/nda/2025/761467Orig1,Orig2s000AdminCorres.pdf",5,may_proceed,761467,nonclinical-pkpd; clinical,Unreviewed strong-term hit
aeb00e37ba37ed68ef0c53d3,https://www.accessdata.fda.gov/drugsatfda_docs/nda/2020/213994Orig1s000ChemR.pdf,47,pre_ind,213994,cmc-material,Unreviewed strong-term hit
aeb00e37ba37ed68ef0c53d3,https://www.accessdata.fda.gov/drugsatfda_docs/nda/2020/213994Orig1s000ChemR.pdf,53,pre_ind,213994,cmc-material,Unreviewed strong-term hit
aeb7dc40222640e1bfe240a8,https://www.accessdata.fda.gov/drugsatfda_docs/nda/2017/125409Orig1s113.pdf,69,initial_ind; original_ind_review; pre_ind,125409,,Unreviewed strong-term hit
aef15ce0dc30f02730ab2c8e,https://www.accessdata.fda.gov/drugsatfda_docs/nda/2021/214665Orig1s000AdminCorres.pdf,2,clinical_hold,214665,nonclinical-pharmacology; nonclinical-safety,Unreviewed strong-term hit
aef15ce0dc30f02730ab2c8e,https://www.accessdata.fda.gov/drugsatfda_docs/nda/2021/214665Orig1s000AdminCorres.pdf,13,pre_ind,214665,clinical-dose,Unreviewed strong-term hit
af404435c219cee45c40d8bb,https://www.accessdata.fda.gov/drugsatfda_docs/nda/2021/214783Orig1s000MultidisciplineR.pdf,28,may_proceed,214783,nonclinical-safety,Unreviewed strong-term hit
af404435c219cee45c40d8bb,https://www.accessdata.fda.gov/drugsatfda_docs/nda/2021/214783Orig1s000MultidisciplineR.pdf,29,pre_ind,214783,nonclinical-package; clinical,Unreviewed strong-term hit
af404435c219cee45c40d8bb,https://www.accessdata.fda.gov/drugsatfda_docs/nda/2021/214783Orig1s000MultidisciplineR.pdf,30,pre_ind,214783,clinical,Unreviewed strong-term hit
af5620191dbd6646e308a0a7,https://www.accessdata.fda.gov/drugsatfda_docs/nda/2025/220305Orig1s000AdminCorres.pdf,22,clinical_hold,220305,nonclinical-pharmacology,Unreviewed strong-term hit
af5620191dbd6646e308a0a7,https://www.accessdata.fda.gov/drugsatfda_docs/nda/2025/220305Orig1s000AdminCorres.pdf,30,clinical_hold,220305,clinical; clinical-dose,Unreviewed strong-term hit
af5c819be519f26ef6ed30e8,https://www.accessdata.fda.gov/drugsatfda_docs/nda/2026/761427Orig1s000IntegratedR.pdf,120,clinical_hold; pre_ind,761427,nonclinical-pkpd,Unreviewed strong-term hit
af646894f8811b434cc74272,https://www.accessdata.fda.gov/drugsatfda_docs/nda/2022/761148Orig1s000AdminCorres.pdf,9,investigator_brochure,761148,nonclinical-pkpd; nonclinical-safety; clinical,Unreviewed strong-term hit
af974b317d2f5157a354afeb,https://www.accessdata.fda.gov/drugsatfda_docs/nda/2021/761202Orig1s000MultidisciplineR.pdf,17,initial_ind; pre_ind,761202,,Unreviewed strong-term hit
af974b317d2f5157a354afeb,https://www.accessdata.fda.gov/drugsatfda_docs/nda/2021/761202Orig1s000MultidisciplineR.pdf,21,pre_ind,761202,nonclinical-safety; nonclinical-package; cmc-material; cmc-controls,Unreviewed strong-term hit
af974b317d2f5157a354afeb,https://www.accessdata.fda.gov/drugsatfda_docs/nda/2021/761202Orig1s000MultidisciplineR.pdf,61,initial_ind; original_ind_review,761202,nonclinical-pkpd; nonclinical-safety; nonclinical-package,Unreviewed strong-term hit
affe4624f8219519e1504e45,https://www.accessdata.fda.gov/drugsatfda_docs/nda/2020/213591Orig1s000NameR.pdf,4,ind_review,213591,cmc-stability,Unreviewed strong-term hit
b0234194a1ea9c1029a128c5,https://www.accessdata.fda.gov/drugsatfda_docs/nda/2021/214044Orig1s000PharmR.pdf,18,pre_ind,214044,nonclinical-safety; nonclinical-package; cmc-material; cmc-stability,Unreviewed strong-term hit
b0be22a47f4efd4832f1495e,https://www.accessdata.fda.gov/drugsatfda_docs/nda/2025/215431Orig1s000OtherR.pdf,52,pre_ind,215431,clinical,Unreviewed strong-term hit
b0d3c113f7eb1b3998b37d6b,https://www.accessdata.fda.gov/drugsatfda_docs/nda/2024/217806Orig1s000SumR.pdf,9,pre_ind,217806,nonclinical-package; clinical,Unreviewed strong-term hit
b0eaaf8d0411d828f675ee5f,https://www.accessdata.fda.gov/drugsatfda_docs/nda/2025/218590Orig1s000SumR.pdf,6,pre_ind,218590,nonclinical-safety; cmc-material; cmc-controls; cmc-stability,Unreviewed strong-term hit
b18b692ff1f67e582a9a48fb,https://www.accessdata.fda.gov/drugsatfda_docs/nda/2022/215423Orig1s000MultidisciplineR.pdf,27,pre_ind,215423,nonclinical-pkpd; cmc-material; cmc-controls,Unreviewed strong-term hit
b1ceec758e9eba84f3bba258,https://www.accessdata.fda.gov/drugsatfda_docs/nda/2022/211950Orig1s000MedR.pdf,29,clinical_hold,211950,,Unreviewed strong-term hit
b1ceec758e9eba84f3bba258,https://www.accessdata.fda.gov/drugsatfda_docs/nda/2022/211950Orig1s000MedR.pdf,72,clinical_hold,211950,nonclinical-pkpd; nonclinical-safety,Unreviewed strong-term hit
b23637685ed470cbcb5be5ec,https://www.accessdata.fda.gov/drugsatfda_docs/nda/2023/211746Orig1s000MultidisciplineR.pdf,19,initial_ind,211746,nonclinical-safety; nonclinical-package,Unreviewed strong-term hit
b23637685ed470cbcb5be5ec,https://www.accessdata.fda.gov/drugsatfda_docs/nda/2023/211746Orig1s000MultidisciplineR.pdf,66,initial_ind,211746,nonclinical-pharmacology; nonclinical-safety; nonclinical-package; cmc-material; cmc-controls,Unreviewed strong-term hit
b23637685ed470cbcb5be5ec,https://www.accessdata.fda.gov/drugsatfda_docs/nda/2023/211746Orig1s000MultidisciplineR.pdf,218,initial_ind,211746,nonclinical-safety; nonclinical-package; cmc-controls,Unreviewed strong-term hit
b26c8045d0a69666d84c5001,https://www.accessdata.fda.gov/drugsatfda_docs/nda/2021/202293Orig1s018.pdf,111,investigator_brochure,202293,clinical,Unreviewed strong-term hit
b289b2d05656055773fd72bf,https://www.accessdata.fda.gov/drugsatfda_docs/nda/2024/216593Orig1s000ClinPharmR.pdf,9,pre_ind,216593,cmc-material,Unreviewed strong-term hit
b332791bb34586486df69539,https://www.accessdata.fda.gov/drugsatfda_docs/nda/2021/761166Orig1s000SumR.pdf,75,pre_ind,761166,,Unreviewed strong-term hit
b334e984c4347e4416f0f626,https://www.accessdata.fda.gov/drugsatfda_docs/nda/2020/213464Orig1s000MultidisciplineR.pdf,36,may_proceed,213464,nonclinical-pkpd; nonclinical-safety,Unreviewed strong-term hit
b38788472925a18d0b912024,https://www.accessdata.fda.gov/drugsatfda_docs/nda/2023/215446Orig1s000SumR.pdf,3,pre_ind,215446,nonclinical-pkpd; cmc-material; clinical,Unreviewed strong-term hit
b3a8ec8994ff55e9ae86b9ea,https://www.accessdata.fda.gov/drugsatfda_docs/nda/2026/216665Orig1s000AdminCorres.pdf,4,initial_ind,216665,cmc-material,Unreviewed strong-term hit
b3a8ec8994ff55e9ae86b9ea,https://www.accessdata.fda.gov/drugsatfda_docs/nda/2026/216665Orig1s000AdminCorres.pdf,12,investigator_brochure,216665,nonclinical-pharmacology,Unreviewed strong-term hit
b3e4432e8cec060f3ba4921c,https://www.accessdata.fda.gov/drugsatfda_docs/nda/2023/021549Orig1s010.pdf,54,initial_ind; original_ind_review,021549,cmc-material,Unreviewed strong-term hit
b3e8f84244db3e1564348579,https://www.accessdata.fda.gov/drugsatfda_docs/nda/2020/210583Orig1s000AdminCorres.pdf,76,investigator_brochure,210583,nonclinical-pkpd; clinical,Unreviewed strong-term hit
b4381ad938c77436b4790898,https://www.accessdata.fda.gov/drugsatfda_docs/nda/2020/212950Orig1s000AdminCorres.pdf,10,initial_ind,212950,nonclinical-pkpd; nonclinical-safety; nonclinical-package; cmc-controls; cmc-stability,Unreviewed strong-term hit
b4381ad938c77436b4790898,https://www.accessdata.fda.gov/drugsatfda_docs/nda/2020/212950Orig1s000AdminCorres.pdf,54,clinical_hold,212950,nonclinical-pharmacology,Unreviewed strong-term hit
b44329c14686477fc8e5f323,https://www.accessdata.fda.gov/drugsatfda_docs/nda/2026/219083Orig1s000IntegratedR.pdf,103,may_proceed,219083,clinical,Unreviewed strong-term hit
b44329c14686477fc8e5f323,https://www.accessdata.fda.gov/drugsatfda_docs/nda/2026/219083Orig1s000IntegratedR.pdf,261,ind_review,219083,nonclinical-safety,Unreviewed strong-term hit
b45de3a18968c5f789296df0,https://www.accessdata.fda.gov/drugsatfda_docs/nda/2023/205422Orig1s009MultidisciplineR.pdf,30,pre_ind,205422,,Unreviewed strong-term hit
b45de3a18968c5f789296df0,https://www.accessdata.fda.gov/drugsatfda_docs/nda/2023/205422Orig1s009MultidisciplineR.pdf,31,may_proceed,205422,clinical,Unreviewed strong-term hit
b45de3a18968c5f789296df0,https://www.accessdata.fda.gov/drugsatfda_docs/nda/2023/205422Orig1s009MultidisciplineR.pdf,79,pre_ind,205422,,Unreviewed strong-term hit
b471e72ded011fdd652122e0,https://www.accessdata.fda.gov/drugsatfda_docs/nda/2023/218197Orig1s000OtherR.pdf,2,investigator_brochure,218197,nonclinical-pkpd,Unreviewed strong-term hit
b4f06cffe515e8cc36cc1d17,https://www.accessdata.fda.gov/drugsatfda_docs/nda/2020/210730Orig1s000AdminCorres.pdf,63,investigator_brochure,210730,nonclinical-safety; cmc-material; cmc-controls; cmc-stability; clinical,Unreviewed strong-term hit
b4f27028d72fec2a07ce12fd,https://www.accessdata.fda.gov/drugsatfda_docs/nda/2024/217779Orig1s000MultidisciplineR.pdf,38,initial_ind,217779,nonclinical-safety; cmc-material; cmc-controls; clinical,Unreviewed strong-term hit
b4f27028d72fec2a07ce12fd,https://www.accessdata.fda.gov/drugsatfda_docs/nda/2024/217779Orig1s000MultidisciplineR.pdf,39,initial_ind; may_proceed,217779,cmc-controls,Unreviewed strong-term hit
b50ae6ddfa6cf5a48ffa1094,https://www.accessdata.fda.gov/drugsatfda_docs/nda/2025/219015Orig1s000MultidisciplineR.pdf,27,pre_ind,219015,cmc-material,Unreviewed strong-term hit
b50d29090007a905fb9b0f39,https://www.accessdata.fda.gov/drugsatfda_docs/nda/2022/761164Orig1s000MedR.pdf,89,may_proceed,761164,nonclinical-package,Unreviewed strong-term hit
b54badefe4f092d5e6dee4ae,https://www.accessdata.fda.gov/drugsatfda_docs/nda/2023/217026Orig1s000PharmR.pdf,12,initial_ind; pre_ind,217026,nonclinical-safety; cmc-material; cmc-controls; cmc-stability,Unreviewed strong-term hit
b57ff22b1618161f564b70e0,https://www.accessdata.fda.gov/drugsatfda_docs/nda/2026/219908Orig1s000AdminCorres.pdf,30,clinical_hold,219908,nonclinical-pharmacology,Unreviewed strong-term hit
b59169d4dd0e92aab827a952,https://www.accessdata.fda.gov/drugsatfda_docs/nda/2025/218764Orig1s000AdminCorres.pdf,2,clinical_hold,218764,nonclinical-pharmacology,Unreviewed strong-term hit
b5d905fa8a61466b5c0475de,https://www.accessdata.fda.gov/drugsatfda_docs/nda/2021/761178Orig1s000MedR.pdf,26,pre_ind,761178,nonclinical-pharmacology; clinical,Unreviewed strong-term hit
b5e43aaa201eae99b044ab10,https://www.accessdata.fda.gov/drugsatfda_docs/nda/2021/213378Orig1Orig2s000MultidisciplineR.pdf,87,investigator_brochure,213378,,Unreviewed strong-term hit
b5e43aaa201eae99b044ab10,https://www.accessdata.fda.gov/drugsatfda_docs/nda/2021/213378Orig1Orig2s000MultidisciplineR.pdf,104,investigator_brochure,213378,,Unreviewed strong-term hit
b5f12e3e5b56452e73bfa75a,https://www.accessdata.fda.gov/drugsatfda_docs/nda/2022/215602Orig1s000MedR.pdf,13,pre_ind,215602,,Unreviewed strong-term hit
b5f12e3e5b56452e73bfa75a,https://www.accessdata.fda.gov/drugsatfda_docs/nda/2022/215602Orig1s000MedR.pdf,14,may_proceed,215602,cmc-material,Unreviewed strong-term hit
b5ffb320bc9f0a758af77cd8,https://www.accessdata.fda.gov/drugsatfda_docs/nda/2023/215887Orig1s000OtherR.pdf,33,investigator_brochure,215887,nonclinical-pkpd; nonclinical-safety,Unreviewed strong-term hit
b64b44adcc4d2b1aa5bbbbb9,https://www.accessdata.fda.gov/drugsatfda_docs/nda/2026/220934Orig1s000MultidisciplineR.pdf,40,may_proceed,220934,cmc-material; cmc-stability; clinical,Unreviewed strong-term hit
b6b0c548b4247df90be17d95,https://www.accessdata.fda.gov/drugsatfda_docs/nda/2023/761238Orig1s000SumR.pdf,11,clinical_hold; investigator_brochure,761238,nonclinical-pkpd; nonclinical-safety; clinical,Unreviewed strong-term hit
b6c34545437f23e85d9912fa,https://www.accessdata.fda.gov/drugsatfda_docs/nda/2014/021077Orig1s051.pdf,69,clinical_hold; may_proceed,021077,cmc-material,Unreviewed strong-term hit
b6f18be33d6a38d57a5acacc,https://www.accessdata.fda.gov/drugsatfda_docs/nda/2020/213756Orig1s000MultidisciplineR.pdf,34,pre_ind,213756,,Unreviewed strong-term hit
b6f18be33d6a38d57a5acacc,https://www.accessdata.fda.gov/drugsatfda_docs/nda/2020/213756Orig1s000MultidisciplineR.pdf,35,pre_ind,213756,,Unreviewed strong-term hit
b6f18be33d6a38d57a5acacc,https://www.accessdata.fda.gov/drugsatfda_docs/nda/2020/213756Orig1s000MultidisciplineR.pdf,36,pre_ind,213756,,Unreviewed strong-term hit
b6f18be33d6a38d57a5acacc,https://www.accessdata.fda.gov/drugsatfda_docs/nda/2020/213756Orig1s000MultidisciplineR.pdf,218,investigator_brochure,213756,nonclinical-safety,Unreviewed strong-term hit
b748085ef51c9c5536418652,https://www.accessdata.fda.gov/drugsatfda_docs/nda/2024/217006Orig1s000MultidisciplineR.pdf,27,may_proceed,217006,nonclinical-pkpd; cmc-material,Unreviewed strong-term hit
b74cb808fbfc04568aba5b81,https://www.accessdata.fda.gov/drugsatfda_docs/nda/2024/217900Orig1s000AdminCorres.pdf,19,clinical_hold; may_proceed; pre_ind,217900,nonclinical-pkpd; clinical-dose,Unreviewed strong-term hit
b7c35edb495eef14aec6b439,https://www.accessdata.fda.gov/drugsatfda_docs/nda/2022/214012Orig1s000AdminCorres.pdf,4,pre_ind,214012,nonclinical-pkpd; nonclinical-package,Unreviewed strong-term hit
b7c35edb495eef14aec6b439,https://www.accessdata.fda.gov/drugsatfda_docs/nda/2022/214012Orig1s000AdminCorres.pdf,26,pre_ind,214012,nonclinical-safety,Unreviewed strong-term hit
b7c35edb495eef14aec6b439,https://www.accessdata.fda.gov/drugsatfda_docs/nda/2022/214012Orig1s000AdminCorres.pdf,32,investigator_brochure,214012,cmc-stability,Unreviewed strong-term hit
b7c35edb495eef14aec6b439,https://www.accessdata.fda.gov/drugsatfda_docs/nda/2022/214012Orig1s000AdminCorres.pdf,62,investigator_brochure,214012,,Unreviewed strong-term hit
b7c5c2e583bf842ebcf0db48,https://www.accessdata.fda.gov/drugsatfda_docs/nda/2023/761354Orig1s000MultidisciplineR.pdf,21,pre_ind,761354,cmc-controls; clinical,Unreviewed strong-term hit
b7d8bd7dc308c3f45e8eb8e3,https://www.accessdata.fda.gov/drugsatfda_docs/nda/2024/213976Orig1s000IntegratedR.pdf,90,pre_ind,213976,,Unreviewed strong-term hit
b7d8bd7dc308c3f45e8eb8e3,https://www.accessdata.fda.gov/drugsatfda_docs/nda/2024/213976Orig1s000IntegratedR.pdf,215,pre_ind,213976,,Unreviewed strong-term hit
b7e94c94dd2f86d8f85fa69a,https://www.accessdata.fda.gov/drugsatfda_docs/nda/2023/216023Orig1s000MultidisciplineR.pdf,28,may_proceed; pre_ind,216023,clinical,Unreviewed strong-term hit
b7f446fd1199ddab192cd770,https://www.accessdata.fda.gov/drugsatfda_docs/nda/2022/212854Orig1s000ClinPharmR.pdf,14,initial_ind; pre_ind,212854,cmc-material,Unreviewed strong-term hit
b826ba14efcaf6203a9ba783,https://www.accessdata.fda.gov/drugsatfda_docs/nda/2024/219132Orig1s000AdminCorres.pdf,5,may_proceed,219132,,Unreviewed strong-term hit
b826ba14efcaf6203a9ba783,https://www.accessdata.fda.gov/drugsatfda_docs/nda/2024/219132Orig1s000AdminCorres.pdf,8,may_proceed,219132,nonclinical-pharmacology; nonclinical-safety; nonclinical-package; cmc-stability,Unreviewed strong-term hit
b83185ee67baeddc0bd173fc,https://www.accessdata.fda.gov/drugsatfda_docs/nda/2021/215341Orig1s000IntegratedR.pdf,85,initial_ind,215341,nonclinical-pharmacology; nonclinical-safety,Unreviewed strong-term hit
b83a97e64664735961f15896,https://www.accessdata.fda.gov/drugsatfda_docs/nda/2024/761416Orig1s000AdminCorres.pdf,29,clinical_hold,761416,nonclinical-pharmacology,Unreviewed strong-term hit
b8c6653460b26e630b3e2197,https://www.accessdata.fda.gov/drugsatfda_docs/nda/2025/761315Orig1s000RiskR.pdf,6,clinical_hold,761315,,Unreviewed strong-term hit
b8c6653460b26e630b3e2197,https://www.accessdata.fda.gov/drugsatfda_docs/nda/2025/761315Orig1s000RiskR.pdf,11,clinical_hold,761315,nonclinical-pkpd,Unreviewed strong-term hit
b8c6653460b26e630b3e2197,https://www.accessdata.fda.gov/drugsatfda_docs/nda/2025/761315Orig1s000RiskR.pdf,15,clinical_hold,761315,,Unreviewed strong-term hit
b8e358bfce6cb17d5d0502f5,https://www.accessdata.fda.gov/drugsatfda_docs/nda/2020/212102Orig1s000MedR.pdf,24,pre_ind,212102,clinical; clinical-dose,Unreviewed strong-term hit
b8e358bfce6cb17d5d0502f5,https://www.accessdata.fda.gov/drugsatfda_docs/nda/2020/212102Orig1s000MedR.pdf,84,investigator_brochure,212102,clinical,Unreviewed strong-term hit
b8e358bfce6cb17d5d0502f5,https://www.accessdata.fda.gov/drugsatfda_docs/nda/2020/212102Orig1s000MedR.pdf,135,initial_ind,212102,nonclinical-pkpd,Unreviewed strong-term hit
b8e358bfce6cb17d5d0502f5,https://www.accessdata.fda.gov/drugsatfda_docs/nda/2020/212102Orig1s000MedR.pdf,137,clinical_hold; initial_ind,212102,clinical,Unreviewed strong-term hit
b94cf2d6a4a951bbefbdc2ca,https://www.accessdata.fda.gov/drugsatfda_docs/nda/2026/761326Orig2s000PharmR.pdf,7,ind_review,761326,nonclinical-safety,Unreviewed strong-term hit
b965e69bbbd6cc1aa4283a13,https://www.accessdata.fda.gov/drugsatfda_docs/nda/2020/761146Orig1s000AdminCorres.pdf,4,may_proceed,761146,,Unreviewed strong-term hit
b965e69bbbd6cc1aa4283a13,https://www.accessdata.fda.gov/drugsatfda_docs/nda/2020/761146Orig1s000AdminCorres.pdf,22,may_proceed,761146,nonclinical-pkpd; nonclinical-safety; cmc-controls,Unreviewed strong-term hit
b9a5f01a74f543f088f60c8f,https://www.accessdata.fda.gov/drugsatfda_docs/nda/2021/214900Orig1s000MultidisciplineR.pdf,28,clinical_hold,214900,nonclinical-pharmacology,Unreviewed strong-term hit
b9a5f01a74f543f088f60c8f,https://www.accessdata.fda.gov/drugsatfda_docs/nda/2021/214900Orig1s000MultidisciplineR.pdf,29,clinical_hold,214900,nonclinical-package,Unreviewed strong-term hit
b9a5f01a74f543f088f60c8f,https://www.accessdata.fda.gov/drugsatfda_docs/nda/2021/214900Orig1s000MultidisciplineR.pdf,120,clinical_hold,214900,nonclinical-pkpd; nonclinical-safety; nonclinical-package,Unreviewed strong-term hit
b9a5f01a74f543f088f60c8f,https://www.accessdata.fda.gov/drugsatfda_docs/nda/2021/214900Orig1s000MultidisciplineR.pdf,156,clinical_hold,214900,nonclinical-safety,Unreviewed strong-term hit
b9c77b1ddf1c3675be96222f,https://www.accessdata.fda.gov/drugsatfda_docs/nda/2026/220482Orig1s000MultidisciplineR.pdf,32,pre_ind,220482,nonclinical-pkpd; nonclinical-package; cmc-material; cmc-controls; cmc-stability; clinical,Unreviewed strong-term hit
b9c77b1ddf1c3675be96222f,https://www.accessdata.fda.gov/drugsatfda_docs/nda/2026/220482Orig1s000MultidisciplineR.pdf,33,pre_ind,220482,nonclinical-pkpd; nonclinical-safety; nonclinical-package; cmc-material; cmc-controls; cmc-stability; clinical,Unreviewed strong-term hit
b9c77b1ddf1c3675be96222f,https://www.accessdata.fda.gov/drugsatfda_docs/nda/2026/220482Orig1s000MultidisciplineR.pdf,79,pre_ind,220482,,Unreviewed strong-term hit
b9c77b1ddf1c3675be96222f,https://www.accessdata.fda.gov/drugsatfda_docs/nda/2026/220482Orig1s000MultidisciplineR.pdf,89,investigator_brochure,220482,clinical,Unreviewed strong-term hit
b9c77b1ddf1c3675be96222f,https://www.accessdata.fda.gov/drugsatfda_docs/nda/2026/220482Orig1s000MultidisciplineR.pdf,224,ind_review; pre_ind,220482,nonclinical-pkpd; nonclinical-safety; nonclinical-package; cmc-material,Unreviewed strong-term hit
b9c77b1ddf1c3675be96222f,https://www.accessdata.fda.gov/drugsatfda_docs/nda/2026/220482Orig1s000MultidisciplineR.pdf,228,initial_ind,220482,nonclinical-pkpd; nonclinical-safety; nonclinical-package; cmc-material,Unreviewed strong-term hit
b9e7c12eec6e194ca3170f07,https://www.accessdata.fda.gov/drugsatfda_docs/nda/2025/761404Orig1s000MultidisciplineR.pdf,28,may_proceed,761404,,Unreviewed strong-term hit
ba50e8330323d33412cad79c,https://www.accessdata.fda.gov/drugsatfda_docs/nda/2024/761363Orig1s000AdminCorres.pdf,46,clinical_hold,761363,nonclinical-pharmacology,Unreviewed strong-term hit
bad30d04875cc017db3401e7,https://www.accessdata.fda.gov/drugsatfda_docs/nda/2026/219683Orig1s000AdminCorres.pdf,40,clinical_hold,219683,nonclinical-pharmacology; nonclinical-pkpd,Unreviewed strong-term hit
bbb12752724dcc270c033fbb,https://www.accessdata.fda.gov/drugsatfda_docs/nda/2024/217389Orig1s000AdminCorres.pdf,25,investigator_brochure,217389,nonclinical-pkpd; nonclinical-safety; cmc-material; cmc-stability; clinical,Unreviewed strong-term hit
bbbd2bd89658b7d0dc2c8672,https://www.accessdata.fda.gov/drugsatfda_docs/nda/2026/220787Orig1s000IntegratedR.pdf,13,pre_ind,220787,nonclinical-pkpd,Unreviewed strong-term hit
bbbd2bd89658b7d0dc2c8672,https://www.accessdata.fda.gov/drugsatfda_docs/nda/2026/220787Orig1s000IntegratedR.pdf,103,initial_ind; may_proceed; original_ind_review; pre_ind,220787,nonclinical-pkpd; nonclinical-safety; cmc-material; clinical,Unreviewed strong-term hit
bbeb5e7cc98a5cc50179d2af,https://www.accessdata.fda.gov/drugsatfda_docs/nda/2023/216387Orig1Orig2s000AdminCorres.pdf,12,clinical_hold,216387,nonclinical-pharmacology,Unreviewed strong-term hit
bbeb5e7cc98a5cc50179d2af,https://www.accessdata.fda.gov/drugsatfda_docs/nda/2023/216387Orig1Orig2s000AdminCorres.pdf,40,clinical_hold,216387,nonclinical-pharmacology,Unreviewed strong-term hit
bc082303737a1367d8250123,https://www.accessdata.fda.gov/drugsatfda_docs/nda/2023/208411Orig1s006OtherR.pdf,56,pre_ind,208411,,Unreviewed strong-term hit
bc34c032b5f35b7d1afa535b,https://www.accessdata.fda.gov/drugsatfda_docs/nda/2024/216142Orig1s000ChemR.pdf,22,pre_ind,216142,cmc-material; cmc-stability,Unreviewed strong-term hit
bc774783cf123272f626b42a,https://www.accessdata.fda.gov/drugsatfda_docs/nda/2020/213702Orig1s000AdminCorres.pdf,6,clinical_hold,213702,clinical,Unreviewed strong-term hit
bc774783cf123272f626b42a,https://www.accessdata.fda.gov/drugsatfda_docs/nda/2020/213702Orig1s000AdminCorres.pdf,40,clinical_hold,213702,clinical,Unreviewed strong-term hit
bc774783cf123272f626b42a,https://www.accessdata.fda.gov/drugsatfda_docs/nda/2020/213702Orig1s000AdminCorres.pdf,41,clinical_hold,213702,cmc-material; cmc-controls; clinical,Unreviewed strong-term hit
bca2157e44dd64cf9c0121a0,https://www.accessdata.fda.gov/drugsatfda_docs/nda/2021/214253Orig1s000MultidisciplineR.pdf,18,pre_ind,214253,cmc-material,Unreviewed strong-term hit
bca2157e44dd64cf9c0121a0,https://www.accessdata.fda.gov/drugsatfda_docs/nda/2021/214253Orig1s000MultidisciplineR.pdf,19,pre_ind,214253,nonclinical-pkpd; nonclinical-package; cmc-material; cmc-controls; cmc-stability,Unreviewed strong-term hit
bcf51ea6910ab109cb06cde1,https://www.accessdata.fda.gov/drugsatfda_docs/nda/2020/761169Orig1s000MultidisciplineR.pdf,87,pre_ind,761169,nonclinical-safety,Unreviewed strong-term hit
bcf51ea6910ab109cb06cde1,https://www.accessdata.fda.gov/drugsatfda_docs/nda/2020/761169Orig1s000MultidisciplineR.pdf,153,pre_ind,761169,cmc-material,Unreviewed strong-term hit
bcf51ea6910ab109cb06cde1,https://www.accessdata.fda.gov/drugsatfda_docs/nda/2020/761169Orig1s000MultidisciplineR.pdf,234,investigator_brochure,761169,cmc-controls,Unreviewed strong-term hit
bd0a7feabbe7bb8ea3035d4a,https://www.accessdata.fda.gov/drugsatfda_docs/nda/2025/218764Orig1s000OtherR.pdf,48,investigator_brochure,218764,nonclinical-pkpd; nonclinical-safety,Unreviewed strong-term hit
bd166e6832ade836d23a204f,https://www.accessdata.fda.gov/drugsatfda_docs/nda/2025/219839Orig1s000MultidisciplineR.pdf,28,may_proceed,219839,cmc-material; cmc-controls,Unreviewed strong-term hit
bd166e6832ade836d23a204f,https://www.accessdata.fda.gov/drugsatfda_docs/nda/2025/219839Orig1s000MultidisciplineR.pdf,118,investigator_brochure; pre_ind,219839,clinical,Unreviewed strong-term hit
bd361b6a037b4917a87e58ba,https://www.accessdata.fda.gov/drugsatfda_docs/nda/2021/208232Orig1s000MedR.pdf,98,clinical_hold; pre_ind,208232,nonclinical-pkpd; nonclinical-safety,Unreviewed strong-term hit
bd361b6a037b4917a87e58ba,https://www.accessdata.fda.gov/drugsatfda_docs/nda/2021/208232Orig1s000MedR.pdf,137,pre_ind,208232,nonclinical-pkpd; cmc-material,Unreviewed strong-term hit
bd3d98d688af3300689a04f8,https://www.accessdata.fda.gov/drugsatfda_docs/nda/2021/210864Orig1s000ChemR.pdf,34,pre_ind,210864,cmc-material; cmc-controls; cmc-stability,Unreviewed strong-term hit
bd5aedce33423eb2d5875b96,https://www.accessdata.fda.gov/drugsatfda_docs/nda/2011/022000Orig1s005.pdf,330,pre_ind,022000,nonclinical-pkpd,Unreviewed strong-term hit
bd88da4d58de3268adef38fc,https://www.accessdata.fda.gov/drugsatfda_docs/nda/2026/761468Orig1s000OtherR.pdf,135,investigator_brochure,761468,clinical,Unreviewed strong-term hit
bdc73f2f79e2d0671d3ebbc2,https://www.accessdata.fda.gov/drugsatfda_docs/nda/2020/761169Orig1s000AdminCorres.pdf,21,clinical_hold,761169,nonclinical-pharmacology,Unreviewed strong-term hit
be59c313a2183a948b00cb3a,https://www.accessdata.fda.gov/drugsatfda_docs/nda/2023/216457Orig1s000MultidisciplineR.pdf,31,may_proceed,216457,nonclinical-pkpd; nonclinical-package; cmc-material; cmc-controls,Unreviewed strong-term hit
be8f032045f17a45304f15c7,https://www.accessdata.fda.gov/drugsatfda_docs/nda/2024/219249Orig1s000AdminCorres.pdf,2,clinical_hold,219249,nonclinical-pharmacology,Unreviewed strong-term hit
be8f032045f17a45304f15c7,https://www.accessdata.fda.gov/drugsatfda_docs/nda/2024/219249Orig1s000AdminCorres.pdf,51,investigator_brochure,219249,nonclinical-pkpd; cmc-controls,Unreviewed strong-term hit
beb40fd97ecdf7fb411b8b75,https://www.accessdata.fda.gov/drugsatfda_docs/nda/2020/213736Orig1s000NameR.pdf,4,ind_review,213736,nonclinical-safety,Unreviewed strong-term hit
bed41d283676563faff8fa74,https://www.accessdata.fda.gov/drugsatfda_docs/nda/2024/218709Orig1s000AdminCorres.pdf,27,clinical_hold,218709,nonclinical-pharmacology; nonclinical-safety,Unreviewed strong-term hit
bed51f019fa33a68cc975265,https://www.accessdata.fda.gov/drugsatfda_docs/nda/2022/213478Orig1s000AdminCorres.pdf,4,may_proceed; pre_ind,213478,cmc-controls,Unreviewed strong-term hit
bed51f019fa33a68cc975265,https://www.accessdata.fda.gov/drugsatfda_docs/nda/2022/213478Orig1s000AdminCorres.pdf,7,pre_ind,213478,nonclinical-pkpd; cmc-material,Unreviewed strong-term hit
bede65cbb4dcbd3e8f83e7e9,https://www.accessdata.fda.gov/drugsatfda_docs/nda/2021/214938Orig1s000IntegratedR.pdf,22,clinical_hold,214938,nonclinical-pkpd; nonclinical-safety; clinical-dose,Unreviewed strong-term hit
bede65cbb4dcbd3e8f83e7e9,https://www.accessdata.fda.gov/drugsatfda_docs/nda/2021/214938Orig1s000IntegratedR.pdf,133,clinical_hold,214938,nonclinical-pkpd; cmc-material; cmc-controls,Unreviewed strong-term hit
bf121319acce10bf3de1a1f1,https://www.accessdata.fda.gov/drugsatfda_docs/nda/2021/212035Orig1s000AdminCorres.pdf,3,pre_ind,212035,,Unreviewed strong-term hit
bf23cfbbf97f14a2c0bff195,https://www.accessdata.fda.gov/drugsatfda_docs/nda/2011/021567Orig1s025.pdf,106,may_proceed,021567,nonclinical-safety,Unreviewed strong-term hit
bf23cfbbf97f14a2c0bff195,https://www.accessdata.fda.gov/drugsatfda_docs/nda/2011/021567Orig1s025.pdf,460,investigator_brochure,021567,,Unreviewed strong-term hit
bf38829589b744d50d44b90c,https://www.accessdata.fda.gov/drugsatfda_docs/nda/2025/213224Orig1s000OtherR.pdf,191,pre_ind,213224,,Unreviewed strong-term hit
bf49cdd8a0539a207ad22aa0,https://www.accessdata.fda.gov/drugsatfda_docs/nda/2022/215650Orig1s000IntegratedR.pdf,32,investigator_brochure,215650,cmc-material,Unreviewed strong-term hit
bf49cdd8a0539a207ad22aa0,https://www.accessdata.fda.gov/drugsatfda_docs/nda/2022/215650Orig1s000IntegratedR.pdf,43,clinical_hold,215650,nonclinical-safety; nonclinical-package; cmc-material; cmc-stability,Unreviewed strong-term hit
bf51103a8936d67522328663,https://www.accessdata.fda.gov/drugsatfda_docs/nda/2023/216264Orig1s000MultidisciplineR.pdf,25,initial_ind; original_ind_review; pre_ind,216264,cmc-material,Unreviewed strong-term hit
bf51103a8936d67522328663,https://www.accessdata.fda.gov/drugsatfda_docs/nda/2023/216264Orig1s000MultidisciplineR.pdf,26,may_proceed,216264,nonclinical-pkpd; cmc-controls,Unreviewed strong-term hit
bf7eb8089133737cc9c67026,https://www.accessdata.fda.gov/drugsatfda_docs/nda/2022/215019Orig1s000AdminCorres.pdf,3,pre_ind,215019,,Unreviewed strong-term hit
bfd41f60f771c4ac0f08460b,https://www.accessdata.fda.gov/drugsatfda_docs/nda/2023/213593Orig1s000MultidisciplineR.pdf,85,pre_ind,213593,nonclinical-pkpd; nonclinical-package; cmc-controls,Unreviewed strong-term hit
bfedf48584152c6888cd944d,https://www.accessdata.fda.gov/drugsatfda_docs/nda/2013/021660Orig1s037.pdf,294,pre_ind,021660,,Unreviewed strong-term hit
c0365ba02563713cc5c1defe,https://www.accessdata.fda.gov/drugsatfda_docs/nda/2023/761134Orig1s000IntegratedR.pdf,140,may_proceed,761134,cmc-controls,Unreviewed strong-term hit
c0598c13b50f30324c2f6d5e,https://www.accessdata.fda.gov/drugsatfda_docs/nda/2023/216203Orig1s000IntegratedR.pdf,95,may_proceed; pre_ind,216203,clinical,Unreviewed strong-term hit
c0598c13b50f30324c2f6d5e,https://www.accessdata.fda.gov/drugsatfda_docs/nda/2023/216203Orig1s000IntegratedR.pdf,97,pre_ind,216203,clinical,Unreviewed strong-term hit
c12e3be7c9b9ff54a3bd8b61,https://www.accessdata.fda.gov/drugsatfda_docs/nda/2023/216675Orig1s000PharmR.pdf,12,initial_ind,216675,nonclinical-safety; nonclinical-package; cmc-controls; clinical-dose,Unreviewed strong-term hit
c1c1175b0fc54fb43e5b17c9,https://www.accessdata.fda.gov/drugsatfda_docs/nda/2020/208352Orig1s000MultidisciplineR.pdf,20,pre_ind,208352,cmc-controls,Unreviewed strong-term hit
c1c1175b0fc54fb43e5b17c9,https://www.accessdata.fda.gov/drugsatfda_docs/nda/2020/208352Orig1s000MultidisciplineR.pdf,27,pre_ind,208352,nonclinical-safety; nonclinical-package; cmc-material,Unreviewed strong-term hit
c1c1175b0fc54fb43e5b17c9,https://www.accessdata.fda.gov/drugsatfda_docs/nda/2020/208352Orig1s000MultidisciplineR.pdf,113,initial_ind; may_proceed,208352,nonclinical-package; cmc-material; cmc-controls,Unreviewed strong-term hit
c1c1175b0fc54fb43e5b17c9,https://www.accessdata.fda.gov/drugsatfda_docs/nda/2020/208352Orig1s000MultidisciplineR.pdf,114,may_proceed; pre_ind,208352,nonclinical-pkpd; cmc-controls; cmc-stability,Unreviewed strong-term hit
c1c1175b0fc54fb43e5b17c9,https://www.accessdata.fda.gov/drugsatfda_docs/nda/2020/208352Orig1s000MultidisciplineR.pdf,148,pre_ind,208352,nonclinical-pkpd; cmc-controls,Unreviewed strong-term hit
c1c1175b0fc54fb43e5b17c9,https://www.accessdata.fda.gov/drugsatfda_docs/nda/2020/208352Orig1s000MultidisciplineR.pdf,149,pre_ind,208352,nonclinical-pkpd; cmc-material,Unreviewed strong-term hit
c1c1175b0fc54fb43e5b17c9,https://www.accessdata.fda.gov/drugsatfda_docs/nda/2020/208352Orig1s000MultidisciplineR.pdf,161,pre_ind,208352,nonclinical-pkpd,Unreviewed strong-term hit
c1c1175b0fc54fb43e5b17c9,https://www.accessdata.fda.gov/drugsatfda_docs/nda/2020/208352Orig1s000MultidisciplineR.pdf,176,pre_ind,208352,,Unreviewed strong-term hit
c2034083e60c779c2f185dce,https://www.accessdata.fda.gov/drugsatfda_docs/nda/2023/217003Orig1s000MultidisciplineR.pdf,11,investigator_brochure,217003,nonclinical-pkpd; nonclinical-safety,Unreviewed strong-term hit
c2034083e60c779c2f185dce,https://www.accessdata.fda.gov/drugsatfda_docs/nda/2023/217003Orig1s000MultidisciplineR.pdf,60,investigator_brochure,217003,clinical; clinical-dose,Unreviewed strong-term hit
c2034083e60c779c2f185dce,https://www.accessdata.fda.gov/drugsatfda_docs/nda/2023/217003Orig1s000MultidisciplineR.pdf,173,investigator_brochure,217003,nonclinical-pkpd; cmc-material,Unreviewed strong-term hit
c20344d156c51324f8c80bb7,https://www.accessdata.fda.gov/drugsatfda_docs/nda/2020/211302Orig1s000MedR.pdf,59,investigator_brochure,211302,,Unreviewed strong-term hit
c22e66d876307a4dcdc3a6e6,https://www.accessdata.fda.gov/drugsatfda_docs/nda/2023/216974Orig1s000AdminCorres.pdf,39,investigator_brochure,216974,nonclinical-safety; clinical,Unreviewed strong-term hit
c22e7361bf1de1927198b6a4,https://www.accessdata.fda.gov/drugsatfda_docs/nda/2024/218709Orig1s000OtherR.pdf,16,investigator_brochure,218709,nonclinical-pkpd,Unreviewed strong-term hit
c267537128d1012f309c4394,https://www.accessdata.fda.gov/drugsatfda_docs/nda/2022/212304Orig1s000AdminCorres.pdf,8,pre_ind,212304,nonclinical-pkpd; nonclinical-safety; nonclinical-package; cmc-material,Unreviewed strong-term hit
c267537128d1012f309c4394,https://www.accessdata.fda.gov/drugsatfda_docs/nda/2022/212304Orig1s000AdminCorres.pdf,32,pre_ind,212304,nonclinical-pkpd; cmc-material,Unreviewed strong-term hit
c2f0ca73f18f8359e65cb58d,https://www.accessdata.fda.gov/drugsatfda_docs/nda/2024/761232Orig1s000MultidisciplineR.pdf,29,may_proceed,761232,,Unreviewed strong-term hit
c2f0ca73f18f8359e65cb58d,https://www.accessdata.fda.gov/drugsatfda_docs/nda/2024/761232Orig1s000MultidisciplineR.pdf,31,may_proceed,761232,,Unreviewed strong-term hit
c30e6f63be690505fcbb10e1,https://www.accessdata.fda.gov/drugsatfda_docs/nda/2025/218139Orig1s000MedR.pdf,13,clinical_hold; may_proceed; pre_ind,218139,nonclinical-safety; cmc-material; cmc-controls,Unreviewed strong-term hit
c35166bdf34894500d007fc2,https://www.accessdata.fda.gov/drugsatfda_docs/nda/2021/761194Orig1s000IntegratedR.pdf,125,may_proceed; pre_ind,761194,nonclinical-pkpd; nonclinical-safety; nonclinical-package; clinical,Unreviewed strong-term hit
c35166bdf34894500d007fc2,https://www.accessdata.fda.gov/drugsatfda_docs/nda/2021/761194Orig1s000IntegratedR.pdf,230,ind_review,761194,nonclinical-safety,Unreviewed strong-term hit
c35166bdf34894500d007fc2,https://www.accessdata.fda.gov/drugsatfda_docs/nda/2021/761194Orig1s000IntegratedR.pdf,231,initial_ind,761194,nonclinical-safety; cmc-material; cmc-controls; clinical-dose,Unreviewed strong-term hit
c35166bdf34894500d007fc2,https://www.accessdata.fda.gov/drugsatfda_docs/nda/2021/761194Orig1s000IntegratedR.pdf,234,initial_ind,761194,nonclinical-safety,Unreviewed strong-term hit
c35166bdf34894500d007fc2,https://www.accessdata.fda.gov/drugsatfda_docs/nda/2021/761194Orig1s000IntegratedR.pdf,237,initial_ind,761194,nonclinical-safety,Unreviewed strong-term hit
c35166bdf34894500d007fc2,https://www.accessdata.fda.gov/drugsatfda_docs/nda/2021/761194Orig1s000IntegratedR.pdf,244,ind_review,761194,nonclinical-safety,Unreviewed strong-term hit
c35166bdf34894500d007fc2,https://www.accessdata.fda.gov/drugsatfda_docs/nda/2021/761194Orig1s000IntegratedR.pdf,249,ind_review,761194,nonclinical-safety,Unreviewed strong-term hit
c35166bdf34894500d007fc2,https://www.accessdata.fda.gov/drugsatfda_docs/nda/2021/761194Orig1s000IntegratedR.pdf,250,initial_ind,761194,nonclinical-safety; cmc-material; cmc-controls,Unreviewed strong-term hit
c35166bdf34894500d007fc2,https://www.accessdata.fda.gov/drugsatfda_docs/nda/2021/761194Orig1s000IntegratedR.pdf,275,may_proceed,761194,nonclinical-safety; cmc-material; cmc-controls,Unreviewed strong-term hit
c3545f8c5a2b7ab3557d23db,https://www.accessdata.fda.gov/drugsatfda_docs/nda/2023/216403Orig1s000IntegratedR.pdf,193,investigator_brochure,216403,clinical,Unreviewed strong-term hit
c35e109723ee76b22b98e48b,https://www.accessdata.fda.gov/drugsatfda_docs/nda/2020/212614Orig1s000AdminCorres.pdf,3,pre_ind,212614,,Unreviewed strong-term hit
c36563b08fd7361456fb5e21,https://www.accessdata.fda.gov/drugsatfda_docs/nda/2020/214120Orig1s000MultidisciplineR.pdf,19,pre_ind,214120,nonclinical-safety,Unreviewed strong-term hit
c36563b08fd7361456fb5e21,https://www.accessdata.fda.gov/drugsatfda_docs/nda/2020/214120Orig1s000MultidisciplineR.pdf,129,clinical_hold,214120,,Unreviewed strong-term hit
c36563b08fd7361456fb5e21,https://www.accessdata.fda.gov/drugsatfda_docs/nda/2020/214120Orig1s000MultidisciplineR.pdf,130,clinical_hold,214120,clinical,Unreviewed strong-term hit
c422b020955101c5b1087aa4,https://www.accessdata.fda.gov/drugsatfda_docs/nda/2024/216158Orig1s000OtherR.pdf,108,investigator_brochure,216158,nonclinical-pkpd; nonclinical-safety,Unreviewed strong-term hit
c422b020955101c5b1087aa4,https://www.accessdata.fda.gov/drugsatfda_docs/nda/2024/216158Orig1s000OtherR.pdf,140,investigator_brochure,216158,nonclinical-safety,Unreviewed strong-term hit
c4d6d0061353f086ef450b41,https://www.accessdata.fda.gov/drugsatfda_docs/nda/2020/761145Orig1s000MultidisciplineR.pdf,170,investigator_brochure,761145,,Unreviewed strong-term hit
c4ddd4976dd67411ca1bef24,https://www.accessdata.fda.gov/drugsatfda_docs/nda/2023/216974Orig1s000IntegratedR.pdf,88,initial_ind; may_proceed,216974,nonclinical-pkpd; clinical,Unreviewed strong-term hit
c56895f8dbbf1993da277a0c,https://www.accessdata.fda.gov/drugsatfda_docs/nda/2021/210933Orig1s000PharmR.pdf,15,initial_ind; pre_ind,210933,nonclinical-pkpd; nonclinical-package; cmc-material,Unreviewed strong-term hit
c56895f8dbbf1993da277a0c,https://www.accessdata.fda.gov/drugsatfda_docs/nda/2021/210933Orig1s000PharmR.pdf,16,pre_ind,210933,nonclinical-pkpd; nonclinical-safety; cmc-material,Unreviewed strong-term hit
c57018629b80327c69288f7c,"https://www.accessdata.fda.gov/drugsatfda_docs/nda/2021/215358Orig1s000,Orig2s000ChemR.pdf",10,may_proceed,215358,cmc-material; cmc-controls,Unreviewed strong-term hit
c5c91405cf351ef02e351eea,https://www.accessdata.fda.gov/drugsatfda_docs/nda/2023/761192Orig1s000MultidisciplineR.pdf,62,clinical_hold,761192,,Unreviewed strong-term hit
c5c91405cf351ef02e351eea,https://www.accessdata.fda.gov/drugsatfda_docs/nda/2023/761192Orig1s000MultidisciplineR.pdf,63,clinical_hold,761192,nonclinical-package; cmc-material; cmc-controls; cmc-stability; clinical,Unreviewed strong-term hit
c5c91405cf351ef02e351eea,https://www.accessdata.fda.gov/drugsatfda_docs/nda/2023/761192Orig1s000MultidisciplineR.pdf,64,clinical_hold,761192,,Unreviewed strong-term hit
c628e4060e1a474359f9407d,https://www.accessdata.fda.gov/drugsatfda_docs/nda/2023/215760Orig1s000MultidisciplineR.pdf,24,may_proceed; pre_ind,215760,nonclinical-safety; cmc-material,Unreviewed strong-term hit
c63b3cb2567fb4452213cf10,https://www.accessdata.fda.gov/drugsatfda_docs/nda/2022/761235Orig1s000PharmR.pdf,15,initial_ind,761235,nonclinical-safety; nonclinical-package; cmc-controls; clinical-dose,Unreviewed strong-term hit
c63b3cb2567fb4452213cf10,https://www.accessdata.fda.gov/drugsatfda_docs/nda/2022/761235Orig1s000PharmR.pdf,16,investigator_brochure,761235,nonclinical-pkpd; nonclinical-safety; nonclinical-package; cmc-material,Unreviewed strong-term hit
c63b3cb2567fb4452213cf10,https://www.accessdata.fda.gov/drugsatfda_docs/nda/2022/761235Orig1s000PharmR.pdf,18,initial_ind,761235,nonclinical-pharmacology; nonclinical-safety; cmc-controls,Unreviewed strong-term hit
c63b3cb2567fb4452213cf10,https://www.accessdata.fda.gov/drugsatfda_docs/nda/2022/761235Orig1s000PharmR.pdf,19,initial_ind,761235,nonclinical-pkpd,Unreviewed strong-term hit
c63b3cb2567fb4452213cf10,https://www.accessdata.fda.gov/drugsatfda_docs/nda/2022/761235Orig1s000PharmR.pdf,22,initial_ind,761235,nonclinical-pkpd; nonclinical-safety,Unreviewed strong-term hit
c63b3cb2567fb4452213cf10,https://www.accessdata.fda.gov/drugsatfda_docs/nda/2022/761235Orig1s000PharmR.pdf,23,initial_ind,761235,nonclinical-pkpd; nonclinical-safety; cmc-stability,Unreviewed strong-term hit
c63b3cb2567fb4452213cf10,https://www.accessdata.fda.gov/drugsatfda_docs/nda/2022/761235Orig1s000PharmR.pdf,25,ind_review; initial_ind; original_ind_review,761235,nonclinical-pkpd; nonclinical-safety; nonclinical-package,Unreviewed strong-term hit
c63b3cb2567fb4452213cf10,https://www.accessdata.fda.gov/drugsatfda_docs/nda/2022/761235Orig1s000PharmR.pdf,26,initial_ind,761235,nonclinical-pkpd; nonclinical-safety; nonclinical-package; cmc-stability; clinical; clinical-dose,Unreviewed strong-term hit
c63b3cb2567fb4452213cf10,https://www.accessdata.fda.gov/drugsatfda_docs/nda/2022/761235Orig1s000PharmR.pdf,34,investigator_brochure,761235,nonclinical-pkpd,Unreviewed strong-term hit
c63b3cb2567fb4452213cf10,https://www.accessdata.fda.gov/drugsatfda_docs/nda/2022/761235Orig1s000PharmR.pdf,48,initial_ind,761235,nonclinical-safety,Unreviewed strong-term hit
c63b3cb2567fb4452213cf10,https://www.accessdata.fda.gov/drugsatfda_docs/nda/2022/761235Orig1s000PharmR.pdf,51,initial_ind,761235,nonclinical-pkpd; nonclinical-safety; nonclinical-package; clinical-dose,Unreviewed strong-term hit
c6d31c96dcd526bff1d1b676,https://www.accessdata.fda.gov/drugsatfda_docs/nda/2023/215559Orig1s000IntegratedR.pdf,41,clinical_hold,215559,,Unreviewed strong-term hit
c6d31c96dcd526bff1d1b676,https://www.accessdata.fda.gov/drugsatfda_docs/nda/2023/215559Orig1s000IntegratedR.pdf,76,clinical_hold,215559,nonclinical-pkpd; nonclinical-safety; clinical,Unreviewed strong-term hit
c6d31c96dcd526bff1d1b676,https://www.accessdata.fda.gov/drugsatfda_docs/nda/2023/215559Orig1s000IntegratedR.pdf,179,clinical_hold,215559,,Unreviewed strong-term hit
c6d31c96dcd526bff1d1b676,https://www.accessdata.fda.gov/drugsatfda_docs/nda/2023/215559Orig1s000IntegratedR.pdf,200,clinical_hold,215559,,Unreviewed strong-term hit
c6d31c96dcd526bff1d1b676,https://www.accessdata.fda.gov/drugsatfda_docs/nda/2023/215559Orig1s000IntegratedR.pdf,222,clinical_hold,215559,nonclinical-pkpd; clinical,Unreviewed strong-term hit
c6d31c96dcd526bff1d1b676,https://www.accessdata.fda.gov/drugsatfda_docs/nda/2023/215559Orig1s000IntegratedR.pdf,238,clinical_hold,215559,clinical,Unreviewed strong-term hit
c6d31c96dcd526bff1d1b676,https://www.accessdata.fda.gov/drugsatfda_docs/nda/2023/215559Orig1s000IntegratedR.pdf,240,clinical_hold,215559,,Unreviewed strong-term hit
c6d31c96dcd526bff1d1b676,https://www.accessdata.fda.gov/drugsatfda_docs/nda/2023/215559Orig1s000IntegratedR.pdf,271,clinical_hold,215559,nonclinical-package; cmc-material,Unreviewed strong-term hit
c6d31c96dcd526bff1d1b676,https://www.accessdata.fda.gov/drugsatfda_docs/nda/2023/215559Orig1s000IntegratedR.pdf,365,clinical_hold,215559,nonclinical-pkpd; clinical,Unreviewed strong-term hit
c6e165f9298a53035b70499d,https://www.accessdata.fda.gov/drugsatfda_docs/nda/2026/761439Orig1s000MultidisciplineR.pdf,36,clinical_hold; may_proceed,761439,nonclinical-pkpd; cmc-material; clinical,Unreviewed strong-term hit
c6e165f9298a53035b70499d,https://www.accessdata.fda.gov/drugsatfda_docs/nda/2026/761439Orig1s000MultidisciplineR.pdf,37,clinical_hold,761439,nonclinical-pkpd; nonclinical-package; clinical,Unreviewed strong-term hit
c7051b5e2e340836556fdb7d,https://www.accessdata.fda.gov/drugsatfda_docs/nda/2022/213871Orig1s000AdminCorres.pdf,20,clinical_hold,213871,,Unreviewed strong-term hit
c7051b5e2e340836556fdb7d,https://www.accessdata.fda.gov/drugsatfda_docs/nda/2022/213871Orig1s000AdminCorres.pdf,28,may_proceed,213871,nonclinical-pkpd; cmc-material,Unreviewed strong-term hit
c7162539480a15eb75b42f39,https://www.accessdata.fda.gov/drugsatfda_docs/nda/2024/217899Orig1s000RiskR.pdf,10,clinical_hold,217899,nonclinical-pkpd,Unreviewed strong-term hit
c78d66af128b366034a17423,https://www.accessdata.fda.gov/drugsatfda_docs/nda/2023/217513Orig1s000AdminCorres.pdf,33,clinical_hold,217513,nonclinical-pharmacology,Unreviewed strong-term hit
c78e7bd9fa7e2f6b8e0f4141,https://www.accessdata.fda.gov/drugsatfda_docs/nda/2023/215910Orig1s000ClinPharmR.pdf,9,pre_ind,215910,nonclinical-package; cmc-material; cmc-controls,Unreviewed strong-term hit
c7b7d485136cf907ac685d5b,https://www.accessdata.fda.gov/drugsatfda_docs/nda/2023/217470Orig1s000AdminCorres.pdf,6,pre_ind,217470,,Unreviewed strong-term hit
c7f69a774c8540a6e8dec81b,https://www.accessdata.fda.gov/drugsatfda_docs/nda/2021/212904Orig1s000ChemR.pdf,4,initial_ind,212904,nonclinical-safety,Unreviewed strong-term hit
c82397129d48e591ff98dc01,https://www.accessdata.fda.gov/drugsatfda_docs/nda/2026/218145Orig1s000AdminCorres.pdf,28,investigator_brochure,218145,nonclinical-pkpd; clinical,Unreviewed strong-term hit
c890b8a8e2ea4c7cc753a019,https://www.accessdata.fda.gov/drugsatfda_docs/nda/2021/212904Orig1s000MultidisciplineR.pdf,125,initial_ind,212904,nonclinical-pkpd; nonclinical-safety; nonclinical-package; cmc-controls; clinical,Unreviewed strong-term hit
c8a728629e64d0ecc017c19e,https://www.accessdata.fda.gov/drugsatfda_docs/nda/2012/125057Orig1s232.pdf,254,pre_ind,125057,,Unreviewed strong-term hit
c8c06912a2f0654df61d4211,https://www.accessdata.fda.gov/drugsatfda_docs/nda/2021/214783Orig1s000ChemR.pdf,33,initial_ind,214783,cmc-material; cmc-controls; cmc-stability,Unreviewed strong-term hit
c9322ab36089f41bd23a38c7,https://www.accessdata.fda.gov/drugsatfda_docs/nda/2021/215310Orig1s000AdminCorres.pdf,26,clinical_hold,215310,nonclinical-pharmacology,Unreviewed strong-term hit
c9322ab36089f41bd23a38c7,https://www.accessdata.fda.gov/drugsatfda_docs/nda/2021/215310Orig1s000AdminCorres.pdf,37,initial_ind; may_proceed,215310,nonclinical-pkpd; nonclinical-safety; nonclinical-package,Unreviewed strong-term hit
c9a9c1c56a7467538e09a811,https://www.accessdata.fda.gov/drugsatfda_docs/nda/2023/216227Orig1s000CrossR.pdf,6,pre_ind,216227,cmc-material; clinical,Unreviewed strong-term hit
c9f968431f44634f44b666d6,https://www.accessdata.fda.gov/drugsatfda_docs/nda/2024/217686Orig1s000AdminCorres.pdf,4,initial_ind; original_ind_review; pre_ind,217686,nonclinical-pkpd; nonclinical-safety,Unreviewed strong-term hit
c9f968431f44634f44b666d6,https://www.accessdata.fda.gov/drugsatfda_docs/nda/2024/217686Orig1s000AdminCorres.pdf,12,initial_ind; original_ind_review; pre_ind,217686,nonclinical-pkpd; nonclinical-package,Unreviewed strong-term hit
ca19b44b64691e6ac2944f35,"https://www.accessdata.fda.gov/drugsatfda_docs/nda/2025/218808Orig1s000,218820Orig1s000IntegratedR.pdf",178,initial_ind,218808; 218820,nonclinical-pharmacology; cmc-material,Unreviewed strong-term hit
ca2016808657c3531930e273,https://www.accessdata.fda.gov/drugsatfda_docs/nda/2021/761208Orig1s000AdminCorres.pdf,56,pre_ind,761208,nonclinical-pharmacology; nonclinical-safety,Unreviewed strong-term hit
ca5f2ec0dd7b8238fe1a5557,https://www.accessdata.fda.gov/drugsatfda_docs/nda/2022/215039Orig1s000AdminCorres.pdf,6,pre_ind,215039,clinical,Unreviewed strong-term hit
ca5f2ec0dd7b8238fe1a5557,https://www.accessdata.fda.gov/drugsatfda_docs/nda/2022/215039Orig1s000AdminCorres.pdf,22,pre_ind,215039,,Unreviewed strong-term hit
cac980b6651b26b9c59fb5eb,https://www.accessdata.fda.gov/drugsatfda_docs/nda/2022/214787Orig1s011.pdf,122,pre_ind,214787,,Unreviewed strong-term hit
cb4d5ad503f4349ad55d54c1,https://www.accessdata.fda.gov/drugsatfda_docs/nda/2022/215515Orig1s000MedR.pdf,21,pre_ind,215515,,Unreviewed strong-term hit
cb4d5ad503f4349ad55d54c1,https://www.accessdata.fda.gov/drugsatfda_docs/nda/2022/215515Orig1s000MedR.pdf,22,may_proceed,215515,cmc-material; cmc-stability,Unreviewed strong-term hit
cb85d1c168b4ed12f833d695,https://www.accessdata.fda.gov/drugsatfda_docs/nda/2022/215888Orig1s000IntegratedR.pdf,124,investigator_brochure,215888,nonclinical-safety; nonclinical-package; cmc-controls; clinical,Unreviewed strong-term hit
cb85d1c168b4ed12f833d695,https://www.accessdata.fda.gov/drugsatfda_docs/nda/2022/215888Orig1s000IntegratedR.pdf,127,clinical_hold; initial_ind,215888,nonclinical-pkpd; nonclinical-package; clinical,Unreviewed strong-term hit
cbe0a936eda4532bb5d47946,https://www.accessdata.fda.gov/drugsatfda_docs/nda/2024/216593Orig1s000CrossR.pdf,6,pre_ind,216593,,Unreviewed strong-term hit
cc0dc6927253d41fef28241d,https://www.accessdata.fda.gov/drugsatfda_docs/nda/2026/220295Orig1s000IntegratedR.pdf,147,may_proceed; pre_ind,220295,,Unreviewed strong-term hit
cc1a314920014a844598d9b3,https://www.accessdata.fda.gov/drugsatfda_docs/nda/2026/761486Orig1s000IntegratedR.pdf,90,may_proceed,761486,,Unreviewed strong-term hit
cc1a314920014a844598d9b3,https://www.accessdata.fda.gov/drugsatfda_docs/nda/2026/761486Orig1s000IntegratedR.pdf,109,ind_review,761486,nonclinical-safety,Unreviewed strong-term hit
cc2a010b1f205857e0e3a248,https://www.accessdata.fda.gov/drugsatfda_docs/nda/2020/761154Orig1s000ChemR.pdf,107,initial_ind,761154,nonclinical-safety; cmc-material; cmc-controls; cmc-stability,Unreviewed strong-term hit
cca20ae19dc674b35604cb83,https://www.accessdata.fda.gov/drugsatfda_docs/nda/2020/209899Orig1s000SumR.pdf,10,clinical_hold; may_proceed,209899,clinical,Unreviewed strong-term hit
cca6399a7b34d1b48c7419ea,https://www.accessdata.fda.gov/drugsatfda_docs/nda/2021/211488Orig1s000AdminCorres.pdf,12,pre_ind,211488,nonclinical-pkpd; nonclinical-package,Unreviewed strong-term hit
cd2c0d2b99c33ed1c27a327a,https://www.accessdata.fda.gov/drugsatfda_docs/nda/2025/219847Orig1s000MultidisciplineR.pdf,20,pre_ind,219847,nonclinical-pkpd,Unreviewed strong-term hit
cd2c0d2b99c33ed1c27a327a,https://www.accessdata.fda.gov/drugsatfda_docs/nda/2025/219847Orig1s000MultidisciplineR.pdf,22,pre_ind,219847,cmc-material; cmc-controls; cmc-stability,Unreviewed strong-term hit
cd383af2272c4d28bfc1f0b2,https://www.accessdata.fda.gov/drugsatfda_docs/nda/2026/761486Orig1s000AdminCorres.pdf,20,clinical_hold,761486,nonclinical-pharmacology,Unreviewed strong-term hit
cdbf9eaf03e7b63c67745a6e,https://www.accessdata.fda.gov/drugsatfda_docs/nda/2022/213218Orig1s000AdminCorres.pdf,5,pre_ind,213218,cmc-material; cmc-stability,Unreviewed strong-term hit
cdbf9eaf03e7b63c67745a6e,https://www.accessdata.fda.gov/drugsatfda_docs/nda/2022/213218Orig1s000AdminCorres.pdf,6,pre_ind,213218,nonclinical-package; cmc-material; cmc-controls; cmc-stability,Unreviewed strong-term hit
cdbf9eaf03e7b63c67745a6e,https://www.accessdata.fda.gov/drugsatfda_docs/nda/2022/213218Orig1s000AdminCorres.pdf,7,pre_ind,213218,nonclinical-pkpd; clinical,Unreviewed strong-term hit
cdda784e99431700418f225b,https://www.accessdata.fda.gov/drugsatfda_docs/nda/2021/215206Orig1s000AdminCorres.pdf,18,investigator_brochure,215206,nonclinical-pkpd; clinical,Unreviewed strong-term hit
ce19153df989ba93b319b46a,https://www.accessdata.fda.gov/drugsatfda_docs/nda/2024/216158Orig1s000AdminCorres.pdf,26,clinical_hold,216158,nonclinical-pharmacology; nonclinical-pkpd; nonclinical-safety; clinical; clinical-dose,Unreviewed strong-term hit
ce19153df989ba93b319b46a,https://www.accessdata.fda.gov/drugsatfda_docs/nda/2024/216158Orig1s000AdminCorres.pdf,34,investigator_brochure,216158,nonclinical-pharmacology; nonclinical-pkpd; clinical,Unreviewed strong-term hit
ce335aa1abe82f2359dd0414,https://www.accessdata.fda.gov/drugsatfda_docs/nda/2021/125472Orig1s044.pdf,202,pre_ind,125472,nonclinical-pharmacology,Unreviewed strong-term hit
ce335aa1abe82f2359dd0414,https://www.accessdata.fda.gov/drugsatfda_docs/nda/2021/125472Orig1s044.pdf,225,pre_ind,125472,nonclinical-safety,Unreviewed strong-term hit
ce4c69a7b46f589a7d0f232b,https://www.accessdata.fda.gov/drugsatfda_docs/nda/2022/213953Orig1s000MultidisciplineR.pdf,97,pre_ind,213953,cmc-material,Unreviewed strong-term hit
ce5a342c08b31ce6cc8ffdd6,https://www.accessdata.fda.gov/drugsatfda_docs/nda/2024/761336Orig1s000OtherR.pdf,34,clinical_hold,761336,clinical,Unreviewed strong-term hit
ce6d742e7ea29796c0799068,https://www.accessdata.fda.gov/drugsatfda_docs/nda/2025/215431Orig1s000MedR.pdf,30,pre_ind,215431,nonclinical-pkpd,Unreviewed strong-term hit
ce6d742e7ea29796c0799068,https://www.accessdata.fda.gov/drugsatfda_docs/nda/2025/215431Orig1s000MedR.pdf,59,pre_ind,215431,nonclinical-pkpd; cmc-material; clinical,Unreviewed strong-term hit
ce9149d10ca543608c5d8fbb,https://www.accessdata.fda.gov/drugsatfda_docs/nda/2026/761152Orig1s000AdminCorres.pdf,35,clinical_hold,761152,nonclinical-pharmacology,Unreviewed strong-term hit
cf1070e6d0346063b812ed35,https://www.accessdata.fda.gov/drugsatfda_docs/nda/2023/217171Orig1s000PharmR.pdf,5,initial_ind,217171,cmc-material,Unreviewed strong-term hit
cfe1144915383883b93b8ced,https://www.accessdata.fda.gov/drugsatfda_docs/nda/2025/761297Orig1s000MultidisciplineR.pdf,34,initial_ind; original_ind_review; pre_ind,761297,nonclinical-package,Unreviewed strong-term hit
d041361d68c172284f1b00b9,https://www.accessdata.fda.gov/drugsatfda_docs/nda/2022/761127Orig1s000MultidisciplineR.pdf,25,pre_ind,761127,,Unreviewed strong-term hit
d041361d68c172284f1b00b9,https://www.accessdata.fda.gov/drugsatfda_docs/nda/2022/761127Orig1s000MultidisciplineR.pdf,61,may_proceed,761127,cmc-material,Unreviewed strong-term hit
d09980c1e134b8219f274e95,https://www.accessdata.fda.gov/drugsatfda_docs/nda/2025/214697Orig1s000MultidisciplineR.pdf,130,initial_ind; original_ind_review,214697,nonclinical-pkpd; nonclinical-safety; nonclinical-package; cmc-material; cmc-stability,Unreviewed strong-term hit
d0d2036a3b644ebf68ef4af7,https://www.accessdata.fda.gov/drugsatfda_docs/nda/2021/214907Orig1s000AdminCorres.pdf,26,pre_ind,214907,,Unreviewed strong-term hit
d126a06fbd78863966537806,https://www.accessdata.fda.gov/drugsatfda_docs/nda/2024/761362Orig1s000MultidisciplineR.pdf,25,pre_ind,761362,,Unreviewed strong-term hit
d126a06fbd78863966537806,https://www.accessdata.fda.gov/drugsatfda_docs/nda/2024/761362Orig1s000MultidisciplineR.pdf,26,may_proceed,761362,cmc-material,Unreviewed strong-term hit
d126a06fbd78863966537806,https://www.accessdata.fda.gov/drugsatfda_docs/nda/2024/761362Orig1s000MultidisciplineR.pdf,27,pre_ind,761362,nonclinical-pkpd; nonclinical-package,Unreviewed strong-term hit
d148dd70a3ff0aa2d7b66c2f,https://www.accessdata.fda.gov/drugsatfda_docs/nda/2021/214047Orig1s000PharmR.pdf,14,pre_ind,214047,,Unreviewed strong-term hit
d1e6e678eb3aefaebc1c9e93,https://www.accessdata.fda.gov/drugsatfda_docs/nda/2023/761345Orig1s000OtherR.pdf,56,investigator_brochure,761345,,Unreviewed strong-term hit
d25451db53aeefa48115c6fa,https://www.accessdata.fda.gov/drugsatfda_docs/nda/2020/213400Orig1s000MultidisciplineR.pdf,32,pre_ind,213400,,Unreviewed strong-term hit
d25451db53aeefa48115c6fa,https://www.accessdata.fda.gov/drugsatfda_docs/nda/2020/213400Orig1s000MultidisciplineR.pdf,33,clinical_hold,213400,clinical,Unreviewed strong-term hit
d25451db53aeefa48115c6fa,https://www.accessdata.fda.gov/drugsatfda_docs/nda/2020/213400Orig1s000MultidisciplineR.pdf,79,clinical_hold,213400,clinical,Unreviewed strong-term hit
d25451db53aeefa48115c6fa,https://www.accessdata.fda.gov/drugsatfda_docs/nda/2020/213400Orig1s000MultidisciplineR.pdf,102,clinical_hold,213400,nonclinical-pkpd; clinical,Unreviewed strong-term hit
d25451db53aeefa48115c6fa,https://www.accessdata.fda.gov/drugsatfda_docs/nda/2020/213400Orig1s000MultidisciplineR.pdf,112,clinical_hold,213400,clinical,Unreviewed strong-term hit
d25451db53aeefa48115c6fa,https://www.accessdata.fda.gov/drugsatfda_docs/nda/2020/213400Orig1s000MultidisciplineR.pdf,113,clinical_hold,213400,nonclinical-pkpd,Unreviewed strong-term hit
d25451db53aeefa48115c6fa,https://www.accessdata.fda.gov/drugsatfda_docs/nda/2020/213400Orig1s000MultidisciplineR.pdf,122,clinical_hold,213400,clinical,Unreviewed strong-term hit
d260ae324fec99075a0c1e26,https://www.accessdata.fda.gov/drugsatfda_docs/nda/2021/213876Orig1s000MedR.pdf,20,pre_ind,213876,nonclinical-pkpd; cmc-material; cmc-stability,Unreviewed strong-term hit
d260ae324fec99075a0c1e26,https://www.accessdata.fda.gov/drugsatfda_docs/nda/2021/213876Orig1s000MedR.pdf,45,pre_ind,213876,nonclinical-pkpd,Unreviewed strong-term hit
d2988bd94c862630ae5f9a63,https://www.accessdata.fda.gov/drugsatfda_docs/nda/2023/217759Orig1s000MultidisciplineR.pdf,32,pre_ind,217759,,Unreviewed strong-term hit
d2988bd94c862630ae5f9a63,https://www.accessdata.fda.gov/drugsatfda_docs/nda/2023/217759Orig1s000MultidisciplineR.pdf,252,initial_ind; investigator_brochure,217759,nonclinical-pkpd; nonclinical-safety; nonclinical-package; clinical,Unreviewed strong-term hit
d2988bd94c862630ae5f9a63,https://www.accessdata.fda.gov/drugsatfda_docs/nda/2023/217759Orig1s000MultidisciplineR.pdf,265,initial_ind,217759,cmc-material; cmc-controls,Unreviewed strong-term hit
d2988bd94c862630ae5f9a63,https://www.accessdata.fda.gov/drugsatfda_docs/nda/2023/217759Orig1s000MultidisciplineR.pdf,266,investigator_brochure,217759,nonclinical-pharmacology; nonclinical-pkpd; nonclinical-safety; nonclinical-package; clinical,Unreviewed strong-term hit
d2c46a1636a4c64970a61baa,https://www.accessdata.fda.gov/drugsatfda_docs/nda/2026/220152Orig1s000IntegratedR.pdf,13,clinical_hold,220152,,Unreviewed strong-term hit
d2c46a1636a4c64970a61baa,https://www.accessdata.fda.gov/drugsatfda_docs/nda/2026/220152Orig1s000IntegratedR.pdf,23,clinical_hold,220152,nonclinical-pkpd,Unreviewed strong-term hit
d2c46a1636a4c64970a61baa,https://www.accessdata.fda.gov/drugsatfda_docs/nda/2026/220152Orig1s000IntegratedR.pdf,99,may_proceed,220152,,Unreviewed strong-term hit
d2c46a1636a4c64970a61baa,https://www.accessdata.fda.gov/drugsatfda_docs/nda/2026/220152Orig1s000IntegratedR.pdf,103,clinical_hold,220152,,Unreviewed strong-term hit
d2c46a1636a4c64970a61baa,https://www.accessdata.fda.gov/drugsatfda_docs/nda/2026/220152Orig1s000IntegratedR.pdf,104,clinical_hold,220152,nonclinical-pkpd; nonclinical-safety; nonclinical-package,Unreviewed strong-term hit
d2c46a1636a4c64970a61baa,https://www.accessdata.fda.gov/drugsatfda_docs/nda/2026/220152Orig1s000IntegratedR.pdf,179,ind_review,220152,nonclinical-pkpd; nonclinical-safety; nonclinical-package,Unreviewed strong-term hit
d31ad132d05cdb6e76153063,https://www.accessdata.fda.gov/drugsatfda_docs/nda/2025/220018Orig1s000IntegratedR.pdf,53,clinical_hold,220018,nonclinical-pkpd,Unreviewed strong-term hit
d31ad132d05cdb6e76153063,https://www.accessdata.fda.gov/drugsatfda_docs/nda/2025/220018Orig1s000IntegratedR.pdf,73,clinical_hold,220018,nonclinical-pkpd,Unreviewed strong-term hit
d31ad132d05cdb6e76153063,https://www.accessdata.fda.gov/drugsatfda_docs/nda/2025/220018Orig1s000IntegratedR.pdf,172,pre_ind,220018,nonclinical-pkpd,Unreviewed strong-term hit
d31ad132d05cdb6e76153063,https://www.accessdata.fda.gov/drugsatfda_docs/nda/2025/220018Orig1s000IntegratedR.pdf,173,clinical_hold; may_proceed,220018,nonclinical-pkpd; nonclinical-package; cmc-stability; clinical,Unreviewed strong-term hit
d31ad132d05cdb6e76153063,https://www.accessdata.fda.gov/drugsatfda_docs/nda/2025/220018Orig1s000IntegratedR.pdf,220,clinical_hold,220018,cmc-material,Unreviewed strong-term hit
d36413c2fe2492d2b80ae747,https://www.accessdata.fda.gov/drugsatfda_docs/nda/2023/215842Orig1s000IntegratedR.pdf,85,pre_ind,215842,nonclinical-pkpd,Unreviewed strong-term hit
d39e424293edd14a99f44928,https://www.accessdata.fda.gov/drugsatfda_docs/nda/2020/213535Orig1s000ClinPharmR.pdf,38,investigator_brochure,213535,nonclinical-pkpd,Unreviewed strong-term hit
d3b7dc632d2839a0da690ba0,https://www.accessdata.fda.gov/drugsatfda_docs/nda/2020/761172Orig1s000IntegratedR.pdf,82,may_proceed; pre_ind,761172,nonclinical-pkpd,Unreviewed strong-term hit
d3b7dc632d2839a0da690ba0,https://www.accessdata.fda.gov/drugsatfda_docs/nda/2020/761172Orig1s000IntegratedR.pdf,107,investigator_brochure,761172,nonclinical-pkpd; clinical,Unreviewed strong-term hit
d3b7dc632d2839a0da690ba0,https://www.accessdata.fda.gov/drugsatfda_docs/nda/2020/761172Orig1s000IntegratedR.pdf,183,investigator_brochure,761172,cmc-controls,Unreviewed strong-term hit
d3bd810f5bda64eac2fb6ddf,https://www.accessdata.fda.gov/drugsatfda_docs/nda/2022/215935Orig1s000AdminCorres.pdf,17,pre_ind,215935,nonclinical-pkpd; nonclinical-package; cmc-material; cmc-controls,Unreviewed strong-term hit
d41f6ef56ff79e38d41db343,https://www.accessdata.fda.gov/drugsatfda_docs/nda/2019/125166Orig1s431.pdf,114,initial_ind,125166,,Unreviewed strong-term hit
d4ca4f2b1e6c6e82c7a31830,https://www.accessdata.fda.gov/drugsatfda_docs/nda/2022/215309Orig1s000AdminCorres.pdf,3,initial_ind; original_ind_review,215309,cmc-material; cmc-controls,Unreviewed strong-term hit
d4ca4f2b1e6c6e82c7a31830,https://www.accessdata.fda.gov/drugsatfda_docs/nda/2022/215309Orig1s000AdminCorres.pdf,12,clinical_hold,215309,nonclinical-safety; clinical,Unreviewed strong-term hit
d4ca4f2b1e6c6e82c7a31830,https://www.accessdata.fda.gov/drugsatfda_docs/nda/2022/215309Orig1s000AdminCorres.pdf,13,clinical_hold; may_proceed,215309,cmc-controls,Unreviewed strong-term hit
d4ca4f2b1e6c6e82c7a31830,https://www.accessdata.fda.gov/drugsatfda_docs/nda/2022/215309Orig1s000AdminCorres.pdf,37,clinical_hold; may_proceed,215309,nonclinical-pkpd; nonclinical-safety,Unreviewed strong-term hit
d4ca4f2b1e6c6e82c7a31830,https://www.accessdata.fda.gov/drugsatfda_docs/nda/2022/215309Orig1s000AdminCorres.pdf,44,clinical_hold,215309,nonclinical-safety; clinical,Unreviewed strong-term hit
d4e1b79c03214d92505cdaf2,https://www.accessdata.fda.gov/drugsatfda_docs/nda/2023/216285Orig1s000PharmR.pdf,11,pre_ind,216285,nonclinical-pkpd; nonclinical-safety; nonclinical-package; cmc-material; cmc-controls; cmc-stability,Unreviewed strong-term hit
d4e1b79c03214d92505cdaf2,https://www.accessdata.fda.gov/drugsatfda_docs/nda/2023/216285Orig1s000PharmR.pdf,24,pre_ind,216285,nonclinical-pkpd; nonclinical-safety; nonclinical-package; cmc-material; cmc-controls; cmc-stability,Unreviewed strong-term hit
d50b6d3eb70111ea1266a418,https://www.accessdata.fda.gov/drugsatfda_docs/nda/2013/200603Orig1s011.pdf,87,pre_ind,200603,cmc-material; clinical,Unreviewed strong-term hit
d50b6d3eb70111ea1266a418,https://www.accessdata.fda.gov/drugsatfda_docs/nda/2013/200603Orig1s011.pdf,126,pre_ind,200603,,Unreviewed strong-term hit
d50b6d3eb70111ea1266a418,https://www.accessdata.fda.gov/drugsatfda_docs/nda/2013/200603Orig1s011.pdf,246,pre_ind,200603,nonclinical-pkpd; nonclinical-safety; nonclinical-package,Unreviewed strong-term hit
d50b6d3eb70111ea1266a418,https://www.accessdata.fda.gov/drugsatfda_docs/nda/2013/200603Orig1s011.pdf,249,pre_ind,200603,nonclinical-pkpd; nonclinical-safety,Unreviewed strong-term hit
d50b6d3eb70111ea1266a418,https://www.accessdata.fda.gov/drugsatfda_docs/nda/2013/200603Orig1s011.pdf,257,pre_ind,200603,nonclinical-safety; nonclinical-package; cmc-material; cmc-controls,Unreviewed strong-term hit
d52ef14889a64bcaa4a56268,https://www.accessdata.fda.gov/drugsatfda_docs/nda/2024/217899Orig1s000AdminCorres.pdf,5,clinical_hold; may_proceed,217899,nonclinical-pkpd; cmc-controls,Unreviewed strong-term hit
d52ef14889a64bcaa4a56268,https://www.accessdata.fda.gov/drugsatfda_docs/nda/2024/217899Orig1s000AdminCorres.pdf,24,clinical_hold,217899,nonclinical-pharmacology,Unreviewed strong-term hit
d52ef14889a64bcaa4a56268,https://www.accessdata.fda.gov/drugsatfda_docs/nda/2024/217899Orig1s000AdminCorres.pdf,25,clinical_hold,217899,,Unreviewed strong-term hit
d52ef14889a64bcaa4a56268,https://www.accessdata.fda.gov/drugsatfda_docs/nda/2024/217899Orig1s000AdminCorres.pdf,29,clinical_hold; investigator_brochure,217899,nonclinical-package; clinical,Unreviewed strong-term hit
d52ef14889a64bcaa4a56268,https://www.accessdata.fda.gov/drugsatfda_docs/nda/2024/217899Orig1s000AdminCorres.pdf,61,clinical_hold,217899,,Unreviewed strong-term hit
d54296c0b1601223242a36a6,https://www.accessdata.fda.gov/drugsatfda_docs/nda/2023/761322Orig1s000MultidisciplineR.pdf,23,may_proceed,761322,nonclinical-pkpd,Unreviewed strong-term hit
d54296c0b1601223242a36a6,https://www.accessdata.fda.gov/drugsatfda_docs/nda/2023/761322Orig1s000MultidisciplineR.pdf,59,investigator_brochure,761322,cmc-stability; clinical,Unreviewed strong-term hit
d556afca799c3037acfb5cc1,https://www.accessdata.fda.gov/drugsatfda_docs/nda/2023/217677Orig1s000AdminCorres.pdf,4,pre_ind,217677,cmc-controls,Unreviewed strong-term hit
d556afca799c3037acfb5cc1,https://www.accessdata.fda.gov/drugsatfda_docs/nda/2023/217677Orig1s000AdminCorres.pdf,28,clinical_hold,217677,nonclinical-pharmacology,Unreviewed strong-term hit
d556afca799c3037acfb5cc1,https://www.accessdata.fda.gov/drugsatfda_docs/nda/2023/217677Orig1s000AdminCorres.pdf,31,pre_ind,217677,clinical,Unreviewed strong-term hit
d556afca799c3037acfb5cc1,https://www.accessdata.fda.gov/drugsatfda_docs/nda/2023/217677Orig1s000AdminCorres.pdf,38,pre_ind,217677,nonclinical-safety; cmc-controls,Unreviewed strong-term hit
d556afca799c3037acfb5cc1,https://www.accessdata.fda.gov/drugsatfda_docs/nda/2023/217677Orig1s000AdminCorres.pdf,42,pre_ind,217677,,Unreviewed strong-term hit
d556afca799c3037acfb5cc1,https://www.accessdata.fda.gov/drugsatfda_docs/nda/2023/217677Orig1s000AdminCorres.pdf,43,pre_ind,217677,nonclinical-safety; nonclinical-package; clinical,Unreviewed strong-term hit
d556afca799c3037acfb5cc1,https://www.accessdata.fda.gov/drugsatfda_docs/nda/2023/217677Orig1s000AdminCorres.pdf,51,initial_ind; original_ind_review,217677,nonclinical-safety; clinical,Unreviewed strong-term hit
d556afca799c3037acfb5cc1,https://www.accessdata.fda.gov/drugsatfda_docs/nda/2023/217677Orig1s000AdminCorres.pdf,57,initial_ind,217677,clinical,Unreviewed strong-term hit
d5ccf8f942774c4969f77bab,https://www.accessdata.fda.gov/drugsatfda_docs/nda/2021/215596Orig1s000AdminCorres.pdf,16,clinical_hold,215596,nonclinical-pharmacology,Unreviewed strong-term hit
d5fa64d7538277a732362d97,https://www.accessdata.fda.gov/drugsatfda_docs/nda/2026/218879Orig1s000SumR.pdf,18,clinical_hold; pre_ind,218879,,Unreviewed strong-term hit
d62356a95a888180f4a38a28,https://www.accessdata.fda.gov/drugsatfda_docs/nda/2015/021977Orig1s037.pdf,178,ind_review,021977,,Unreviewed strong-term hit
d631d3e92548a77156d87d63,https://www.accessdata.fda.gov/drugsatfda_docs/nda/2022/214657Orig1s000ClinPharmR.pdf,2,pre_ind,214657,cmc-material,Unreviewed strong-term hit
d6368dbd6f8f8fa93959cec1,https://www.accessdata.fda.gov/drugsatfda_docs/nda/2022/215602Orig1s000SumR.pdf,3,pre_ind,215602,nonclinical-pkpd; nonclinical-package; cmc-material; clinical,Unreviewed strong-term hit
d6b361025aea4876d9ec77b0,https://www.accessdata.fda.gov/drugsatfda_docs/nda/2023/216718Orig1s000OtherR.pdf,62,investigator_brochure,216718,nonclinical-pkpd; nonclinical-safety,Unreviewed strong-term hit
d6baa6b99a1eadfb3cfa24fb,https://www.accessdata.fda.gov/drugsatfda_docs/nda/2025/215431Orig1s000StatR.pdf,10,pre_ind,215431,,Unreviewed strong-term hit
d6baa6b99a1eadfb3cfa24fb,https://www.accessdata.fda.gov/drugsatfda_docs/nda/2025/215431Orig1s000StatR.pdf,13,pre_ind,215431,,Unreviewed strong-term hit
d6edd842709a7255dc15262d,https://www.accessdata.fda.gov/drugsatfda_docs/nda/2025/761404Orig2s000MultidisciplineR.pdf,38,pre_ind,761404,,Unreviewed strong-term hit
d6edd842709a7255dc15262d,https://www.accessdata.fda.gov/drugsatfda_docs/nda/2025/761404Orig2s000MultidisciplineR.pdf,39,may_proceed,761404,,Unreviewed strong-term hit
d700e878e4a3615af2a22533,https://www.accessdata.fda.gov/drugsatfda_docs/nda/2022/213478Orig1s000MultidisciplineR.pdf,33,pre_ind,213478,nonclinical-pkpd,Unreviewed strong-term hit
d700e878e4a3615af2a22533,https://www.accessdata.fda.gov/drugsatfda_docs/nda/2022/213478Orig1s000MultidisciplineR.pdf,59,pre_ind,213478,,Unreviewed strong-term hit
d7774acf8baf515b521deb0e,https://www.accessdata.fda.gov/drugsatfda_docs/nda/2025/219616Orig1s000AdminCorres.pdf,64,clinical_hold,219616,,Unreviewed strong-term hit
d7774acf8baf515b521deb0e,https://www.accessdata.fda.gov/drugsatfda_docs/nda/2025/219616Orig1s000AdminCorres.pdf,72,pre_ind,219616,,Unreviewed strong-term hit
d7f69181c044ee0dbaa28cea,https://www.accessdata.fda.gov/drugsatfda_docs/nda/2020/761142Orig1s000AdminCorres.pdf,4,pre_ind,761142,,Unreviewed strong-term hit
d8096d3c51a0a769af44599a,https://www.accessdata.fda.gov/drugsatfda_docs/nda/2022/761215Orig1s000MultidisciplineR.pdf,19,pre_ind,761215,,Unreviewed strong-term hit
d86b2e7d0f59a5b5e1771257,https://www.accessdata.fda.gov/drugsatfda_docs/nda/2023/761309Orig1s000AdminCorres.pdf,9,investigator_brochure,761309,,Unreviewed strong-term hit
d8b032f1bdbd00ce58288b36,https://www.accessdata.fda.gov/drugsatfda_docs/nda/2021/214517Orig1s000MultidisciplineR.pdf,85,pre_ind,214517,clinical,Unreviewed strong-term hit
d91b2e1e360a595386f43a02,https://www.accessdata.fda.gov/drugsatfda_docs/nda/2020/213150Orig1s000MedR.pdf,17,initial_ind; original_ind_review; pre_ind,213150,nonclinical-pkpd; nonclinical-package; clinical,Unreviewed strong-term hit
d91e045fb87df6f7fd5d20db,https://www.accessdata.fda.gov/drugsatfda_docs/nda/2023/761309Orig1s000MultidisciplineR.pdf,36,clinical_hold,761309,clinical,Unreviewed strong-term hit
d999c77a925ea1133caa6c71,https://www.accessdata.fda.gov/drugsatfda_docs/nda/2022/022388Orig1s000StatR.pdf,7,pre_ind,022388,,Unreviewed strong-term hit
d9b6057ce484994f524d430b,https://www.accessdata.fda.gov/drugsatfda_docs/nda/2025/219792Orig1s000AdminCorres.pdf,45,clinical_hold,219792,,Unreviewed strong-term hit
da33fbd25d1d3a4f1e432a12,https://www.accessdata.fda.gov/drugsatfda_docs/nda/2023/217759Orig1s000OtherR.pdf,4,investigator_brochure,217759,nonclinical-pkpd,Unreviewed strong-term hit
da45bb62e7f794ecd33bc030,https://www.accessdata.fda.gov/drugsatfda_docs/nda/2026/217472Orig1s000AdminCorres.pdf,2,pre_ind,217472,cmc-material; cmc-controls; cmc-stability; clinical,Unreviewed strong-term hit
da6ecdd9f6f0e77c87f69c06,https://www.accessdata.fda.gov/drugsatfda_docs/nda/2024/215320Orig1s000PharmR.pdf,53,initial_ind; original_ind_review,215320,nonclinical-safety; cmc-material; cmc-controls; cmc-stability,Unreviewed strong-term hit
da993fe9c6f9f9135a288692,https://www.accessdata.fda.gov/drugsatfda_docs/nda/2020/213973Orig1s000AdminCorres.pdf,4,pre_ind,213973,nonclinical-pkpd; nonclinical-package; cmc-material,Unreviewed strong-term hit
da993fe9c6f9f9135a288692,https://www.accessdata.fda.gov/drugsatfda_docs/nda/2020/213973Orig1s000AdminCorres.pdf,5,clinical_hold; initial_ind,213973,nonclinical-safety; clinical,Unreviewed strong-term hit
da993fe9c6f9f9135a288692,https://www.accessdata.fda.gov/drugsatfda_docs/nda/2020/213973Orig1s000AdminCorres.pdf,25,investigator_brochure,213973,cmc-controls; clinical-dose,Unreviewed strong-term hit
da993fe9c6f9f9135a288692,https://www.accessdata.fda.gov/drugsatfda_docs/nda/2020/213973Orig1s000AdminCorres.pdf,51,investigator_brochure,213973,nonclinical-safety; cmc-controls; clinical-dose,Unreviewed strong-term hit
da993fe9c6f9f9135a288692,https://www.accessdata.fda.gov/drugsatfda_docs/nda/2020/213973Orig1s000AdminCorres.pdf,56,clinical_hold,213973,nonclinical-pharmacology,Unreviewed strong-term hit
da993fe9c6f9f9135a288692,https://www.accessdata.fda.gov/drugsatfda_docs/nda/2020/213973Orig1s000AdminCorres.pdf,66,pre_ind,213973,nonclinical-pkpd; nonclinical-package; cmc-material; cmc-controls,Unreviewed strong-term hit
dacb0010534ad8072b2c4067,https://www.accessdata.fda.gov/drugsatfda_docs/nda/2020/214200Orig1s000AdminCorres.pdf,11,investigator_brochure,214200,nonclinical-pkpd; nonclinical-safety; clinical,Unreviewed strong-term hit
dacb0010534ad8072b2c4067,https://www.accessdata.fda.gov/drugsatfda_docs/nda/2020/214200Orig1s000AdminCorres.pdf,19,clinical_hold,214200,nonclinical-pharmacology,Unreviewed strong-term hit
dba7651ada79f0d5d19b77e6,https://www.accessdata.fda.gov/drugsatfda_docs/nda/2026/761460Orig1s000AdminCorres.pdf,12,investigator_brochure,761460,nonclinical-safety; nonclinical-package; cmc-controls; cmc-stability,Unreviewed strong-term hit
dba7651ada79f0d5d19b77e6,https://www.accessdata.fda.gov/drugsatfda_docs/nda/2026/761460Orig1s000AdminCorres.pdf,24,clinical_hold,761460,nonclinical-pharmacology,Unreviewed strong-term hit
dbb21547f78a3e380af12d47,https://www.accessdata.fda.gov/drugsatfda_docs/nda/2021/212994Orig1s000MultidisciplineR.pdf,40,pre_ind,212994,nonclinical-package; cmc-material,Unreviewed strong-term hit
dc1aaa0027610763c464f3cc,"https://www.accessdata.fda.gov/drugsatfda_docs/nda/2022/215152Orig1s000,215153Orig1s000OtherR.pdf",81,investigator_brochure,215152; 215153,nonclinical-pkpd,Unreviewed strong-term hit
dc2879481d5e24b530a33c1c,https://www.accessdata.fda.gov/drugsatfda_docs/nda/2026/204370Orig1s009.pdf,215,investigator_brochure,204370,,Unreviewed strong-term hit
dc909eba8b4264415259d6eb,https://www.accessdata.fda.gov/drugsatfda_docs/nda/2026/761460Orig1s000OtherR.pdf,73,investigator_brochure,761460,nonclinical-pkpd; nonclinical-safety; clinical-dose,Unreviewed strong-term hit
dcae212b0e1cf9306ad8686b,https://www.accessdata.fda.gov/drugsatfda_docs/nda/2022/211950Orig1s000AdminCorres.pdf,2,pre_ind,211950,,Unreviewed strong-term hit
dcdf967b66ad0ae6fc6f62a0,https://www.accessdata.fda.gov/drugsatfda_docs/nda/2013/200603Orig1s010.pdf,87,pre_ind,200603,cmc-material; clinical,Unreviewed strong-term hit
dcdf967b66ad0ae6fc6f62a0,https://www.accessdata.fda.gov/drugsatfda_docs/nda/2013/200603Orig1s010.pdf,126,pre_ind,200603,,Unreviewed strong-term hit
dcdf967b66ad0ae6fc6f62a0,https://www.accessdata.fda.gov/drugsatfda_docs/nda/2013/200603Orig1s010.pdf,246,pre_ind,200603,nonclinical-pkpd; nonclinical-safety; nonclinical-package,Unreviewed strong-term hit
dcdf967b66ad0ae6fc6f62a0,https://www.accessdata.fda.gov/drugsatfda_docs/nda/2013/200603Orig1s010.pdf,249,pre_ind,200603,nonclinical-pkpd; nonclinical-safety,Unreviewed strong-term hit
dcdf967b66ad0ae6fc6f62a0,https://www.accessdata.fda.gov/drugsatfda_docs/nda/2013/200603Orig1s010.pdf,257,pre_ind,200603,nonclinical-safety; nonclinical-package; cmc-material; cmc-controls,Unreviewed strong-term hit
dcf2ed0c6e31a5b82fe05a88,https://www.accessdata.fda.gov/drugsatfda_docs/nda/2023/206968Orig1s000PharmR.pdf,90,pre_ind,206968,nonclinical-pkpd; nonclinical-safety; nonclinical-package; cmc-material; cmc-stability; clinical-dose,Unreviewed strong-term hit
dd3f7dc521d0fefba7cff48c,https://www.accessdata.fda.gov/drugsatfda_docs/nda/2025/761352Orig1s000MultidisciplineR.pdf,47,may_proceed; pre_ind,761352,,Unreviewed strong-term hit
dd3f7dc521d0fefba7cff48c,https://www.accessdata.fda.gov/drugsatfda_docs/nda/2025/761352Orig1s000MultidisciplineR.pdf,48,may_proceed; pre_ind,761352,clinical,Unreviewed strong-term hit
dd3f7dc521d0fefba7cff48c,https://www.accessdata.fda.gov/drugsatfda_docs/nda/2025/761352Orig1s000MultidisciplineR.pdf,49,pre_ind,761352,cmc-controls,Unreviewed strong-term hit
dd8b84c396bf9498b0f22eac,https://www.accessdata.fda.gov/drugsatfda_docs/nda/2021/213176Orig1Orig2s000AdminCorres.pdf,2,clinical_hold,213176,nonclinical-pharmacology,Unreviewed strong-term hit
dde2e20ab00e4578ade02b7e,https://www.accessdata.fda.gov/drugsatfda_docs/nda/2012/019599Orig1s011.pdf,28,pre_ind,019599,nonclinical-safety; cmc-material; cmc-controls; cmc-stability,Unreviewed strong-term hit
dde2e20ab00e4578ade02b7e,https://www.accessdata.fda.gov/drugsatfda_docs/nda/2012/019599Orig1s011.pdf,40,pre_ind,019599,cmc-material; cmc-controls,Unreviewed strong-term hit
dde2e20ab00e4578ade02b7e,https://www.accessdata.fda.gov/drugsatfda_docs/nda/2012/019599Orig1s011.pdf,67,pre_ind,019599,cmc-material,Unreviewed strong-term hit
dde2e20ab00e4578ade02b7e,https://www.accessdata.fda.gov/drugsatfda_docs/nda/2012/019599Orig1s011.pdf,68,pre_ind,019599,cmc-material,Unreviewed strong-term hit
dde2e20ab00e4578ade02b7e,https://www.accessdata.fda.gov/drugsatfda_docs/nda/2012/019599Orig1s011.pdf,74,pre_ind,019599,cmc-material; clinical,Unreviewed strong-term hit
dde2e20ab00e4578ade02b7e,https://www.accessdata.fda.gov/drugsatfda_docs/nda/2012/019599Orig1s011.pdf,75,pre_ind,019599,clinical,Unreviewed strong-term hit
dde2e20ab00e4578ade02b7e,https://www.accessdata.fda.gov/drugsatfda_docs/nda/2012/019599Orig1s011.pdf,76,pre_ind,019599,clinical,Unreviewed strong-term hit
dde2e20ab00e4578ade02b7e,https://www.accessdata.fda.gov/drugsatfda_docs/nda/2012/019599Orig1s011.pdf,79,pre_ind,019599,clinical,Unreviewed strong-term hit
dde2e20ab00e4578ade02b7e,https://www.accessdata.fda.gov/drugsatfda_docs/nda/2012/019599Orig1s011.pdf,105,pre_ind,019599,nonclinical-pkpd; nonclinical-safety; cmc-material,Unreviewed strong-term hit
dde2e20ab00e4578ade02b7e,https://www.accessdata.fda.gov/drugsatfda_docs/nda/2012/019599Orig1s011.pdf,127,pre_ind,019599,nonclinical-pkpd; cmc-material,Unreviewed strong-term hit
dde2e20ab00e4578ade02b7e,https://www.accessdata.fda.gov/drugsatfda_docs/nda/2012/019599Orig1s011.pdf,128,pre_ind,019599,nonclinical-pkpd,Unreviewed strong-term hit
dde2e20ab00e4578ade02b7e,https://www.accessdata.fda.gov/drugsatfda_docs/nda/2012/019599Orig1s011.pdf,192,pre_ind,019599,cmc-controls,Unreviewed strong-term hit
dde2e20ab00e4578ade02b7e,https://www.accessdata.fda.gov/drugsatfda_docs/nda/2012/019599Orig1s011.pdf,193,pre_ind,019599,,Unreviewed strong-term hit
dde2e20ab00e4578ade02b7e,https://www.accessdata.fda.gov/drugsatfda_docs/nda/2012/019599Orig1s011.pdf,194,pre_ind,019599,,Unreviewed strong-term hit
dde2e20ab00e4578ade02b7e,https://www.accessdata.fda.gov/drugsatfda_docs/nda/2012/019599Orig1s011.pdf,206,pre_ind,019599,,Unreviewed strong-term hit
de4308ef51eebfed67f703c4,https://www.accessdata.fda.gov/drugsatfda_docs/nda/2020/213756Orig1s000AdminCorres.pdf,5,pre_ind,213756,,Unreviewed strong-term hit
de4308ef51eebfed67f703c4,https://www.accessdata.fda.gov/drugsatfda_docs/nda/2020/213756Orig1s000AdminCorres.pdf,21,investigator_brochure,213756,nonclinical-pkpd; clinical,Unreviewed strong-term hit
de4308ef51eebfed67f703c4,https://www.accessdata.fda.gov/drugsatfda_docs/nda/2020/213756Orig1s000AdminCorres.pdf,28,clinical_hold,213756,nonclinical-pharmacology,Unreviewed strong-term hit
de4308ef51eebfed67f703c4,https://www.accessdata.fda.gov/drugsatfda_docs/nda/2020/213756Orig1s000AdminCorres.pdf,31,pre_ind,213756,,Unreviewed strong-term hit
de4308ef51eebfed67f703c4,https://www.accessdata.fda.gov/drugsatfda_docs/nda/2020/213756Orig1s000AdminCorres.pdf,32,pre_ind,213756,,Unreviewed strong-term hit
de4308ef51eebfed67f703c4,https://www.accessdata.fda.gov/drugsatfda_docs/nda/2020/213756Orig1s000AdminCorres.pdf,48,pre_ind,213756,,Unreviewed strong-term hit
de4308ef51eebfed67f703c4,https://www.accessdata.fda.gov/drugsatfda_docs/nda/2020/213756Orig1s000AdminCorres.pdf,59,pre_ind,213756,nonclinical-safety; nonclinical-package; clinical,Unreviewed strong-term hit
de723bbc923aeff15aaa416a,"https://www.accessdata.fda.gov/drugsatfda_docs/nda/2023/215973,215974Orig1s000IntegratedR.pdf",133,ind_review,215973; 215974,nonclinical-safety,Unreviewed strong-term hit
de723bbc923aeff15aaa416a,"https://www.accessdata.fda.gov/drugsatfda_docs/nda/2023/215973,215974Orig1s000IntegratedR.pdf",319,clinical_hold,215973; 215974,nonclinical-pkpd; cmc-material; cmc-controls; cmc-stability; clinical,Unreviewed strong-term hit
de723bbc923aeff15aaa416a,"https://www.accessdata.fda.gov/drugsatfda_docs/nda/2023/215973,215974Orig1s000IntegratedR.pdf",332,may_proceed; pre_ind,215973; 215974,nonclinical-pharmacology; nonclinical-package; cmc-material,Unreviewed strong-term hit
de86ea0c00a5cb603e4731b9,https://www.accessdata.fda.gov/drugsatfda_docs/nda/2022/214012Orig1s000PharmR.pdf,18,pre_ind,214012,nonclinical-pkpd; nonclinical-safety; nonclinical-package; cmc-material,Unreviewed strong-term hit
df6f280ab1f17f4b5fc6c003,https://www.accessdata.fda.gov/drugsatfda_docs/nda/2020/214103Orig1s000AdminCorres.pdf,18,investigator_brochure,214103,nonclinical-pkpd,Unreviewed strong-term hit
df6f280ab1f17f4b5fc6c003,https://www.accessdata.fda.gov/drugsatfda_docs/nda/2020/214103Orig1s000AdminCorres.pdf,27,clinical_hold,214103,nonclinical-pharmacology,Unreviewed strong-term hit
df99f1143d08a7989d82282b,https://www.accessdata.fda.gov/drugsatfda_docs/nda/2025/219042Orig1s000AdminCorres.pdf,5,may_proceed,219042,cmc-material; clinical; clinical-dose,Unreviewed strong-term hit
dff7688499a8887de66f9e70,https://www.accessdata.fda.gov/drugsatfda_docs/nda/2020/761149Orig1s000AdminCorres.pdf,36,clinical_hold,761149,nonclinical-pharmacology,Unreviewed strong-term hit
dffe3585756bedd79a7b47f6,https://www.accessdata.fda.gov/drugsatfda_docs/nda/2023/205394Orig1s000CrossR.pdf,11,pre_ind,205394,,Unreviewed strong-term hit
e0267de59bcc6f20fe5dc461,https://www.accessdata.fda.gov/drugsatfda_docs/nda/2021/214665Orig1s000MultidisciplineR.pdf,35,may_proceed,214665,nonclinical-pkpd,Unreviewed strong-term hit
e0267de59bcc6f20fe5dc461,https://www.accessdata.fda.gov/drugsatfda_docs/nda/2021/214665Orig1s000MultidisciplineR.pdf,36,may_proceed,214665,cmc-material; cmc-controls,Unreviewed strong-term hit
e0267de59bcc6f20fe5dc461,https://www.accessdata.fda.gov/drugsatfda_docs/nda/2021/214665Orig1s000MultidisciplineR.pdf,45,initial_ind; original_ind_review,214665,nonclinical-pharmacology; nonclinical-pkpd; nonclinical-safety,Unreviewed strong-term hit
e0267de59bcc6f20fe5dc461,https://www.accessdata.fda.gov/drugsatfda_docs/nda/2021/214665Orig1s000MultidisciplineR.pdf,89,investigator_brochure,214665,nonclinical-pkpd,Unreviewed strong-term hit
e0267de59bcc6f20fe5dc461,https://www.accessdata.fda.gov/drugsatfda_docs/nda/2021/214665Orig1s000MultidisciplineR.pdf,223,investigator_brochure,214665,,Unreviewed strong-term hit
e04384c63e1d6e9a515c7f78,https://www.accessdata.fda.gov/drugsatfda_docs/nda/2026/219423Orig1s000AdminCorres.pdf,24,may_proceed,219423,nonclinical-pkpd,Unreviewed strong-term hit
e06ca10bbf53412ef5d30d4e,https://www.accessdata.fda.gov/drugsatfda_docs/nda/2024/217927Orig1s000MultidisciplineR.pdf,13,pre_ind,217927,nonclinical-safety; cmc-material; cmc-controls,Unreviewed strong-term hit
e06ca10bbf53412ef5d30d4e,https://www.accessdata.fda.gov/drugsatfda_docs/nda/2024/217927Orig1s000MultidisciplineR.pdf,15,pre_ind,217927,,Unreviewed strong-term hit
e06ca10bbf53412ef5d30d4e,https://www.accessdata.fda.gov/drugsatfda_docs/nda/2024/217927Orig1s000MultidisciplineR.pdf,69,pre_ind,217927,nonclinical-pharmacology; nonclinical-pkpd; clinical,Unreviewed strong-term hit
e06fda50420402a424a617b9,https://www.accessdata.fda.gov/drugsatfda_docs/nda/2024/215040Orig1s000MultidisciplineR.pdf,17,pre_ind,215040,cmc-controls,Unreviewed strong-term hit
e06fda50420402a424a617b9,https://www.accessdata.fda.gov/drugsatfda_docs/nda/2024/215040Orig1s000MultidisciplineR.pdf,87,pre_ind,215040,clinical,Unreviewed strong-term hit
e07337b585808cab5b1a5de5,https://www.accessdata.fda.gov/drugsatfda_docs/nda/2024/761369Orig1s000IntegratedR.pdf,102,may_proceed; pre_ind,761369,cmc-material,Unreviewed strong-term hit
e0818302b0b91ae31efda976,https://www.accessdata.fda.gov/drugsatfda_docs/nda/2020/214278Orig1s000MultidisciplineR.pdf,16,pre_ind,214278,nonclinical-pkpd,Unreviewed strong-term hit
e0a302cdaf9865f5a5ac1d55,https://www.accessdata.fda.gov/drugsatfda_docs/nda/2025/219947Orig1s000AdminCorres.pdf,33,clinical_hold,219947,nonclinical-pharmacology,Unreviewed strong-term hit
e0dbe964c8e4ad41797bd9a8,https://www.accessdata.fda.gov/drugsatfda_docs/nda/2019/125514Orig1s014.pdf,360,investigator_brochure,125514,clinical,Unreviewed strong-term hit
e15480d8c7ba42fc3ecb5e06,https://www.accessdata.fda.gov/drugsatfda_docs/nda/2024/216540Orig1s000IntegratedR.pdf,120,may_proceed,216540,cmc-controls,Unreviewed strong-term hit
e182b61066d391757487c89e,https://www.accessdata.fda.gov/drugsatfda_docs/nda/2020/761171Orig1s000MultidisciplineR.pdf,35,clinical_hold; pre_ind,761171,nonclinical-pkpd; nonclinical-package; cmc-material; cmc-controls,Unreviewed strong-term hit
e182b61066d391757487c89e,https://www.accessdata.fda.gov/drugsatfda_docs/nda/2020/761171Orig1s000MultidisciplineR.pdf,36,clinical_hold,761171,clinical,Unreviewed strong-term hit
e182b61066d391757487c89e,https://www.accessdata.fda.gov/drugsatfda_docs/nda/2020/761171Orig1s000MultidisciplineR.pdf,85,pre_ind,761171,,Unreviewed strong-term hit
e182b61066d391757487c89e,https://www.accessdata.fda.gov/drugsatfda_docs/nda/2020/761171Orig1s000MultidisciplineR.pdf,86,pre_ind,761171,,Unreviewed strong-term hit
e191e9095d0d1698cdf1fc5b,https://www.accessdata.fda.gov/drugsatfda_docs/nda/2022/215985Orig1s000MultidisciplineR.pdf,29,pre_ind,215985,clinical,Unreviewed strong-term hit
e1b59bf3d6bb3dba6cde686d,https://www.accessdata.fda.gov/drugsatfda_docs/nda/2022/216660Orig1s000SumR.pdf,13,pre_ind,216660,,Unreviewed strong-term hit
e27b0f7a88226d4d772b01b7,https://www.accessdata.fda.gov/drugsatfda_docs/nda/2025/212782Orig1s000PharmR.pdf,10,pre_ind,212782,cmc-material; cmc-controls,Unreviewed strong-term hit
e283113e619c043a99f9496a,https://www.accessdata.fda.gov/drugsatfda_docs/nda/2025/761338Orig1Orig2s000MultidisciplineR.pdf,23,pre_ind,761338,cmc-material; cmc-stability; clinical,Unreviewed strong-term hit
e2ace2ab28b23784b6bafce2,https://www.accessdata.fda.gov/drugsatfda_docs/nda/2023/761328Orig1s000IntegratedR.pdf,42,initial_ind; original_ind_review,761328,,Unreviewed strong-term hit
e2ace2ab28b23784b6bafce2,https://www.accessdata.fda.gov/drugsatfda_docs/nda/2023/761328Orig1s000IntegratedR.pdf,152,initial_ind; may_proceed; original_ind_review,761328,nonclinical-safety,Unreviewed strong-term hit
e2ddd24a9ab575b364c954ed,https://www.accessdata.fda.gov/drugsatfda_docs/nda/2023/216227Orig1s000MedR.pdf,6,investigator_brochure,216227,nonclinical-package,Unreviewed strong-term hit
e306e0dc161c33be912b077b,https://www.accessdata.fda.gov/drugsatfda_docs/nda/2024/761248Orig1s000MedR.pdf,370,pre_ind,761248,clinical,Unreviewed strong-term hit
e37ffb9ce5919df30646f1ef,https://www.accessdata.fda.gov/drugsatfda_docs/nda/2020/213433Orig1s000MultidisciplineR.pdf,32,may_proceed,213433,,Unreviewed strong-term hit
e392b4d7b399e59e58e3ee24,https://www.accessdata.fda.gov/drugsatfda_docs/nda/2024/761248Orig1s000SumR.pdf,95,initial_ind,761248,cmc-controls,Unreviewed strong-term hit
e3d781e96e1417b1e269218d,https://www.accessdata.fda.gov/drugsatfda_docs/nda/2026/218571Orig1s000IntegratedR.pdf,102,may_proceed; pre_ind,218571,nonclinical-pkpd; cmc-material,Unreviewed strong-term hit
e3edd4556796beeb2f625102,https://www.accessdata.fda.gov/drugsatfda_docs/nda/2025/761378Orig1s000MultidisciplineR.pdf,178,pre_ind,761378,,Unreviewed strong-term hit
e3edd4556796beeb2f625102,https://www.accessdata.fda.gov/drugsatfda_docs/nda/2025/761378Orig1s000MultidisciplineR.pdf,182,pre_ind,761378,nonclinical-pharmacology,Unreviewed strong-term hit
e3edd4556796beeb2f625102,https://www.accessdata.fda.gov/drugsatfda_docs/nda/2025/761378Orig1s000MultidisciplineR.pdf,207,pre_ind,761378,nonclinical-pkpd,Unreviewed strong-term hit
e47fbe44e926a534b3f96bba,https://www.accessdata.fda.gov/drugsatfda_docs/nda/2021/214938Orig1s000OtherR.pdf,41,investigator_brochure,214938,,Unreviewed strong-term hit
e49b9a34ddcf5e4d9615cd81,https://www.accessdata.fda.gov/drugsatfda_docs/nda/2026/761439Orig2s000OtherR.pdf,56,pre_ind,761439,cmc-controls,Unreviewed strong-term hit
e49cf07fac149ccd462364fe,https://www.accessdata.fda.gov/drugsatfda_docs/nda/2020/761049Orig1s009.pdf,77,pre_ind,761049,,Unreviewed strong-term hit
e4b1086337b3413aacfb7fd4,https://www.accessdata.fda.gov/drugsatfda_docs/nda/2023/216675Orig1s000MedR.pdf,12,pre_ind,216675,,Unreviewed strong-term hit
e4e5ea81b03bde09e028a747,https://www.accessdata.fda.gov/drugsatfda_docs/nda/2025/761315Orig1s000IntegratedR.pdf,69,clinical_hold,761315,nonclinical-pkpd; clinical,Unreviewed strong-term hit
e4e5ea81b03bde09e028a747,https://www.accessdata.fda.gov/drugsatfda_docs/nda/2025/761315Orig1s000IntegratedR.pdf,94,clinical_hold,761315,nonclinical-pkpd,Unreviewed strong-term hit
e4e5ea81b03bde09e028a747,https://www.accessdata.fda.gov/drugsatfda_docs/nda/2025/761315Orig1s000IntegratedR.pdf,174,clinical_hold,761315,nonclinical-pkpd; clinical,Unreviewed strong-term hit
e4e5ea81b03bde09e028a747,https://www.accessdata.fda.gov/drugsatfda_docs/nda/2025/761315Orig1s000IntegratedR.pdf,178,clinical_hold,761315,,Unreviewed strong-term hit
e4e5ea81b03bde09e028a747,https://www.accessdata.fda.gov/drugsatfda_docs/nda/2025/761315Orig1s000IntegratedR.pdf,190,may_proceed; pre_ind,761315,clinical,Unreviewed strong-term hit
e4e5ea81b03bde09e028a747,https://www.accessdata.fda.gov/drugsatfda_docs/nda/2025/761315Orig1s000IntegratedR.pdf,191,clinical_hold,761315,cmc-controls; clinical,Unreviewed strong-term hit
e4eefc61192bb38797086565,https://www.accessdata.fda.gov/drugsatfda_docs/nda/2025/761367Orig1s000IntegratedR.pdf,106,may_proceed,761367,cmc-material; cmc-stability,Unreviewed strong-term hit
e528e2cbc481ae8bc21fdd25,https://www.accessdata.fda.gov/drugsatfda_docs/nda/2020/213006Orig1s000MedR.pdf,27,initial_ind; original_ind_review,213006,,Unreviewed strong-term hit
e5311165333a1605254750bf,https://www.accessdata.fda.gov/drugsatfda_docs/nda/2024/761388Orig1s000IntegratedR.pdf,170,may_proceed,761388,nonclinical-safety,Unreviewed strong-term hit
e59a62bb2a7849973011d912,https://www.accessdata.fda.gov/drugsatfda_docs/nda/2021/761178Orig1s000PharmR.pdf,12,pre_ind,761178,nonclinical-safety; nonclinical-package; cmc-material; cmc-controls,Unreviewed strong-term hit
e5aa681293f9ee02721b3b47,https://www.accessdata.fda.gov/drugsatfda_docs/nda/2023/761204Orig1s000AdminCorres.pdf,52,clinical_hold,761204,nonclinical-pharmacology,Unreviewed strong-term hit
e5aa681293f9ee02721b3b47,https://www.accessdata.fda.gov/drugsatfda_docs/nda/2023/761204Orig1s000AdminCorres.pdf,58,may_proceed; pre_ind,761204,cmc-material; cmc-controls,Unreviewed strong-term hit
e5be73b8379488cc532b91fe,https://www.accessdata.fda.gov/drugsatfda_docs/nda/2025/218590Orig1s000MedR.pdf,28,pre_ind,218590,nonclinical-pkpd; cmc-controls; cmc-stability,Unreviewed strong-term hit
e635dfd5a52bf7b2ca0b9eda,https://www.accessdata.fda.gov/drugsatfda_docs/nda/2022/761127Orig1s000AdminCorres.pdf,4,may_proceed; pre_ind,761127,clinical-dose,Unreviewed strong-term hit
e66d695f9eafdca9f8a87729,https://www.accessdata.fda.gov/drugsatfda_docs/nda/2023/761324Orig1s000OtherR.pdf,40,pre_ind,761324,nonclinical-pkpd; nonclinical-safety; clinical; clinical-dose,Unreviewed strong-term hit
e67ff190abffbb320223fb8c,https://www.accessdata.fda.gov/drugsatfda_docs/nda/2023/216386Orig1s000OtherR.pdf,60,investigator_brochure,216386,nonclinical-pkpd,Unreviewed strong-term hit
e6902ee357fbc6b4c7d64ce4,https://www.accessdata.fda.gov/drugsatfda_docs/nda/2025/219304Orig1s000AdminCorres.pdf,4,may_proceed,219304,nonclinical-safety; cmc-material; cmc-controls,Unreviewed strong-term hit
e6baf7c97c0a84273bfdf8e9,https://www.accessdata.fda.gov/drugsatfda_docs/nda/2021/761177Orig1s000MedR.pdf,27,may_proceed; pre_ind,761177,nonclinical-pkpd; cmc-material,Unreviewed strong-term hit
e71b660faac3318902e29d3d,https://www.accessdata.fda.gov/drugsatfda_docs/nda/2020/213591Orig1s000AdminCorres.pdf,2,clinical_hold,213591,nonclinical-pharmacology,Unreviewed strong-term hit
e71b660faac3318902e29d3d,https://www.accessdata.fda.gov/drugsatfda_docs/nda/2020/213591Orig1s000AdminCorres.pdf,15,pre_ind,213591,nonclinical-pkpd; clinical-dose,Unreviewed strong-term hit
e71b660faac3318902e29d3d,https://www.accessdata.fda.gov/drugsatfda_docs/nda/2020/213591Orig1s000AdminCorres.pdf,29,pre_ind,213591,nonclinical-pkpd,Unreviewed strong-term hit
e71b660faac3318902e29d3d,https://www.accessdata.fda.gov/drugsatfda_docs/nda/2020/213591Orig1s000AdminCorres.pdf,31,investigator_brochure,213591,nonclinical-pkpd; nonclinical-safety; clinical,Unreviewed strong-term hit
e71b660faac3318902e29d3d,https://www.accessdata.fda.gov/drugsatfda_docs/nda/2020/213591Orig1s000AdminCorres.pdf,42,may_proceed; pre_ind,213591,,Unreviewed strong-term hit
e76d77b705735bdb17492cbc,https://www.accessdata.fda.gov/drugsatfda_docs/nda/2022/215422Orig1s000SumR.pdf,3,pre_ind,215422,nonclinical-pkpd; cmc-material; cmc-stability; clinical,Unreviewed strong-term hit
e7952057eab1b0e2d93f6040,https://www.accessdata.fda.gov/drugsatfda_docs/nda/2020/213736Orig1s000MultidisciplineR.pdf,28,initial_ind,213736,clinical,Unreviewed strong-term hit
e804a759856340c1dd55bc3d,https://www.accessdata.fda.gov/drugsatfda_docs/nda/2021/761201Orig1s000MultidisciplineR.pdf,24,pre_ind,761201,,Unreviewed strong-term hit
e804a759856340c1dd55bc3d,https://www.accessdata.fda.gov/drugsatfda_docs/nda/2021/761201Orig1s000MultidisciplineR.pdf,25,pre_ind,761201,nonclinical-pkpd; cmc-controls,Unreviewed strong-term hit
e826ad751013739e2dde17ea,https://www.accessdata.fda.gov/drugsatfda_docs/nda/2025/208558Orig1s025.pdf,101,ind_review,208558,clinical,Unreviewed strong-term hit
e82e1756af7e67d2b35f5434,"https://www.accessdata.fda.gov/drugsatfda_docs/nda/2024/218591Orig1s000,207620Orig1s025MedR.pdf",9,investigator_brochure,207620; 218591,clinical,Unreviewed strong-term hit
e82e1756af7e67d2b35f5434,"https://www.accessdata.fda.gov/drugsatfda_docs/nda/2024/218591Orig1s000,207620Orig1s025MedR.pdf",45,investigator_brochure,207620; 218591,clinical; clinical-dose,Unreviewed strong-term hit
e82e1756af7e67d2b35f5434,"https://www.accessdata.fda.gov/drugsatfda_docs/nda/2024/218591Orig1s000,207620Orig1s025MedR.pdf",69,investigator_brochure,207620; 218591,clinical,Unreviewed strong-term hit
e8417ff0852343fe5a7dc8bb,https://www.accessdata.fda.gov/drugsatfda_docs/nda/2025/761381Orig1s000MultidisciplineR.pdf,183,investigator_brochure,761381,nonclinical-pkpd; cmc-material; cmc-stability; clinical-dose,Unreviewed strong-term hit
e8417ff0852343fe5a7dc8bb,https://www.accessdata.fda.gov/drugsatfda_docs/nda/2025/761381Orig1s000MultidisciplineR.pdf,207,investigator_brochure,761381,nonclinical-pkpd; cmc-material; cmc-stability; clinical-dose,Unreviewed strong-term hit
e87f174addecc25a6af18575,https://www.accessdata.fda.gov/drugsatfda_docs/nda/2026/761439Orig1s000OtherR.pdf,56,pre_ind,761439,cmc-controls,Unreviewed strong-term hit
e8be4199e9ec60dc6b15c8ce,"https://www.accessdata.fda.gov/drugsatfda_docs/nda/2025/761467Orig1,Orig2s000MultidisciplineR.pdf",32,pre_ind,761467,nonclinical-package; clinical,Unreviewed strong-term hit
e8be4199e9ec60dc6b15c8ce,"https://www.accessdata.fda.gov/drugsatfda_docs/nda/2025/761467Orig1,Orig2s000MultidisciplineR.pdf",33,pre_ind,761467,cmc-material,Unreviewed strong-term hit
e8cbaf6f021e5af70afcbcf5,https://www.accessdata.fda.gov/drugsatfda_docs/nda/2026/761211Orig1s000IntegratedR.pdf,192,pre_ind,761211,nonclinical-pkpd; nonclinical-safety,Unreviewed strong-term hit
e8cbaf6f021e5af70afcbcf5,https://www.accessdata.fda.gov/drugsatfda_docs/nda/2026/761211Orig1s000IntegratedR.pdf,436,ind_review,761211,nonclinical-safety,Unreviewed strong-term hit
e8cbaf6f021e5af70afcbcf5,https://www.accessdata.fda.gov/drugsatfda_docs/nda/2026/761211Orig1s000IntegratedR.pdf,467,ind_review,761211,nonclinical-safety,Unreviewed strong-term hit
e8cbaf6f021e5af70afcbcf5,https://www.accessdata.fda.gov/drugsatfda_docs/nda/2026/761211Orig1s000IntegratedR.pdf,509,ind_review,761211,nonclinical-pkpd; nonclinical-safety,Unreviewed strong-term hit
e8cbaf6f021e5af70afcbcf5,https://www.accessdata.fda.gov/drugsatfda_docs/nda/2026/761211Orig1s000IntegratedR.pdf,524,ind_review,761211,nonclinical-safety,Unreviewed strong-term hit
e8d002487fea0cc2bb5eed46,https://www.accessdata.fda.gov/drugsatfda_docs/nda/2026/215793Orig1s000MultidisciplineR.pdf,23,pre_ind,215793,,Unreviewed strong-term hit
e944ffb5049c6c42cf534e19,https://www.accessdata.fda.gov/drugsatfda_docs/nda/2026/219474Orig1s000OtherR.pdf,78,investigator_brochure,219474,nonclinical-pkpd; clinical,Unreviewed strong-term hit
e960e5959357295f71c0d442,https://www.accessdata.fda.gov/drugsatfda_docs/nda/2024/761416Orig1s000ChemR.pdf,2,ind_review,761416,cmc-material; cmc-stability,Unreviewed strong-term hit
e960e5959357295f71c0d442,https://www.accessdata.fda.gov/drugsatfda_docs/nda/2024/761416Orig1s000ChemR.pdf,33,ind_review,761416,cmc-material,Unreviewed strong-term hit
e9c63ea7f8ff5baf56d1a78a,https://www.accessdata.fda.gov/drugsatfda_docs/nda/2022/761228Orig1s000AdminCorres.pdf,4,initial_ind; may_proceed; original_ind_review,761228,,Unreviewed strong-term hit
e9c63ea7f8ff5baf56d1a78a,https://www.accessdata.fda.gov/drugsatfda_docs/nda/2022/761228Orig1s000AdminCorres.pdf,39,clinical_hold,761228,nonclinical-pharmacology,Unreviewed strong-term hit
e9ea3a722cd430428e49cfe3,https://www.accessdata.fda.gov/drugsatfda_docs/nda/2022/215712Orig1s000IntegratedR.pdf,51,pre_ind,215712,cmc-controls; cmc-stability,Unreviewed strong-term hit
ea07c990153c47734cbde5a3,https://www.accessdata.fda.gov/drugsatfda_docs/nda/2024/218860Orig1s000OtherR.pdf,37,investigator_brochure,218860,clinical,Unreviewed strong-term hit
ea17dfaaeffddccf1722ca21,https://www.accessdata.fda.gov/drugsatfda_docs/nda/2021/213716Orig1s000AdminCorres.pdf,24,pre_ind,213716,nonclinical-package; clinical,Unreviewed strong-term hit
ea358bbce5ca383f721c2f60,https://www.accessdata.fda.gov/drugsatfda_docs/nda/2021/210933Orig1s000MedR.pdf,13,pre_ind,210933,,Unreviewed strong-term hit
ea358bbce5ca383f721c2f60,https://www.accessdata.fda.gov/drugsatfda_docs/nda/2021/210933Orig1s000MedR.pdf,93,pre_ind,210933,,Unreviewed strong-term hit
ea64b3d8be71b873cbd32eb3,https://www.accessdata.fda.gov/drugsatfda_docs/nda/2021/210864Orig1s000ClinPharmR.pdf,16,pre_ind,210864,nonclinical-pharmacology; nonclinical-pkpd; nonclinical-safety,Unreviewed strong-term hit
eb1cd2d02e1b38ff2c5562a6,https://www.accessdata.fda.gov/drugsatfda_docs/nda/2020/213246Orig1s000MultidisciplineR.pdf,66,initial_ind; original_ind_review,213246,nonclinical-pharmacology; nonclinical-pkpd; nonclinical-safety,Unreviewed strong-term hit
eb1cd2d02e1b38ff2c5562a6,https://www.accessdata.fda.gov/drugsatfda_docs/nda/2020/213246Orig1s000MultidisciplineR.pdf,75,initial_ind; original_ind_review,213246,nonclinical-pkpd; nonclinical-safety; nonclinical-package,Unreviewed strong-term hit
eb1cd2d02e1b38ff2c5562a6,https://www.accessdata.fda.gov/drugsatfda_docs/nda/2020/213246Orig1s000MultidisciplineR.pdf,88,initial_ind; original_ind_review,213246,nonclinical-pkpd; nonclinical-safety; nonclinical-package,Unreviewed strong-term hit
eb1cd2d02e1b38ff2c5562a6,https://www.accessdata.fda.gov/drugsatfda_docs/nda/2020/213246Orig1s000MultidisciplineR.pdf,172,ind_review,213246,nonclinical-pharmacology; cmc-material; clinical; clinical-dose,Unreviewed strong-term hit
eb1cd2d02e1b38ff2c5562a6,https://www.accessdata.fda.gov/drugsatfda_docs/nda/2020/213246Orig1s000MultidisciplineR.pdf,175,investigator_brochure,213246,nonclinical-safety; clinical,Unreviewed strong-term hit
eb1cd2d02e1b38ff2c5562a6,https://www.accessdata.fda.gov/drugsatfda_docs/nda/2020/213246Orig1s000MultidisciplineR.pdf,265,investigator_brochure,213246,nonclinical-safety,Unreviewed strong-term hit
eb943c7364b3c21a9d49ac41,https://www.accessdata.fda.gov/drugsatfda_docs/nda/2021/214044Orig1s000ClinPharmR.pdf,25,ind_review,214044,nonclinical-pkpd; cmc-controls; clinical,Unreviewed strong-term hit
ebe9cf2873929efe557264ef,https://www.accessdata.fda.gov/drugsatfda_docs/nda/2023/215239Orig1s000IntegratedR.pdf,116,clinical_hold; initial_ind; pre_ind,215239,nonclinical-safety; cmc-material; cmc-controls,Unreviewed strong-term hit
ec6b9f4cd950e8d2803ee913,https://www.accessdata.fda.gov/drugsatfda_docs/nda/2023/208088Orig1s000CrossR.pdf,43,initial_ind; pre_ind,208088,nonclinical-package; cmc-material; cmc-controls,Unreviewed strong-term hit
ec9c631c6af7745fcc31e061,https://www.accessdata.fda.gov/drugsatfda_docs/nda/2024/125326Orig1s070.pdf,116,initial_ind,125326,,Unreviewed strong-term hit
ecf692520cd47ab0d2535a98,https://www.accessdata.fda.gov/drugsatfda_docs/nda/2025/219666Orig1s000AdminCorres.pdf,5,clinical_hold; pre_ind,219666,cmc-material,Unreviewed strong-term hit
ed1f6ad4ea2908a39eb9d0ed,https://www.accessdata.fda.gov/drugsatfda_docs/nda/2025/219713Orig1s000AdminCorres.pdf,48,clinical_hold,219713,nonclinical-pharmacology,Unreviewed strong-term hit
ed6744a85cda3943ce2005ad,https://www.accessdata.fda.gov/drugsatfda_docs/nda/2023/216318Orig1s000MultidisciplineR.pdf,23,may_proceed; pre_ind,216318,cmc-material,Unreviewed strong-term hit
ed6744a85cda3943ce2005ad,https://www.accessdata.fda.gov/drugsatfda_docs/nda/2023/216318Orig1s000MultidisciplineR.pdf,40,initial_ind,216318,cmc-material,Unreviewed strong-term hit
ed94409f74f11dd63ce74833,https://www.accessdata.fda.gov/drugsatfda_docs/nda/2023/217603Orig1s000AdminCorres.pdf,11,pre_ind,217603,nonclinical-safety; cmc-material,Unreviewed strong-term hit
ed94409f74f11dd63ce74833,https://www.accessdata.fda.gov/drugsatfda_docs/nda/2023/217603Orig1s000AdminCorres.pdf,12,pre_ind,217603,nonclinical-pkpd; nonclinical-safety; nonclinical-package,Unreviewed strong-term hit
edab60c82e4b535a8e16e9ab,https://www.accessdata.fda.gov/drugsatfda_docs/nda/2026/761377Orig1s000MultidisciplineR.pdf,151,pre_ind,761377,nonclinical-pkpd; clinical,Unreviewed strong-term hit
ee15c9b8c3f9a04ca8ebe37d,https://www.accessdata.fda.gov/drugsatfda_docs/nda/2025/761315Orig1s000AdminCorres.pdf,44,clinical_hold,761315,nonclinical-pharmacology,Unreviewed strong-term hit
ee2f02ab4b2bc3107f6382af,https://www.accessdata.fda.gov/drugsatfda_docs/nda/2023/216203Orig1s000OtherR.pdf,5,may_proceed,216203,,Unreviewed strong-term hit
ee76a81aa4bb3e186bb0e027,https://www.accessdata.fda.gov/drugsatfda_docs/nda/2026/219423Orig1s000MultidisciplineR.pdf,22,may_proceed,219423,clinical-dose,Unreviewed strong-term hit
ee76a81aa4bb3e186bb0e027,https://www.accessdata.fda.gov/drugsatfda_docs/nda/2026/219423Orig1s000MultidisciplineR.pdf,23,initial_ind; pre_ind,219423,,Unreviewed strong-term hit
eecff40118f42b2b4f637dc1,https://www.accessdata.fda.gov/drugsatfda_docs/nda/2020/214094Orig1s000AdminCorres.pdf,18,investigator_brochure,214094,nonclinical-pkpd; clinical,Unreviewed strong-term hit
ef0a7c8b329e1bc07dda7aa5,https://www.accessdata.fda.gov/drugsatfda_docs/nda/2021/204629Orig1s001.pdf,89,initial_ind,204629,,Unreviewed strong-term hit
ef2974a9fe5c059096a3d828,https://www.accessdata.fda.gov/drugsatfda_docs/nda/2024/216165Orig1s000AdminCorres.pdf,14,investigator_brochure,216165,nonclinical-safety; nonclinical-package; cmc-controls,Unreviewed strong-term hit
ef3a3bdbc14f49716d2e8952,https://www.accessdata.fda.gov/drugsatfda_docs/nda/2022/215499Orig1s000IntegratedR.pdf,128,may_proceed,215499,nonclinical-pkpd; nonclinical-package; cmc-material,Unreviewed strong-term hit
ef3a3bdbc14f49716d2e8952,https://www.accessdata.fda.gov/drugsatfda_docs/nda/2022/215499Orig1s000IntegratedR.pdf,158,investigator_brochure,215499,cmc-controls,Unreviewed strong-term hit
ef51d4ebf0bb14097c48246b,https://www.accessdata.fda.gov/drugsatfda_docs/nda/2022/215422Orig1s000MedR.pdf,13,may_proceed,215422,nonclinical-pkpd; cmc-material,Unreviewed strong-term hit
ef573cae33b6a82b4f891050,https://www.accessdata.fda.gov/drugsatfda_docs/nda/2014/021008Orig1s028.pdf,154,pre_ind,021008,nonclinical-pkpd,Unreviewed strong-term hit
ef593c297d607a17116835b7,https://www.accessdata.fda.gov/drugsatfda_docs/nda/2021/213072Orig1s000MedR.pdf,11,pre_ind,213072,cmc-material,Unreviewed strong-term hit
efb6dea70602c0964559110b,https://www.accessdata.fda.gov/drugsatfda_docs/nda/2024/216165Orig1s000IntegratedR.pdf,76,pre_ind,216165,nonclinical-pkpd; cmc-controls,Unreviewed strong-term hit
efd93508026ac8267662d72c,https://www.accessdata.fda.gov/drugsatfda_docs/nda/2024/215430Orig1s000AdminCorres.pdf,10,pre_ind,215430,nonclinical-safety; nonclinical-package,Unreviewed strong-term hit
efd93508026ac8267662d72c,https://www.accessdata.fda.gov/drugsatfda_docs/nda/2024/215430Orig1s000AdminCorres.pdf,24,may_proceed,215430,nonclinical-safety; cmc-material; cmc-controls; cmc-stability,Unreviewed strong-term hit
efd93508026ac8267662d72c,https://www.accessdata.fda.gov/drugsatfda_docs/nda/2024/215430Orig1s000AdminCorres.pdf,25,pre_ind,215430,nonclinical-safety; nonclinical-package,Unreviewed strong-term hit
efdcbaea2855a4fd3fd4b101,https://www.accessdata.fda.gov/drugsatfda_docs/nda/2024/761225Orig1s000MultidisciplineR.pdf,33,clinical_hold; pre_ind,761225,,Unreviewed strong-term hit
efe98f5ee2bdb10840cdd331,https://www.accessdata.fda.gov/drugsatfda_docs/nda/2025/216190Orig1s000MedR.pdf,13,pre_ind,216190,cmc-material; cmc-controls,Unreviewed strong-term hit
f03753566cb9c6e25bfeebac,https://www.accessdata.fda.gov/drugsatfda_docs/nda/2023/216951Orig1s000AdminCorres.pdf,49,may_proceed,216951,clinical-dose,Unreviewed strong-term hit
f0d629cfbdfe23f7d5cd249b,https://www.accessdata.fda.gov/drugsatfda_docs/nda/2023/761263Orig1s000AdminCorres.pdf,31,clinical_hold,761263,nonclinical-pharmacology,Unreviewed strong-term hit
f0e2de5ff7206f9979197535,https://www.accessdata.fda.gov/drugsatfda_docs/nda/2025/219876Orig1s000AdminCorres.pdf,5,may_proceed,219876,clinical,Unreviewed strong-term hit
f0ee3a5aa20d83518eaedd32,https://www.accessdata.fda.gov/drugsatfda_docs/nda/2021/761143Orig1s000PharmR.pdf,25,investigator_brochure,761143,nonclinical-pharmacology,Unreviewed strong-term hit
f0ee3a5aa20d83518eaedd32,https://www.accessdata.fda.gov/drugsatfda_docs/nda/2021/761143Orig1s000PharmR.pdf,37,initial_ind,761143,cmc-material; cmc-stability,Unreviewed strong-term hit
f1055e824da10840c3405c3a,https://www.accessdata.fda.gov/drugsatfda_docs/nda/2024/761133Orig1s000AdminCorres.pdf,62,investigator_brochure,761133,cmc-material,Unreviewed strong-term hit
f1055e824da10840c3405c3a,https://www.accessdata.fda.gov/drugsatfda_docs/nda/2024/761133Orig1s000AdminCorres.pdf,74,investigator_brochure,761133,cmc-material,Unreviewed strong-term hit
f138cddea6312b67d6948f45,https://www.accessdata.fda.gov/drugsatfda_docs/nda/2025/761379Orig1s000MultidisciplineR.pdf,56,pre_ind,761379,clinical,Unreviewed strong-term hit
f138cddea6312b67d6948f45,https://www.accessdata.fda.gov/drugsatfda_docs/nda/2025/761379Orig1s000MultidisciplineR.pdf,123,pre_ind,761379,clinical,Unreviewed strong-term hit
f179b5d323d8fe5e943bcf5f,https://www.accessdata.fda.gov/drugsatfda_docs/nda/2024/215487Orig1s000PharmR.pdf,17,pre_ind,215487,nonclinical-pkpd; nonclinical-safety; cmc-controls; cmc-stability,Unreviewed strong-term hit
f1c4dc931083578400f610ff,https://www.accessdata.fda.gov/drugsatfda_docs/nda/2025/218637Orig1s000MultidisciplineR.pdf,17,pre_ind,218637,cmc-controls,Unreviewed strong-term hit
f1c4dc931083578400f610ff,https://www.accessdata.fda.gov/drugsatfda_docs/nda/2025/218637Orig1s000MultidisciplineR.pdf,18,pre_ind,218637,nonclinical-pkpd; cmc-material; cmc-controls,Unreviewed strong-term hit
f1c4dc931083578400f610ff,https://www.accessdata.fda.gov/drugsatfda_docs/nda/2025/218637Orig1s000MultidisciplineR.pdf,40,pre_ind,218637,nonclinical-pkpd; cmc-material,Unreviewed strong-term hit
f1ffd46b10d487ee1602c861,https://www.accessdata.fda.gov/drugsatfda_docs/nda/2026/761320Orig1s000PharmR.pdf,17,pre_ind,761320,,Unreviewed strong-term hit
f253b542d1c4e08409ad8b1e,https://www.accessdata.fda.gov/drugsatfda_docs/nda/2024/212849Orig1s000MultidisciplineR.pdf,115,pre_ind,212849,nonclinical-pkpd; cmc-material,Unreviewed strong-term hit
f26e29ec94fdfa980f1231e2,https://www.accessdata.fda.gov/drugsatfda_docs/nda/2020/213535Orig1s000RiskR.pdf,9,clinical_hold,213535,nonclinical-safety; clinical,Unreviewed strong-term hit
f27ce704bf3c9ca83fa88354,https://www.accessdata.fda.gov/drugsatfda_docs/nda/2023/216059Orig1s000MultidisciplineR.pdf,87,ind_review,216059,nonclinical-safety; clinical,Unreviewed strong-term hit
f2e5a18634177c3ecea4e1ca,https://www.accessdata.fda.gov/drugsatfda_docs/nda/2023/125514Orig1s056.pdf,126,initial_ind,125514,,Unreviewed strong-term hit
f34b77bbdef7d63b12628246,https://www.accessdata.fda.gov/drugsatfda_docs/nda/2020/213388Orig1s000AdminCorres.pdf,20,pre_ind,213388,nonclinical-pkpd; nonclinical-safety; nonclinical-package; clinical,Unreviewed strong-term hit
f34b77bbdef7d63b12628246,https://www.accessdata.fda.gov/drugsatfda_docs/nda/2020/213388Orig1s000AdminCorres.pdf,23,investigator_brochure,213388,nonclinical-pkpd,Unreviewed strong-term hit
f35c81a31c35ac31417954b8,https://www.accessdata.fda.gov/drugsatfda_docs/nda/2021/214665Orig1s000ChemR.pdf,9,may_proceed,214665,cmc-material; cmc-controls,Unreviewed strong-term hit
f38a21f6d6d00df7c19fc032,https://www.accessdata.fda.gov/drugsatfda_docs/nda/2020/761170Orig1s000MultidisciplineR.pdf,31,pre_ind,761170,nonclinical-package; clinical,Unreviewed strong-term hit
f3e6ab7cf103bba3fcf55613,https://www.accessdata.fda.gov/drugsatfda_docs/nda/2020/211728Orig1s000MultidisciplineR.pdf,6,pre_ind,211728,nonclinical-pkpd,Unreviewed strong-term hit
f3e6ab7cf103bba3fcf55613,https://www.accessdata.fda.gov/drugsatfda_docs/nda/2020/211728Orig1s000MultidisciplineR.pdf,22,pre_ind,211728,nonclinical-safety; clinical,Unreviewed strong-term hit
f3e6ab7cf103bba3fcf55613,https://www.accessdata.fda.gov/drugsatfda_docs/nda/2020/211728Orig1s000MultidisciplineR.pdf,78,clinical_hold,211728,clinical,Unreviewed strong-term hit
f41408b6eeb9d8f07ec9bc60,https://www.accessdata.fda.gov/drugsatfda_docs/nda/2025/218436Orig1s000IntegratedR.pdf,119,may_proceed,218436,nonclinical-pkpd; nonclinical-package; clinical,Unreviewed strong-term hit
f425d586692804eeef3b1be3,https://www.accessdata.fda.gov/drugsatfda_docs/nda/2014/021436Orig1s038.pdf,114,may_proceed,021436,,Unreviewed strong-term hit
f425d586692804eeef3b1be3,https://www.accessdata.fda.gov/drugsatfda_docs/nda/2014/021436Orig1s038.pdf,487,ind_review,021436,nonclinical-pkpd,Unreviewed strong-term hit
f4791f2451b00b9c60d25404,https://www.accessdata.fda.gov/drugsatfda_docs/nda/2025/216190Orig1s000PharmR.pdf,11,pre_ind,216190,nonclinical-pkpd; nonclinical-package; cmc-material; cmc-controls; clinical; clinical-dose,Unreviewed strong-term hit
f4a469283e8635e77a628267,https://www.accessdata.fda.gov/drugsatfda_docs/nda/2026/219488Orig1s000MultidisciplineR.pdf,27,pre_ind,219488,clinical,Unreviewed strong-term hit
f4a469283e8635e77a628267,https://www.accessdata.fda.gov/drugsatfda_docs/nda/2026/219488Orig1s000MultidisciplineR.pdf,30,pre_ind,219488,cmc-controls,Unreviewed strong-term hit
f4a469283e8635e77a628267,https://www.accessdata.fda.gov/drugsatfda_docs/nda/2026/219488Orig1s000MultidisciplineR.pdf,40,investigator_brochure,219488,nonclinical-pkpd; nonclinical-safety; nonclinical-package,Unreviewed strong-term hit
f4a469283e8635e77a628267,https://www.accessdata.fda.gov/drugsatfda_docs/nda/2026/219488Orig1s000MultidisciplineR.pdf,72,investigator_brochure,219488,clinical,Unreviewed strong-term hit
f4f53b86fd5d0d7a5404c621,https://www.accessdata.fda.gov/drugsatfda_docs/nda/2022/761261Orig1s000IntegratedR.pdf,163,clinical_hold,761261,nonclinical-pkpd; cmc-material; cmc-controls,Unreviewed strong-term hit
f4f53b86fd5d0d7a5404c621,https://www.accessdata.fda.gov/drugsatfda_docs/nda/2022/761261Orig1s000IntegratedR.pdf,180,ind_review,761261,nonclinical-package,Unreviewed strong-term hit
f4f53b86fd5d0d7a5404c621,https://www.accessdata.fda.gov/drugsatfda_docs/nda/2022/761261Orig1s000IntegratedR.pdf,207,ind_review,761261,nonclinical-safety; nonclinical-package,Unreviewed strong-term hit
f4f53b86fd5d0d7a5404c621,https://www.accessdata.fda.gov/drugsatfda_docs/nda/2022/761261Orig1s000IntegratedR.pdf,211,ind_review,761261,clinical-dose,Unreviewed strong-term hit
f516332144af2fe56e48b7f6,https://www.accessdata.fda.gov/drugsatfda_docs/nda/2023/217639Orig1s000AdminCorres.pdf,19,investigator_brochure,217639,nonclinical-pkpd; nonclinical-safety; clinical,Unreviewed strong-term hit
f55babe0873e989ba69515c5,https://www.accessdata.fda.gov/drugsatfda_docs/nda/2025/218466Orig1s000AdminCorres.pdf,13,clinical_hold,218466,nonclinical-pharmacology,Unreviewed strong-term hit
f55babe0873e989ba69515c5,https://www.accessdata.fda.gov/drugsatfda_docs/nda/2025/218466Orig1s000AdminCorres.pdf,16,pre_ind,218466,,Unreviewed strong-term hit
f55babe0873e989ba69515c5,https://www.accessdata.fda.gov/drugsatfda_docs/nda/2025/218466Orig1s000AdminCorres.pdf,21,pre_ind,218466,cmc-controls,Unreviewed strong-term hit
f576dba6a92d4cb18b29b7d3,https://www.accessdata.fda.gov/drugsatfda_docs/nda/2024/218010Orig1s000ChemR.pdf,40,pre_ind,218010,nonclinical-pkpd; nonclinical-safety; cmc-controls; cmc-stability,Unreviewed strong-term hit
f576dba6a92d4cb18b29b7d3,https://www.accessdata.fda.gov/drugsatfda_docs/nda/2024/218010Orig1s000ChemR.pdf,61,ind_review,218010,nonclinical-safety; cmc-controls,Unreviewed strong-term hit
f576dba6a92d4cb18b29b7d3,https://www.accessdata.fda.gov/drugsatfda_docs/nda/2024/218010Orig1s000ChemR.pdf,74,pre_ind,218010,cmc-controls; cmc-stability,Unreviewed strong-term hit
f588020b9d3fe955b5bebbe8,https://www.accessdata.fda.gov/drugsatfda_docs/nda/2023/205394Orig1s000ClinPharmR.pdf,5,pre_ind,205394,nonclinical-pkpd,Unreviewed strong-term hit
f58e117dd247c2dcb785fe44,https://www.accessdata.fda.gov/drugsatfda_docs/nda/2024/215320Orig1s000MedR.pdf,15,pre_ind,215320,cmc-material,Unreviewed strong-term hit
f5bb9b79c96b178d495dd36d,https://www.accessdata.fda.gov/drugsatfda_docs/nda/2025/761429Orig1s000MultidisciplineR.pdf,183,investigator_brochure,761429,nonclinical-pkpd; cmc-material; cmc-stability; clinical-dose,Unreviewed strong-term hit
f5bb9b79c96b178d495dd36d,https://www.accessdata.fda.gov/drugsatfda_docs/nda/2025/761429Orig1s000MultidisciplineR.pdf,207,investigator_brochure,761429,nonclinical-pkpd; cmc-material; cmc-stability; clinical-dose,Unreviewed strong-term hit
f5ecd1df2aa890b7e715a75f,https://www.accessdata.fda.gov/drugsatfda_docs/nda/2023/217514Orig1s000AdminCorres.pdf,33,clinical_hold,217514,nonclinical-pharmacology,Unreviewed strong-term hit
f61ae8e0f24960e10d51af1b,https://www.accessdata.fda.gov/drugsatfda_docs/nda/2023/218213Orig1s000OtherR.pdf,34,investigator_brochure,218213,nonclinical-pkpd,Unreviewed strong-term hit
f65373b73d95b88e90b03a07,https://www.accessdata.fda.gov/drugsatfda_docs/nda/2026/219878Orig1s000MedR.pdf,29,may_proceed,219878,nonclinical-pkpd,Unreviewed strong-term hit
f656c3774bdf672da2448584,https://www.accessdata.fda.gov/drugsatfda_docs/nda/2024/217424Orig1s000MultidisciplineR.pdf,31,may_proceed; pre_ind,217424,,Unreviewed strong-term hit
f65fea36086cb120d39c7dec,https://www.accessdata.fda.gov/drugsatfda_docs/nda/2023/209988Orig1s000MedR.pdf,29,pre_ind,209988,,Unreviewed strong-term hit
f67e6f15fddf6efdc5e3cbf5,https://www.accessdata.fda.gov/drugsatfda_docs/nda/2025/219666Orig1s000OtherR.pdf,86,investigator_brochure,219666,nonclinical-pkpd,Unreviewed strong-term hit
f71705a16f8f9b604e477555,https://www.accessdata.fda.gov/drugsatfda_docs/nda/2023/215559Orig1s000OtherR.pdf,5,clinical_hold,215559,nonclinical-safety; clinical,Unreviewed strong-term hit
f71705a16f8f9b604e477555,https://www.accessdata.fda.gov/drugsatfda_docs/nda/2023/215559Orig1s000OtherR.pdf,31,pre_ind,215559,cmc-material,Unreviewed strong-term hit
f71705a16f8f9b604e477555,https://www.accessdata.fda.gov/drugsatfda_docs/nda/2023/215559Orig1s000OtherR.pdf,42,clinical_hold,215559,nonclinical-pkpd,Unreviewed strong-term hit
f71705a16f8f9b604e477555,https://www.accessdata.fda.gov/drugsatfda_docs/nda/2023/215559Orig1s000OtherR.pdf,56,clinical_hold,215559,cmc-controls; clinical,Unreviewed strong-term hit
f71705a16f8f9b604e477555,https://www.accessdata.fda.gov/drugsatfda_docs/nda/2023/215559Orig1s000OtherR.pdf,64,clinical_hold,215559,,Unreviewed strong-term hit
f8ba05f643d4b285394a99c0,https://www.accessdata.fda.gov/drugsatfda_docs/nda/2025/761325Orig1s000MultidisciplineR.pdf,25,pre_ind,761325,cmc-controls; cmc-stability,Unreviewed strong-term hit
f8e911dbde3cc243880354b8,https://www.accessdata.fda.gov/drugsatfda_docs/nda/2021/202293Orig1s024MultidisciplineR.pdf,25,pre_ind,202293,,Unreviewed strong-term hit
f8e911dbde3cc243880354b8,https://www.accessdata.fda.gov/drugsatfda_docs/nda/2021/202293Orig1s024MultidisciplineR.pdf,33,pre_ind,202293,clinical,Unreviewed strong-term hit
f8e911dbde3cc243880354b8,https://www.accessdata.fda.gov/drugsatfda_docs/nda/2021/202293Orig1s024MultidisciplineR.pdf,39,pre_ind,202293,nonclinical-safety,Unreviewed strong-term hit
f8e911dbde3cc243880354b8,https://www.accessdata.fda.gov/drugsatfda_docs/nda/2021/202293Orig1s024MultidisciplineR.pdf,75,pre_ind,202293,,Unreviewed strong-term hit
f918f326345636717fb9db1f,https://www.accessdata.fda.gov/drugsatfda_docs/nda/2024/761390Orig1s000AdminCorres.pdf,35,clinical_hold,761390,nonclinical-pharmacology,Unreviewed strong-term hit
f918f326345636717fb9db1f,https://www.accessdata.fda.gov/drugsatfda_docs/nda/2024/761390Orig1s000AdminCorres.pdf,45,clinical_hold,761390,nonclinical-pharmacology,Unreviewed strong-term hit
f921de92abfb0e600a65c95e,https://www.accessdata.fda.gov/drugsatfda_docs/nda/2024/216099Orig1s000AdminCorres.pdf,6,clinical_hold; may_proceed; pre_ind,216099,nonclinical-pkpd; cmc-material,Unreviewed strong-term hit
f921de92abfb0e600a65c95e,https://www.accessdata.fda.gov/drugsatfda_docs/nda/2024/216099Orig1s000AdminCorres.pdf,7,clinical_hold,216099,nonclinical-package,Unreviewed strong-term hit
f921de92abfb0e600a65c95e,https://www.accessdata.fda.gov/drugsatfda_docs/nda/2024/216099Orig1s000AdminCorres.pdf,9,pre_ind,216099,cmc-material; cmc-controls; cmc-stability,Unreviewed strong-term hit
f921de92abfb0e600a65c95e,https://www.accessdata.fda.gov/drugsatfda_docs/nda/2024/216099Orig1s000AdminCorres.pdf,12,pre_ind,216099,nonclinical-pharmacology; nonclinical-pkpd; cmc-material; clinical,Unreviewed strong-term hit
f981a938915ee06995b09af5,https://www.accessdata.fda.gov/drugsatfda_docs/nda/2023/213260Orig1s000AdminCorres.pdf,3,pre_ind,213260,,Unreviewed strong-term hit
fa0b1aff198e99d9f7c278ab,https://www.accessdata.fda.gov/drugsatfda_docs/nda/2023/218276Orig1s000AdminCorres.pdf,6,may_proceed,218276,nonclinical-pkpd,Unreviewed strong-term hit
fa0b1aff198e99d9f7c278ab,https://www.accessdata.fda.gov/drugsatfda_docs/nda/2023/218276Orig1s000AdminCorres.pdf,18,clinical_hold,218276,nonclinical-pharmacology,Unreviewed strong-term hit
fa18707413ee4a2ad1f8e871,https://www.accessdata.fda.gov/drugsatfda_docs/nda/2021/214662Orig1s000AdminCorres.pdf,2,clinical_hold,214662,nonclinical-pharmacology,Unreviewed strong-term hit
fae0063b1abfe33abc961d3a,https://www.accessdata.fda.gov/drugsatfda_docs/nda/2024/216593Orig1s000MedR.pdf,21,pre_ind,216593,,Unreviewed strong-term hit
fae0063b1abfe33abc961d3a,https://www.accessdata.fda.gov/drugsatfda_docs/nda/2024/216593Orig1s000MedR.pdf,39,investigator_brochure,216593,nonclinical-pkpd; clinical,Unreviewed strong-term hit
fae87380d4de9c6fbf341692,https://www.accessdata.fda.gov/drugsatfda_docs/nda/2025/218771Orig1s000MultidisciplineR.pdf,20,pre_ind,218771,cmc-material; cmc-controls,Unreviewed strong-term hit
fb0405a32bed7e43338c080e,https://www.accessdata.fda.gov/drugsatfda_docs/nda/2023/215390Orig1s000AdminCorres.pdf,14,investigator_brochure,215390,nonclinical-pkpd,Unreviewed strong-term hit
fb48a4e22d0f9df2253224cc,https://www.accessdata.fda.gov/drugsatfda_docs/nda/2026/220482Orig1s000AdminCorres.pdf,4,pre_ind,220482,cmc-material; cmc-controls,Unreviewed strong-term hit
fb48a4e22d0f9df2253224cc,https://www.accessdata.fda.gov/drugsatfda_docs/nda/2026/220482Orig1s000AdminCorres.pdf,30,pre_ind,220482,,Unreviewed strong-term hit
fb48a4e22d0f9df2253224cc,https://www.accessdata.fda.gov/drugsatfda_docs/nda/2026/220482Orig1s000AdminCorres.pdf,34,initial_ind; original_ind_review,220482,nonclinical-safety; cmc-material; cmc-controls,Unreviewed strong-term hit
fb48a4e22d0f9df2253224cc,https://www.accessdata.fda.gov/drugsatfda_docs/nda/2026/220482Orig1s000AdminCorres.pdf,56,initial_ind; original_ind_review,220482,nonclinical-safety; nonclinical-package; cmc-material; cmc-controls; clinical-dose,Unreviewed strong-term hit
fb48a4e22d0f9df2253224cc,https://www.accessdata.fda.gov/drugsatfda_docs/nda/2026/220482Orig1s000AdminCorres.pdf,78,initial_ind; original_ind_review,220482,,Unreviewed strong-term hit
fb5d6d6d6a0febaae616a997,https://www.accessdata.fda.gov/drugsatfda_docs/nda/2025/219301Orig1s000AdminCorres.pdf,14,clinical_hold,219301,nonclinical-pharmacology,Unreviewed strong-term hit
fb5d6d6d6a0febaae616a997,https://www.accessdata.fda.gov/drugsatfda_docs/nda/2025/219301Orig1s000AdminCorres.pdf,30,may_proceed,219301,nonclinical-safety; nonclinical-package; clinical; clinical-dose,Unreviewed strong-term hit
fb7bafaab9bb933607a8f4bb,https://www.accessdata.fda.gov/drugsatfda_docs/nda/2021/212593Orig1s000AdminCorres.pdf,4,pre_ind,212593,cmc-material; cmc-controls; cmc-stability,Unreviewed strong-term hit
fb7bafaab9bb933607a8f4bb,https://www.accessdata.fda.gov/drugsatfda_docs/nda/2021/212593Orig1s000AdminCorres.pdf,22,pre_ind,212593,,Unreviewed strong-term hit
fbbd0762696bd957ada5e96f,https://www.accessdata.fda.gov/drugsatfda_docs/nda/2026/219835Orig1s000MultidisciplineR.pdf,42,initial_ind; original_ind_review,219835,cmc-stability; clinical,Unreviewed strong-term hit
fc226d019f9426f68d4b9515,https://www.accessdata.fda.gov/drugsatfda_docs/nda/2023/217603Orig1s000ClinPharmR.pdf,8,pre_ind,217603,nonclinical-pkpd; cmc-material; clinical,Unreviewed strong-term hit
fc226d019f9426f68d4b9515,https://www.accessdata.fda.gov/drugsatfda_docs/nda/2023/217603Orig1s000ClinPharmR.pdf,10,pre_ind,217603,nonclinical-pkpd; cmc-material; clinical,Unreviewed strong-term hit
fc7e9af27d2c268dcb546f0c,https://www.accessdata.fda.gov/drugsatfda_docs/nda/2026/761320Orig1s000SumR.pdf,22,pre_ind,761320,nonclinical-safety; clinical,Unreviewed strong-term hit
fc7e9af27d2c268dcb546f0c,https://www.accessdata.fda.gov/drugsatfda_docs/nda/2026/761320Orig1s000SumR.pdf,69,pre_ind,761320,nonclinical-safety; clinical,Unreviewed strong-term hit
fc7e9af27d2c268dcb546f0c,https://www.accessdata.fda.gov/drugsatfda_docs/nda/2026/761320Orig1s000SumR.pdf,125,pre_ind,761320,nonclinical-safety; clinical,Unreviewed strong-term hit
fcaebc5e07f57fcc72f854ae,https://www.accessdata.fda.gov/drugsatfda_docs/nda/2021/213876Orig1s000PharmR.pdf,10,pre_ind,213876,nonclinical-pharmacology; nonclinical-safety,Unreviewed strong-term hit
fccf9940c612107f1f89e015,https://www.accessdata.fda.gov/drugsatfda_docs/nda/2025/219947Orig1s000IntegratedR.pdf,40,pre_ind,219947,clinical,Unreviewed strong-term hit
fccf9940c612107f1f89e015,https://www.accessdata.fda.gov/drugsatfda_docs/nda/2025/219947Orig1s000IntegratedR.pdf,236,initial_ind; may_proceed; original_ind_review,219947,,Unreviewed strong-term hit
fd09654a2a23f945a0b1eb4d,https://www.accessdata.fda.gov/drugsatfda_docs/nda/2021/202049Orig1s000AdminCorres.pdf,3,pre_ind,202049,,Unreviewed strong-term hit
fd09654a2a23f945a0b1eb4d,https://www.accessdata.fda.gov/drugsatfda_docs/nda/2021/202049Orig1s000AdminCorres.pdf,4,pre_ind,202049,,Unreviewed strong-term hit
fd09654a2a23f945a0b1eb4d,https://www.accessdata.fda.gov/drugsatfda_docs/nda/2021/202049Orig1s000AdminCorres.pdf,7,pre_ind,202049,nonclinical-safety; clinical-dose,Unreviewed strong-term hit
fd252cd35e5b55ab142043ab,https://www.accessdata.fda.gov/drugsatfda_docs/nda/2025/217604Orig1s000SumR.pdf,9,may_proceed; pre_ind,217604,cmc-material; cmc-controls,Unreviewed strong-term hit
fd25ae2279321575e044564c,https://www.accessdata.fda.gov/drugsatfda_docs/nda/2025/212782Orig1s000MedR.pdf,7,pre_ind,212782,cmc-material; cmc-stability,Unreviewed strong-term hit
fd3cfb5b28a99121ebb1f46a,https://www.accessdata.fda.gov/drugsatfda_docs/nda/2026/218922Orig1s000PharmR.pdf,7,pre_ind,218922,nonclinical-safety; nonclinical-package; cmc-controls,Unreviewed strong-term hit
fd9ce7b429ebeba1f32dc79d,https://www.accessdata.fda.gov/drugsatfda_docs/nda/2025/215431Orig1s000AdminCorres.pdf,22,pre_ind,215431,,Unreviewed strong-term hit
fdcd532c7dce6dc119f2ab8c,https://www.accessdata.fda.gov/drugsatfda_docs/nda/2023/208411Orig1s006IntegratedR.pdf,75,pre_ind,208411,clinical,Unreviewed strong-term hit
fe10257d712c40b386d1193a,https://www.accessdata.fda.gov/drugsatfda_docs/nda/2025/761436Orig1s000MultidisciplineR.pdf,25,pre_ind,761436,,Unreviewed strong-term hit
fe10257d712c40b386d1193a,https://www.accessdata.fda.gov/drugsatfda_docs/nda/2025/761436Orig1s000MultidisciplineR.pdf,26,may_proceed,761436,cmc-stability; clinical,Unreviewed strong-term hit
fe4d67591fd8de3ea76beb4b,https://www.accessdata.fda.gov/drugsatfda_docs/nda/2024/217242Orig1s000MultidisciplineR.pdf,24,pre_ind,217242,clinical,Unreviewed strong-term hit
fe789108ac43b221d8458887,https://www.accessdata.fda.gov/drugsatfda_docs/nda/2023/216185Orig1s000SumR.pdf,6,pre_ind,216185,nonclinical-pkpd; cmc-material,Unreviewed strong-term hit
fe83d3e1a7993cbd04ed2832,https://www.accessdata.fda.gov/drugsatfda_docs/nda/2022/208712Orig1s000OtherR.pdf,6,investigator_brochure,208712,nonclinical-pkpd,Unreviewed strong-term hit
fe83d3e1a7993cbd04ed2832,https://www.accessdata.fda.gov/drugsatfda_docs/nda/2022/208712Orig1s000OtherR.pdf,39,clinical_hold,208712,,Unreviewed strong-term hit
fe83d3e1a7993cbd04ed2832,https://www.accessdata.fda.gov/drugsatfda_docs/nda/2022/208712Orig1s000OtherR.pdf,42,clinical_hold,208712,clinical,Unreviewed strong-term hit
fe8dcbae438b19a113e61bb4,https://www.accessdata.fda.gov/drugsatfda_docs/nda/2023/215875Orig1s000AdminCorres.pdf,3,pre_ind,215875,cmc-material,Unreviewed strong-term hit
fecb5ae477665ab61a12665f,https://www.accessdata.fda.gov/drugsatfda_docs/nda/2020/208171Orig1s000AdminCorres.pdf,4,clinical_hold,208171,nonclinical-safety; clinical,Unreviewed strong-term hit
fecb5ae477665ab61a12665f,https://www.accessdata.fda.gov/drugsatfda_docs/nda/2020/208171Orig1s000AdminCorres.pdf,5,clinical_hold,208171,nonclinical-pkpd,Unreviewed strong-term hit
fecb5ae477665ab61a12665f,https://www.accessdata.fda.gov/drugsatfda_docs/nda/2020/208171Orig1s000AdminCorres.pdf,23,clinical_hold,208171,nonclinical-pkpd,Unreviewed strong-term hit
fecb5ae477665ab61a12665f,https://www.accessdata.fda.gov/drugsatfda_docs/nda/2020/208171Orig1s000AdminCorres.pdf,24,initial_ind; original_ind_review,208171,nonclinical-safety; nonclinical-package; cmc-controls,Unreviewed strong-term hit
feea372f63a997cf3c38099a,https://www.accessdata.fda.gov/drugsatfda_docs/nda/2024/217064Orig1s000MedR.pdf,68,investigator_brochure,217064,clinical,Unreviewed strong-term hit
ff048677579aa697ad075de0,https://www.accessdata.fda.gov/drugsatfda_docs/nda/2020/212801Orig1s000MedR.pdf,133,investigator_brochure,212801,,Unreviewed strong-term hit
ff0852dcbd81a967417d914f,https://www.accessdata.fda.gov/drugsatfda_docs/nda/2023/761238Orig1s000MedR.pdf,21,clinical_hold; initial_ind,761238,clinical,Unreviewed strong-term hit
ff0852dcbd81a967417d914f,https://www.accessdata.fda.gov/drugsatfda_docs/nda/2023/761238Orig1s000MedR.pdf,22,investigator_brochure,761238,clinical,Unreviewed strong-term hit
ff0852dcbd81a967417d914f,https://www.accessdata.fda.gov/drugsatfda_docs/nda/2023/761238Orig1s000MedR.pdf,36,investigator_brochure,761238,,Unreviewed strong-term hit
ff584825dee74bbc4a845789,https://www.accessdata.fda.gov/drugsatfda_docs/nda/2020/213227Orig1s000AdminCorres.pdf,21,pre_ind,213227,nonclinical-pkpd,Unreviewed strong-term hit
ff5aa614c8e53feaffb07763,https://www.accessdata.fda.gov/drugsatfda_docs/nda/2023/215211Orig1s000AdminCorres.pdf,52,clinical_hold,215211,nonclinical-pharmacology,Unreviewed strong-term hit
ff5aa614c8e53feaffb07763,https://www.accessdata.fda.gov/drugsatfda_docs/nda/2023/215211Orig1s000AdminCorres.pdf,58,may_proceed; pre_ind,215211,cmc-material; cmc-controls,Unreviewed strong-term hit
ff7be8a97cc9c57badcc607e,https://www.accessdata.fda.gov/drugsatfda_docs/nda/2023/021164Orig1s000PharmR.pdf,36,initial_ind,021164,nonclinical-safety,Unreviewed strong-term hit
fff295e4473bffa188245678,https://www.accessdata.fda.gov/drugsatfda_docs/nda/2022/213312Orig1s000AdminCorres.pdf,6,pre_ind,213312,clinical,Unreviewed strong-term hit
fff295e4473bffa188245678,https://www.accessdata.fda.gov/drugsatfda_docs/nda/2022/213312Orig1s000AdminCorres.pdf,15,pre_ind,213312,nonclinical-pkpd; nonclinical-safety,Unreviewed strong-term hit
fff295e4473bffa188245678,https://www.accessdata.fda.gov/drugsatfda_docs/nda/2022/213312Orig1s000AdminCorres.pdf,49,clinical_hold,213312,nonclinical-pharmacology,Unreviewed strong-term hit
fff295e4473bffa188245678,https://www.accessdata.fda.gov/drugsatfda_docs/nda/2022/213312Orig1s000AdminCorres.pdf,51,initial_ind; pre_ind,213312,clinical,Unreviewed strong-term hit
